regime,alternative,replication,seed,sample_sha256,fold_sha256
linear,null,0,620260905,54217a444056073261c2041230d845da5d335e753ca281b2df8b3b993268dedb,43f17e575c4dc5b6c5bb1f73cbb4cab8aae869434b103f911dbd158bcf560a24
linear,null,1,620260906,87199a3f1d28f7e8a95c0b22d1728760541966b0903540df028de14960fdad28,98bc592a119b0a6403c761983f2a0497c8ebeb85621bdbd846c82525c598d285
linear,null,2,620260907,f57b55c2ca15a0df1ef2121d9d73517a20f1f12733a346b6ce449a0d991cc231,4693f21bfed3a6c29196918da9203cdf79f00a8a6fd84a1975c8782bf2256681
linear,null,3,620260908,5ef36ced13f479dfc5606bf49201b652a6e96d93940102b2ce223ce83f74ac27,bcffa846cb06f8c6445037950960d0a7f6ce8fa9567cf4a63fdf1c5a8179b7ad
linear,null,4,620260909,e57097d90fdbf3d805b401a08b63026187d5003cfb11bfa735cd4e41a4dcec47,ca0081d2ff7363af9f8f07d499284204919560f8f3f1f76f1bb1dbf603b0f646
linear,null,5,620260910,60dc6ea2ce6a3d84e4690fd89f47f67b9de98a07bb1c4ad15f52a78ba9d3aa2d,a58261f88856a54b42b50c8507f24c5df390f747636ea78b7c6648e9e1d62468
linear,null,6,620260911,e1317d5f097774aae46819bc455984da941d496294ba9349d106f8af8b914901,70c848bb41b1a22656a063e95b51ef310c8cb956da3f158ff1fa4590930442f8
linear,null,7,620260912,1c3ca4f976ac418bb60a31b98b774de34e242f4b072477f959452ff6ae9cf60f,f18a863033e95152cda939b3eba09ef6910144e5f305cde3d9345feb83264896
linear,null,8,620260913,a6de8ded52dbdc2a63af34f69b0e010feeeb12d48ac34f0f0dc588eb3825c71c,5a9a4430d4389e391dc6ad8234e3740ce31ec5b454410437526f5e3399446daf
linear,null,9,620260914,28429ba54caf44ffb8965075cb5dfdae4477cf2fd0799a032d28e787d2de438e,20be353e9d20693103ba9fd1f32e206fec0b126c9450f94861c35b5441bfc761
linear,null,10,620260915,d05c1aec948a287eee3a338028558fff04d5884ffb6146588b15fba1f09f9c23,9afc84f3079469e087c9b8827afa6a6cc7c4547cdf7e751fa3c918a59f3ae11c
linear,null,11,620260916,405a9ae8aa73ee1cbd38984c32aacdef1fd987ba99e123ee325d3dbf594fb162,d65a617ddea4bc3f905bc4f0f0da945fbaf9cb3d0ad449491b59fa1e538cbe43
linear,null,12,620260917,476872deca75a8c5190142a2865a78c6e1a00caa145ad44f3d9855c8a66f0923,fa5d0fb99f408e2e8eff3dfcef4cd3c0e794ca671538b9d07175d8d17d52c4d9
linear,null,13,620260918,48bc0ac625a581880156785857696d2ffc95d660b861a40ae54f11cbfa9c9476,d413d8a7f29385d4a183b0441ccb7bea8aeaa586fb96df39b2a8a9ebb6a47fc9
linear,null,14,620260919,bd44b7d3e8bcc03234a0d729ef968ba69fea340f4ec806a631c7b135bd8d1828,a87f4c726fa3ed4582b94410f25d37121cf2f04c790b4d659339dfee5bc85ff5
linear,null,15,620260920,7b9f3a2b325a905c40045b85f34138c85fd662e081b2937d77156a8ce950d2eb,1e59776a68e7130842e232f152849723566aba38812cf9b5ef85632ee0cc0627
linear,null,16,620260921,844b5ff39f855e0a68b2384a7357d35a8fdc25dd0b65a1f53bc9f838f0d202e3,da78527dc064992f8e9daca7ab0d028802694cf06ea18278027198d4f7d8ff34
linear,null,17,620260922,f04915b9efe0a9e0715f5adaf1e23512d8084afa9e89dfbf344757c3bf0360c8,875825bf5116bdfee6665f1247cc8ab6b35a49d8c1f9c18a96b0c7e96462060f
linear,null,18,620260923,2b46977a76dec96cbca1f8d842149ae914970565708fcfd6366725fd1378a015,5df6640ce9a1d89cfb0b3a951ac52fec6409baff90a656296a3369e458ac62a4
linear,null,19,620260924,bb7b748ad3008e1dfb9db3cc6c3a630c50091532ecbbbd23345172df10e372bc,6f70ed90f44ab32b28e029d3c657f960102e54efb91c70407471fc0d9796cd34
linear,null,20,620260925,9c49120fff474f68010eeaa6558263e057ccf431a6a84e872b3a8f43c9ec0e1f,a11a7758c0b71c719d72269b3ac610d546acd939dddf8131c5e57e7d54d246b8
linear,null,21,620260926,eeb6806ced2e6518c153f19c5a36c1d471567f9cdb39e56e31754aa13ec60c54,2630a2026a6d873650b9e5d0439d23bac4460b8d18acf413d35d0bbf91157842
linear,null,22,620260927,78741ee99748fabc2e5e82a39f189f689e1b7d0c61c5c872603f20e25001f6ad,bb5ed7c96ec279d37993fd5440c3138412362cd1270d81bb782de7b56d2938d5
linear,null,23,620260928,86d58012dbf83a28a912ad07228a16de766fd99ced6c02dbba6c71ce80df53ba,c337859aec7b7732fe996c08a9e990a2c71cc7c59eac349ba2aed2b8d5d0a053
linear,null,24,620260929,cc9c79e7ed56ab9fd3282b22d8155c28830603886fae106ff49f8c47a013f608,5fd4706eddd48c481909f36ad72d0231e4d28f884e4e60a2ca7afde90ad41fd1
linear,null,25,620260930,d55ecbb416ad64f235d0a776db8732cf5581bba19a02b951ce422250a6731171,4a6b1fb5f4a1db5c671959e61312ae76d14c0f26bffde7a975f405be79798f2a
linear,null,26,620260931,ce103a5e118915c1fb7b4905f6d6a6f8ae5f03a5a369a97846c96c00d93f6814,1851a2b68a686c29420e614712171729c247811f46e18ad80788bb4dc9afacf7
linear,null,27,620260932,d06b53439a75309b9d9c0f77f1063b696371a3e4a4a8a5f95c7e0a30109c09f8,b2279293f57d2998b6bb6b92d4d271d69af6d34a467a1defb84b415ac61e4c36
linear,null,28,620260933,3148441d4a387a8cfad5de52fd21ba878ff21685f4edcf1206e34f2dfdd6ecdd,5c4fe81659f6c75c4fe70964db890f9aa20db170c8079c668ca94fc651afd11b
linear,null,29,620260934,22fbc7f94d36050fe8845048d0602f87703dd7487361c29a54dc2ddff22b181a,c2b1079a9186fc7f01b8af715354b9efa7acc0b1866ec268b982f46fecd8ec29
linear,null,30,620260935,4cca926cf7f17e3a26d46cf2bb24834b4322964daf89fe388ac73c7932510b10,5b0294cfc09fbcd7ac06dd82a0269af16919d66f60f8e1bab6c067b27b4b7051
linear,null,31,620260936,a399d29f84186dac2d4107521a87cc0b901148be4e789ea453ab3a443acf4ce8,5ec06dc181c68cdcd7a27ac939b9b85433fa3db39cc61d87b401160d9ad450a4
linear,null,32,620260937,e0aa33a691d19ad3f6155885285d5d30515b08de8b1dfe2ed8e7a0cac7e9f399,215ef33a378dce06af2b83e623b5fc9875e872624586c61397dd17f24cb2e4e5
linear,null,33,620260938,887ee91d55ed84172fe55b8931405b5eb6a271e1f7dece2bec0fe66faf82da50,d94ae4317f11cead1c46402039379cbe50fe15887874ec1652806e88e9db3d8d
linear,null,34,620260939,2dfad553ace6965ff7e635c3870f4c8d9dc1dc241892128c28b235a17f5e417d,904d532d5ef54ba4ff3b0924ef32a5ce896b062e48a1c9441261b52566d8f820
linear,null,35,620260940,cfa0d6738ed0c27120e4862ea555baeb6e99083b81deee354eeb3bc9bf792a9f,6d588e99bb57fb777b2a016a41d77d4437c7b7565763bdc577dc264e711cd51c
linear,null,36,620260941,930041010c959f06a3030d199f84a497c09bf21773b1d32a44c276e7bd5ee184,697429ab2e5ec32ad8ff815f61bfae2884a94e8645e0621cd6493dedc336b3d5
linear,null,37,620260942,9d8c1447aa31bc91a9ff3a03a545731967a58c2900eacefa644e6b7f15a50341,6e497fc0102e799b32101da83b1ff6f6cf44e033a39a7e829ae57e5526c53ebf
linear,null,38,620260943,3131bf33e5360b97fdee8056283803b4450255eac706646b5ab33e37450d0626,99d41c2248761fad731831e0524dec02008317b82fb10f0d1ed1902644444b05
linear,null,39,620260944,2defbffdf1ec4b86cbc63387b3f3733365183fd2ae1971a30ba1c35a363bc2ce,d44baa1112ca61fe38825a1d7c01a03cb8c163ff2168a3843f488282d7d6572b
linear,null,40,620260945,7396cdd38f163ba3135ee21c5db3727f155c07958ddfee60bebe3a4f574bcd56,1f7e9637062d1401e7894d41658389a4c6543847498019dd3ece07d3902357f0
linear,null,41,620260946,ded38d8f5fdfb83ba19ee9c537427d89f9321eef2d1d86e27ef014ec8385cb1a,b9e03f5c6af5717669aafb9b2a8fbf33ba5c8b299cc983252b3ef7d9220ba4e6
linear,null,42,620260947,535a1b115c6e3a458e8ff4d919710fde17b61e2bfacdf33081c92a4a42a0898b,656daa7acaf62a6020ab552b7a2cda2d56900551e1367e25e072bf494fd99762
linear,null,43,620260948,a2caf96c573054badc80f5c1edd501d80eaec1fb29782ffa95738fa90251469c,4cfa8d77374a8b5653a79076f556f0e75147910d4be3205b555dddc37e272785
linear,null,44,620260949,78b1a5048fd3535a6972f54b98d02c4777ee11493c10f85d4bc2cdc697a8be95,c2a316791feaa9ffd2f8f43322d7124c9f620e896a21b6f6d0eff0bb6d491354
linear,null,45,620260950,b2dea97647815634ef840ce1d4413533ea88a89132b1ffc60ab9082c1b119b3f,5a0450864f486004550494b862d41015eecc61cabd0df224a0ed15a607073c18
linear,null,46,620260951,8bd829b03e67e406ef2bb301926e2a32cb396cb6a949848926f640eb5b96ea80,374e8064fd606ba2b9f4eb25e9529d46679231f6f74ab317b132d1c032d5e0bd
linear,null,47,620260952,f3e4168e6c051733e74df547945c085bf0797a613fd08d2ff7e964727f790f72,783f81b751132132b64ba95cb54918f47f007d6b68f04cbe7d4247ea5ceeb3c9
linear,null,48,620260953,33a0fe41473b85fbd48d74bf7fb358c626f067fe65440b8b990983752f1ca0b2,e303c57d58414b86744cff42738c9f357cc0cf4c7ca232eb553b67e4fa24a8a7
linear,null,49,620260954,e8835ede25543c58a3e79af2db76aebb395fd41ddfbe91f2fbebdcefd6f94ed8,c76a2518365ee24ebf38313450af7b290fe91628ccd08f8b294dea2f9e7d36b5
linear,null,50,620260955,c532e47a3cefde68e7b544a1f9eef6f2b542c44989f3dc17a70cba1e1591d496,480b92d26610208cb22447b309401251e21208701450f467fbe9a072d6bcb2ff
linear,null,51,620260956,8dde9ca45700bca5f0040b20148289618e2be6e1beb78b235977cc3057d60c95,87262747ec6248b937ec00a44a1597a4102cab1d40a2ea9c90fe82323def0b27
linear,null,52,620260957,dd6f4e02d8d1383132f15d68e29ee0a7a0887cfca75b9cb953da2bb611083150,856caf28e3aa44d6050799488e2992fbe0466cd67780fd4d6e2bee1205fda1fe
linear,null,53,620260958,f04cc32b238b06badc213ac5bb5cd04a514f84ee2120b6b23140e32c87b54fc7,925604d2da2a3a36f4dbb594c3e593c07a332d4cc29ab053b5d1646353372e36
linear,null,54,620260959,14ccc0677288405e493a8762c41c9a55a4c782cb1da059b1fd03186114eb645c,07e33039a22e944796a7aff1c68a3e8b090989bea5410869d002abcb355637e1
linear,null,55,620260960,0701b925f89d0e77cd56e3473b78795ac0f06069146138590d34a90554e1e467,54ac2e38bb707ced7060762bc02bfac08ae15d6cd557010f33ccf7020c1a7e81
linear,null,56,620260961,4d351269f8e311f534b7807b18d7c5c1fabf93484305106ed01453ea9572da8b,4b046874f4d06ff3e7c763a377e62c92fb8cc3630cb7e29fc01f02341a87b4e4
linear,null,57,620260962,ffec78530c649fe6739aec095897d7ecbc6d3ea590b21d5420d35039cc2eeac7,c26f79827994428d9429862507a6bf47920e4bda57c4d1126f71b25c89042c2f
linear,null,58,620260963,1523f4b4e383d418bb7e83df493c50c7d2844838821200795e86fda609ee02bb,4557165ed9b39596cffab8562216f277fc27d01afb26c24596ab54f469d165bd
linear,null,59,620260964,f88cb27b908a160127639000bf0be3461c28a6f3a0de9c5e972b1d6a357b72e5,e78f0ae8defa40c0a6a655055ee1f8ab8ef370d03a5f16de936225d3bcf0e792
linear,null,60,620260965,37c9104d7a743933b9e19ba4a3dc806e404db2b6351fddda417d29c1cc0a690d,b4c2e325ca9d5b5c7a014bfe6d4e0551597d6c9083fa195640be1ec342eecd64
linear,null,61,620260966,9769907d4eab5b7aa7812f65ca0a57d65298c8d1906f9108d1a1f4d618bfa37e,35540eb90c50ce836b928384001aa32bcbd948638a149fa60f098b77167cd155
linear,null,62,620260967,84587e6b4c8e778dce48fd242598bb4ad8fa7e510a83555a9f5f15c5f1e2d261,3ae80e14b7f3b7d5954d54fd79c4ce9328ce4ac7740f0273579227eee2ae0236
linear,null,63,620260968,db633d7d3617bbabc1597258daf5ecba87e8adfa85e538c252387228eb80d453,1be2c97223537562466204f8df4b0ea9e02bbb1ef2406be5878f195c823c7e05
linear,null,64,620260969,3539ff96d136c3fa408669d9be1c09e3c2ea5ddfc2e9e5f3ddac95323b6e7b61,7e407c6ee7ba2b9e2bf8df4d6134ae4602bebb5d0c9f0d600018e650fffcbf89
linear,null,65,620260970,111829d47eab420d1f06452f73bdbb4c7e7793224a691f6154af1cda8de3b8a3,931360b95455e006aac010227602de3e1e46a091892e9f3c9025a3d36e42d5ab
linear,null,66,620260971,cf843435fe78c5751eb317155174b3e81f476bbbc44b1120601b27b69a02033a,9504bc07c468bac0bfbb4d4fc8d3674d50929b484a5ee01d07d3aa560dfc3973
linear,null,67,620260972,3f60a49f414d9db99222dff22f65d58efa6ee59b340797331f81a317b0b94823,ff54d9a8e370e31c6f761aa76411ad78a77d2d0fa095672519687730aad62a76
linear,null,68,620260973,6ae10bc622f44f9100822091d64d3ce16699eec46b3eff78ea5f0db0612968f2,cc95a9d36316be0f28000de08357d9301a67a30528c86f546afda6b33c7b70cd
linear,null,69,620260974,0589c04b165dd5567385c8ec4a67fdcf70dc35620cecd55c3de7fd24b76d2359,1727c92a74eaaf6e31bf5930a5f439b3bcbed1c3d184c4fe4b41e04493817072
linear,null,70,620260975,51d83149df88928c20693a722a3b8419252278a1885a642c866016334d5b7245,b86d68e6b3c3ef8abe3f2405de59650e9ee5b8daf05174928389670a89d418cf
linear,null,71,620260976,87691e0c0bf08aeb135154e3302d2a9454ba76f6f44e61f24efb239369fd435e,e8d3fef74d3f77506a12eba4dba0ca46dbc0ca3b5d547cabedd0d4e042b36963
linear,null,72,620260977,f844c9d54a3d3c1df45d1ae34136cb405579ad0c61e6210f55031f477a8bb326,d0a930c5095f5e03425c33dd17ba767ac815fa3fbef42c65fe8ac785f096dbc5
linear,null,73,620260978,b7a6a6ddaaa7e5cef7842750d0e91e8bb7ff64b07a8be0dfe4776d5d276bf648,8510c312d10eabed1d9d48bb75253616fd421d557f343f100aa89420adb6374c
linear,null,74,620260979,e79e59f51c8bba519375f3a2de3c6bb4f5179dd8619f617b11a3cc056c2a4820,be77bf60e36be2b66bfeb406f2db48329b312c579bac250d3f2ad62e144fe33b
linear,null,75,620260980,2e8582c7ff1275da5f222013e42dd63b26a06068b8580def5390f3c11bbbf8ed,a25d94425ce2ad8170338eb7cedb98224516c3978704c044712cc6490e64631f
linear,null,76,620260981,03731d7368d8fab1b9c9980eed74e150024581e4453778974f6729ee087dbd62,1b517ca88d3d63b7677027c10fde1b5bc9394558234e141dc35411e221dfb95a
linear,null,77,620260982,967cb93e1fef060375dec1a3e58cfe372234c308d7742e3c6471fd3049ecdddc,8d23c54fe63774efba1db66bad02494f1732d920c5d098d255a877a696069f34
linear,null,78,620260983,b2ad0c2a9a5aa0f4eb20860534992870560a3ec6a2dd7c5c28acaebd55c6f91f,ac9eda21ad96e0da51e10b567d8368b4102f7091fb0793318af380ead84900a7
linear,null,79,620260984,bf95f86b7e73de4621a325874bf21cb50e5c46939a5e53bbbda6661502928545,ebbc5a7330c4f09e9a2370603bfff28c72f711428fc522de4e94a3ee303f73ac
linear,null,80,620260985,d527415e93d80f4b1ca67f665992560573a3bde0d8d3be8969a7e0ffa5d3eb74,1669fe7b7cd88c0cbb5037eedc56319612f230b3b058b026d7caea5204474427
linear,null,81,620260986,67834772de00e9da942db7814ed16d81e30534f726298fd3458dbc4b8a9567c0,5c33a4db2069a7392de5f478e5b795b508709045fc1f13d508f884e0cc8ab032
linear,null,82,620260987,cd20df1357e93c5d6351991066958269cd89b4559db79d7c6eaeec242ca04974,399294e24923fcdea1cde19b70dcc6079f862752ab356879ef3c4aa6b7232a1b
linear,null,83,620260988,fa49cebf6fee07c33f08a184fd85049c0fa4033596e7d6fde61170b5d829eae3,3f84fe48252718e572cf80b657ab8480a803f1211ee3e17783e7bc7657981ac5
linear,null,84,620260989,c947c74fb84deaf95d33f7ed96432c0fe582db65e0f89a9ffa67fe36a496c744,4138e733c8a04ed8f132054fa757244068522df34faeb006d8131f2fe3b84973
linear,null,85,620260990,2e3eadb0f63cee08760cce36d9b59521421fed86eb939d9255bcc9d5598aafe4,6dc97a3f9594b3f07a40d19e3be8e39c725a9e2fc6bc0862cfeba290ce432427
linear,null,86,620260991,dce3f39245e1c3c5c1fd340587fdfb585b1e68cb48031fe0eac77ed0c27747a4,21c3045302356eb3b6039d37f16a9de3318a09a39c6075a74e79e6616a4e84d9
linear,null,87,620260992,abb7cd47e295ab4abcab7dd60ee227ed8be011671910175d9cef1a414f04e450,c985c88c173efb451c7130f70211f9fa078cc5bb47eae8e78fa1a204577add7e
linear,null,88,620260993,9dfbaa5eac1ade6d23d3bcf4c5ad925b44a55798da2690e60687d6b090979067,0f8538878e1ff08f828b90f6d206165a552b98b203a88890d5bd46d53b6d489d
linear,null,89,620260994,4bbc8322ae59ccb1629c2cdc8226286bdb5f0c9534ef08d00a1fcf58f85306e4,4cc028b61df8d4c190d803ca143168800ccac4f3303a9d7e02f407b1a5d16457
linear,null,90,620260995,00ef3639e9bf5361ceac791929c476e6a84899500a95f5a998647e2cc07640a3,eef4a1fa4bd6a9264bd451c31067bf33d46ccb1acbeeaedd35823de39cf7354c
linear,null,91,620260996,11d7a281c812fcd08ceb8775d89c9d2b796e0d11bf67acd5f77034fb1655cdb6,f4e243a860dfa753be3fc40b0d41116b95ea42d3c8ef9ac46bca6a07c9416018
linear,null,92,620260997,0288f9796ebf044a7dfd5b046197aa1f1924acb09ab747de5152067d45b99cc3,dbac5fc55f09ac31953ede732e7be7348248bc88910900f29b6c880f33fe779d
linear,null,93,620260998,f01ca6b324e70793d3bd88e1ed3d75de85d05382c56b652281d3e27aa90cf6bd,65c479dc9e6ad15905c74a0b5997b6e3b3e4e6763087bd2e7c1c00bdca86d1d5
linear,null,94,620260999,a1de4c1a68b59874ad0a0fe178880831633829a319d7a59f0b818e252b5d4c5f,8f38b0f420635a26963bcba1354a924b9a2d300e6c12197fd8c0759a1b10c8c2
linear,null,95,620261000,8c44623e556e3dedf1a994bf2849480090be5e9f0ea720b55942e364394fc673,b6fd65a34460447c53c9df8424f6b50c810c98610a8e8d3d3383d86be2351899
linear,null,96,620261001,c2c66af1b01b16b87650a6471acd4028c3cf9cf1662d3b515d84baf2ea168b06,a48e654d7d87a112b02baba6abcdfb10cbf0d55573e49f413cd099afed45c9cf
linear,null,97,620261002,d45c8c96389f57a2a0534a18e15be270bdc17f7546b546626599f94f73495933,054c00113d3a0e62d399e7a9bab1b1c8cd4f9f322181024012362e10f16b2b0f
linear,null,98,620261003,93a26ae85af282f1989e8ba3ade56a9476538ab2a1f7391f277508e4b6bfeea5,805429492ddc1c2eb2aaf40f0f00160f0fb7aeac398b59d0d23f4c1b3a99b656
linear,null,99,620261004,18b3b47e9dabf2d56aef740735d25d2ad22e3e0b107d8c4288e02b826c3668aa,dfcdc46805b589fbf69232b1ee7442ee3a160cf244477305d3f13b41e3571d08
linear,null,100,620261005,27eacb2a925d880ef7eb8039626587b0eb1ac4a78312964196ec59519a6c6e99,91f3918d496d96dc997af0fcb5476f50e512b542edaa0ea882a9346671c567dc
linear,null,101,620261006,9161e5bd1d5f70a18699812fb45940c58ba6d86a081798d08f2cab99fac0ec7f,48633392eb0c1188fcc9e95414506853621e66555a6889d59300511a4cde2321
linear,null,102,620261007,8fadcd2346d0ee059020db36b6089d8f80d0f6da9e3ed0baac417040dca7b25c,978543f207367c9e3db4980a9d97a89fa5224686d429b021c55a79572a69957f
linear,null,103,620261008,72a832a451ea1a123aa6a6b2bbe0f384775bb9a41d3c44139c67c3545506fef6,3f7483e1098b162acfebebd8111ca451c22b3ed079a84be24d2bfc6cad9e4ec4
linear,null,104,620261009,e1ddcb97a898b750d34f3507e01a163d57bf38e1ba94b8e11c8313ec620f2670,ef431382aadb4c5fa31809d8839d4482539338982ded4b657f959ee09830be52
linear,null,105,620261010,b8d189ccf1ea46855787133a5dfc7195b983c57c07b2c3e52c694ac1ab7fee07,6bb4fc715c6616a9180ad435cf7302995b39aaf30cb3bfc300b61b58b4b75e8d
linear,null,106,620261011,c9bd95988ee101de24d9012099e8bfa91d9cd2f5bae7c67511e584832e9e8720,8e5287c713b1a71051212d837f9a2fbbf9dd320b7185b3a400f6bccee728bb5f
linear,null,107,620261012,b68d839bf0e20008bc1822dead383a175657b53ed42216e5fdd7818d2a73e30e,7359d2bbf8f95e63b4c47dff712387e2da54f724d39a01793c8fa37d17fc9a36
linear,null,108,620261013,f94d2c6a2c67bf4f9db58480f2b1d60358034fbf5ef200940e243f746d9600a9,f964d9a561f636bc19614a978b3bdcc7fe65212548e56695c6754db0739433e7
linear,null,109,620261014,8494605c514779e0583b906958911132a0d9704615230067e7be702e01cb36bd,f30b0f858ea25b67a0ebd6c9e9bffc08350755c57170adc8ecde2df04a565ef0
linear,null,110,620261015,8da075c4bb6665341f4c3f35709a49c39e634b2a048a19f09a6c5510047cd087,713a7a608ddaad1808a5167b3d5cb78b973cac306599e22f5d7bbd00cc8e5b39
linear,null,111,620261016,0a8e5a459e483172515610dfc3efe226967ac413009844c488f1a5f14a2cd89d,686f7f3a20f695c390ccdafbc560bbb0dbcd051c319df6279d142b494d470d86
linear,null,112,620261017,e73362c4d05d116c8d8f8e7c920a6575645e90d16f96731848774faf45526e20,3be9b6f7b1860a8927f877778c9ddfc933589d5ec089ea42f3a95bea92b95e65
linear,null,113,620261018,d6737c976f437b7b5c5e7e3507fedf68a42511f0a21a0305ae94f222eef1d5e1,d2e687318fc40c3da611e60b58b713c0980ca3838162855803b5aafdd714f9f0
linear,null,114,620261019,3aa2f66460a8935dca30db2a54d147732ae34b1c66a7056f9f205408ba29b02a,686b110570079ae5f16ef4791e877ca97f5262f3ae8726c3ffdadb03da03352a
linear,null,115,620261020,8acdf496156c6fe0937dc842bf7461e742f0403a445b8f41ddf3fa4e4cbc6d70,60138efb6f6e27a1a99dec2fc5be42c0ad815b37b2758b309caa06a20dc41dca
linear,null,116,620261021,d7b22c5226a10c5db8255d0cbef57f7a8ac5f0f02e97ae84f51135c32419c114,6a86f2304e39d22d3cb91cea75b6ac1676bfd39dee76871332154624a0744df1
linear,null,117,620261022,433d0fcd205e1cc9bad84cd815e4a86377cd1350a2e107f2112f538811fdec23,e202037058f03227953b06b07f6b78ff9821a59cd8e1344ea3be32008d6fa36b
linear,null,118,620261023,da26b226a87e82ec551c17e6f8199529440162be9a376df597ee9a12c16d920a,365eb7b59c7e72f9d5f2f521e14a4adf83a2fd82c7ec79c2031fc36058d20db5
linear,null,119,620261024,6813d2c28d6e221fcc3938124a916f47fc302443f6259f42850813a90bed5f5e,186c374e57cb7b893f7cd547c56c0007176ccdc68b9caae4203ec33dce6988fd
linear,null,120,620261025,ff1eacde726d023dce34a99444941f8ac7c006981715491b725913017068699a,bcc994e9cdd9efe52d9b9bcefcf53afda2d5dc7bf8b7d6c210f16995c9ba50e0
linear,null,121,620261026,8996ff721bfafa36b51b80ec75bad3938814ca698be04dc057cee443f1d6a304,147e0ce402b21c63052e503c2544a5aec76431b7c6eb0105e9dc62f900d06a41
linear,null,122,620261027,280bc7c6e33f8ed96a60bd048397caaec37c3c8745903d8d2b2b4ace6e97f853,10aac1046cd308673f14024565bb534a815b05034a34e6cb4c8d9abed90583a7
linear,null,123,620261028,0f87ff0d0a4ddfed7b55c828969b26d09f49c24d174c8ffe45dbe94cac467619,2c965db23e9cca6481cc95baec5c505e511e8f2da06efdef973d4527f3d20c50
linear,null,124,620261029,0ac0f223eb6da95a13fb66b2b87c20fd6d8fb6bdc4ba975e8dc20760a19fb136,be36c73e6d5f961d1d1391a4188ff17bbce8b2b4d5fbeb1585ee8fa2699b150d
linear,null,125,620261030,dd68b8284a09c15e328bf6addb1b883842abb73e3f36e9e855bc273e52c9ffef,61491f36784ae706db322629f0964e42d87a453235fdf5eb54fc3cc90959c9a4
linear,null,126,620261031,191238e01a95c03fe338894fc08a10ef6f59c490deeb05fbc8f2cc8ff7ef69e9,7b5308da32f4436109bed2ac765555ee46a9253149a08ca748fa99a1cc592601
linear,null,127,620261032,1f8cf01dcd6a6f2a07cf123497cb61a0f846ed201987ccbe0da764fbdf862a4f,b168a1733ac5c4eac0057ef6d9301dfe37946d90ce891c9ac47c4755ffc0aeac
linear,null,128,620261033,9937c23065ea21e9b45d6374185563f69ec4caec648cbfee197fd0b15f45c843,7d83eeeac1d0529120ce8ff2a0192f433431dfeb73539290c7a731992f5e9bc4
linear,null,129,620261034,403aa2cea2b7572104da5b3e2c82a2cc5d1696a6c822e58d6122e01c2503e62c,b307eaeeca9465d26fcda97de5058c4ba2bb9f54ea38ded92caa86f19cdefe8f
linear,null,130,620261035,1166a0578c62de60e1ea554adef6c5282fdff30a08cb376160a9b182777ef740,e8bbfea28ca4baf67828b22eb5e5f5c4540d258c978f039e158d3ac3b53bad00
linear,null,131,620261036,85c66050b7d72df4fce4c2c87515b79ef59cd0fa264f6252f4b9b3a38e6461e9,1a5bdbea267e6ade034c9d01ec715456a5321fe693a1c69444bfeeeab27de2f0
linear,null,132,620261037,a9e2265715dec0a0b3151403add3dd6bc2065e516f56d50d9a28a58c35d8d208,d13f4407dc8b4a812ae5c4493958b23c0778a554562f3a4c5bf8250182635d51
linear,null,133,620261038,e98c4725a71df1f9e68d82ffced556b799bd48aaafdc82a157d8cefecefd7f57,df4a0ec73d4b0b06057eba4c8c7b583724fb1974c99abbab7e332c30ed9944b7
linear,null,134,620261039,261f4cb3447c58ce3d9e033c77d490b6cdd8551a9831e9cc0b23ed3cb8c25af4,65afb50c65ca73101b324367e9431902506c511e42c8192e4535fd527e8ba84b
linear,null,135,620261040,9a46c06fe251394f31e001928ac4ee34233ebe04c488b97dab342ff924b67aa3,831a2f78fd1f2bb39909d9ccbfaf677d6a1548981c94d4f7758a6222eaabddb6
linear,null,136,620261041,2a8db060f1e692974cc50eda18b9a611af613085d0d15c28abdd53de12a608b9,c932601662687a026afdc0f3a1a96fcd851be6769c190ca78a471b4f845817ab
linear,null,137,620261042,bd03309e5ed8767c80f72d9fb7a655a86116283b36bc7e0f3b3b1e9a57c69006,470c1a8ffb4fde328327ea6b411d5db90f009b96b44e8915a50ffba1f45a9f8e
linear,null,138,620261043,16353abee42ef42fd1e69fa07eb959dea861dc33019553e37eedb206fc0175ce,0abbb5aed5ae0de5e0e1ccc2588eae52ab87dc31e807feb8094bbad29a4072ba
linear,null,139,620261044,ce4ae52a2dc5a2a4f7e7143653fbd4742ae856c19bd9f1ea6646b5fd794cf6c8,998ba811b5bf46244ada41aea21d2e1fb07255438a4a7d37cede56820705402b
linear,null,140,620261045,1d0e30698d6f5b13fa86406cfb2e3cb5c6996546e4f51a40dadfdc45a6fa6e84,3fb03afd2389686f46e97a7f133f65e9d1d74178229ec4666de6c9e385613054
linear,null,141,620261046,c3c947e2f9f838bfe80c0e6d74a1058c3d72cbad84d1df8a2e5b7bb71bcd704e,d59ccd577bfab9f71e6b555994ce791c8c16c3588ed39d658ee82e0957a40e57
linear,null,142,620261047,fba3770cc0d2894b61a866d0b21f5a3adbf8a686d5653840431b13065522dab8,7045724f019410391de2e31be611d4caae681651ff9e0019eaad231de1bb9ca3
linear,null,143,620261048,3d22c2c6cd71ddc950d8321c25ea3497b154760b8aa52fa63dd532820d09ee3e,8db1bc360518565e70373401bac160c2f3fb67eb2956e5803c45e669d75a83a2
linear,null,144,620261049,a3b74269ef9a976d0d11cab572f787dc9ecf9ae67cfe51e4a3b4d0e6c3772052,5c8302fe4a25834a10302307e80214a0ccee2af3457c9a32165f9d9986dd7c1d
linear,null,145,620261050,640f22c54f7b4ff7af64b20bc29ca3f3dd3a974456df8ef0f7dfaafc8968f3a2,cd290eb5f2d6f4da9aca0fd03b9c1ff397d2027e437e39f3964c44345c10c68f
linear,null,146,620261051,e759a3ed71393bad873a10df1eb98edeecbe8a7e3ddff9a1555860a8b7e103f5,d8ee78184d76ec958fecf16911ec8e2ea176ca4b01509bb42182b716b44b4980
linear,null,147,620261052,5558106614f6919e08ff0668dfad2967253afbf8480c886536bd4ed0194bb1f5,e68e27dafeabe3bb768381127224b8d4c2524836a7f3b936cfc7315aca245671
linear,null,148,620261053,891b9b8c8259d0a2fa2b417ac8dfafa29f0800efd1750a9ddf84750bb095e1be,5ae7119c61b13613ec8ab7d57d67a9bf59099d8457116095c1b6b324036654ae
linear,null,149,620261054,7c362921bdff669d048b392a12df439ae887a81bdfd526efdce96476bad15151,4b2c9832d393dd6b1cdfa9e72f0afcf205dc0f7b88506f38e35dcacb874ff4b2
linear,null,150,620261055,ac5370bb1a5c9b00297afdfca0543495ec315ff17272b994145dfb8f48861eeb,1d91226e3ece6d19ba5b33016483f4b754e4a0976bf155cec9696fe24367a0b0
linear,null,151,620261056,2df2128905acb1ef2d8466181bfe2251dbec1e7920664ad9dafafda967669189,10fe1e5777aeeb9671be5342c67fcae23446bd38806193c17f7a477aab86d0d9
linear,null,152,620261057,d614b8392f5f5599c7fcc6bc7c919d318c9fbc6801345645ac8fc0ab2f373bae,5726ab49c66ac35535c86c4e3ed0df514522546f7abb1ccb2a7572440c610cda
linear,null,153,620261058,9cc25907e051ad6840131c37fc0919efec63d71b3a1381c3298456debd83831b,e6844cd3fbf35539b690a468f04ed948b7e2922a0a8c1c3c555f9708dcf6d0b8
linear,null,154,620261059,bc5c04e25b41ba525f10b80973003e4e2620efac0a4522f09b9f638137ad65ad,9242dd661499252f63c9a220a38b270041e6fa08fccfbea227ba1f349bd1b354
linear,null,155,620261060,87107ea5c2a130b239fa80b39c6220f11c27dab3a0b29bb050205a9702bf8393,e8cc8e40f52f76e7b6bf37b77cb7fc47c7724c01f5c392fa4efe0c32cdd219ef
linear,null,156,620261061,30c2aaa245b03f68c0f6ce82050deaca48ea19ff112ec86bfeb3fe742ca32863,a03b58c12ea5dad5a2fb3b66bb3f425027e6dc6358fd4f13fc134039f7c6be71
linear,null,157,620261062,57cd9315031412100203da70eb2a5dca8bdfba5f83bb273f7f88dbc59fcdc316,04a21c6b31e698b4062b2932ab25f11ec63d5a43925ef4c5de1fd93649206f3c
linear,null,158,620261063,0a2c5385dc88fac14099ce24db835602db988dc5c13c1786e1b3ebca8044f0ad,95b1e342a9b51e713a0601261632463535aac0dcfeb317f7a0aabff54cf46658
linear,null,159,620261064,b1683f52ced36d4dcf918d47e868bf6da8b0d8bba1da8687655b299e67a0fc2a,f885b0d3c7f3d89b8300ac8155a135644ec36064dc4fdaa2e1a8f2e032a1c737
linear,null,160,620261065,1917c3fea1d56d547986fa1671098315d31137970af14e061ba53bd6dbc23e48,11b241726d7054a05d614ad15c3cc27a82ff3431cc3f9f1ef0d3269ceb6a8c6e
linear,null,161,620261066,e93d34ab93e68b70f95d2017234ee6778a8525fd665cf211c3ebaf6ce8d55fc5,7d9c7ad62ab36199f05e4e0b9d127287a65e882edb7c94ff8e1a48110dd8c5b8
linear,null,162,620261067,67e563a40dba9555cea64ee5235278c739f095ee38bb85d5b9fb1dd942aa11c0,bde9c542fc25571ac0bcaea430fb8d93330a2649a3622672a42a4e98f371eeaf
linear,null,163,620261068,867f71ebda1382b16f5ea074a0c10303a9ff53a8555e0f8911dd7ac484c2b439,ef4e8783b5389d4a15a7c7d50a8aee5f34de1f0c0f95662f70c46a10ec11b955
linear,null,164,620261069,b663ee2f0d788811245d50a1a4f790694f5ed65f5c72262deac582717ef042a0,abeff33bac525e3d05373366e9d2e89a8c2bff480299ef0a7583e198e6e36602
linear,null,165,620261070,1e0c7665fc164b2fa6332f59d4a98cc7c320fe4bfe65f5fb473f337698a4e109,f4866a4bd1d0517fc7c5438e914ac342d0a6bd7bb7db82a1c9816ceb5eb447c4
linear,null,166,620261071,25ee99c884fc5e86b5129ebebb3a72d1d05f8540a5af37ba49e0b4d70582a6a9,c515ec24af78ecd61adc679fa1b69c3eba79b63a014b93d4fdc091b589675f1d
linear,null,167,620261072,ed4e5e021abae88cbbf410cd2a58c49060b5c7334faa5fb761b0c321892f68bd,07852d136dc88823e19f12b22b168fdfcca77daa1eae92ff78ad2a4d0e0c3059
linear,null,168,620261073,1a3a72290279c300ce06f00fbb0b7f22986c2883c76105f71a7fe053ff1cb919,15ec10e000219ac352cf7c3dfb280e9a94808b74ac2fb8dc4708699e54e5a378
linear,null,169,620261074,99e8359b20997699af3b697ec51d041ca12fee18ea9e612448f9666e8a09ff9b,627c04e1b6e9a90b742d95e9958af1a5b7277ec543f4960336ed034036e94047
linear,null,170,620261075,1d016e0083949756a4af54536d70397b095741ef780d138dd2dbb92223c08df8,4b07c3c849173c1dc29863f1ecb50a90a118d7abbac43442f85a80aed7f9d160
linear,null,171,620261076,a5980c03bf2510d2b03454402fd38bc24675f6c583422182f89a1b5198bb812f,30a51973fd07651b509202e1adf298497f0105899093fe000171ecd4adc33cad
linear,null,172,620261077,0546ff0cbb10d05235aaf1522f41be84b197125e0353b1420e2c64d63b4c92da,462447aed4199b71176baafb24fad562bb9e303f1206d904ec550f30f644d28f
linear,null,173,620261078,7aa556b930936458c4a2fd59fa5441e6e89497d97e3fc3657e62a8c9284bd783,c5c3d62da3c97ce86f9d3a2646b4723b0c4aa5efef40db5c63a3141589233302
linear,null,174,620261079,71bb72bca470fffed5bec57cdd1b3c80a74e9c167b1850dcbeadd6128cadd022,d5391760c7e1ec1f1ba752d4a2da6c6b385a0327446ec297790f953df6f1acc8
linear,null,175,620261080,eda8fbf6e4d9de8ee3b2cf47c0be0c1ca1de3bf6010aa55f9b3c39e83155d502,838aa0076b5806c58b9400ced774b47ef1aaee8900f6d5064609accbf845098b
linear,null,176,620261081,cba86fc6faa65ea77bc028c2380f9dee95678abd0fcff89002468f4aec11db16,140faf21757be7552ac0351690e73bb76d23c85da71c3435d331d21ad6239e2d
linear,null,177,620261082,6360ec00aa6a10e50f054efb9a3c72a23cf1e2c94622a0ef857dbadb387e6c39,5b15019e5b3f28a9e3234cc8621b7c4dbd5444d325f0d45f3a5880bc6c35304a
linear,null,178,620261083,bddb5e21e7b6fd07fd5b7744f4061fed1a5a26462615c5eded4119709344cd0e,0cb094db576c11fd18e47d0857b6bd5ec2e540eed02a1d83f5da9f9289ea7561
linear,null,179,620261084,1f09a0bc065cfe82d98771914bd992cbdd878218526c8a48719d59b44db30300,bf078ad09fa4aee9f214d7c8342b90a96efa9aded6a9dc0e14e3cb2ed6e1e27e
linear,null,180,620261085,ce0136c8bf38e80485c1ed3c4a7b8978a072ee62e64d83eb729120ca15e58dd1,b8b2b8049f36c5e114cec4cd3582b33499b4f687127de0a95669a2612aa9eefc
linear,null,181,620261086,03e06ed33724452346516c59539b64dcdb0cab371939d7864a618231c5bc21d7,85542e7eb3826957d539ef39f0baa3cc17aff83ba5bc7c7c3b2354e206093364
linear,null,182,620261087,376d84817f8d07b71f9dbebac8a10439c147240ccfbf676fbef8e85eecd07a6a,906606ac2d5f24423fd827834f638bd1f7387cdfcd5a57fd8f144a973ef68d68
linear,null,183,620261088,7a85a0088db5ae250e27b5402108b1f8b292e5688aeb23db14c115d5f977eb51,0bfd23b189c74e122566e67dc8517253042eedc2084e783b6151a390cadfa6be
linear,null,184,620261089,4e8409b5f325e3b8cc4a26b7defdd0c672a0e2587a31c4fe370ecd7431cda907,32a7c4f62b145c0c77cae738a0cee8b81656b972fc676e20c3e1ce4606a91a12
linear,null,185,620261090,87452a7d08e7c1004a2416f88558361bfdecca7468ff917355b03a8ec3dfdeaf,eee6efc4e9298943af5d7006397c60caf5fd308d2d56379a545008813f3d5c33
linear,null,186,620261091,5852ce691510d69e3e005462dda62ad05a46fd88a214097d79105120d710ff36,d7bf5a54ba2bb3fdc6b1121d8c68cd0ffb88c4ac44ceb6e0e574326e2a49dbd2
linear,null,187,620261092,785e0907dbb107817ea67c071d76a2e62d2aa5776906770a652a288cf36d2b1a,1f77c3d61a18679717d4040648497fa01407e52006d2b650fb14e27598dce598
linear,null,188,620261093,e027e21b3f2cb6c72f8d1688b98577cde33ba694da98754a4e4c1894bdb722cd,abd60f2739d57ffd7f1de99f578d5c0c2da9554323aac130fdc2821787d1e8b5
linear,null,189,620261094,ab5d099ba9c134a976a96c8527d3b33b4f682a79e797570a28a2f8a070fa40dd,97caf41546832b3d9d6a09be130607a44e964af465540ee51f7f2e562e0ca6f4
linear,null,190,620261095,1be8b6ed322e76c73d9032104aa00457232c52c8b889df43b281abb4f51c3b44,e136735d311c736c8f2c565e35f5c3bedd0b7b3738256d65ea52b1ce1c4b53c5
linear,null,191,620261096,b0d274bb9e4658f743cd3637174dce182a313ddfd8d1c1c84ec215104953592e,d3ebc8d583dfe1548eb1f5ed42b3abada497c725499ea0ab04086c06e5b1eafd
linear,null,192,620261097,542a80fffe626ed0c61f8e6e09f1842ff8f0d31b4ce8b0f775c683d39232fa68,1cc93ded0dd550925713f8b25f22fb79d95992133f826c1de679deec85534bf3
linear,null,193,620261098,323d2c01d1122b3377dd0e8e06a87f7df15f05906d412f7b93f39c8d22dfc8b6,28e07aa80c4038319d65f20390a865b3744d3c8ad68d7c1cca3271f31eca33e9
linear,null,194,620261099,7489da7a263ef7c83b07c78a122e28b97d9496b85ef9c493a736daf71aa200ae,7527ed6883cbac2d875e1251717c40356125cd6936af413df4e1955f4b183863
linear,null,195,620261100,e03e1af5f9bec1b876d6a00ea77a335c436dbbfc16e3f5c74b835728800556ac,26de88603c1b7b8db5a1fc2c15283af9cf1ed44a8cf5d7fbe2dfa34c5ce03951
linear,null,196,620261101,989a401dfc813e85fbfccddd8b770eb44fda38dc7edb04bad51db4c7d6326838,e8275cc3decaba448cfbbe8ee254d86c4621ed8029d2fac8047733796fb316a5
linear,null,197,620261102,128fdccedde7d873e0c69bb1759c3e932c15f6221157fdfc4e8687c79366da1c,d17b2145d798eee4ab41aed5361be4fae286c62a51a20479a4d7c41f5786fa60
linear,null,198,620261103,243a4759317b2fbd5a54c65ea7e1400119a5576b234d2ab88e084c1b6b98584e,80659b8899a48e14891141890dbeef219374d01d8784cfa987ac8b33b18e52b7
linear,null,199,620261104,8c6d39c405e8e24882a62006afdb71517048885847550d58d29578441efac809,1992623b0215f1894f4b8f17f2e04d16959b40324e37368e1d146f1d17d7de74
linear,null,200,620261105,5efe696188f64a7e1e05700aa51d9c7b591b3636a064039346b2a6059c8ddbd3,d21a6deac2b66a14797b362b0bdee23a59dfa94922a7750b9b5c759fbc6b4700
linear,null,201,620261106,8caa0af51ef8fcd558a757feb415a9bec01afac6627b98d5be61bdff32a5ad74,8685353fe1f1ee6551f15ab4d74e46d8c6135e381f76af413896b5edf5eef8d0
linear,null,202,620261107,50155c4b9f3f4312cbb4ae8e4048c05cfa82f1ee4fcdb7f32fc6967c0fc0d0ca,19ae54c6afe2b13e774f3b9ec66e9724725df462bb315627f065694b6bbd1699
linear,null,203,620261108,65a8907385efe3a4c97a01d1812ac48c34a5392399cd6a6c01281e63a009544f,4ce4f677c1aa7677566d1d31e17c1d45ddf8ac8d1ad6eee6ccb7944e44b7f89a
linear,null,204,620261109,bcfaacc4d15bc1d7ce7e42e264b7372764e1638254589493e6037d538ef36767,6367093ae508be800f89ba61f2cca303c129b9171a72a8bbb7425044e5ee246c
linear,null,205,620261110,617173e701e185732a4e174999bf687599fc7dfce37caa74422d3004e285cfd8,bc3723715c2416083597a5e8a7325cc1c11299f87c486f34a0136daa40070fbf
linear,null,206,620261111,9799f174736f32103801f725a876328e3ee923ab4fc2028a5ec0882024d5c0bd,817e790790890e53c7f40746908f500834da90ce9cc6888552cca1e719c00cf2
linear,null,207,620261112,8aa0165e9428b27f21296c1bf731c8ecbe9fe510b29754dadc26680a4baee98b,f7f8d2ef390753b2c54d5427ec09b749296d413961f8463168159ba9624625cd
linear,null,208,620261113,ad744c1f1273582b83fc3180756dd5c4f03e28a565a84856a3ad5a3fee7d54a9,2c42baa0260e946087eb5f3e3f50c0f0e79620acfbc982f7145d04808ab47c8a
linear,null,209,620261114,e01b88f4b7b9f6957c7a628581233c83a2f655545ceb74b117eba6b2ab2e7bba,8165c49cbb31521303a0995869d6c7e7c5219f3c96f132cce975f4286a20db0a
linear,null,210,620261115,6e71e4a21e88be4a07cfc0ae320f1393c6a91a1e31fe36a5627281b80adcdf62,089d7bce3507228144944edbe859a775c8f2db984d37ba844faa33bf6501a49b
linear,null,211,620261116,16f8b779ccba8ee2b0471474176c43ea0e1b318eb91bca4a5744a3418ff9901b,5d15730adb44eca67871f17251599d9db572a3d43aed735e11f4a0878d866502
linear,null,212,620261117,a9f27a6ff67a36545d9279064e282f4bc14ae6e8fc7b105040dd5dfaaa2f5d9e,352895013c17c7d4cd693c281bac4b6919261072cc5200fd8edaabd30071d218
linear,null,213,620261118,73ba3011c32a7b3dc854276e183cda82fdd5df60861128a0fe16764c025f56b4,f24bcaa86c2688affd3b69f7edc3736fc44e0a00f670080fe59fce262d8dde43
linear,null,214,620261119,72ed0ea6fb75e0462788e3e5c37f923953d8403f14e04cf26e1e37bc36947ac7,5b0001bd959fd74dc696c8db68b984f03ffc0ac5adfde3ff025a972724e237e8
linear,null,215,620261120,f1077a285e2f0521d580012d7a0ec39236ae9716c563728e8027b1f8c34b0cf5,c080a1556e8b47c984a0c519588b2fe19fdefcf48814733f58f2fc935abdf240
linear,null,216,620261121,879332b622f19a3ff9c30e32a47c85a89418b70f6ba802e4a3fce5bec321e289,57df8dcae3912c12ed1a30633a07eeee1d0c02d7a59ea84c9f1b188f7bcbee0c
linear,null,217,620261122,ed059f022d2cd0c2e44a58d0e743469c40cff1d828aa8e094dc9fa8e241953b3,d708be5e5d01858522922ff3c21604377621473a3c16831dff38870a5ac524da
linear,null,218,620261123,7654c01d8f34186f3eca2094076c5c7c15472e123cb13abfd27f56951041c835,0a5f322118412a9fce07959a758d0847f1f838151a9144e3c6a5a78c211fe5b0
linear,null,219,620261124,f0a3bf36ad45f0793be98f7f1850517411e8b0ef235335fb0fe697a759885211,344646e1ae5db1f1cac8d93e18386a4456ba0b82b7389dfaa8dd48c8b3db2b74
linear,null,220,620261125,7f38b44b631f0563b32288da2c6e2299ca8da7ce5e47960708396fb172633736,713dafc4607e30cf106b04557fce46ee159afa91a570f43360459914316e8ba0
linear,null,221,620261126,bc149cac6871f513aa960468c60108bd3980b515cbbd22470ea508816f3999cd,2713aed5601e2832107b31b1247af006bcf222fe6ba6f9d28988ba6fc4c3400d
linear,null,222,620261127,c518c14b3afd2ed5f8157ac1c5caffcb7847c9884a789d1b44c67a499c0da2c5,cc93f144031a0c35aed46478820df9dab3ff39024c3f7e3db64913d6c9d638d2
linear,null,223,620261128,23104135fd57cfa9021b1bf7e6290c4ca5050ad2ffac1823bfdfb13e982acebd,8bb313d4a38c305dbd202f70bf3ead11b896a993bedc20f26ea291e48df015e4
linear,null,224,620261129,cc17f274dbc919a68ede7e1d005a227ed484dbd53030831af9c4aceba68c0f91,fcc85e586b97401793f176b6d358ee1450e766b60945a68125f00da7d8315b29
linear,null,225,620261130,2c5a997ae0f02c4ba29f19a6b8765e95de16ea57f169e074c620c05d16294de1,eb76e6d957c32c9c5b4e5f61942b97eab6e12c9b9eadf1b9a8d6ebac45d1d0b1
linear,null,226,620261131,4a51ff3b4ca8c8450583c495f01c817f0dc40c42f94b290f0d222e039e10cda7,7a187065608f734e66040f5085530d663e66261451b7acc6ceedecc2841c6cf0
linear,null,227,620261132,e949a6ac03234e62fe07d0897453f01790a3d47bc45596489cd8451333e5b54e,61f271c6b6f84cb66c7523f76dc7b6ba4c8c9a93a48b664dae7fe1b945865153
linear,null,228,620261133,8c2bee51e7e35e0f005245f48181f941b854b1d42e1f71e1c8817d5fe560b92d,5eb43f2872b497bd08aa3697343382680d49b1d102bf1db3948f2e85143d18e5
linear,null,229,620261134,a8ef9427d29590374a35cf9af4d4e7d497becb1744ede7054487ab26d6dea587,96779cfacf236b263911a418cac60f0f7b4cbb7ab4be346d71db9ec7cb566c23
linear,null,230,620261135,fdea5b1711ba5158a2e7028da8625be2b7bdea1ccbe812f7df35e4e01352eb34,61b8367a6492870485da81a02a7f985acff4669742f79f60b001d5c804b32539
linear,null,231,620261136,e9c13503f8cb04fdfe4c9cfeaf0be4ed13834e1c339073037e9a4bd3ccbe5e50,e6965412d7a5019474d35d92dc7a956c498a7810f5954428d02e2870b58d7b37
linear,null,232,620261137,1c34f1957eb687067d56a379c9a9e69a629b5534340d85393930d34fec2ed770,b5efd60e30c9a58e62f614f6af09f655ad4e70a4631ac983b8fbce4dff41689c
linear,null,233,620261138,6bb66d9282b9e6394f1b802de6cf264bdf99f8dafe5548e3f0ec2d6d13b2ad4c,8c00d93549939703dfe3956d9121d825f797e0317a09f3531d095b60c8b55606
linear,null,234,620261139,a8d40bddfee953dce8f50c1a360663810fd8b8ed69cb120c2fd01489a531e38e,bb761b008b9a5b511e9bb3e1ab8d8a7de483ee5cd87bdbaff3ff940b4c3e0397
linear,null,235,620261140,f9e381546323ab9ed50821e4aa29911bfe64bbeefde88e008898febe795940f9,831f1c57a744b603a9435d8b2b3ffcc03ef364b252f6ffab5de0d96b3b816b36
linear,null,236,620261141,9295c5ab6b287231cc6e6c588699ae72a04bfea2ef4f6b0640fa8875d6a3f3db,7cc0a096bb15cad6a0f302b8c6c1b67d91af82437df94793ce4ca92162eed6fb
linear,null,237,620261142,a7f0dab7ae9bdbfc10a19074d0ff3ad8310dfeba749bf312afd143f81caa890f,4ceeac3c7162510223fe2e73ef5bf8b57d7fef75b32f7bb9e037de658b2a5aed
linear,null,238,620261143,293be876dc881fe8ae9fa3c3a95684f76f8a7e791047505f8d88438b652003dc,b5ba5d733dd66f2f1b09bdf86fbba11a96e524041b1ae0579c304703881e2cd5
linear,null,239,620261144,514b698eddd6727b19156e3c2f328df46ae343134d3d798adf1183dbbb0c899c,82331674d32911b763a462fbbfc84e2403bf3d80365bcf405dd5b6564570de46
linear,null,240,620261145,7767c00fc337a8feddabf42b0451996358e20ff342fd8889274e249d79cb3614,6f0fc659b84d2216f42094529ee000d48ded3a2961467f643800355d8b01c9bd
linear,null,241,620261146,7a3f367420c253fc99f181ab540521d10140340372ba410751b70e5f23e65b64,d13513ed6bf2f75e98ad593898bdddd2c0b4dbc6d1838cd870a8890ae3e8d323
linear,null,242,620261147,6a97e5a81141ac7053f1f870bd95d19bbfdd755bb027fcfbe4f07187b309eaea,81fab78919afee7e9bcb9250397b015d20735a8c1a41e0a2f28f192104546b3e
linear,null,243,620261148,8fd82559cd86747a123d4382b21ab2cbb248531accae2dc0b0c09cc09fbec33e,3b5a95104bb782ff3453edcfd8b238f4694c04c83032f96cd7fdc81a8483acab
linear,null,244,620261149,64ec3fc9b0f73af459c4c4be77c5e3e7f62a93db33852eceefc6ad5712ffa35a,ab400e815b41dd1cbff588849aeb1f4a6fb1743ae108958ee99e904b45cc9de6
linear,null,245,620261150,564688ffab2bd594af804652af310d25dc1bbc4770ee6b89abbb99005b8da2ac,00ae339e3ce363fe15c586efd73961a3b64c1bae4be9637a763e0fd9d8116485
linear,null,246,620261151,089ce5330a129f283480f0a315ef13d8b5da436a9fb5e55dca6ecb5d764eabd5,064527c115ccf5c1d49462be95b3d4db235eef71a371f0f8cc7cef012fd180d5
linear,null,247,620261152,179f50a335fe839bd8853128ada99cbaf7f24b352a5dfd025dece83de6deaf6d,a5fef643a1ca8c13afaffcbbac5e9e1109e44bfd1026310b87823291bb1657f4
linear,null,248,620261153,65a7e4adcbd37337a15968cccfa38f5d92d0596cd66c80adfc07b13732cc2ae5,4b0c730dbd1403d559ce6936900065db01c853119ccb7078fcc204348247611c
linear,null,249,620261154,2e80f5d971bebadc76f2b8f58892fee7e86258685ca81be63aed9d6905152278,f5a811738125a0b703c9bba23cb36ac01a4bce1ac924698ca0b983caf35143b0
linear,null,250,620261155,a6fe0be1bde375b1b09381bc3e37da4c4217eb1322247bc3a9034791862e6fc8,f2f1f99bdd4c5e87e0fd28d15b254cd6909666219e907889b76a51caf6659567
linear,null,251,620261156,4fa303036767020a0a3a8d74bb955877657b97f9ff1799ba34a1a5834e1bed2b,0377df766d7602fa7dd5554a4488a3b4ce85000b546e7ee0e0ba8aba76c707d4
linear,null,252,620261157,91ee09e15b7102be39b0003141d082e977efe3d4bcd3efbacaf5b651cead7db1,6b94ba933dc0768b0e9e9ca5a5b0c4a987cad3c821bfaa9fe95b45df156ed837
linear,null,253,620261158,0faa064d44a00e8a8cba4de3e3833be0656e3de04bd20ff9db38ebc7f4145cf1,6ef481e566a27dd642ce5189989eb865aae0c3380152335d021e9ebab87038a8
linear,null,254,620261159,e6264c457828fdca78fe3bbf70bf8de66b118344105f1f00f2b5cd4d2952b914,c574d0bc3526ce44324fd8987f754a4e72ad8ea3bbc7dc540d28384348b32bd7
linear,null,255,620261160,dd87d60f45dfdd881f80b8c9883c1ca0e45d76f2bd8e25778d585795745bf9d0,19dfc1c6c8267c2a48d46ead27e4cd0aa7f5020d472b1d43f5b6f98d15ff966b
linear,null,256,620261161,dd846550529157c20ed56447a4cf69bcc4833c2fe7dfd954c52b2beb3df14641,9a0774f0a380a631ca0433ccf867fb37f1d3b6134a127c82a51cea062fe19f9d
linear,null,257,620261162,5a7908aadf635bf8a9d439709e290f36d7d63a80bf2a31473ccec86b6b567ce3,94f0918f483dfdb287d65e80393d6c92ceba8b5ca115d8701513c4727f5f615d
linear,null,258,620261163,5cae1a203dcb7073ea6e7a26ef445c9cb54bc6b4459f7cc5653b7635e3bac1b8,21498343cb917ad1dbb69fe70504e3cd95a73676781c19c5b9f828c2d292bbf7
linear,null,259,620261164,3e80b129f9175eab37e9cfdf9d4abd3c1fbd680cd1772c6ecb23d522ae5c9bc3,9b20f5bdb6cc8b0acd1200a0c387a114537a19386bb9a21b011eaf4602b3d40e
linear,null,260,620261165,da772aab873b80c85be558f4591e0b3e5cb163ddec941d58c65f9c8409780f5c,d67338e9c639c74e0346ec7e76a9b2ee0ef278ba693edb6dfebb123841aa6f34
linear,null,261,620261166,f9d1f8094c182e1eb1632eb225ac7b07625766219cb49c04b307035b57d66cf0,069dbd5e39b4a462fd7c30e070547c3bcd36a7bce734896f7e336f7f88cd4134
linear,null,262,620261167,128a9f28a68586b95f312c6034941cdbbbdafebc209d0640c31974f0b203e003,2b3952d50b41f9b4493604c739a84f641f30e069f439bb9b0e7f9b31ef10f2f2
linear,null,263,620261168,62cf77c06a5b0f94fe9c44fa60f3a00d14b4fe0f1892a4bac182e6919bb628cc,99214974494796935df53ad79ad20405f18a2b112d348fd5d1c60cd1ac32dc73
linear,null,264,620261169,74212db2f6773f5dcc832f0344bf1fed2358b3e04f4fe56544c627e49c5ee948,d702a4a8bdb92255dbbdfe23f26c1dc0835bad23be4d435ddbd985b4a19604ba
linear,null,265,620261170,78f68984a3425362024cbec580863e8be6c65ca79ff8396e1caff8e1a565caab,fd96c709a0ac41f63bae248b6b80184314d517cbf06bc7c831a1e13164109abb
linear,null,266,620261171,e7f2975b82cbd02daa4ebe100382b8b2a2aa48cf55fd15ab7cff2c2e4052be36,b67a8ea2aa992f32a873cf1f1f91377c52bf3037b6ee451186713efe634210dc
linear,null,267,620261172,548c57d314e54ff88ef9bc08c41ffdf09578dc2d4a292e1debcbccca28373ac4,176c6bf0f4a8d5cd3105315222eceeb948fecac01d7a598cc37a6195bd86d3e2
linear,null,268,620261173,68f4aa1d184515d747b696eff5f433bafbde3ab3b78da67c084e41f273672612,5c1c03278168ba791421b71d02a5fee8d3e64d165f05d02515d5a3b63f821195
linear,null,269,620261174,d5e964dfd73f4267ca44a2accd42aad7d6af57bb97e55eb0d529236aa50cc356,985e3e8e01287254741e589babc690ac0fb713f84bc35801736d8d02b70146ce
linear,null,270,620261175,69b109059a853d1a164bbc88e3c03c8cf59c990d4f00ff8726c0a6fbb095cf51,35d74171c487bc17c39c3fd8ba1d0ac23829b02ef5a4083d0b13e03878dc6e04
linear,null,271,620261176,55841cad4252bda22a6054e94dbb3f4eca1817de4d9cf003becd10cfdd446945,f0406c7f8041c46be93949260b451704a1be8a35b8aa157ea18d40fcfc36e4ca
linear,null,272,620261177,220b3b0f80a468027b3c587afac1a669e5dcb89fad7196a274248371c7effaa3,c1a76f88a17c9d87669cb984acda72e10b78c53d5832dbf7c06b4b0e50c74531
linear,null,273,620261178,8ee9bf479519f600c0f17abe5f0f9134f8c9576a3ad3b156e5d197b16a36299f,a5522fb801a84c44a927a9567ee690fc715013184be66c55ac21dee6cf429117
linear,null,274,620261179,e95cb4950f5872ad4ca972c668f0a944cbc441fb47c610ef825b7ffaa127cf81,cf6480559ac7464a562ae58cb46d314b4cda17e11f90ba55ddd7bc1ff5a2af22
linear,null,275,620261180,bb900fe9e17a198a83d31920b291712e99202b9619d782226f093f751c3c1433,fe8d3165644059796d662033dbe76730ffe6e1097ee324bf117a0e8a0c84c5b7
linear,null,276,620261181,fed5ab1624e03f498d0abe41dc3a022aa8e2080476fb6880e40b75432e47e52d,026037c4c6dbccf11d47403449e3496372ee955c2fc45692af7840a760b6d1d9
linear,null,277,620261182,bfaa4bc5eddb1b437cde010f6f00b1f35fe72751a4f7d49a9f73f51fff2369fa,6a6c60b9ce0a271b90ee42b33b26e5580abe679614b404dcbab2312c013084e2
linear,null,278,620261183,93e0fe2531d8d4461241b252b333b3c363e9f07d873c80ff9b0659ffccdc13f4,f81afd7d234012d9627a671fc8be9da015d2849ebf469328db0a566a77a9009a
linear,null,279,620261184,74bc2119061f90491000b7e1dcabacb4538f8017939cc1f4ff45627f07a3c633,b723b1ad32e569f4207246dbe264b018fb17ca215ed3d4105f97d87cc8cddd66
linear,null,280,620261185,9d91634a336a249b435f8fe6c15642f47e0b2c487409764266fad3313e564a10,e631cb38c24406506c84c195df0893e25de7ed5adc17525eb207356552fe62a3
linear,null,281,620261186,d0915c0454194ad060c63d61e3944511a53d465da5fb2a484a6bdfd50197f7db,5016d6dba1389bd862a38ed235de0049fefc65561067a321fca665fa67c478cf
linear,null,282,620261187,39f548c682f5bcbf8d0b6163cc63be050a90e87c169b17bea16ac32bf626faa8,bde988f290af7391c67d0c175f7476a224a0a2171622e430430ab51863f75f39
linear,null,283,620261188,754bae3c6720f23b0961bf371c8421985c5926388bd314f9108affd7dafb8481,13f3ff4eba92f1e82fc52c1af0f846891a37d1a473e72cbbec3f6023993d3b6a
linear,null,284,620261189,6f5207806fc9c8c54f3501c6526038b90c25e63313ada8190fa2d3de70fbb72f,daa294fd7ecddc6bebb7596ead47b66a520d4b4647fcd756b614c0a3a14a37ac
linear,null,285,620261190,8678d60ff2b4c623190949c9f895ca1a54c0eb045212693e15043088972a7157,5b0197af4fa97c7aa4f5dc5ae60e43ab5c89abdf769391206fa96392d002a8b4
linear,null,286,620261191,7f3617b0c7089a346edae7db034dc50efdfd5665e531ccbf4c5a6c82b14db892,b2938b98fb7029dd2a4df724e0c0e69c66fb02c719daa32bc04e87999b163c93
linear,null,287,620261192,b54662e431f23f21a4c0c0110741bd43bb1b4ba5cbcc0ae10c386bfdf9e41fae,fc8a0eb9d5c3f0a9b5744732ba153a7cd8a0129df763db3e3c06b5e7eb83efe1
linear,null,288,620261193,fe3eb09243e84cdf38c7dbf9cbdfc50ccfb738d3cf3b8d3d46bdd04e11bd074f,795062d919fa646ce8e4f8b9fc47e8a9126ce5e10250d71ccaf5c0f4c642f679
linear,null,289,620261194,81b0d2cf38f10c1f10bb420e4259ee455eabcc3e358e6e613c681a9ec5e71032,24eaa4c2a8ab0968bbb8354cb89c165fecf80d2a546351675c637f9b3293f4f5
linear,null,290,620261195,d7b9d0983ce242c5850a49d3ad382382973b51474cbc958dc6a12f6b202fb6d3,da9de554c11d700f8a947c788987c61f8c61779da4a5894546bc774f951be82b
linear,null,291,620261196,c98e7e56fe908e833ef2aa6196f9803f5781baace35f71b7c171ece3826f67fa,90ad13bcbdfad7cf52c691b5b7c46f4c145a9065ee73342599fd1dd09918c8e0
linear,null,292,620261197,e1627e6f88b38a08a1231f884448625734d287823909734ed46a6e848aa4a135,3d0cd19fa2b7dc45b332824a3c1e9a0e3269b3508af280f1adf9306859ba666b
linear,null,293,620261198,7c92da6ccef838d441607a7decd1af7dcfbb4826b32a5a0ec49ad9f6803051af,86c8c71088ff7c47fae72d2c9043f3afec79ba1a6bb0049cdae0001796df0034
linear,null,294,620261199,ba61a54fe092ecc66161a86064fc5a93fdfc6e1fe9bed352c7ad3870d4ae5373,391a8b10bc2aec6b14b61b548aefbbaee812c35cd2b62d47b0cb6c0544eff4d3
linear,null,295,620261200,039da293d514cb48868d575a51d2be6160db705d22630054039b75ba44e1fc32,5a82c4bfd181a98bf9d5d07d884c872dc05050ec1a0e3d71b035115622499d90
linear,null,296,620261201,2b6ccb746bb35485b299d4404464dd167c3e27870c0e6bcac2a94a5e340ce601,bb85e9b652d4e12103f58ea890ee462b9ddfef1724365b52c2bff4adfad4fd97
linear,null,297,620261202,cfe7a8f22980aa9f70aeebdf17117ad37b5d446eacc054686b027b308002d9d1,4b9e59eba3694dfcf424fdb96e279e34ceee216318f3d8759b9eeb818bdf4edc
linear,null,298,620261203,4a7f4cf06fe28739f883f07fc9b5702d4417ec57dd75a7e5c9ca94b6d2fc593f,9af80e8238ccb5a5dbcc498fd1c30362e65cc22aab21e843bf055cd57b675f32
linear,null,299,620261204,9416d38b3267aeaef9d2207fc8d8f46fe9c70ce605e105db2877bad65e9a58ac,82a60f78eaa98053c6792ab8cd8666ac493a86714e66f6616d4b029fa0fa2017
linear,positive_covariance,0,620360905,24d87dff5e9782d57b481ae12c631a129f56a617264cebe8282b4307d5c71055,65e0d66ce1c382a6e86d653615268d95851d4326e4c782ca0ec773d6eeb23a98
linear,positive_covariance,1,620360906,c3820c3604c30434ae23441a1f01eb78fab5ef8b657a5cfd0a6cff6ea5d529c8,94e234db5851bdb0d86b32d5c812d308cd93b3d3be36609abf8b4b75955596ec
linear,positive_covariance,2,620360907,417f0c79e41440bbb5ebeaffd3c5c5995a49b96584b53d660e8e025c1f4e2ce7,c84e4642deac19dca7441401633377468ddaff0f183fc95383ecea30337d1f42
linear,positive_covariance,3,620360908,1d0cf28725eb4075a7ee626c8026c95098248aba553aede6f635552e3c28f20c,d5171c1c8f89d2ad60867fef07af4732c11a7f7906af26d8cb86cac46043a333
linear,positive_covariance,4,620360909,0752b8537a134c76e583335f7f6d90dbebc3046071abb7c539b7c4cff78254e8,024697b7117c2c081cb616042b0d07421a75275d79d76fbba395a19d2d41eb56
linear,positive_covariance,5,620360910,86efcc3faeaf0395c877bc76a64c73e671b862fb747870187be2462ef738b541,481d3a8ed4557dbacd5cae79313faabfafb48f9ef2c0e8170a3202b45423d4cc
linear,positive_covariance,6,620360911,e92d50d37097441f78fec615cf1578a17d97d374206fd6fe87dcc38ea12c0b2c,e0345d1b2ad938e7ccbf927d8e0e296194a3749cc1acf9a331e1f21019e0e7e4
linear,positive_covariance,7,620360912,8f63cc537ea532af01177cc8984943f03761970daac0239bb207c2ea85371458,b90d39522aaae06f2cfa99bacf0d0c957af6700ffae121fee35520878d2ab73f
linear,positive_covariance,8,620360913,b9182750f8e7308445df3f808bd424cda5ec40781fe5470c4f405050051f2bf6,09f3a18ae211600a5f68c5ac95ddbe1be89ef7b5c5744b5d0c2c4f528e73fb8b
linear,positive_covariance,9,620360914,d811af686212a6eebbf19244bd99d075245268a1f585f5f3d71dae24b22bc06e,f525dee61a9644c56d0b8278059ae7126291b4d13ffe42b5e06afa34f22dd5c2
linear,positive_covariance,10,620360915,93b43553c7a84493c0e7d1e99439beeead5458937a3135c054317f300a45a440,6b3173f13b6a01c1ff131cdaa2ef5423354c331de25a4d555cd7cce4ef193ec3
linear,positive_covariance,11,620360916,3c424beffa243914dff80dda11155ce3cf0ce7091230ffd7f320ae9b1f849af2,c30a718b43dc5dcb82b388b83e62f422bcb95f18f866bd6891cb224a702e6833
linear,positive_covariance,12,620360917,1484fe7a70d716aea2bc4491ca57de02b3ae76692a02ddef01109f1288da3916,6e0ec76c1da07974f4bc573ed66a44d19ac2d09b7c2f094e91661f573f2bf8d8
linear,positive_covariance,13,620360918,7a0f7085672e0d2ae8cfc698b366c2f0bc7f5e23e1d9563cca6007d63952c227,d4073aff19b31830de2f3dfa2e9bc6cbcb2960170b0ce9a490dbfdbae03548b0
linear,positive_covariance,14,620360919,d992d14bf185c3d9a073d71a85aea4556f8bc0d846b67f825e471be71aa60d2b,cabe0722da1ce8f05520bab67e609a40c7260a7be168585048477a4d586cd913
linear,positive_covariance,15,620360920,7f5e8814903a5075722a04046ee7b94dfdcd8ed33a05f1dd18a3d9f6f2efa914,f71299a6564a98bee904bd1c0ddd296a9e92cd13bdc09b6f681367b13211f5db
linear,positive_covariance,16,620360921,a5bff3068bbcaeb167f04bf75fb4e84ea1f15950b77d474c09100e5c616e74fe,b22530a6b681fa3b646cdb19f6d5b32c2b6e55b4adca67589c74aa793cbc38cf
linear,positive_covariance,17,620360922,5b8196358dd1b7673b086d77678ed86bc3d81cf772e6af69ccee4b674d779a27,a21a215f0bbc4bdf128ff8e1e4dbdf582b48ebbc8340ba19d8769dba809fa0b2
linear,positive_covariance,18,620360923,95857caa14506b39bea62923a4d3727d71d1e8889b90343f5a029d516226f132,8ef424f31ea8f7de4111d62765ffd7cd2f3a288fce9668311424b05b9e0f6fcb
linear,positive_covariance,19,620360924,b6b6867344e49e36e32f74a3a044591cf26082f1c494cf93dde5b72cfa6cc54a,1cf4806106b59f16e5eadfa73046b6711b8ac3537321f07959965018fd2d80b1
linear,positive_covariance,20,620360925,9d5591a73690126b697ce960aae90b8d8e76ed0f08d16abf948cbabcb526f328,40cc355cdf17b95f9b34de6076de7b2ac765d956c87c25e92a6c2241c3c34b63
linear,positive_covariance,21,620360926,6b62e0f3b8951a05a1d41c96a73a8d83c36cb690c94c1809e6e6111f58f3bfe8,b6f2beb4af8aa9caae39e03f8c33cea4c99dc2d4fd0296c95ffabadfb1803c6c
linear,positive_covariance,22,620360927,598b70d7ab1f70d246ffa9d9641ffc79b4bd02c140bdb1910b55f01ba3eaa8ef,9178496135582f9648329e2028bfb9ca884f53e4bd5f37bef688db03bfef2484
linear,positive_covariance,23,620360928,4cab5f681d9925552871e67d5d00d808aaabd652e32d2efc59326877ff6f46a8,384bef599e09fcb1f5c4411f6d54d67c9e1bfcc4c489e0f227da9c80cbc916ad
linear,positive_covariance,24,620360929,9189e155d2b9f7c3a07e1a8133a503da3ccdeec0aeda9d8632cecf92d21c6463,e1018ac3fb9e3bf19658c11cde7998f7244c39ca9c9d3bb4e681ab827dd8dcf9
linear,positive_covariance,25,620360930,013ca0bc2a3cec643568622ee0f5a8328119a2bfa026e6e3826847678977492b,3682e287bcae93cc6e0050dfbc4fd7fb7ee51fb2b2fe3832306dbcf79c1d15d3
linear,positive_covariance,26,620360931,89294ac54ad319a50ced730a98fb22c3393377deb4fd40b16b7a014add18c698,d66a1518f0cf6fa6467617d5775385bea8a90466afccb6bca3f5380b1bdf27c4
linear,positive_covariance,27,620360932,854b5cd3d587e5df6d0bacdf931852eb79e841d2b782eae838e71a7ef8282bf9,ad9a614283d151dc40c84b051cf3cd7c54ab984bb69d24497b0cda5f5923376d
linear,positive_covariance,28,620360933,ccd9bde96711765d06946697a391b3448ed3cc6382dbe1bdf97762f8d4efb448,fd38f79074373f5797ff8a3f0c2fa71ec3a66f47e7461614bbb70c96f70a7cf8
linear,positive_covariance,29,620360934,dc6c413fe2f5b185df77d9cf987b2e8559ab570295d1b73450b1fe826184ed62,f44a059ecff2f53851d40b557946b223efa44cbe98e4cc39a5d56e5fd259803f
linear,positive_covariance,30,620360935,a62321884d0517552d6ad95342e9bf072c6581ce1841a89e6aeec769145d82b0,1b5541e917e669fc893eda668768a504e8010d4a6d07a7fb2d72616d7dc2b6b5
linear,positive_covariance,31,620360936,2d0c994cc93c49d58cf44e77f059b8803c3f26f4e7ea42dc410eca5edf972077,36fdbc5de1beb64647ca0c1595154170836f5b570d480f5224f5990fe480c83a
linear,positive_covariance,32,620360937,09cac810bde4ea1ce120b8f537d9e606a95046be73688902499ade962df8e023,b039a2cf3b90c7c4c6cea86d5060a53f8f07cd0f9fb65d613d21ba94bd0be36b
linear,positive_covariance,33,620360938,7a557f408e41eee2d6c4ff0a3f56c62040d8a9db682f585b70e9ce73623ed3d8,b5accee7d32e90a8b7bbf8fe76567ea046cb8d2fa30c6c2d990a3869d85b0617
linear,positive_covariance,34,620360939,dc0833ad8afcc7bf5f93b61f2a6c1f2eabf43060583509edab17f2ff30ed4e32,b2f1a1f978eaee883b918ee534f11fd8cc6eb0056f8e2789959f621747979915
linear,positive_covariance,35,620360940,b2ed6aa43bab8b6e786dc38732fa8ecc118786dc2ff5ec5152494d1951bc2c01,8ad1256a29772ac12ff210997d813902207e5d2fa16220b4ff56f1663a647383
linear,positive_covariance,36,620360941,40b9d6fbe04123f6308b0ae99b12fa8fcaaf921027667ac1e5bb571ebfe31250,5846ae1437a9ccfa3db09b30d174948c61a4656dd953c14aab332cb9bc21a47f
linear,positive_covariance,37,620360942,597dcb440ee5633d6ea779271222fb7424e7db434654a4bfc82847a659658831,455d91b78106611f2dafa5d36f888cb5c26b66c93df08a920fd558241df83557
linear,positive_covariance,38,620360943,b1de2a924cae4e1a9ebc3b38361400c217b960dea52935d1e21b1d0d1cb3e3b1,3566d83e1c8dfe54e2e07314e8e96dcf66f5b817161d9f38b90ffc25471f12fb
linear,positive_covariance,39,620360944,bb05ab78930acdc140cf0fd702cfa0661d609f784f0cad24947d7433f905f87e,b9ad7c0d88fc728c480edab3394ebd5eda2360bc50ba3f4e8f5ccbec992cafdc
linear,positive_covariance,40,620360945,83a56cc7aa5e6bef8c466ca365effd2abae1c680a6d1e1049ca71826d3fbfca9,4054ef2a7dc17abd6881f3f446f845b95aeed81e09a259f432bf14ef51ee87f2
linear,positive_covariance,41,620360946,25435a5f7ef9366ae363e55fb6b53c6125624137de4d339521478746ec321da2,74beb2bc7620736b808e7d0de29029adc703e467326924b1a340ffe9eecff76a
linear,positive_covariance,42,620360947,450851609868ecb6e4195920185d470848bb31f8e93bdd1957f60fbd806961c3,836d9546f85a2a01bd9f324a259780d14587f72a0c719576e5dfc3233ef36d09
linear,positive_covariance,43,620360948,14817e3a3c26249dae08049dcaacc0c1393eff5eb40ee0c3a96494784eeeb45e,8961c29c6a4ce897dc02f19738ba90b2779198125d3e0c15dfecbba22cb315b7
linear,positive_covariance,44,620360949,f8133bf98e8c29ff0d7d134051fa0648734179116a3b9fce84747cdf335fcb17,066629ac793762ed55752cb7b0e05510bc7452eb917af6f6b7a00f1200358a50
linear,positive_covariance,45,620360950,fb2125d1766d7d94062c12f1e75286dd13090ae3839799515dd49ad16dd3a15a,b33b9a7a06c2998d4c84c2442c8d85c88d21fdb0527bb93927568d188539704b
linear,positive_covariance,46,620360951,02f8849237c05f13b3374c389df04484bc03447658e9409c822062a3adff4550,d157ef5c4535a622f96fd58363215578387d767e37a683c76ad3d7c27676c638
linear,positive_covariance,47,620360952,49586d7ef14553a90133f83f77f8b58310a074cadd71284058c6f9c1714343ea,f653176a279e00f50f12f9bf6b829cb9dd8a89a8d87f66c096835ffb7d462c18
linear,positive_covariance,48,620360953,661ea1fb5179a12a7bbf37f117ebee423522a0a30039e6a7392cc7271aca9720,9862d172d636c6358d950a8d692afa6ed1866db5c5abbaac31e1096892d52ec7
linear,positive_covariance,49,620360954,c5bd0f162ac3ea6218cef68fce0af0c071b3069f2b1792dd67cffb54351591f0,ec32eb976f9fa50797d8dcb33fc846e590ad0c1a25d73d388037e806029da10b
linear,positive_covariance,50,620360955,94f47ffc07311f0eb1ba87a968f448ca0de861b7cec494a37ba72c5da600a2f6,74a488544cdada4528cc6cf5c6b4b3d2634e38b315a311d4d4a1391a893aac05
linear,positive_covariance,51,620360956,848997fb24478c134ec79c9d1b30a325882a62aa2631bd5179e72075c3943664,56b1a77e5528557be729e88428f6486e1b940407e61f32fefbf529c67d186c61
linear,positive_covariance,52,620360957,9258866af61a5c342934b5bbff2c81339404ea6e0b0412d209d484f4392e6dfb,cd141b97ee61786f91731d1d9a687a662d8a73cf9932b0b50cd01bbed4fba6f1
linear,positive_covariance,53,620360958,ba16d0125178c156f2f25b5d1384a4738c96ee13e1f187b173343f29a71db14f,cac974f59d874eebe9faaa4c5d40de3ef54be6cee77ec309cf8df673fcc1dfb1
linear,positive_covariance,54,620360959,33796b2ed8d1a4984df0c76a5a8623fa87c329738ec534f5e61dcd87594c9c96,2b220beccfd8f718c2189ddd2c8df68234da7fb396862f82ff09a7aea4e3c5f2
linear,positive_covariance,55,620360960,f020facabd18f44cbfd5857d3218aa1796f620ebf74339e8838ab4f9764d5837,aebcae4dc0468e3e1c0311c33929bf4d5373872c1e2291a4ffbe684aa0a1fd7f
linear,positive_covariance,56,620360961,105cf92f4e7b1b0ecd89747e564179e2b17024368e0c1f6585f21083133610a9,8a2c618ea6d5e2c029272f15c781e22cad6aac8cc8612a1b305d2cff005d79ce
linear,positive_covariance,57,620360962,a70249799c28ed4169505f96c5ae8737a87262a0febe2ccdc0ae45decb85e800,455928e8461e1800707d5cda85fe8a6dd7849b75980c44d90102a6b794d442e1
linear,positive_covariance,58,620360963,da125b86b97435e75463913fb51f84158f6432052662d64012756d00d83b69d2,d7d55065a93c57a1836ba6d1f0ad1f4647789aab5357967707b61104cd84bcee
linear,positive_covariance,59,620360964,4c8879b51cbb02c3a5c1eda6b63fd75645e0b46d2307ac5a99ac8070d0e9b5fb,6ead1539b43b7f50b4a7dd6742e86101fee22c1502b6113205daf2010d6f2afa
linear,positive_covariance,60,620360965,32c0c493fb9c7e83ee623fe9a23d063b2290551af7b419d0762bf020a5ebed15,643532e79fe4dd62d17aa3fa7774d5eb864ff71f1d771ef585e2b2fab06e3f51
linear,positive_covariance,61,620360966,88a015617ae0f25738c63dbc04e9f7293507db395f925af7f38be56a2b1abd20,d339b5109fdbe69abe1f5d96de399d210d81cb6415d8daaaaed4244b7967de0d
linear,positive_covariance,62,620360967,0848056bf892d05495f3b9bec1883f055dc1b051e2d0232b6b35fcf5ef46dd29,45e7f68a7e145a21e9203a9c88983a21d1ff99351dc44f8e0a688129cd0810df
linear,positive_covariance,63,620360968,96198280092b4b2b116af1e5138fffa541bb91f2ca0c09047e5f23bddd188f3b,8d19c1dafa6e2cc19b80b668a331ce39412501b350c1057cb3885832e5b9a990
linear,positive_covariance,64,620360969,95a1ce1131bf711a57f010f9e71c612d8a778ded74e801f724b7fbe500281a0d,6475aa587b2250d65c2e433cefabccc566fb83d5665044f39879220ec6134968
linear,positive_covariance,65,620360970,2232a1bbfbe1ad3eebd58293595c260aee33a3884d15b94d7e515fcf8eb0bd5f,b1b7286dd65370b60ed3fc5c2e2dce338a2f07e4836466c560dc7a7f9abd6f8e
linear,positive_covariance,66,620360971,dd89a9f1af8065ac129f37d859e8208d4c871287a058903fcaa2b3e73e51482c,968bc70268df2bfab853ed8dd6f1167add1b08135a90b8d088e98920919d5140
linear,positive_covariance,67,620360972,fb503a8579e0f790116ba146f1a60ff2542afa9d54e91608bbf6264395e8b305,c07353cd24e40e90a232fba07e55a600a1b80e77d972ca1da90f8359ed5cec57
linear,positive_covariance,68,620360973,23de67763a367f633b3bdb765eb1a4cb5b61a10d255053e4bc382c842bb57db1,8dca6ff61d610f789176ecbd52ba09cfc8004de9c2e0b0302243d2f092a33cbd
linear,positive_covariance,69,620360974,6c43421538c6a4b43b07f442e78acde3f7903adb00393badc4374e2eea7144c9,aebfef8b2df1ebd5bb83f4886cef97176de52f5096ac9094c1c0a6817b2e7d7c
linear,positive_covariance,70,620360975,1465b5cd5c0a0346e45503ec6ee92dc72433fbba4a134ba96fbba8c5c83354d6,422e43ee4915be495248e572cff257f849398011834b50c169f391cfcc594400
linear,positive_covariance,71,620360976,069529d0d4fdbf85c3e6511dd98f0a94136c020b0342f2cfde9e9a6214a4982c,aed875fe84c12a7019a4a49fa02775d6b362074267ce8a3535f4289e095ce7e9
linear,positive_covariance,72,620360977,4fc249d85a44899577f657a3c8a1c54534ec2108c4823d45f3f483f5b7e610ce,1188100ef3a826983fe4b95153a20ab2afd3a1e14e1c5b58119228cf4898fa91
linear,positive_covariance,73,620360978,5c3fcd73497200eb76ee27385de76d07d5a117139983724d43265074b084fb95,27696f43db32bd27bb9a3fc4789fa220bc3d00f2209f97711c354f1a24c4252f
linear,positive_covariance,74,620360979,6c8802154295325051814b04e1790a649c312ea62e4a65ce4b5c2a60b0dfd5ba,d4cd4372af2f4b0796916eaf2775067bc16bb11ae1c82bcd367fde929d1fa475
linear,positive_covariance,75,620360980,e007b37695d7c097dd87918fb458c51e9da49ff8d37ecac42fd4611772df585c,ee9fcc8defb84208f9841dd0e375b3cc0bab0313d6184dced6b676cb51bb1843
linear,positive_covariance,76,620360981,4e68a176fbc42bd430a6bb8598b058f1221208068f96c4ea8b33593eeb96818c,6e9cfed77506d9996c51102a1814310ae2d4e6bd6df5f2ca00f88f4bce15693a
linear,positive_covariance,77,620360982,ce97ef40cb3f8bfa68d7461664922ce36131b8bb215e28805025a76343a9969c,2e7ffc785aab5d0aad5f138aae7d30e25039bc279b8cc21e54c8ab367171a136
linear,positive_covariance,78,620360983,fb177c8007a1caea73b83293b65d23d73cb45759755e0bbf84c10739870c85e0,7c2cb9ce08a7346b28a8a4ae68730233416a71e4e353cfb7153bfe4020dde733
linear,positive_covariance,79,620360984,801bd36216a5808e970f45fe9da90a7260cd69f688dfe36598e8e15f1012280f,eb474167aaa064287a7bf0ae8275b1799ef863e35dd63c4d1ff7cac356e12ab9
linear,positive_covariance,80,620360985,a18673303a070b44835068d74839a35741c665892af77a58289c26dd7856aeb2,7cc7b96d26d7545cf9817e03354ff7581f1b2f1b8b2ed7a32c3298c2e7e1ed3d
linear,positive_covariance,81,620360986,56fb8deb556b4953040f97373590ebca2fc2770fd2766a38096e66e7fe27e998,1e7cce6ceea884cb73603d9700505fc2c65f068ddccfe0c4bcd2bced0c160896
linear,positive_covariance,82,620360987,7efbb0eaa0db26ae9a5c9e9f2e5ab88585452c9670353bc59d84df19d57a4367,5796fd19330ab24eb73e13426f94e404b2e4127f41fc6049370f07b0702ac935
linear,positive_covariance,83,620360988,6b0e0004fb325e3ff556850b463ef6948ace49c8fb05924aa58190da13878d1f,28b09ac33cef77f06e9e2d25ba83fff9979bbefebefc6125f4c91a8c1e0f146e
linear,positive_covariance,84,620360989,2635d9e6e34e5c5b7cc97407cc3d151cc10ff3b380f0dc9516d8f829d61d3fe0,3ef1e4436b826380f3e56360fe073f931274250acf227412f67636f41ff4ffaf
linear,positive_covariance,85,620360990,7487ac7efa32a3f86f036cca00d6c775e09d62dcb5c3aeccd0baa898d00dc8f9,64ebb2ca0ec34e0769d70e97d33de8c2088449e40246fa178bd8c1e788a4782b
linear,positive_covariance,86,620360991,8a234842a04bbf50f76c34caa44d1fb88f906d2b1f35467310a905e5ece7a1a5,e57a6549905b9335ce6835c84610d0ec45bcf2dbfdc6dab26a4085acdb69c09e
linear,positive_covariance,87,620360992,ab570d5a7f0c87566984470455b3861f86240ae3c3f7f8c8951619dd05b6057b,0e3fe33fcacd67812f460c075d3de57e2e8724800b4121d13841bd301dc61b78
linear,positive_covariance,88,620360993,432f46e9206e0e3924bf9b09ced1de5c63bf6cbccdc2133a6c5c07f6158bf101,9fb006701b265e64df5d61a80134d72864fda200319e54f4ea3de58a490ca014
linear,positive_covariance,89,620360994,2036c4f2e1a9fe58d8833e903691c36865f3ad8334d60b4ec9ac009686a0c011,19d7425ee652178894e8053b6867ee2fbd50f04676bc58c62cea6b8a250347c2
linear,positive_covariance,90,620360995,6bd55840b9742a8f744fa8f244ff434bb473f75901544d56ecc93d963eae80fd,6dd276dc22d08c962c3ae0eae80e01601252ae1df6fc86c785132cdc17dabc47
linear,positive_covariance,91,620360996,4f2c81045e3b64de108e303cd1b30b455e020fb3e66023b88bd255b80f15edd3,88cfbb44209a11b10ddcb93ecdf4abaa00ee6d076331f0911f5af37b21c6e46b
linear,positive_covariance,92,620360997,a38a8f3adc9062ab1e6e1f5b6b0b02857de427512321a588ccb11f576c9a2623,49db8c333293fb2a2d3a0f4f13973c5d0bc5ed4f84d5af3e4555ba133ddc6292
linear,positive_covariance,93,620360998,5ca3639d5c3c3f154a15e194a7315bb726d2e773e953b4aeee8614562d0ab349,8ff04f851e28b9e294462df06e1643d6cac8563a9158a4ddb25410b0d8f7797a
linear,positive_covariance,94,620360999,1ffff11c37adb6bad5554eab47dde1f90d1e0a1ca8936ba30da64b37f0049bf8,b7a5105109d4ee7d9a5cd5c3bb1563801f78c63182e3a43375cfaf7911cbc150
linear,positive_covariance,95,620361000,4c5056d39346fb411e8148ee1ba395eb12adf0705567b9643a8cdc770b2594ad,053f88388c27f831760e535939e64fec9205d3a3ecddd103bd6410d42d6b3459
linear,positive_covariance,96,620361001,00f5f879842cdfe2ef1de132799ba7962f769231054e3a461d9afc2c795b0a74,f1d7a7e978792755b109110919e229bff62f65010dbccfed502ffb8896888a7b
linear,positive_covariance,97,620361002,9f8b8c14b667815cd502e5c937ad742195be0301bc04b27389599906e883e7a3,55eb0ef7b79c5c00bf3625bd852bdcc63783c5274cbe73dc46fb987d9d04839e
linear,positive_covariance,98,620361003,c527f2d68a90c71693a24b703cb3380175c15d0b661c27869712e8eb1eab37be,a9de4ea5cc0b6593b2890c6a7890d96e4f28813bb369522fa6acfc3015a3606c
linear,positive_covariance,99,620361004,7b2478f71bdfcef4b7717ee4de74a8aa07f0b446413d404471135463d636b91d,8bb5941a5a42cb213ebf4e4eb6d3f0162119404e497c9e7c15846f9e4bcbbde6
linear,positive_covariance,100,620361005,2d47489497211d43f3e18ce38e947a503537be745d56c23a155231ffe5bf2148,f5af590989106b36122ad9c121309cd4035d1b96c79aaf6030e7a0a893fa8f65
linear,positive_covariance,101,620361006,892944b6448be9200356428d2e6f94e21200bb15b43bb3ccdbbf075d5671f274,b49751dac312b16a47047ff7ca3cbaafe3b30903e42cc87bddd5d4d890c32fab
linear,positive_covariance,102,620361007,eb98d8c2a73f6174bcffefe94ef3faaffecc75aad20801dfbaeb6d9f0eb41ecb,7202881587ee30c95e69018d35f742e0af7c0368a81e5385d06b552556f2a6a9
linear,positive_covariance,103,620361008,043102b67da7eece428ee20cfd6dab326ae01aa8ab71bab4b2d64d8cdca2ccb2,b4fd30f5f56b164460ed72f70058832225f807dcffcb8e9d78d40b3949a5320a
linear,positive_covariance,104,620361009,90d961638ff50a2d637d4edd938414a6addc89aafccbfe4dea1100f5566fb2bf,945219150e4f733ac893efae5484c5d746a39e89043b00a865848b769f5cd977
linear,positive_covariance,105,620361010,08436972ff9565785fa4435a1c1db96a07ebaf2d86151dd71f324c362bef6980,a0ce4c0dc79907b7f1b148f1c6e9332ca52f66455918f622c7d341c670c15366
linear,positive_covariance,106,620361011,c4c4bb23173be2133f00330b1d0ba227051f3a44001de6aa0493a3c8133c566b,cc5105c715fe84335392d5ff40c399855ba4622b8f1378097a0287f3b56252bc
linear,positive_covariance,107,620361012,58e127a39177e4303801b99cb69355502ec302fd72d4c1af5bfbf81d922fd0d8,e5813cf882de083585182e10d5f024aadf8f3ceeb9caf15c86a320e8c4802faa
linear,positive_covariance,108,620361013,15a215d9bd5c1bed497c5d996815f8321a87f5f1d9bf5cddca1d74fa3a254e12,ec11bda038f6251b390922f43e25c7f4ebf2fc9f9c2d68218b0814e6b28e7759
linear,positive_covariance,109,620361014,ed2defe2dd78025e81b5099ef6a9bdea3b2b38c1f7e4ff9df1002a9fb7af036e,bdd41c11a4c7db809f8982b38c8e4755bb647769a6ed5a1fe39fa3c0422208d1
linear,positive_covariance,110,620361015,5669a605e6a242d7f1df776b69eccbe8d8f8b05de3ef04925cda6d9ce185830f,441fdecf9a464d5cd79b726ce604629b8a707046fad052fed7bc855a62cdd129
linear,positive_covariance,111,620361016,8fc72ed69674f26296338821dbb6c795c725621e1ada54f7f1e10e89a85e4c1c,22bc439a2ee2802d12db590059f17a6cb404fb2bb80918df4164ef676d3924fc
linear,positive_covariance,112,620361017,9b203f10fc72fa220cc8bc758302ff8ef0b1ab8d14ec43b9b4e9dcd987bfd0a4,32d8d5c3e591139124cdc61447b6ab11e0b67aa6d8f92f01898f9d6575906cb9
linear,positive_covariance,113,620361018,fa98603c96225af6d8ccb27780c43fb5b1783d22fadcac676f832d4e1ab75ec4,3d465884f64bbe479deefa331567e00289deac1f8d73f5ba3a9f55adf10ae643
linear,positive_covariance,114,620361019,bdc54b6620fbd15ef919da374cb8651c65c2ea33095dda704bd1b53a737a5e35,7436de7d5cda3fd945cd15699d73ad9de5ecd1eee30942597608244ca93822ee
linear,positive_covariance,115,620361020,b096b6368942f2f7aaed17ea2a7ab8a299caf27145d13012e32f8c5f41ab5035,79da9aa6e261e77fb66c68d81fe58eb1c2db69a68140dfe2466414671d05dee8
linear,positive_covariance,116,620361021,70471356fbd38bbe6df925c71c29a07f8a4f900d16abbb066be4e20674f9b072,fc9038dbe085b2010c5d2d1f11d7befeb0d2265c2604e29caa303f59686aac54
linear,positive_covariance,117,620361022,9ddeef5bdbbd883b59602412a6f59255fffb019b5a235ef081739c50122592d2,57b3340358b5ede62670c10c65a28435345878316fe0bdc03f731a2edae4c13f
linear,positive_covariance,118,620361023,050f8459307c63d6d8368478e17b091b7f832f7e79f2dde2cd831498f1c9c446,3fa1ba2f67bac30db2f6d3ccf38d3a6b8cfc2ecf665508e54ba36632b045aa5e
linear,positive_covariance,119,620361024,be06e5b5ebb722029a49cc3c145991e7d08f9571cae16a99e7fa42a8499eae59,40878199d7cc53a40348a97719b291f3a3a9d1eeb5644024aec06a8ff2b283ea
linear,positive_covariance,120,620361025,fe94c803a3eb3a57728edb5cb789500b2356e32bf80e0588cb9e373516e1a3ae,0388836bded8c95c9c2c85cfd6f522e80f4caa44b1ad91432ee574e39efd95b4
linear,positive_covariance,121,620361026,77d047206bfa9824b1fc44f4dc033d0ce754c69ef83314d616f4b6bb9417a3d8,8faa94386d0d8f996fe25a2c00ddb3599d23c4a63672f50ab486da338cc69ad7
linear,positive_covariance,122,620361027,7d05c1e282430ad5fecf761dc04f03739a62790c484645a8aa619a761c06efb2,8ee581402e288dadf07a36dc12829c388262ae69f648d92f47f3033754213242
linear,positive_covariance,123,620361028,b97f1c6f46f7ee36796f50744f64f6d8ba82466d675bb5362ab0238885fe4730,a6ee4939e7f8cd6a118215064ca207b042d5302e259ebae4611e2987f0e427a8
linear,positive_covariance,124,620361029,8ebfaa3091159af168af04e8e7223945e7af7a10cfdc4aa5797da101929fc4a5,ef6798bd555d6c0dc9236be65f534a1a2f37c0d4904d171db9bcc57e699f63c3
linear,positive_covariance,125,620361030,a4e04f77cede379eb4a319661e7e3816d2e29b4990d2f21d64ccd257bbc7948a,ed2ed549cee4f55107301713b809b3b6717fbcbe5e50061b71d9334666861fce
linear,positive_covariance,126,620361031,17fec093916779481fdb3c9c44e248ae4cf3ec919ca45030bc86b20829908d38,2ee5af0ea729215e9d52f023fb702fc8ae43d5bff999e025d1075a10e28a235c
linear,positive_covariance,127,620361032,5169aa3d1a85700ff5442f60d1a3576aa8ace004df92a54bef5fad6cffc7e60f,b1634fa9faf8b714e50538b554c10e8299b84e08df17569e528befb1d83f3079
linear,positive_covariance,128,620361033,cb92c600b51dae77716487711cf2666f00d77a099dbaabc3250f307e40fdeadb,18fe505d4019009aa69a593c50488691a134ffc0fac84dc48e7d104bb6ee33c8
linear,positive_covariance,129,620361034,543d65ffdf2506bcf99a9f8b648d243f84c0c3d73f7f90693a650627e94abe06,b51cdfd934e605a488a7cb0be80c3eabed07e9176edc504690285030503ccd45
linear,positive_covariance,130,620361035,6f9137c85ccab5b0fa34b2092b04f9bf958207912c68c01bda7c25b2e4f18650,ebba9e434175ee4d68e2d2029c1033d26461ddfa8141b5baa9a4690f46362d1c
linear,positive_covariance,131,620361036,acb40c541e85a7fe417fe86092307bf6f26cb3b0e0b9ad3a6c94e4c328707510,02ec5cc0f3248e6a82a528551daca25b70e6dcba783428a85e9dd0c24f629857
linear,positive_covariance,132,620361037,69350297e249c44b31d1df748f5e72078f4eceb047211c2545184c540fabe50f,8412b37ea953cbf2ae8147b952a20b261d5c00793dfb5491ddd67450e03c0a73
linear,positive_covariance,133,620361038,e206d23c30be3830f10308be59408051c49e802b55f6bc9f0747c2f8f93ca34f,c95aea64a87e0cf5980f65275fd58436d7374d6d538690e3b1196e4017298b2f
linear,positive_covariance,134,620361039,bbac04c65455ac878adb2c0566cc70a39f36dc90c5259a4f53e160baca60a897,76905dd0a354f4a04c270e343c188acc502b255b43731f8fa502c2f0308cd946
linear,positive_covariance,135,620361040,77084bf200f3225c5e096cbf10bf02123f2c235c73e533f756ac8499f93d327a,c53b16d044d1ced2b960780acb193a8c3e764942e957be3481e4f7307f9e26b7
linear,positive_covariance,136,620361041,e43fd388ca3a3c7321f86c1109fb18f1b21bf1cbddf7840218ae3ccb72308f0c,4c023b6be2bf15462ec0361bbe5c00f13af1914cda8afc43e74e62e8d54d94ec
linear,positive_covariance,137,620361042,ca3f534f5e9faff0427474239735d3faf2b845319b4134f6be7efb1f2eb836fd,d374f97048fb2bce1dd53d8431f49f18a409c35c4b05812a627088374ab34458
linear,positive_covariance,138,620361043,ad97474783994721e6b48057ed4fd75c955c3e03fa21c8625b3df51c25015778,2a1b4ee0b430eec8690e1aac3f8f1ef7d7fdc1e82696c3679ea17841ed07a36d
linear,positive_covariance,139,620361044,b643280d0f87e275d249c64cb5fbcb3db93cf1af0b0987767a6207dbde5145fb,0a01537229a5c7a786acdebf02da0cf4a8162c2149283f359ebd7811185f13d0
linear,positive_covariance,140,620361045,dfcd49fde6411e3bfb606637516deb6b31f70cb0fff2675ad51e2583c79766a4,64e184af5d55ecf0a049d89017def2422d110e8bac8d3a4f5a3fbc7eccdca414
linear,positive_covariance,141,620361046,82dc5c9cfd99d061c106f3afdd1e0cc4fff95adba94f207563669682c3a98ef3,26f7bb02fd8401522a30cbba55e84655ca4a4f23de25e6eb3d9cf731cfdde8ca
linear,positive_covariance,142,620361047,e82b8f43d369d48844ebb7bd85c7de94859c344822f6e8384378bec007119e8c,5f333c4eddb4699fca9b6222b321eea141411cc3a7370088794dbae759050943
linear,positive_covariance,143,620361048,5749088084cff15d83be3b8588953f84dd955141981ebe4db58fda385e80c233,a2e7e0eb2847239d39e6733f7b6afee35397d8412aa646e91b188d7d81a5eb40
linear,positive_covariance,144,620361049,6cc71ed7fb32bdd54271aee239438f023f19002a0006445e06d125685009c94a,8a6d11af3306c122be10d114d35e914878bb28d125ecbc7d6fe248e649be6857
linear,positive_covariance,145,620361050,c3c0596d7655f0ff7d952aa730403d863be9b1511fcb57ee2a89b5438bd64e51,39e778933771041c20b18e5ec2a6c2e57711bc2a8beceb86c70f91f4f2af94a6
linear,positive_covariance,146,620361051,57cb750873249b733a8ecc597f33d00e806397e90e18543b91085b1e7a925327,c2d3fcd02aa1407950cd8140120e3a425895b5b4bde04902c0af0fd44ab5b439
linear,positive_covariance,147,620361052,c758aeed31d88f676f1fff032a49d4ab961e18995cf908663ae228956d6d9b9f,20c0b0d2d05c6f078db7a07e38ca473ed3a1d7a4b003426d34116f62db2d4810
linear,positive_covariance,148,620361053,475b8599371940088d2a7e45d89254205994ad4f25f8951df801f3aff944dc2c,0f4ee89b8cd0fbff2a8045bbcf293a48daf1d300d80394d47ce1a6ea34c5f504
linear,positive_covariance,149,620361054,b75b89aa024ed0d02b833ce4c73f79f6769cc19a7861b5c274b335927b367f55,2aa62337087c0eafadccc65e6c68f1bd56ad388dcf00c7deee94c9bfe93df2ad
linear,positive_covariance,150,620361055,8056a5c05c5c83679019c44a7e7ec726b7ea40ca8815ca29f0bdd5eac47ec159,1f875ef59e723470ef41eb43da2dc72c5e0368d576ccb07a5ca5777b01f6e74a
linear,positive_covariance,151,620361056,68b9273caadea57505fb3dcb50752537d3d90cfbadff9a2d379418df0a9e0ebb,8296131f21bcf5fa2fefeb660913bb84bfb61312ed8a46ffab841a8df5a7d687
linear,positive_covariance,152,620361057,09c0f0531a06512ebfcb7ccdd4250ee3c0c0a17c9ffee845318976ded56a846b,7f2ace8397527bf0eb8b4a08902c1074d71860d60406cc1a572bba9861187f00
linear,positive_covariance,153,620361058,659b14aa696d00f97b058717b4502a5d001b392710b9e3c49f4282fb72158108,e7b168c868865f2d8e8ea108b9c8f528fb7efaa59e0b579abd645e20570f74b0
linear,positive_covariance,154,620361059,2604a3123f628e567d02f9237f467dc5a29f2e117d2357541d6b80b12b70cf38,d672d1ad859e0fb6bfafaaca1f18046e70f22a3fd4b6582d3cb6bf4e60e04424
linear,positive_covariance,155,620361060,d1f396f27730f040b47d3a193db8355fb21d00e243c0f65e948de0f2bd0ee0ac,f26ff011da8d0668158d6fce03d80c5ff8b3a00a89ede2a6d71c2d1b8bfcecd1
linear,positive_covariance,156,620361061,af73a73bd0b7a3a9cfbc7546f5b89262a741c627284b103c335592d7249a1b13,5f9a669542fbda85836039081e07c7aafc4337092c3f756f565ad153dcee9b21
linear,positive_covariance,157,620361062,6f771cf02237e10d4f7e2fee36d828dc0210d0033fa1275c4489c288c21574f4,a1caa11ca4659c3b1fefbdafbf1fa9f45fb17a99f51ed9b1036e4e88f8fa851d
linear,positive_covariance,158,620361063,e2dbb6c83faff1082e0cb17cd942f9bfa79c6c8f03dd4cf311572678685ada3e,92a02c90e545eeee7c5d71ff239fc83be3ad33c5693cfb4afa442b18351050a1
linear,positive_covariance,159,620361064,d0cd8b5b04d803f668931e3602d3672d001967c90b90253fde6d7123d9b0525e,3324301c259f8fea44ec1471da52995e8f2a4a7f76601cb94ee4824e8cb3d100
linear,positive_covariance,160,620361065,8007efbef7b327516c07807aa22449d8a08a9fb90496efa7a142d1be4fcc514d,92fa64a37c6ef2ace8cd70fcfc578a8c93b41c45e9e37401a4353b848f8c1ecf
linear,positive_covariance,161,620361066,40d3ed63117ca126b0bf05917baa10a2967e8d45674e80f32c1adf1853162797,122066dc02b70f7f34de7dac17d7838c732a7e38399cdd71b5a23448b2484606
linear,positive_covariance,162,620361067,b95c6e258f16f217d4b95a5b20fbd376147a36c746d45886e45da0f254712028,3589d852390afb3c61e3b7308c987e72e6463ba05a6e209b63bfc80a7f2cc6e3
linear,positive_covariance,163,620361068,96e4db7a2fcb2c31169f0f55c98cd3f1c304b87597b6f9a9a92972336336ef69,3e88ea9e8603d6b595c893964fd40939c1c5afc9b472ef10a5381d9506463602
linear,positive_covariance,164,620361069,a03180e372b5fed8bbc09b574fec6ab7e9f9f5e9eff43473f740af9833f0c267,6bbd7e1bf0544d3404be3e4c4c14c1eff3e4b61c3e990077b55c76ce8429387e
linear,positive_covariance,165,620361070,2ed9ef37bdd5de34fbf540e9956c4e5b7d0d78220e946dc9c01e2973537ee771,955726b1b968f5b473775e42168d13889f7cafbbf11228dcd902145650c020ce
linear,positive_covariance,166,620361071,fa5405ffd5e132d5224833a270d3a13292b6e37554937a44aa1d88b80d79cd5d,e1d06a29468885eeab75c51bd23a79337824bf5ed101ff36ad7c3610b81f2018
linear,positive_covariance,167,620361072,453b4fd95da074c157984aa800ffebb4695789db758fc0a297eee5e185167e18,a7a3494c7b101bef33b3a84473135b89c84f9eee843887882e9fedb34b477467
linear,positive_covariance,168,620361073,5d279a604bff4587dcdeeb73a6ca9bc018c537e4e7938cfa111ff8d33e92704d,310fdf8f0fc51eeceb5b1fb5734b5065251bfad18da7e3a30c34715589bee277
linear,positive_covariance,169,620361074,d5f9b4b4c1d3f9b5bd5ecb852e2a311f2426e9962d266661ac3f147d0c59e80b,022f9ab65cb49a178350f416c44a61b3a4a5acff912ff717cf13328777af1976
linear,positive_covariance,170,620361075,55aa6e9d2b8b4c9cc6288859c55b5737e231e04ee046f6f410bb5f7ee3ceeba5,d51959c1082fb4f4ddec0615132b228c4d606ee071b4792189366f0ffb27f83b
linear,positive_covariance,171,620361076,25879004f225837939bd0d25e9ff6332011fef40c30a52f2898c292a3f02fa09,31dd34cdff96a4c9422aca7e4a566675dd0782334bbbe38484a6746304b658aa
linear,positive_covariance,172,620361077,7c1c0c36cbbee385f5f8a88c363c689be0a7912f51c89085cf3c49eb3f007452,c796dd0c163e783efcfb5bb9e945dfdcad5b40dbf12ab733def532b9e6507fd3
linear,positive_covariance,173,620361078,160a67a626281379c6b4ab25f0ba61b8e046d856f914f75e08d2b58fb492aa7b,46d213bc8fa8749062e034c18086860d55f01c7a1718562194798abe72ed30fb
linear,positive_covariance,174,620361079,e0a4dc72642f4bc80d4f72b3cd5dc4a7796f88af5a994b9596cc2b3676b43eed,c0a8249503bae9c2b342f7614ab585936d7e9ff8084d6019c90a157416ec77ef
linear,positive_covariance,175,620361080,019e91c5936a38cb32721199d603d1c52746f4ee25250107ed79237ba1967517,0125314eaa6c88b993e58ee3a32d40641e33da8edcf7494d712034ac09c33f20
linear,positive_covariance,176,620361081,b6612c9ece2d35ce60a5e6bfc668ee3b0cbca57c8f41b19007863c36e9028421,95a3fddc1df771d7f75508dc3aa9d3e366336e71e34b8c90431d8e0e7bb667c7
linear,positive_covariance,177,620361082,dc9014ffd2ae31403472db88aee057877d783f1ff047fe5fbcd0f30281ca3b61,fad2bb2278a67ad6f06eabd8871b65598bfca0f28dbc05579d6a534dce89c5fa
linear,positive_covariance,178,620361083,df4ec7347e599cf18c4caf9b685044b2d32961d8c39969ba1c7dd8f77117edf0,1fc3ebdf4ba9ade4f8b1d07cfb4ab46f371a16b0d32d2a20b634ad7b8f8b84c7
linear,positive_covariance,179,620361084,f4d2bcd47abde784b311128eb3200b94db20f4223b3dc886072aca35973fb1fe,45f53b2da1115918143ba8982311031bcc1586be68e71a1ba9385c1c294d0c47
linear,positive_covariance,180,620361085,3b86feebca4458c9bebe2a40e6a0d7aa82dcd53e216bbf49c4fa65b6d040eec9,fa207790b01c9168bdaee490d024a866677d04f2f7a6a03dcb379c6c3b272fcd
linear,positive_covariance,181,620361086,53eb496f714171cd7323ad5a8c9ad6ae649ee33fbd73bb942c0bc746ae64eeb7,ef3cc3e4a7d037ad7211695625159b919ae36690cfa64338097373cbaa51b261
linear,positive_covariance,182,620361087,908849a5a9820e19956998b8c730ac6304f0b96dc5368984ff0d8abfbf21fd47,2f3f569c5da6df140a0bd0982d2fe7d20f87c595dc75e5574e99ace58fd020f0
linear,positive_covariance,183,620361088,fc6db5839f52c89031a503b417df3b0c92b3b56b38d6e3943cb040215b221e1b,dc08ec0cba21837aa222684451313ad89e2f2e1a4b60dce40440acfde3221278
linear,positive_covariance,184,620361089,508de4f20ed18cb1c35e565ed747cde73afe2ed458fdaf691642c0dd35a1f946,736609a7f90c93d760ca3d06a3d53be93ed59d7533a902b2b6508b8de691cbfd
linear,positive_covariance,185,620361090,9cec8b3959075ecd6fd1db1c49f090825271592c97f22bb268b25406e85f4a40,bf27c7705d846ed6ba92886e2c95eb3ac0dcc1bf2498c333a6310df74cfc89f4
linear,positive_covariance,186,620361091,ed2fd519495f0f1a646264d0af67d666733aee64ab9c16fc1e77dbd09185bbac,c1c9508f97cc422272a12c47230d0e7bf3e7549700d2bb353c682a19e91b7187
linear,positive_covariance,187,620361092,e979af31a4a0256764774064661d8b0147540237766406a1e0be64083373e7a9,182ac557023d9ad823d14cb5862eaa0ba869ec2a3c21e1093d2defdfda64c13e
linear,positive_covariance,188,620361093,8d26442ddbe81674b576b1d6ccf79100bbfb5c658769775b39a6cf8b98c55446,4085d98e5419674a95690b9529830a03128b97db3d43d32c247c2f8c9019a228
linear,positive_covariance,189,620361094,1760452a8ae9e445c05adb2d85519242a9f033ef4e43c1dee084e197989a5ade,1bdfbbf8b35af9970d99680d4fdad1008d015f0a5f628c92ad1e092951441912
linear,positive_covariance,190,620361095,dca43e2ba0c485b9a6eaa7cc6023de089011d839aaca7b11f283753ea26f7133,ae3285420c977234ff96433dd155da92a702f9636edc0c8078c581525c5068f9
linear,positive_covariance,191,620361096,2536be7549acadbe0e37655940c85b89d28afd25afe1f9bc05fe50e0f8a33d20,55e73f3616f9d56f5b04785e9231d9d22a8a9f71ff370dcfc5c7219390e4c82d
linear,positive_covariance,192,620361097,07a64d848f4baf890ef883dd1123b3430ae9926e33d127f1c058dee2f9379da2,85163f445255c2ba692b1f3ed0e75b95fffb17b7ee044e25b9a23d8ae95191fc
linear,positive_covariance,193,620361098,7bc2c4f1df3525d83e38a8535783c46666ae8ae452b33b56c68ae80faba69058,41cc6cda5a76315d702c73a0c82a4c1817caa8de003654d459ad6ab9b973efcd
linear,positive_covariance,194,620361099,ded9c62060da5a8dd5f566001dd7138984a57e4751c9585311e51623cc85ba9c,20413fea20df073149ccdf91de7e9d051f72b755634040c8e03f717f7265574e
linear,positive_covariance,195,620361100,bbdc5e3ae67a8b75a72d0021faa1f7ca1c2c8531350412f02566543852ebd6bb,1b72afbef8e0e1eb7631a92ee889c98ae7776ae6cbd1819cb2b63bdf7cd71cd8
linear,positive_covariance,196,620361101,04b2fdf4c5e98167f8c902a576e82f861f25c2fa67c892bd5295ac06c7ce913a,7b9eec9665cbbf874253056212675bbb668039f8ef1745d6cbbe8087d7882df7
linear,positive_covariance,197,620361102,084395a93cacf8baecbdb79b6701bd507774a929e6bc4b977d620377bd9ed8d8,adfe6d009515542965198d9a94391b77903d862a3313b98b29f728c5a41bf014
linear,positive_covariance,198,620361103,7f3ecdb3be5fde9dac4c7f2c91a0c8fc4b736f6acac2bd906f10026b50f15cc1,83eaaf2ea5d7cb0fad4804ea2c143be21b7fb3faea43cf36d6c0db8ec9f4e660
linear,positive_covariance,199,620361104,f15477f34f507b4bc5489ec0171dab34a0bbeb03f27b327f3f7d31e9d91e6909,bf989fafbe467d10b838afd8450eb3477e66d1f3b242874e0129e5da790f83bd
linear,positive_covariance,200,620361105,74c864f61024e96b49ed5d6021ef2676e7a6554b5d3398d8f57f0d1c6daf2262,50b7948ddb9e659b43bd0b9397706a13ba0317f49c60d87f120fae28a4029e17
linear,positive_covariance,201,620361106,d84e174c42b87df39f978ff952e9725c2302ab5e30c89e9d424d85095177b1c3,43d04deeb272ea19be63080aa33c6a38c360035604384df4275c023455c1de9e
linear,positive_covariance,202,620361107,349db10895e379ad24fea34181c8420dcb5d78ee78de6b2d668ad91a58b88388,492bd1d10f1ace334b1cfb8e9009e5e129e909ba94ae0d3825596845042c896b
linear,positive_covariance,203,620361108,6ac859c550b4a6983eab26dd22b4c007eae944feebff746e21053f5e5d45d28d,dab976e714d28e65a520d275adc735ecb75fb50345ba5d334c5d8a375318f7fe
linear,positive_covariance,204,620361109,9c236b4c9e067e815a959d84f131e24b5f1047bd8fe1d65e8133651f2ea0b8cc,d2916646f91401199b17eb69206be69c1f2b2b9c1cafda972023ea94c5ee55a3
linear,positive_covariance,205,620361110,13381a94bf4e53fa5a38424a286970b666824abc474faca317afbd734e93d89c,ff7d0df092bed416cd578af438a47c4ddd035b400d13ee85f7cc83d94f04b83b
linear,positive_covariance,206,620361111,3ab6346f415d54700455342bd1a46c8814cd8e3cfa69d07e934d7d89b26d7b92,b87b094c418eb517158e891e10d6d7d5910ae48a899a91344a418ef14800599c
linear,positive_covariance,207,620361112,62c4c1e2342760aaa295f383449f5eefc616edbaa0aa6044156a1bea86284067,d70f85fb9b4ffc7908fa3ce830ed5d71fc00f7c111022f82d968d8e313881d97
linear,positive_covariance,208,620361113,90c812ad0d1caa7ba47da9536d38d342ab4a01ae07327a515b6a899d8164ff24,11102137a35436876967e86122f3e69a826e7f7fa54d4ac3544427fb4736c34e
linear,positive_covariance,209,620361114,0ef6e4e6572dbb7305a3e6ec33f1c103466ad6149bafc97f3ef8266edecd28d0,d5bb3a45c558dec7d5ba01aa52651929fe3f013b60d02b022ce28a727a6afb2a
linear,positive_covariance,210,620361115,cc9a381376df837fa0a0468f8457e9b97312a4f661bf1980e5011c7734808fb0,ad08265424071816fb90ae3bd50a07c8ba6eb09de8d64b8022896b08aec55ed6
linear,positive_covariance,211,620361116,da308a319a7f44809207d617ac7618591464d06dbeef7743d9a816a4c8f0198d,870d01c1df23cc18a5c538bfcca8c03a1d6a371434421992478e5e27e70ab08d
linear,positive_covariance,212,620361117,3263cda5aba4cf3d7c157c9b72419930b3af41ad6287ef59ed70494690856683,31b4e9675ab11d184da3a6945e48fced32fca85b00f5f9aead249cf89d60440a
linear,positive_covariance,213,620361118,97c417795d18cd634c23863671030a654dbf174a41a84bde927bbe5c3d482b28,496ec7adb0e171b59f3853c3140ec78bca23688c955842b0c49d965fbbc76001
linear,positive_covariance,214,620361119,3fd592491ec0c65be0fd7af1a56005b99dcd29cb7ca23628eb9283e713515b97,f030e44917b0b95d7bae33a1ee1aedd14e45c0c9fe00da79f1cfd0a685551731
linear,positive_covariance,215,620361120,f581be8d0abab2f12dd30b75c48c3f06cdfdf71c7dbd6f1a5d161615b4404a1c,55f77694453a13998529038ccbad0c9a4d5f0e8ae4fb9cc0b04c93afc32ce206
linear,positive_covariance,216,620361121,39dc6696fd3acd48fe498812e139140936e5954ca7a780e7b0001b823f67b18b,5a1ad59741832889f398cae3ff0a7d8d71fb0b604c849ab961dcb5decee234dc
linear,positive_covariance,217,620361122,7c97abe765409bbbc0ad7a0122fd67eccbf7a5f390793c81baaed56749772916,4c68835aa00c4d9e397a8d7d075a533d79c265386eb6819508ed2d79cb2ead99
linear,positive_covariance,218,620361123,22f0559d28162be32510bcc8601fca57f11e24ee96ddf1ed586a9dce76ed98e0,2103a2dd9a36b4e8c6d26bc5438193da0f34f0f4595aed4f38bb6999ce0fb988
linear,positive_covariance,219,620361124,08ef82d3704b8055359b99235fddc706c1324e988af40f1abf659ecaff6e24cf,eba62b962b8efb80ef5329036ac378eca780f65f856ea7fc9eb067d454ca5627
linear,positive_covariance,220,620361125,0d682c6f8eb9208a6a99a8a58bb687ca0cd3219d5c2eab6cd84e837462e12cf9,c37706a91bf26358a9d8d03e2402a10ee7db1954b83c526e41eddd4646e7a22a
linear,positive_covariance,221,620361126,06e5a9435d3f9ebcc49cbf17fbbcab70137ee73b9295e9f0def96571b79489e6,a0471c3612d1a9e5564fc7541b61846c126dd4487c4adf547af6ffe864e03405
linear,positive_covariance,222,620361127,2c51732967524b4a97f63fe53ae8fa740a7b344e5954c86e0ccc6813f6123f4c,677ec6b8be13dde49af5cc9db33e597dd54b659a4b31da8870e91388375c0c26
linear,positive_covariance,223,620361128,a77b6964f4ef362c25024f7d635bc9ff4d69df3144e488135c1154fc98e3e81e,e8561aad8d48410b13a61bd5c2722121e5b791facbf2c29169d44f744a3cc893
linear,positive_covariance,224,620361129,fc449ad48a0eec354413a09f4f65c550626847b3f34201efc7e97b96619a49f3,77d84362815284c83fc047b71f981c0babdbcad61549e0cda768ba835f0cd231
linear,positive_covariance,225,620361130,0d45ddbb9908aaace015fdc8c4983dd66a944dd141924d0f46046f1ac909778c,89e3a61b5c62a2b9aa079f425a079c1dc2d0ec1e798e5f3085ca645e7eea58a3
linear,positive_covariance,226,620361131,7eb6dcbcbe91e7716eddb7d4d854c4c9df418e3f067f903c57fa5dbc747db9de,cf994e3939a29645189fc9e89e9f24ecf3ccd79fb5f6103911479f66b7418a7f
linear,positive_covariance,227,620361132,722f367708d2dce3009be3f61e70c25b8eeb6c2e20c0fe782756ec045e544062,a0237bf68146c5ef51dcabb2864c4b3d0fba8d9df2d18402f3bb576dfbb9fa3f
linear,positive_covariance,228,620361133,95604f7bc898922849f3b60d687ba89b7d0ea2832a064657eead9dc892bc8e0b,6c2ab67790b46cd96843fd5d15fb2a5634ad7bb3e2afff0a5279a085fe767633
linear,positive_covariance,229,620361134,2fa70d603cbfa284007f252abbac2728e213b0ba118f323fa97cca57e8692c3a,4ac6bb288da6fe834b4733cce9d1c04a9bff3a67ca52cc0e224e9a1ea94e116d
linear,positive_covariance,230,620361135,6987bd4d188414cb430c45e568597b6b11f95e736bcdd881b8f4f1b3579ff9a2,e6c5166e296c149918adeb9c6349aa5094e5fed9bb6675f3638d312eb259d550
linear,positive_covariance,231,620361136,362c853c3e261f6b8d754bde673d819e64efbbd5e0c67ac94695e10589a3704c,e2c65ab29864bb1766186980026f9e8c77fd3027d2c90813fba5337bd9fb1b6a
linear,positive_covariance,232,620361137,793a493637dd354d1fd76afedd6069d1b162493414e7573dc964b20d72c80043,933b2157ab63d808f9d1631c0ec1f4c37260ac2910fb848ad1be45081b486fd7
linear,positive_covariance,233,620361138,edd76036a8a394ff2f5248eb75ea3f959192791bb5fc760ab9084f54913fb2ad,d2ef4f522e06b69b21ba93d511aed5c8fc2977eb67e328e928408c25045a76fb
linear,positive_covariance,234,620361139,2e620c2086edb16f280a1e5331373dc3199ebf0fedbe69d7766c417a85add2bc,579295ca28820707879b167be30e2f2524d74a2b6deca87f26165cfdb300d737
linear,positive_covariance,235,620361140,90bc637be7d497b1d9d30a9727a20048f613ecbbee279ce0b5b98f46991a54ed,73bb202938d31c91f37751d9a82339d1e6ea8725108839204d3cd79f1e948865
linear,positive_covariance,236,620361141,4818ec19e41da2a8fa033343090b6c27db07c35bd3ada3d6886974eaf5eec1bb,e76179f8a6c58326ec7be13080883d48b4f59bdaf8da847de4417b471563aab6
linear,positive_covariance,237,620361142,f3314ab952f6e9c400b3ecd1ae83339ea756275d1db899622a8524df251e2d5c,363aeee25326274778366396da847c495f4bfd5547bb192e72b68b5a6d745376
linear,positive_covariance,238,620361143,8a5136aa75d0c0365d4362639c6e75a31731dfa8dda4c15bbd6cbbd285dfa432,54637179942e17d8a1f9653ab571eb6e0c7e9f0c5c24709aed5d98cf046ce4e3
linear,positive_covariance,239,620361144,0b03a01bccda22acef6a0f608201eac805517e88610472e5bde40dff61f5bc8d,a3685a6f47dcccebb097f4293e89900ebbe5f7d11e7c20d19fc0bed3f2dd4360
linear,positive_covariance,240,620361145,b752cc3b413943d3b24b02ecc62616659687ed7523f23c3b35b6afba55eab779,2abc13b02c29bd85a5f3e59b8c40593986243a35e6f10c32827dbc23799bd94a
linear,positive_covariance,241,620361146,36fa341359fe7eecc979737b490612327fa4880460076a29a4ab88537c488eae,874f0e1e6a1dd560ff3f3b1d3309687e7b4499de4728f740a107458df44bd57e
linear,positive_covariance,242,620361147,13cfc430924f843a7c907f0db159bfaae9b2a8330ab3afc89b449c28a89981ad,c76fbe3985ec41939724e2d55a7e103a575a7d902f6ff8659a1b88211e9b8b78
linear,positive_covariance,243,620361148,25ffb79bfc8c817b2c8136fe7dd61f4c912ec5e56885186f39fa6f463e518f78,550677f22c316f7d04607d3cbc1c92e9a7d24463cc4a70946f8b97f893c14514
linear,positive_covariance,244,620361149,5f655bddce393dbceef966b755271387f3b0cd43a0475fbb9ec7fa7f77a875f6,f5e6e9edc2f795a36210f81f7440772eba233d7743da8cf8753434ebe9ffbd26
linear,positive_covariance,245,620361150,1d07f69990a7a9d13ce562617e49c05ed814472416f9e0b92904bdfb539984fb,d6bb4b966c313da79e907ac00ed309d12fc321e7d24df8183710efc0712e800b
linear,positive_covariance,246,620361151,dd97108e64aeeff28dce76daa274a4dbdc40a646c5316eeb0c992857baba0127,2aea32e664b64077b1c24613bcf40cc3d3ee703a3ca622a6ed5f5c5d06b4ff2f
linear,positive_covariance,247,620361152,31ec3d2a8b89df0a881159931515bb52a4a0a4d855fd523ffffa82eb913bb8d1,838d475df414ba837de93fb217c25cb84e465d62f22731f9cb0b2be9a2d305e1
linear,positive_covariance,248,620361153,e517635465c98bee07fa117a26fec41fd34db67c467a5033fd049411450c964f,1f3d642fdd991a5ff687aaa8028d004b73e8c437b2ef259e3acf9ee479fc7e7b
linear,positive_covariance,249,620361154,9e7531fa82272cf7e81aac4947ff013e1aa44980315f827d6e574101bd3f2a97,a3027189dd3eb01eef1797c2370796d122f540cde7989d16ccd4f92b6b478435
linear,positive_covariance,250,620361155,5f1ad2b6413b6d58ca3222c481a1eab1dccecb3aff77e719fcb3a27b1eacc791,bddda05ef2fb7a932f9c104a8c1c323683fe48e90de4188139c9f3c03f0104d9
linear,positive_covariance,251,620361156,a7161e0072e0c2d118415537bd99093fb77a2035b4dd0f59d6777a105053683e,451dacc91d72770726d92511c233bd80b4d873701c61a11bcee1379035d45dc1
linear,positive_covariance,252,620361157,c5eb9e495c37560f1c676afa15fde54f1ba85d9487b3350466e2cf4629da4f72,42928b67332170f961e196f8698ed6e6c9db3c996a24a7e7721dc4cc7eb14102
linear,positive_covariance,253,620361158,1b61795885daf55c0f203d296d9739a5de2e28290906fc3ca79120c01c972103,8a99f577ce4dfca661adfbb563bbf1a6823cd9fd3210eb9e37661ec6fff27729
linear,positive_covariance,254,620361159,8fa2ac9196fd20d2bc16987d4499441a78eff63f4cd0ef584851696d167da546,c6ffe4a712cd8b078ba5e5dd837e5634fc67add3f4cf11641df209fabbda5286
linear,positive_covariance,255,620361160,6b50f07abbb2748e687296171893c312157990563bc1e91facd70011cdf17431,72137572f3f3cd336b1e49cd056e1e452fcb2188e83f3ba09bd4702404632f89
linear,positive_covariance,256,620361161,a428ed8870530bd76c33094a02c81d8e644099390e8befb190bfcf3df0d569e6,5dcaab44d304f9477902ee6543638b7e0a56578daf95f2630cc04c0b051ced55
linear,positive_covariance,257,620361162,fff64a860e635d776d76b3ee7bf87eb79106c0dee1cf91e62405b87a74e1a76e,6b41f7c1e1a8aff4ba5943d4f1b49bc16ce678d9e4b026ef1ad9357cc339b00f
linear,positive_covariance,258,620361163,fc4eaaa80bf6b6515699305ba2dbd5a8bc7cf6e58b7d4a1bd97df6099e0e8164,0da342fda5ba53769552cb0c6d266a2e37cfe850834f3b19f12ae5856545cc92
linear,positive_covariance,259,620361164,7dd16562111778f602857d878a4d875b65cec366fd296d45d047d411b0b6dec3,bf5f1da172ba6005324d79d9eeb0a8b7edebd4d905f819e92ae5cbb94fc35162
linear,positive_covariance,260,620361165,184f936b03e5dbb2c5871bac5cf475e5b59b440bfd83d850020e72a43765cbf4,1f617a5088c022cb60ac4496c11c7f1189ce54994b1721223f1d23563ce01f5b
linear,positive_covariance,261,620361166,d7e5b3b2398d656b7c882c0ba8d5deae4202c40e06e7a86dadca41953743107e,89d0e86e12ab8b9ff6f532b477a57a8e6f116ac3fdb69d5b1589dc2cf88451f3
linear,positive_covariance,262,620361167,a98980befae2e978df4b5b66350768b8d2505039483f813f3717e2a828c70276,4b179056bfbcb26b779de6ba3da11ee86c1a50b298387997ccb1d9af37835006
linear,positive_covariance,263,620361168,962299089d336a17fa10dad0411ad1b90994a005741d936515f583a26f50a2d7,0aae11bc4852c2bdd8617c48e6bcfffb3737e342fcbf3e62e0eea30503de655b
linear,positive_covariance,264,620361169,e9e32bcd4f93a1cf7ba44ae81855b4daf57868c483801c48f4850ccbc29797fc,bbf20ebfddd7289b3c8b075fba2f112b08c7efa6ef4887054455db568fd6ff0a
linear,positive_covariance,265,620361170,8b81124d1e4113238bd1df96a2b375ad7ba1b70ab1b2fd11fe11ecb44baf7943,f016d9149e136dccd37fd32b8e4055bcfc5d06457b6107ddf1d2fc356cfa27ca
linear,positive_covariance,266,620361171,bc15f9b9c1e79d926a844c32e7db8978eff55d0c127369e1c3b841bc19ab6f5e,8f9ad707198285849c43566bc12c7691ef44c74cd1829b989d8bf9956d24d4c2
linear,positive_covariance,267,620361172,453893c1b4f698caded9741b23dff1ab8cf1baf01a89e1ed9464c8d09e8b95a1,0f898495fa7aea36c5f6f78d55936449457e8303b7875fd135f6b2fb19c2a5b9
linear,positive_covariance,268,620361173,8b222e99bdef126b2c9c918e0de682d57a43befd50f22345490181f7a7c054cc,39259b6218523f46ecce5726d4e0b1f792dc3c31983bea64bc5016af67e29142
linear,positive_covariance,269,620361174,3c12d5731d64faa639f55bbfd3d8f87f42c1ea361167c0aa81ef23cebcec7c92,7f00950ec855c0767861e8ef616f0dc44dd88e9a768b6e703bf693296c340b22
linear,positive_covariance,270,620361175,fb510f4de6b7c3226cb70f041ca018d56e286c6495546ace3dd6f9294a423135,ffcdbfbf764106e49eeff03ea3e9faddd4202817a8ac513448d616fe1810e7f1
linear,positive_covariance,271,620361176,9b96c58b7c2617a894343b8293f627c6d86b65572026a5a6c8699bd0b57b8be2,e2171ff3e839b819f222b4d42f50bd510525d4898135754b0fe9f4ceeffa9550
linear,positive_covariance,272,620361177,a5a2f1c91e686072e81a3bb62ea55c977e6ea53ef9a475472b691b0979ed95b9,b25af14b2be4cbf9d074a1ff0deed5b5319991fb7f9bc45fd9fcf61e991b93a4
linear,positive_covariance,273,620361178,757d514c58c59046de7a176f0d26da4627ad7e5a164a54cd6dfee09fff478dd4,7b36ceb474a93406af4814196e216f5e7ef9111da2198ccf3acc428805354752
linear,positive_covariance,274,620361179,5e1a586b3559b85c1296d7178a25942428b156cc901096229a294f1eef75e3cf,3481de376bb6a3f919c718ce59b636bb4815986e2c2928858892af7db7001ff4
linear,positive_covariance,275,620361180,334e1c4ccf0f3565fb0745bbfcbc7f56d5768fe467195674491b223385a00682,2a13ea5a7c7bcdce6836c9f7418e530659cf41933661d42329a9b72d91162a87
linear,positive_covariance,276,620361181,bb61fed60623b9c8b3143e5feee8da8bb570b777750b8bacfddfa116514c0403,8a32b8aaa0e8c85e78f550fde296c3926e9ae9c795585546623fc52864b0ed60
linear,positive_covariance,277,620361182,4b42f9594e46cca09bcb279d5e318dd3266bf10f998f447be923a27df9bd7ef9,6672daf1cafe90ed048fffbbcc57bbe6f40363a07a13fa464b889d1f0e93edb7
linear,positive_covariance,278,620361183,bb52cdb10f962c96e52aa9374b7176392a08d88ec061931906c4eb43e4addcb4,70758055b9358621c9a752a3961a1eda296ee58e9fd6a1ab0b956fcdf3f17ff1
linear,positive_covariance,279,620361184,35a9c40c912f9badf82e7784e0f68492c097075a4520f2fb8dbd3ce4ec773475,2129b4eb4c31d2a0972207f9687e80f72c73b950eee8ead18439b5ee0ad42686
linear,positive_covariance,280,620361185,e9e90a97a9953d6f4711ee0bdf0d6b3f67e37450e1a0742498781dbb1cc6b69e,98bf8dbccbec25678e8b8aac833a8249b08ea713b9221beab564e411bdbf1d12
linear,positive_covariance,281,620361186,23055bfce992330c0e47373ba80fd687d6cda47fdb5fb3b3f5bec8513d24bc92,0558080a6afedfe481963c2cfe774041b8d2c2560224b5aebca2e896be70cdad
linear,positive_covariance,282,620361187,2ae8339b975a2937433d4079f56200b22d5ab8ab11779965af8fc8a7f5fb9f8b,d2a63b2f9cccbce5e09f6e0bc74dfca22553f74cf110c4b941dc759f02058790
linear,positive_covariance,283,620361188,fa1a446df62806b07e2f7ea0a46a92ef32b15f1a487522bca732fd1a4b23c11b,0650ea8f32e64082aec969f69597ebd97806cf003e126520bb963d1ca87b9348
linear,positive_covariance,284,620361189,d955d6fe3bd32771a71716393251fc4b2776409365e8a02ff6eb9e0c3d3ed8ff,1f7dfdbc6d0dab11a0e56aebcf7615b92c2f523578220aefa6edfc6cff3355ff
linear,positive_covariance,285,620361190,abce20cfe6e5777416cd89e1b3c3a124a6eb2b9a5d9046a585df7ea7946483ee,224bf5b26571d860019dd2b64f19643818aca3eb0300f5fbb575cc24553aaf86
linear,positive_covariance,286,620361191,fc71bc8f4e87a7eb9055b7ff6929e2278613c02f921779f1c00eb1243a41ae7d,cb17fbba663f080b7a691e8d683cfe0359360732cf043f2849b7c5d3e9609075
linear,positive_covariance,287,620361192,abb725e9b265769d850b23e627fcb55e9e8d07665707f55a85d3a614b2f15b5a,a782851f1fc05c433808365ca19734b671f1714d62da0fc14234a5b303e1247e
linear,positive_covariance,288,620361193,462ce4ccea6147f26ec4553a77ba631e24bbebc25fdf10b861590b9d403bdea5,779d73f9949c078e87626f15bbd7113d6d2b1ccb9dd666139fc3070b2a5abd67
linear,positive_covariance,289,620361194,d602b118e38f7584215448fa122f2042df23e740c0f7bbc12c24703268aada24,a1f2bf2d2d98e6b66ed97d29a57bab9733758151962e948868edde6fdf64a199
linear,positive_covariance,290,620361195,0e7bf048bf997a9874c02eb37c50c663ce99988f320259f61c9407f39a6a3607,fa6062a348a798704f931a695a26913638fed3c50d60141f320c69dfa0f1dd71
linear,positive_covariance,291,620361196,056ace4d2a8e8d19da241f9b15ef629ca93a09b3e297accc5e646590f593f969,9bde4fa7679d88857551d16207be284400569084b0cec2678c42f370b05878ba
linear,positive_covariance,292,620361197,18fe40764c5514065227254a755a203a451bcd699d140cafc178ae1692184484,5ebe479de1601f0a252cb7d61a97dad5b0a8e209cda19f34ba970b4b52b047bd
linear,positive_covariance,293,620361198,1c4a5a5373011026cf032acdaa2877029ee0ecc10c32c975ff1b18312603d909,a5331332386231e89479c928b7ec97d1118c7aa8cc76ccbec748581501e6ac11
linear,positive_covariance,294,620361199,b2ac8a6806b9daff2d48668f4f36249c02a8c3059e8c92db5ee76b2a0108f81a,099d1ed1e404c22f6169804b4de8963235b025e27c91534d2c5095a63d8ebf59
linear,positive_covariance,295,620361200,5ba1de6c9e0511435a4c6e57a1e68b684595bb74b722a2ceb5a6882e0bdc9c18,6b6105dfd59c61ad1f8736c6856d57d4305d5b2301cd4939cdaa6c94a6591092
linear,positive_covariance,296,620361201,408f9d28f164a1ab79f7d780aee92c4edb0187581bdbcae33e37dad6b2cade0c,456fe91338254156108d003ffc1ab4ce6b789c2d1c307a4bcd3497995f0be211
linear,positive_covariance,297,620361202,f8fff8112deb2ba22366df5c0d84fab3b70531b2b74274c7e88292c4e26e5ebc,e97717231f517a17fb8929d9aea91cdbb54e73bcdf253f037849f393b01cd26a
linear,positive_covariance,298,620361203,ff695c43cf679ef7b5cad2a575dfb6782701305adaad9d3e47e0634ff414183b,4b50c3ba789657915f67395fd94a0b4509c5aceab4b910ce8d5365b1abdcbd36
linear,positive_covariance,299,620361204,e637127af4c00876f9aae25bd552b353f7990775daabce7cae9624127e88bff6,aa8e21640a883f7771b20015146421bc5f6161a404f462ffc1a67ea0493dedee
smooth,null,0,620460905,4f79de1047ffc800313c1c9171915ae3a439905f0cad340ebeb45a0c402d8780,21587bc23aa3741c351e83abf19f34feb987ac83b4dd521184e19ae572ccda23
smooth,null,1,620460906,7b6cf8d5f24dfd107558b6046b34e6ce590df101157e87739d25c59dfbc9f973,de00faa7f7c778aed45993f4f275b085cddee74fd859987f4eaf8e043ff2fec1
smooth,null,2,620460907,8fae338c5a1f8b1725ddce0fc3547a8035ea755f330d77487f71179df7595b4c,035496c19a0ed7454e5c61a6e35039154c94edda1d00864d3fad29a3a0f04d68
smooth,null,3,620460908,b9e6b88c67567ff4b294ea80a4b6146e3ba09516db43beb484bb0adb05ce75ad,a05e52c2d0cf59f562de9e1289b133566a95bb31b4e7abcc75dc57e7737cbd42
smooth,null,4,620460909,28d0141563f44ac10cdd6d0b039e8a096140ced19f969447b9f7ac16a68b86f2,c6b1e31ee6bc742aa29e49393ecf705d43501fd45df60dff5e139019c42b3867
smooth,null,5,620460910,e1c845e60a670bfd328e2ead7302e39bd7708f74a8cd65b67cc165378f9127e6,a056e57a06985cfc92ca0bed582f4a1b3b980194294e5f03bee43baf9bfe084a
smooth,null,6,620460911,af72167ea570c9be9ddc84eba935b38591a4efd45d21d4371e3ec924aa712e01,ec3bc27d463192c03cb6301834d0dc70d2e63f7127f3a46605678dcd2a7d6aae
smooth,null,7,620460912,bd34bb0aa509b16e3e84982d64ba9100ffedd5367eb3356e5c2390a1ec5e7fbb,7dcef3c97e11e3d148226dcfe17cf33db02f364f45efb2b170f7e23bcedb80a6
smooth,null,8,620460913,3fca1ecfa616272fcbf9e7d6c054e591953ac8d7d6137241eaf863b7e9b49984,fa76ef2ddcc27983f20647cca944ec97bd10815658928f582894a7783c65eb88
smooth,null,9,620460914,3e563def2c93bcfba9fcbd700ed51ba5e36df3e6c4d4d22cd9ed04fcaeab4c54,f18c3cd432236880ec3d9c6f05e7e536ea573b500dd0f0debe904e49e38827bc
smooth,null,10,620460915,d25fb9b1806a447a0ff549a7af39d5ba13c18fe964a3442ccc4a5616961c9449,8b3594d2532790af8c17699cf08585b171fe5209258572198d1b89d5fb5c5c3c
smooth,null,11,620460916,2cfbabff33903fef5a93fd31a7f16adec003a3775528f6368ab3d428d4f86ac1,f18ce1b1d381f698b5faca3363d98ce2e06d8ae1bc7bb637f8837c25a7f0af1a
smooth,null,12,620460917,088b0f637ed167cddfc01daef35f3ac0af30ca19916f661cf150f6f00df7c160,23094ec2256de50995550f73824c73474652b44b0b5148fb927eae36d7272cc6
smooth,null,13,620460918,bc67b82db981b6ef688620d412b2ac7fce838d7e2fe454678782c6104bdfe89b,feb80a964bab4a4013c5e3ef0ed5569c366c08aa83284cfb9505c363f8316881
smooth,null,14,620460919,8ef03877e54a7dc66adccea5a1fd0d24aba67fdad66bf6e579f7f6fe6bbd14ce,a8b51a7b9a6af2cc5edd566384860747874b36a8304df924aba4a5b1c8c22282
smooth,null,15,620460920,223801fb6a979b9aa099d0d2abf13c1d86464f90bbcccfc9edb64d24b4018e29,da013d66a966c93e0cb295a732782d607920d8989967d6a4b871396cbddf644c
smooth,null,16,620460921,4e602718081b16bc1f419bd99ce9f209443838a7f8beadaefbba6c0db0a177d2,4cd0797a67b6c955120058094e3ccc956d0c808f7f9c533fc905a172451fde70
smooth,null,17,620460922,e6c81cfcb1696603a29ec44e992a58dd52cccdf66c3e0924c3b9c586c2558119,8ac98773eb19a20513bce2aaaa1fe54253c78ab0fbeddd77bdaac4478229fecc
smooth,null,18,620460923,08e3cad2fbf152d0dfe54d281c568c72307a20f3dae699ccb69d2ad81d05e46a,f5608695a25ffad29be58f257580b3ec5c0e55edc805ed0570933251910900da
smooth,null,19,620460924,9ab3397a9503bdb99fc1f40e17c9ed3925e0c84205c42c6f23211b35b08bb8f2,66f65bb0e59c1c6f25a0e1b04b2361f610984ad70d1ae22e8dea4c8c611e2847
smooth,null,20,620460925,c32e6843c94abfd95384cee2e7f5ddb392498db3b7239fb30a130474e154dce8,a2ca9452916e2e530810b0e03baa8bcdee14c8cbb4770fa6a9dd4d0461c6eef4
smooth,null,21,620460926,a709a2e56cb87babd443a37f1057a2997467055c04ff9be203760f58b0169f3b,a1098f984c23e1245a57f77d434cf622bd6b3a7984a6f54ed4b067cfef5a5e48
smooth,null,22,620460927,f7011190c7b2edaf9083cf66d50b38590db098a4e2a1bacf3451f4f932020357,b0ac8ef168697a0512389d5c6353e87200aaab99a522d43543abd410b2a6d7d6
smooth,null,23,620460928,a562d5a1da74c24fdcb1e4e27f07f2d27e1b8fa87d337b65f751723034eccfde,c6045b5907bc42fdc165bdd55204bb83abf824afaf9aec63a0f486ef9075caa1
smooth,null,24,620460929,6bd497c9dfcf1b7b64c10a88a23c8a3782d80b6d53484ba2a5d9ad60b08ce2ed,af66e33b042c3103332b68d6bec53b66b9be06c5014e15671cb8fc604da787fa
smooth,null,25,620460930,7e996704122003637776964253aa9732376674c3be1358ec1a1d8ddb67242292,15a44f4b8a149a41b51546efc75c96f0643e31ff0eacfc91ab7b5a07769e0e50
smooth,null,26,620460931,4b81240e7a2f652266376236dc27ce0562df79850005a6252fdc7eafd2329b29,3bda462b18d99cb03373453b6eaae67549b1c23b8acd215b15b4a9fcb50c832f
smooth,null,27,620460932,28d52fcedbec43a984b70c37d7c7e2903149f3daa1ea08c8e451fa7114968cb1,be017f43ec08764e320b421263dd41f447a9b1facaad387489cc0537df4bda38
smooth,null,28,620460933,98ba960f4c865089177977842f8f1b5c3e641c951938ecfe0872dc6122659276,34b8b723ef0059af4e4c71f4e8f31a613f9b6aa9acf3328245613c1bcff9257c
smooth,null,29,620460934,32b2ffb2990a59d9a6be4e015786cc35fa57e5ee2d1c04543c187093bede1aff,266abcaae615a6a999cfc46a7d1739717f42887af33a045046feb07736584734
smooth,null,30,620460935,5c06ac9664386f60e90aa094de1253cfa6dc2b12a4972c0a915eeb81da8a2c6a,25995fa89ffe9973d7150a1021427de739ad5b7849b68136611d4be290e2ee5f
smooth,null,31,620460936,35027b34a9073cf7a473774d1d34d1311d9d6ef39cb246b14b00d7990c77e459,e9e8052a8233e260f80e04de803a2baeacde546eb9f3a64baf291a2d2eeef248
smooth,null,32,620460937,fb6f335c9f1c345d97d54dfbe3624899c789e53e728d7c91c8e68ce9d9629814,85d5667639cd0d966dda6552ba7d6c6e8031e2ca5005f47f49e2b93f00eb149e
smooth,null,33,620460938,9608f9f46bb8ad7c7609d8496844751b1a39e64578c0e5b81708175318d2ef92,4decca17b20bacfb712b7bd796aed568e35bd7e93e6ec042788bc73f364a1302
smooth,null,34,620460939,b1d7332f026cda5664937a25d774dc5fb4f589f2ed0019c594b271a10cf36c8b,e59cd881f195645b889c32316ee52f8e71b69d3c8264b6eda16d6058da9b81d4
smooth,null,35,620460940,d3585fa8e452380d367da590aa3f34288a102cfe266825f150f435fda05fe6c3,e74df903ae4f2a9cfb4b496e9d9f09998e9883cdb6e42bdd42f7f107da3ede12
smooth,null,36,620460941,b09b9720d17d93dfaefeac59656374f3fcc7be604c2a774dc55de13684de0c06,f85fb5aab7db02205b73aeb91ee244688e0f8222162ea740e4a73b284ff6f77d
smooth,null,37,620460942,063b1f2d61413f2e36a6f1856bf77922ed0259c16f92ea38a2574d0590bc9e49,9a80ed4b196836a66e5d44f8742d4ce80f2c233d08d1dd53fde137c714a2c820
smooth,null,38,620460943,60a6994eec814b982e3c719439029b9fa89f4fc4752c5ce1733a6b7b83729111,db33150508e99fd7714883412a0d8c9167c179f2037a5cd8875ac26a6542e0dc
smooth,null,39,620460944,e3120c4b3a27cbf4ab9f34c2c9780f92890bd31c55ec8d5eab45bcf451b1d341,5567905f50b941fc2864dc4e0bfbf327e032ed00e5fa04a37dbd2a6233f86f56
smooth,null,40,620460945,6a77db1aecdb15f98f068d96b86fa39b37a9c829df6ddd8e2c665f3bed45e1ae,83ffb9658fd85dad09b7a07faff131dfa69f17fc86abeca6694f3eb70819d412
smooth,null,41,620460946,f9b02573e1628ef3093f72e78d36f0f8de1ec6782143f0ec72a342bc1dbaca98,5c27efd401236f0905034009d8937946522e0acd21edd85b2f8e851f2f3532cb
smooth,null,42,620460947,5c65f5484741bf6be4cea88069d3404debdc9b1acf47dfd22be1c22e213fc121,1c7ce1ddac3a738a462eff31fea24411f8f3b164d2deccdbec1dda0c4792105d
smooth,null,43,620460948,9949cf25b2ce8c41ba880319d3bb86e4ca0713669184cc19e5da4e0c091184e3,218040eb216bae14d962e405e26bfa3ae4a2b70b79b33fadfd5cfab68576efd4
smooth,null,44,620460949,caf7c4cef2dff5a91de58738b5db653913ba2803471b69898baaf5d276ef6020,1429de1f4fe69be44af40b51d9d88982829ccb86366738f3835fdb677991df48
smooth,null,45,620460950,25df4715a2021f1d53e2918fbe5838352553e4c96ac881d49fbbc10fc5bd92f3,3213fc3ba3954ec1799b4b6038413c6868464659f40f7ef7c2a1ee08c5792dd3
smooth,null,46,620460951,33a6711de68139e80d50d1cc263f287a240ad316adeebb0249684dea720c45c1,6fa8635a1371ae5052d083d176ea0ce216c0a2454ab8c20baef7a0f47d839662
smooth,null,47,620460952,5e10f6fe780be75cc87fd9ae66bf30741bd2eb3ba0196a672f364defc08c1733,bba6cd2257ce5bae14efb49fcd42d9c48ec5bc46e3d7bf376aa9d5db4eb6b5a5
smooth,null,48,620460953,9357a134caf053ae3c6fad0d7cca36c371c569f29b530e562e6a8a8c7bac7eb0,9129fac670a976f7f9434b561e31c3537a4de6b8ccbcef7951b67a852c2d7e23
smooth,null,49,620460954,b62095319eed804e1adc6fe277ea75dbafd4f4f38021d49e11116ca7b285b5cd,733844379f8e9c7dd3019e4804934492c8aba4f0f4256424e5c632a16043449d
smooth,null,50,620460955,939c18f918b779779046c8dc82e6a3f5cf2658e67f95002ac0591de279222e61,ccf394841f02d2b1b3859d08a2e6de71a79a2c69dfcc40af82de427566b255ef
smooth,null,51,620460956,517e03aea66869cff769a857bbca7f3317197f3c01883dc244a31b01da541a5f,8450f47eb77d80bbc762bd6bbc18a5d0c6d7d85f19c867a1bccf7d3d2c728af9
smooth,null,52,620460957,4412cf13ae198b221e166dbf65c6809c63290a8a5622716ad4063d5751a36afc,014b3827c5fdf4b91d05fca4995b7f424011f2ae3a9b92c590cba6ced63083ed
smooth,null,53,620460958,eaa11706c2b8bef3ba8260bcb895e7d0c5315a239a7a8b212bf88a7ffcdff3ac,c9dc3a7753469f920f8ec8bd81af8184c354606a3fc3737c7ba9b44e37597392
smooth,null,54,620460959,5ab97edb14054648d2e4cce86e99c4e554b245d1c1eb4370f3a5170d3d11d1ec,9479a4774652128eaabdebf710ab30e816d4d86a88ef61c8ed145f7ce2c690ce
smooth,null,55,620460960,0c6d3bc0f8dbaab27a6275a8d889394498d3ee3395dd5719453c105918181253,095ed6092158c24f13f9938d4cb834cadd2a0f976dac0ec54d69f1c0c933e4fc
smooth,null,56,620460961,5801f5a40af3ddf9f64bf3ba439ff6e8dbbcd5f3ada8e6d0a0d8900d814aeb70,2dec88878c6e593d4b21fecfe7d58421044629e51f62f732d22470922ef63dc5
smooth,null,57,620460962,0cd34b1d7c7ad73332a4f3efb3a5fdfede686777ed07206881cc1f3d6f3ed1b3,c85440f025c430f260784a15dd191123ea60ab3be15ecd90bbe4481d2c6437cc
smooth,null,58,620460963,5179f255e5d1558c29bf2ab106deede6e7cdbb91f794822bebe6e80347222d73,ac94d407b400e4bf4d2ab2035a15c0a3e67f9040f647bca7e784e73f28a3cbf8
smooth,null,59,620460964,70b40f043bc48518684bce25a92f8e9da1422ce701e4e30a5f41b8f59c2ce738,29252ec213898688f4942f0637db4aa8cc7671dd35f4d0b289f7aa66134f136a
smooth,null,60,620460965,39690eec417ca52cc0818d1d87c1472fe5fa76e10c177ca316c63ac37cff667e,77ec051189e0cd168342e27e3d67e0de6bc4cfc5ee23807be40a9f0656fcf627
smooth,null,61,620460966,ecdf57cc3abd4f4e017b246b2db30d14b02424d9c8dd3f81a5769cffbf79288a,153ad69331a55327216591a9e840f0a37bbeee8fc849bec94d53622e0241f90d
smooth,null,62,620460967,f56116bf2451ad3e2eccfff657820713ed5dd71f16c99612efb4ae6808b27301,7b79137f6b3e2e7248078a74391f90f202b2da72d40a803ea7f86f3a4abc78d4
smooth,null,63,620460968,78c841ca1461d2ec8062654ce2558c7cf7bb0f0ee12629041e03314a5a3daa12,029dc2c67e8c85f227d3afb6380038281d995cbe99046c83d9bf0c5de6273fac
smooth,null,64,620460969,15927a4eb0645cc121640a916a4ee5d576af8f4936a36dd73cf3acf2a2ee35ad,1c060d5cb54d57b6e068d40c5cec6475bd797f66f079472472186ead8cd01ac1
smooth,null,65,620460970,2024f8cff7252bd92bd2aa7570058c1cfb33564a17aa766ad7813d7faeb56245,65087df5adb0702d79605f80a383e235fec51e8ca7060c389472c18518540986
smooth,null,66,620460971,5c451700454c836c912dbcdc9758dc0afbff591884b058c9c2371debc25d808f,9b9a66ffff27699f6f495689dc657641e8cd683eb95de20356f1b39f92df0699
smooth,null,67,620460972,5058e7e630fb58d45c47b4be3e1acb34a39d9f76d1c64e8bc40960ec379212e5,964140de93e313f08a2722d3a6b05cb7280c0d6cff57328a6e71da8f0f38ce91
smooth,null,68,620460973,b49c52a97a2df98603b17fbeec50e2e3107c5e10bdcdab4fe23b82ba02319fe8,4cb70043754e0cd265efc9350eccbc485daf26aaa3e3b3ccfe713a2ea0dc6776
smooth,null,69,620460974,b4b09ff73bede420a19f7c48fd41771b3abe87d5d85792094ca86083ebd2396d,79d7408b0375bd9d650df8831d3271a43bd0f90eb55d78a1105a7f6892f8aa4c
smooth,null,70,620460975,1cd9fd124c701fe2355615f8f9e1fcac95337f6bdc3d825d3e8f01dadfb1891c,39aab5572e5e317e49e625aa7d1c698be8e0c82c647f3392b6e1d02c2683469e
smooth,null,71,620460976,6867c9d0e67db033fa3826ababefd288095a1468622afc9781a3021703111c26,5c863c840f23ba860155f5ff0cf49d36133541e157d834fb6b22a2dcd113e6e6
smooth,null,72,620460977,b07873be90a398827c12f26d125921a67115260f339b9d143512a3e12316ce32,fd8e74fb9228fc3b447c6669877c38768d9b7a98cf220172697695b2818d53ee
smooth,null,73,620460978,bbcc85e0dc0facfd9bb364b9c07740bc90b8921fb2912df1031c89bb4f92d1ba,d994638cdf0ac17bd7f4e6c837652db1e38e7a4816f0f8c28909bf69fb1e5abb
smooth,null,74,620460979,f9e28b4568b65b95d75e78a7638e99948cc7cf6472a4af09d61dc1fc2aaeae79,e4fd7bf66e4e4b73a35b89e3ce14e6fa3db708689978f15b87c3b2e1e6fdfb67
smooth,null,75,620460980,3f0c93292bfe6b5068c1a1fd3cba92142ee5800a26f5de268dc95c0f5a56acd3,6497b581bf006b95770da149880d00dd0c7d3b3320d6c57dcc85249794d1e269
smooth,null,76,620460981,d825581c64724c7099f3d76debcdef10c7e16563e99f5b81252a708569a76747,7928c1f265b236ede8a944029248a81225225bcfafa9d7d054b8d208e7ebde72
smooth,null,77,620460982,763df4144904e69db1efe5c608c1c70098d32d2e7a8391fa424ef63f468584c9,7169a748b703a78283f186f9ab34f7f9a75bcb986cc59258ac9f1ae4d8404688
smooth,null,78,620460983,1d32eccacc9eebe953efaef281c49418e7718faafef547730c12f8a946bedc5e,9f9c63fafc91282a86ff09cd17772da23803f2917bf737aae19fd535ed657cd4
smooth,null,79,620460984,8814ed6675839adca53330446adab414af16cbf5c1a8ba26d600db13066460df,99b8821aacd1fb21da91cc118d14299eb8f5bf95f30e06ef7fa6279b78c160c7
smooth,null,80,620460985,9b09bb6f8dfe3dc89b50cd4f7a303b0122ba344bf292b48b7a7dbee503082a56,92ca8a778e011a1c7836c58f4e7743abf25229cba78514d632136ffdd7c7388e
smooth,null,81,620460986,c3de8f296444e7b4247d89db2f57130fb80ce7460948f5fcc556b3940e33d92b,ee04b92e3f4305b8deec86b79a9262d7350cc7a2ea04cfb92f452090d92dc412
smooth,null,82,620460987,0c5a2dae4ddf61172355c5775d0e0a1b9429d3513a9ee627f3575f53ab7f36b1,040996f396a1efacaa81eb0cc72e6f250443881ba5f4bfcf2e22856d7740bba0
smooth,null,83,620460988,2b185b15099d2280ae2394d0c2f0d1420401989878184cb8b7dc40c611ef83ae,76025dfe904ccf8bcd97c59e74056cb7e7f0c5354b09f7a6027fe7207ce09956
smooth,null,84,620460989,f1a566a8a4f08b37573c9ce1a85bd07cbaab822ba0d20020748f2b9d0404cbc6,5b4164292a7191d8af19caa0de261268e87affc3a604a124255fcb713e909948
smooth,null,85,620460990,2e5f9d255355b2aa53521c71083584e120f0ea7d0abe26003290f69980e0a108,407797525331abfc24788604edf5695b4817fc0393851a38a030cf3eb1f97ed1
smooth,null,86,620460991,64148b1b202a4c4d5a9eb17f767cb2c44288dcd6adbb941a71286b1005dda2b5,114b036f5548eb2bb77e30be98bdb44eea72e1947bacbe7caf2f02015cb24062
smooth,null,87,620460992,b4b6f11da51f777cfaea822233dd4f0558c588711a0d42e65372cacd117765b3,fce2d6854632af37d5c18c0e83c7b5d28b0f46efe39b00580275b78b56891fa9
smooth,null,88,620460993,b4436471a40e94176e6071380732cc33b834a32de95e49236210831ed92de109,7404380d195dda0436c4a7c56bbea28866b623d677cd1f004ef31b471f949f4f
smooth,null,89,620460994,fb3e10401c96fb7dfcfc1e3886e4f65201a6babc89919d1fa4d6a32c4ce9b073,91f7ae3c9f4e5a4642019d6ec0bcc078ce4139913aebd69625a6dbbbc2c9dd21
smooth,null,90,620460995,388470d8e2007c8634d496c0a0ab100bb616cc74ac66d6a7287041c74471e873,47a524d55f840858694189e551851542e348e0f7eb5f1be03954750e1dc610d4
smooth,null,91,620460996,f45f675cd88a73740cf2837df4f475c5858a6dba13094e7ff99c19cb6c50edf8,42d490f6595ebbd1351fc66269a52ad2f11d358b6cd75f28a54463922ab0bc44
smooth,null,92,620460997,e8f5cf001cdea57cb5e08fa782cffd8b37e62b59b337c89bdae9c618c166c9fa,9e3eb17b2d70194b0df004d902dd65ac04d86716b9e92ebf725d4484d4a86aaf
smooth,null,93,620460998,baef802b404b924f9e4767d1e90fe4878ccd7f19fb097115f6077e734320c523,5ad1c684cb74a43329f53b9718c355efa6f365c5f47783ac2c1d4186b14780df
smooth,null,94,620460999,b0253c8bfbbdb4517140e7a0a7568bf5dece7015ff77edfbf6407994abb08f3d,8c98a62d59c3eae7418a699ebd83dc084a8d7a3d78ac42ed18f57cfa856f04ab
smooth,null,95,620461000,45c63754393e393965e7621cf8b2950d602694eb31f8f28f76fef78f1f8acc38,0c6db3750d13729c95388e770f4ef24a9cba4880853bcea1bb4a3a18f9c4320d
smooth,null,96,620461001,24a42a729f77b61f66515b2aac2eea8061230068ea1d96b72fe3aa04e08fa30a,e0f9c872dcb5f4b7453155ec395287c2be92b057d5ad0d88b293bdf9fce62595
smooth,null,97,620461002,604351e753880f8f65e7b01735f01f07b9f956d0bcd622b67176d068888f94a8,66ee576a108b900f2cc051b893ef174ddd31bc821e880d71fd0ce9bc3448c6be
smooth,null,98,620461003,aa816d0ab1a8b521494e974055565c2a1d6bf7d375841e5898cb62909c3b3e54,855c9bf1591e04c27eb10790bc8704ec7c47156defad4d16ea18ef252fc1ff80
smooth,null,99,620461004,42599948bd9d9118a4d6c7abf846a1b90bccc1993a71ef78dd0641354b23b1c8,23cc0b7769baa19a42068f6343be36c223658fcf9b405563c94ccebcb36cb8a8
smooth,null,100,620461005,15e74cfe148e89dc8a2acd540101273f1c79cc4b2eed546c509636622157a16a,2d6277a65ff62f425aadf9e671fc729090f8d219080d613527701d927a515e38
smooth,null,101,620461006,d667736361d821cadfa8430f46bc29e7a292876baf1084be47619f4e9745300c,624b22047380597492d17485e0820afec438087db4c7137d7feb5a022b4e0e29
smooth,null,102,620461007,083cf7105520372aa126b7c37cb1a466279cd89448c21df32de7f19de67d8dc0,8568b36dceff6ce592fd3335e28ea9f85e569c4c8424772125becb5e13dd99da
smooth,null,103,620461008,ce49ddc5d41b14bbc0d6fc312030e42e400aa409193fc5870668af5568ee1cff,d54c499fc381ed92b2cf69253e2c9f0d6508d35c473c57cd6222722e751278d9
smooth,null,104,620461009,7a984718786591888f52257232779e6a51965536ee625b2f110e6c2635f90a3a,81ec2a0fa6ded05b3a2a2228c8ca3019e69f6fe69581c2cf74c516ffc0938180
smooth,null,105,620461010,f5703ef0f5053ef4a81dc4564e72d2a9791e6d7ae6338109b5c3b42d8509282f,1d53cac5bff99963be0818cd79cee3ded3e2b3151404a2415edc6e614bc14a7e
smooth,null,106,620461011,fdb138583bbac80f7b9e2442b44885bbf3e7a056bb39d91033bb0f6de1a50b86,a8c3674f7d2fe7954dec41a269571e95b13e8d259af0a46bac76e559e5fa9211
smooth,null,107,620461012,c899d87c8bf196a6063f507cf1c85e10558cd6ae795dd71c0769f1cfd13b2e17,dd2fc31f9c97dec0237e2b5c2eb27624c68bd282f3242d4749d787b5c7416e8e
smooth,null,108,620461013,64545e0157372b924242e576614b83b315f0117b645bf05f5eb5e40633c56cfe,b803ad861610e897cea3fd80441aef353d4abdb90ab0bd66fb92002b10a53a7c
smooth,null,109,620461014,47594ac8c66b829fe9e2724024cd16b7013b77e59a1223b1abe0d2e96aeb4f84,0fc3a22bc3d4afb7ac9b6f348b0e6d1f9e2f467b54d20d1850ca9b51e4219f40
smooth,null,110,620461015,5f175e9f7fee9dfb64862e9ab3adfa442dd24c064df9daeb4eadd8faf03746ce,c66a0d8f3a41c8b157a8022a7bdf9cd88b0430a7231ff9c1859c70efeab317bd
smooth,null,111,620461016,6a021424ac995c8e852c8ef6b3fc82d78e3e154e7353c2cbc9bbaff92f1abc54,6fbeb461dc4cbc581c77aa8fc83415e93d55f208bd0226be6ea96a5a80de4b1f
smooth,null,112,620461017,06f39017862d5399607e0c1a56ad5688bd6a46e2c76c6fcce4430e8ed45bc01e,5920dcab2bc1a276694a9aaf1220d3f2a143b3195de5f70b92f0942963f14871
smooth,null,113,620461018,ab07ee64291f82a22b8dfc02778c6a8b8be26b1420c12d403bb31d8a83a218fa,530e9bc08f0c5f902d37aeb367bea7edc97e9157f7a80a14efee22b1536c28ce
smooth,null,114,620461019,034e8483d7be471aae7495d8f065e2da53c1f795b931bc85368a67399afa4200,c4daddb7e1f8c6f1138580a59e2a202c926e339c2a0f35e548c66475b1257427
smooth,null,115,620461020,431d8f21fa0c0957c381cb0f6a619404f5d913506a753a7d2e70d83b7dbf00a3,9c1141120dadd8477f7f016ae8b0e3fc8f9fd50a1ace3b2d9e39bf947224d99f
smooth,null,116,620461021,4985057cca961890de0e57f0238520621b7823b6a65778461e0c6110a72958c3,cd8674a7b5cd8a728cef918aa25ed91c15717dfb75dc99ada7f783852aa97cbd
smooth,null,117,620461022,ad3c3cac9b735ae2c6d3ca77b308a08c479e92565046ed0761c0323ee186301e,2ee5a3d33175c2aa0cc36ec2aad69be6d3b0572b1ef3480f0f885836d8f2cb2c
smooth,null,118,620461023,4fc55f60fc0ae2420e90c7ab05a9d668ae2a06dceced738e660a2b9ccc2a53ad,ed87aa1985e7b8c3bb6f7f4c20a23831a8a3f1479df438e03d79c27953b9bd7a
smooth,null,119,620461024,51926cdd8d269e8855233a43b9c029fc005853d85bb6238bf848edcf7a261eb1,2c43da1164cd6dd6239d72892cc2bf1155f5132042171a78fe3cf6d1d462ffba
smooth,null,120,620461025,60c82ab9d8e3bccf5e616e93f9062894220b0a382056b5835b97dad2fcc11a5c,d3ca34c7757294e16882d1a1a6b9f38ddbc10790d8c0c4bec006e0dc32379478
smooth,null,121,620461026,9ed74a84fb5dd8f8f8d7641bf2b813dd22d08617d697b0948edbbef62cd12747,1aca21ad4ccf8ee7b686b9a614a12d27aef7459c771f8909df565e3c5af438f5
smooth,null,122,620461027,2e7b1d1beab5c4683ea6670a8bb25256f8d3f65f7d37d595f92d6f913c7820ab,6d195fbee4eb051eb0ca0815a75568a59cdff0b733ba8b5f2dbbe0ec5cb9aa42
smooth,null,123,620461028,8fe430e12134c5a3467c37ce0689d441c5fab0dc0c97ddda772ec64b939a45b9,2aed89a8b060620f4f4b970a67db6c30c1417ef9952381689d84bf3cfe4f1ed1
smooth,null,124,620461029,889d5e9d70e0b09f043f19df1dc13fff3539c6e30f5b5cf126899c1d4ed55d76,2342d9f97b8de83ba7919c2d7a34e14ceeb9ec846e63d5393896caad6e39bb23
smooth,null,125,620461030,c4683447d5107efef8cce55a8aa73b87112a12aea996756bb76c8d37484138f7,108ccb0e16cf6d30c93c48f04742924de05b27d7890832651a4ea329b2a580af
smooth,null,126,620461031,c0b8beaf17282b299e2e230486eccbea91084781d348e72818c6e88b9388891d,88368eafd1dda26f802f4f6a5465f2de53c49d023b9f6cdc2ef27a38eef980b7
smooth,null,127,620461032,5dce88dcb2e82d0e3536ac8ebe02f45c23823bbaa4e61371362ed72e8d80a4bf,19ee4669c639f2b377d593eb0a68657552691ce5470af9fe10a267e151e8ed8a
smooth,null,128,620461033,242ea6b3be9507231051cc690b44a1dbbbf60c2a6c40aab1968126343a3b4487,15f4e3338d04d1504a2c23f9651d1e14a808d3b6e8affa286c84d6f69505681c
smooth,null,129,620461034,2a2e45a85bf0fa38fe8d67cec5376630b15fc8b60cfe3fa7f64033df6b6000ad,6df5c7d79b3c3b77a4e4eee6073b07896446746ffb1c1d9c0aa95a1c6157f36d
smooth,null,130,620461035,039a70b6ae5dd749beb014e50a4265436ac11c61df199e9664af9b041ce9b3c9,2cdf5e6e15f9ab91705da710c1fce4c0d00c6365595f95105b70fbc919ad7ee9
smooth,null,131,620461036,e266623ee0887fe6c5f155237683842a913f95c4d69897fa46303ee3bc05e4d7,227ca77f8933ba3767e4340ae318f6b1f0f7befa37f95b4c9442b37fee687174
smooth,null,132,620461037,e5cdd74e14af417fee01757d120f89e0bb0e8a3bbfd6d18627bec09842762d41,e62735486aa8eccc78681c71ab8895f51ab9486a2532f936996b85eea6ece571
smooth,null,133,620461038,53ca9e3e830a25e69af8c903fe21f369e3ce522e5be553cea12c8eda79613aa6,1514084c3970b3c8e377f3657174e13f54fd0d089313f50a5b60b13de5bb7247
smooth,null,134,620461039,16e9e5077e9bb25b423157a3cbe52cb15af1d8c3ff6ce2d71eacfd8f8944ae8e,46e6df60778c520b9ce03030a85ce3b42be85571db2b010da01699cab0c98dbf
smooth,null,135,620461040,7d1090abee68d5a7b9f07a09691e1599d8a08b696f8594b20ddefa140523a653,9f5825f41e4f382e0a10bbd4f4044e301964239bd5336d4be4e5bfb5ac83ae20
smooth,null,136,620461041,f3a895bc15b7612d6dcba5745d4c0e2a9267bde590a1a19b02d6deced3a93e0e,96ecee55930524a8f5d785b5d5736d001d9ef99ceeb83ffeea923364182e6037
smooth,null,137,620461042,7d2947afd3f777a3c08c8b59c97aa6a36b53d0576a407229447543b6dc6ca0b0,68183512b94c7ce04be3e3780ba72d4be2967293455726d9995cee9f382e7826
smooth,null,138,620461043,8121bd5f9e40d2a58a9a4ba0c264c629d5657db0e4d3a9b0dea56808772c25e3,a39eeef0b1757441d1aa4b4f87d90e4342400aa370829cdd1b29e1b70955ff7f
smooth,null,139,620461044,853df6ad9beea630b68c3235edc48f554ff0d3ba089cb2121a0d63c84f60b972,98f7d4f82cf7746a663e24305ada69b4e2d33933bbfe84a55cb44ac0071f981a
smooth,null,140,620461045,18014017aa6dd91175bce19eea201e3a82f037b23388885d2c2ea8a5883a4a7d,56d80b27de044cda712ca4f4767d7efcfc7d89a5eb3bafe010bc7ee089bd6e71
smooth,null,141,620461046,68b9e3441ba5bc582fd8389aaae2b9bdb1c8972bd3f5a27d043743b438161976,ed5bf019516d907232638d44b83c3b9b2e43d8b497a2ed09f28b4c1ab859659b
smooth,null,142,620461047,00dbeddc7d90fd50b01821206c6c5cdf01f53ae0ccee3869f94a0a3e2c7fad4a,7162a27ab780df4ab6e99495ff8ade577840e106cd293e9201cb5d7b84564e8e
smooth,null,143,620461048,54c0846731f0ffbf18b74d1f049a2fa305e0858d97e815986bde99c3904c6e4e,60444fb40e06495e78fe853a1c7c8922f40ea1a119a436f28a9fe150a3579a16
smooth,null,144,620461049,29f8bfd3d82564de0c3acadb1d359ae9af245511a578f5d1ac3010e4d5e5257d,237dd0be33a21389698abefe88586a5db9b92aac1ac5f6cf7c182df83de28bb1
smooth,null,145,620461050,ef24da6a9dc1bde3d203b9d88fa3a32d59b63aab2b833d416c3f9d41862af6e2,1bfb45b7623a522a8ca18cd96537ccae2799b173f33c617f321ba6500d33413b
smooth,null,146,620461051,7ad617201a0341b87f46ad0c3eb54bc7253ae391c51bfaf251d1a8aa1947e05d,602aca4f9dc01958e004b321aae76d59ce825841321e6dbb9590972ff90907b8
smooth,null,147,620461052,0f5c0e58744b7332b19f4d32e62fe22061f69b52474725978ce6aee323c750c7,f943c1e67012d78dd1c6d58f451d30e8a1d64fc761b048cac0d0d3149fbac7be
smooth,null,148,620461053,233459f2fa486c6f5a078c76bb365bbfabf48ed402c3a99e1224112977ec8d3a,1a599eb30bb80f29f1daa85c6656b5d5842ac81b3249dac918ef425b5d30e249
smooth,null,149,620461054,1a2bb204dd0b598e1442256439968e6ecbc72562d9fde5144f399fe079e3a5bf,0c663ecc393a3ab7d4e110d50a75b47e5e8f23228b43721e2f402d0787e6ea1d
smooth,null,150,620461055,b6b296145fc55c812ae810bfa56cb36b5a5b1f8e45b561ecf16094c527e33669,1230f7eca0dae07bcaffd6f74e3369af147af85633f10fb08b156ecca18a75d7
smooth,null,151,620461056,c2279c54531ea9d84fa18650f54399eb2975c582480f2ce992b0c181c780a605,ddd433f61f2d8ef087d111aafea5e88c3d83fb90b9b224a58430bdbad05d5d95
smooth,null,152,620461057,78b9df21587d1288267ee812bb2dc3a84ecf1e91b633eb67bf4ee9eee66df243,06f53e756ec882bfe20162af1b071503b5f211cbf03e715edc075e55a7e878ac
smooth,null,153,620461058,beb62c72a311a0cad1ba746dd89a6c6aa5bad2803152f3ccb58509dc0c78521d,9756b4e8be3e93604a8e15727aa0ead41c99e6e51dada672a71bae37e5017e9d
smooth,null,154,620461059,1cc21bb78b1b9efb4fd2192d1c6d56a3693021cd3e2f647383e8295899694a73,a736b7d348509692b7cfa02b983bf2a7d17299dd0e2dae666d2241a1981a5bdd
smooth,null,155,620461060,c5b9cb37629107d0f73d2300b8e8cf6b56ff5d294926ff8c4186d5e6306d3369,b34b67e876b7c8bd6f786fab32e40bbbb43364d35b94f7600520eddb296b5818
smooth,null,156,620461061,976dbcae5658eba07f081e2cf0d2a425afc9bee9813a9a153f2b4f0c871e4f5c,de015b122a9fdd1b9845574d4639d1fa76757f045d3f377afa797294e93a8005
smooth,null,157,620461062,db9f2b5afdcd4efbddc76387138acc550b25a2457bff4593b8725ae2c2c05afe,ea22a23b71fd51dfde3cbc7a55e33919f6c85f2930d34163e1d37f7f1a90fa3c
smooth,null,158,620461063,57f8c4dd93881961a28c89fe0ed7f0af17f15a41d3c55eb4550297aa136d81fa,de03bfe00f27851f02b6b5c323fdc288790ac544876b513a554c72df8360e9d5
smooth,null,159,620461064,f2c855fc989e1ff9cc2fb6b72114278dd34bab45e38ffbbf42093940a3f42f76,9b5c6d1f85b55398b228914e25d6cf7be0eb8095a548f7f52d56c8c771b3efb6
smooth,null,160,620461065,27eb276f87c714bcff86d95151129913d153f88a4517df13cb5a9b323c2d7e5c,418e8d04c9b76a7b1d4d017d098ed314aff5178a2c19a18fe575535485b2006a
smooth,null,161,620461066,7d67f0cf1a8d2a1cd56eb69ac114389773d5f1f43ace2fd6970c7116f8eb3678,ca568d191575d972e13736d5d8d0db75d3f5ae33a007cfaffe1e0ac39f6400b5
smooth,null,162,620461067,3df6bc46def040048ece1c0d0d99bcf3c1ae29147731784dc2dd2267460312a0,7f53134e45da0b7ed96695ba4574405145db0f7f9544fc7517a9034560bdbafb
smooth,null,163,620461068,d7d45ece520609996ec819358d6a6fb371d5d5299d939aa090134e7e0f8af7e6,815f247418d6cf5321081dc6fdda5b9ad451068ca7742451bc78a1d0139870f4
smooth,null,164,620461069,481cbcb6d3e75370b109e72ac1a5a0b90750607b062d85d3f34c72ba81966f18,bc2c1c7d750429979335e6ae796cf2f781864fa22a62d8911b416c24f37b2887
smooth,null,165,620461070,0b862f47101261337ba573f03ba4d166e8e8965556492050c9e2d5c16c504fce,190f8fc6d9c56b7c2dfda6008259174ca74d82ef088167b3862993ca915134de
smooth,null,166,620461071,0033b8021a0c02ecb0d49746e981a9a351a7599441cb639f02e545ed63eef1a6,c3351d1e54fbe30c8d40b77083dca289776fd9f6ffb994320924c2c922a7824a
smooth,null,167,620461072,cf45050f19ea9d8d882441cdcefcfbf84599e2861ac2b7b578eb7e885b5a7c19,1896c95aaec98426b245bdb3ac58b3307234d3796e60d6cff0d235010dfc19ed
smooth,null,168,620461073,c711e7e2f379673f759618be1cc86562e385e67943f1d08c29ce388072dcdbe6,88f2d0f1526fc6668458539b4d214b3482b1259145bf945b6e81c70be4c96e57
smooth,null,169,620461074,de29d3141c09c7026ba485ce53e968552d81a6e3cb4835a952a617710dce7c94,272f598563a870d699de0bb7932b25db64b8330bce92c15a2edf9fe37beb2e50
smooth,null,170,620461075,548e83e4861ef29142c5c70d15fb556144deaad5a10e40176c9d786e68c854f4,a911c5dc7925bb9abf8f55d6e302339e41f434872688c6f0df6a64d83a2f1d36
smooth,null,171,620461076,417706271c406b829eddd2228ee1fcf9fca01b0d6e16722fc9b1696e1b7dff56,addf8f99eb7897ba0de163bbb70a313acc92dd0426e50349de74548d872ebb7e
smooth,null,172,620461077,2b29509cf2b8e104a7e4e2644135ea0460847d05195462c7e26449d411edee6c,8da334f7d59cd30c8b08705c8b1bb849ece3ada1d1d46dcd681a98279c5c0cde
smooth,null,173,620461078,7a13ff12fce422407e9a3d4d19dc44cf01107ce445a5ca284c140d28307f839e,a1b696fbd8c744aca4f6f58a8fe0baf6bf22f23245832e11fd6fbadcb786d4ca
smooth,null,174,620461079,dd535a68f5f958a2a7e153620cfd3058de33cef161f7d43ce3d41e22b77ab855,cc26c8d9c3fbd56847976378172065129a1da40a284cf78d8d468b190a9b5153
smooth,null,175,620461080,a25cfd5c55ae42cf5be1268741337955b75e91bd5f5fbad8926aa9014c843e05,83ab038046e439beba5dee481af9551c1a4948138467a1066cbe8e6195322658
smooth,null,176,620461081,c0b20c6cc42e78136582d85889ed8d80e3e0c1d047de277c2fa432b12af1304e,14f8167d8b0eb29fe7cc06ee5cf4ac47f78c2aebb656f21aefb5333ff901f5d8
smooth,null,177,620461082,e1d34179a59cdb2c5de25409e340ef9faf4b146afb9c1578a7ca718864849a71,4a8eef3b7d6032e29ecae650462c5b71cb82bb19721a6032e993d31861fc7764
smooth,null,178,620461083,238d5a18400fbed74c004c492c2bf8da8046789ab09761f2d004dfeab7dd9292,1dc70bb2f7b05edcd0c89d408b0b389557e87f352554600f22caedef374ed176
smooth,null,179,620461084,41e997745c1dbcd77db4321c6eb3a56ee82c2a7f798a8ad6404fb84c93e3eb3e,da9c21b895b070a554a84b8c76ac373f220dd75a86f5e451ad29adedf8fa811e
smooth,null,180,620461085,e2c58d02c03dc2b9d40e0396c7e9db38cf1b37e09936cdb5680594853a25eefe,a64a7327eadffd4719d817c0587438ae05b85db4cebc39a8b7db86ff961d4ab3
smooth,null,181,620461086,fc4d6f19aefc10c7a97301377bb92269295a06866f305c17a4037225a563742e,9e6384838d882858baeafd56c27ae0d84fffdb21e2af42b9f02a2cdb4eedfef0
smooth,null,182,620461087,39973306a4195038f494430c0b0e729b79a2e23ccc68716de3bcefea3ab32006,d49cf81295c3314dde92b08486f7aaa63c37e527ac2124016c4ad7468cb46df7
smooth,null,183,620461088,dd8ebd5aca2610142a72c3d40a71f2067f07198333c396d931e3e1771163aaf1,18e8e285f313193450644879802bc7a3748f2204724da554eeb0a319fd2e7532
smooth,null,184,620461089,fdbb55ce2b9b4808bcf3e47dd184337eebdc1e99203f19d92d4d9d4b7e849722,a5d456e4cd4db666bb3b166a4efe49eddb9bee31ab49c13ebf1bd123c949bd96
smooth,null,185,620461090,d18aaa904b3d7f4b72f6256e24ff88bf88018256976b838c3fc6044dbc47886e,5dcde541c1df8418386a14ec8cb11b57df79899c9eafcef02ba3b94c5bfdbf74
smooth,null,186,620461091,7b7d4fe49bc9ac545466f7651a83d9675ae21016978d7ced16963a67e3456760,e7e9692efd7dff85c2bcd808f31ed781303ec52d36b661740b2af410cf3e5e3d
smooth,null,187,620461092,2a85faf2ae0b4f1d714dfffb6352de670aec021dba9bef17ce30ab57a25a8803,1abfc1c3e69db765f15fda0a9f8ffdcc015994521e1b78ef46163a0adc8282e4
smooth,null,188,620461093,daa5cbd6c38001d1d6d58f89e36d0a29793729d24b3c50879b5e9860502e3b87,bfe3e2f46da5c15cdf548edc90ba6f1a1111d27c5bc85b3215f51dd66de87095
smooth,null,189,620461094,99bbe688611e7fa02d64a6e691e6c661278184d771dd92ca6cb898e66c9dd5fc,386365b642010d404307c7bfef6d7a476eb17878fcba318065d5e24a6058a415
smooth,null,190,620461095,de2a5a981bdf929dc281349149affaea2abcf1d650c7e721eef8bd3e238d6ffe,be1756c29919cec11b08037cfc8a300e0f81c4593e9a93cb1d7b4be9a346a4ae
smooth,null,191,620461096,fdae36510f233e1086abff592bcc9272b55d0c398de599379a2596289869e089,a20a8f054e81e51304ef72ca146849d9d1dcf214bbc293fc25e2158d756a0615
smooth,null,192,620461097,0149b53e4fe1fe5f5fff727b6f597a727541f2f49b95b917de02636ca2ed44b2,879bb3fa6964bf71f374e545d6ddca34f58681f9863503e44650d0ac9e2240f3
smooth,null,193,620461098,64332f4dcb81b8323b83697369bfa4430a584da4c7fc2c956185ce42bbb674ab,2ba6b96c58d322ea158b91dc9068c73a9e4e03582ebad21dc43dca154beaf8e7
smooth,null,194,620461099,4b6944e0ec400115ad83a5f027e1d971ffd1e1b3df69fb197c698dac82ff18a8,2ce8ca113eaf45e051da026b13ac0de9bef2f04366de7a3c27a9c3b35fbccaf6
smooth,null,195,620461100,b2db1a79db0acd07005df596c8e34663bcc88a03bed257cbf53556fface4aa02,11239f5ecb9dff11c9fc8c442fcab6fe708cd9da5b702d45a3cdac46f174201a
smooth,null,196,620461101,1f7a20af69eaeebc6afc9140706258422800754ac5650337a027f960374628e6,7a7999707ac2f54ba5f49954b814fe55e15ddd935e0229272211aec6f304670f
smooth,null,197,620461102,84f3f2bd4c5c6a36fa435035c91df0055c414d9171ab501a7dbb99d9525a2c17,ccece4dc71978b49905f25695f0d190b81a2879979706a2ace265a5ad5073936
smooth,null,198,620461103,47a957aa328f8e136f8a60112b62960c8a766ad00dfcd48aa4803e2dd1f75a3b,be2120a3266b34520e845f1592d03888230a0cd3d019009d384eb403055f4504
smooth,null,199,620461104,47f38f2c5ec698c120f202d8c661bf7083a3d6bd04d467867f44706efa26d518,1152ce8dc57baf43c7617d2a6482cb6bdc1c71f2dd67bb12fcb8f304b1f4eb1f
smooth,null,200,620461105,06ccbbbb3bb81fe0135522206823f63244c3634eb4c667a6f368defd01efa57d,405426dcf195f551ab548a1a39be2492e6617276906d24a77a6c6aaf5c90bf94
smooth,null,201,620461106,5320bc0d6d1a425c726c00b5101e17b04b13d70783cfa6f8521070de4d4c9039,af0d54fbddf9db74db67240eca4890d0fa3b6dda346f60626651d1672c62c556
smooth,null,202,620461107,1de7a30ab588110e8bac0e8b5d0d61688ef60d6d69c5ce4f8912e28ffcfd043c,5ad0ab39d1ed8db58e045fc8e4c86e423b6dac540e974e354f4be409aa777872
smooth,null,203,620461108,21008a352010593d3f9e1098c510ea3b41b6af961e3f5869e76c0d6cbaea9f57,3da8f7a7be8d74db6a36654ec1c80dd3dd1f2e9803fb4019266bd68cfaf3c610
smooth,null,204,620461109,36e34bf0a3a538f37cdab9d19d96cfd26cba8365f876790f9e1ec39d7e78a416,6af426a8886f17261619ff1e66d90b8a3e411b155a61697e523006b4c59224d4
smooth,null,205,620461110,18655f76f5373dcbcc8035580acc9bf83c6e78ea749cdd8239be5f67c4d0920a,3d20bd13dc63d58747191422103575839b612fc793d7f9607d02f074c651b429
smooth,null,206,620461111,37add02702cbc9ecba6cd370bd53e332bc79fa869012b331ab3e8ea7210b4e98,64834ca29781cadc34a22c3845285ec0ab2715db6bb47743447615bff4eff8b3
smooth,null,207,620461112,9e36192d4dcbec936b04bd45b023a2cdcfc56a76bd420fb3a045e1f42ee2e078,98043dbb085161d709003053e8dbeb57100441b5523c938253c9ffba092f1ad3
smooth,null,208,620461113,ad11f81baaffb4289e2f2576b85c670b842fd6b05185d4afef35800fc45ac980,f235d26270a610b4bc7b9148d21078c17a11f3956b30f6663b2f817142ebb445
smooth,null,209,620461114,5e3d5fa2e8a98ce6cbde2866287cdd9981116910e36e6a141d5f5fb339dbbf19,cb4cb34eed70871013ce04393f5f6c804f8b9fcf92932ff051b0f24c98909f73
smooth,null,210,620461115,9bac13e64dcaed6a224b598e2e9dad3f2da711d7e0133f7b5335e5bd24a2c064,57115574cd53e0f72aff0fa1e4ba68e3bf46bb56e875c7937e398c5f764b66da
smooth,null,211,620461116,c333dabd16f5f71aaf296d98d3165df4dad2850ffaf8536627475edbc01c9d20,51a9513cfacddfecb452159d08dd4f63da9c13e6bb3ac13d92e575731f12c203
smooth,null,212,620461117,4e0b9ef9836946b40dbedcf40f3fdd14a3279a79b6cc94fa050dbe2ba80c794d,1a94def3822e9256ff49b2f6fd44ab0224721cefc45da91a74d300fb809f9828
smooth,null,213,620461118,055049e5533139a6337fcd44cf7443028d7d1c1797e8ed854f59542ea7f4f06d,8b362df339b9df956626e8c44532e0e163ce9d0b7cc5c36c08e62fd6a4d80cd8
smooth,null,214,620461119,1b4ce7d31f6aa848c30e2e124c3221ef2fc7f8e2fa6e27a1de23d4aeac4bf023,0245e3dcad4f33355e9449af15a63ce7d388d1744328554bfb2e4e4313ebbfea
smooth,null,215,620461120,65e258833b6d9430233d2ca21b1c3c052ebd729be66e25428648287ac393679f,a1d03d7ccc6864bab2e619e8aa7f7789c9e62fe5a1b102039a1376445b252dba
smooth,null,216,620461121,186597b70f8c5f34f6ace73a0d267b105bf4a60b1c8bfe033dbb973d439e54b6,420e71eb9b5fd48c0f13d8f70120abd94a0503602a473580d134a7b6e28f1e32
smooth,null,217,620461122,7e149d24f6bc1d2af66db55adc45253294cf41e704c816e1ae2390e45af4f1e9,37b92170b396c664cb9c8796018d40484640c06551028f082430703b6551a165
smooth,null,218,620461123,29b89fc9c212c10380fee11476f59d8799099e277ed64602481bbc2097cd979a,ba7ae01f72b95a924c6c61066775ccf63a6ab1aa5f1bf0e40b7c547a97d16a8a
smooth,null,219,620461124,28efadbb69b768b5aac70c2eab2e65501d3d98b557980ba0467506a39dc8e44d,bcc5e3e7e51275fbcd03d48272f7f151cd51b35fb1d03661e635aa7f66beb47f
smooth,null,220,620461125,9e50b3c1717da4221eb66e5c2eeb11fe33ddfab85a198d1730031e30b9228496,2538eb1592e94fb4eefe3e28c282b4bc63a913099c4274db8e7c640e707a1aaf
smooth,null,221,620461126,36f514e3bcd5701d9d0d096caeeaa8b1f55dfe39df19039aabfb30c2bed58ecc,2a7f2b475aa55cc175a3afaf43598b92d837b100d0ac1afdd87c7157121344df
smooth,null,222,620461127,7cd28f3c376769cb037eab7286f91e8041558bb4494cbeb2424f710e546a321f,c90188cef904d396d72325df2e03d5b59e3bc6261bde4cd1edb4a4de8a314dda
smooth,null,223,620461128,b734c17a1f2fe147e6da3e07857cedeffaea3d72a3a8eb78468b99345ffb212e,58916ea28dbbca8b4107a52c5262a9fa8d757e17ed21539bb6389e81b0c78772
smooth,null,224,620461129,f9230c1e57cad7e4b8ba1ee13be4b85617507afe2958b79ddd3cad2c5f9f9e85,7d1e97379191ebbb2cebb51d6f8ee9d20a371ff3131d95aca04fd356eda8498b
smooth,null,225,620461130,0fab1a490ca2218c618e5ef378add386e9dc2d3e3c38f74735dde4dbd089c91d,eda5ee742dc3a754a4322eccac1a72f06a1e6d01f1f362a96743177d31c4a54b
smooth,null,226,620461131,810c1e2d32c58a45472ff348f4b8c808784fb5e385a2eca6a30382ffff70ce24,c626f03f8edd60db5fe66981beb537ddc301193fdacde546dce0329bf58ceb90
smooth,null,227,620461132,d0436c86477504921cf39fcc54a7e39b097c38c5297413fe289019daa531bbc6,b5b40044e5c183ea704d1901dbd46d43aae932a1b0c74a6126ec3c289523b4fb
smooth,null,228,620461133,65331bc40a1775090a4b20bec8445b65a077b8f5ffe63a23e58c142ad439dbdb,71914cd20ff2dbe7bcfe23b1356de3916e04689a3c5d80b635ec62c34a47ed08
smooth,null,229,620461134,48542fd9a3b2b59208ed6db6a99dc818bfb0e807823ce92e34f05b14bc6be2c0,3ef26366d37e3b9dd25d74770d9614b3993944074d5dd427b414b25604d4bd15
smooth,null,230,620461135,65b27172b92bf361288ac43e9a972416835883e331daf3524e3feddc46963d8d,a30416aa29c7daccc8be35af53cee6e7e8fa242eacde1d64071f18786f79435a
smooth,null,231,620461136,ee06d9286ab19a606dff67a27bccac20422416e92ca40faea9248ce16b618d1f,9e2288ad69f589bc71ad58856b7a39384a9b476dfbcfedf68960b2d595901590
smooth,null,232,620461137,7e732220099f937845151596b01a81283e81364516b9248a822ebdcb4a32a8fa,43b76f76e9372c0cff5690539da52a88088b64ea1e1780ef80f6ff0c5a42acfb
smooth,null,233,620461138,4bc66986851240adb20c3591d1580cb0e368cd1d4d93374ab39a04e2174fc3e9,b5b4e5bb161500c6365326af9c112d7ea26f93b0ec3b29770cade90a76f65c32
smooth,null,234,620461139,33be2a36c0f7ceb514b2f6497c52c1a5323e11e4fa412b3918fd9d99613b62b6,2e3619ea0636cc6ef260a6b546aabd7e0fa9bcd11c23ccbdccfe16ffe7f2dec0
smooth,null,235,620461140,1c35ff1898d3a868fabd39f3cc37c9c6ef9e92e27ee83bdc984b1f4c7561d3df,c690ef9f6f126c19553a8fafb901ed2971687d8eaadf5df6009b779061e4ceb0
smooth,null,236,620461141,fcfea267906734cebed3e83f73d88fd5caad65db42b173dedbf48c8c5e027eac,141cf6fb7687a99b7fba13d00ae74edae43ce47e6fb94bdb1d37bcb845c67a04
smooth,null,237,620461142,cb068619c952fa09ad3a73de8d44f064b8c7dc7510fdc0766a88aafafd9fa920,42e6d767f9616444e18df5ca58fadfb43ed9515a1ac89c43bcd5c2f35957a2d0
smooth,null,238,620461143,f11b201f474d93bed7f813f4ef67e9bb9ba1cd9a927b34b2a5b90a18492e8108,962542fbfdeba513594dfc879f28bbf7cf156eff72f7ae3ac6714cea893e67a8
smooth,null,239,620461144,9e187e0052d4a40078efe3abdef40bd3d54fd05b786e864e1c5a77f3d85813e6,10b173a53ba308345a5243ca672dbbaffd7e0339532abd12004da48c57e6bf01
smooth,null,240,620461145,cfd059a1da762ff1e8d01b41fd57e657530640a81dc876a20a87b170867a91b5,09e40f71058d6b5dc12384e6f3b005fb77b9ddbe8e129a69339636095e8a8848
smooth,null,241,620461146,ce4832c5787b7bd87c08d5241205d7512b501699d233070f2741f56fed50b8b9,9d3627a36e28e6db19f16792fa738ad7fc2789f44cf423c727784a51819aa53f
smooth,null,242,620461147,82288ca91aa2ac9050b732450df025edbf8c93db1438cacd3ba8aecd73c74246,e5014a1c2a5d66bbf7b1e9a4756c0327e6702734fcb2acaf7a9e3c7827a4aec6
smooth,null,243,620461148,43fceb28993c3e4d5b48557e85ed5c524b263a78fd67d5b436665da0a6f78088,a44a15453b5af6da2a65c85c6589640682ed833d0c16df73391bc3aae1af4248
smooth,null,244,620461149,9fea60a228fd403259a1bef62c28fadd63460c7561417d68f724d27d564af73d,b2391f16d8a51feaff27a1950b7719f2494c09d2d5f7ba584b5e9fe551c8ff96
smooth,null,245,620461150,ce034b43185ad40bd3b147f2142cc5537403f734c925afbc508778ea15e1b40c,2569198ee85e4187fe83afc75483efc9f5ecbdf0c5b11ad5899a925146599cfc
smooth,null,246,620461151,1973950b2f11f2a5d285995c6965cbf53a79c17fda41075d65327620db674bb5,488c21d687661da91f39031ba681f4f92be5a97228527bea9a1b2553592020f4
smooth,null,247,620461152,fe99d4815e5bd66c4958e7290f84cf3f2a4a92ea88938601ed00a9860cba5672,01e76e10f1fdd39affe8ecb0a16737442252ef487e8968958969060286ad6de9
smooth,null,248,620461153,5009da053f4e7f0ef081b3eed0c413f6c639f47c3f1d2e45ed1c30bb5a98ee25,4a6a4f3a01c7daec52fefb0286bfeda7df9cbb659e84d0745784918ce7cdea52
smooth,null,249,620461154,2590187059d5b7cc549d9cef702cfbd5a4ea1b06e874195a117b063a987b95cd,d7ef9931b665c0df9c4e0a3b03a10fc3767a9e875b7cef0df24978a8702c3a72
smooth,null,250,620461155,8b4de40406b35f8faa0dc2d2aed666c61b4308cbaff1ccd4a36eb39ae4d43aa7,cafb64b02c7c5161ed872fead60520712ee12a578ab5b0559e6594a509385e8b
smooth,null,251,620461156,86c37545c64de4ff38defdab374fc78bbfc11a4458bc281b46f80fabb9c50321,396761ec36287776499c294b14310edd838ee8c07f152455126506f229bedc9f
smooth,null,252,620461157,249661acdfd8ebaacb45cabadb56ef7360baed962cd3255d447963283d75f750,e47d14e08fc903699033b09e07b4e24b8c628f271198146f80bb7a9fbf8390b0
smooth,null,253,620461158,84ee11da4cfb5dec7f9b3ae98da967e07b5ab6101d204b9b10739ebd5cf16885,6f1a9bf113b348d88220be889458e03ac2ae37393cdd021f2d5178819f363441
smooth,null,254,620461159,616e33bf000059b77e7667b949d0876f726d0b2ed84c70fb66a8b60adfb1d19b,ad728326a86da1569ec88ccdc178e7282b7c8ca5db0b81c1441bdc1f8b624ff1
smooth,null,255,620461160,654923cc719604ad7591aa50519b471e6f44409346b4553912273f00c1b8b654,3647676b7c391a207c13e003f98d017266ffec71970918a3fce08ee9d7370aae
smooth,null,256,620461161,3698f1b9025998e9242754f36e28df76a615b6efb646ab66515b3210f630722e,240a43506f290f5594d503028a7b05b15cc4a5a63b108d37804d1681daf09cf7
smooth,null,257,620461162,72f8decbe92c223809e2642221b6ba81216777e05ff155286e2a44c2762b863d,8b0ba1fc49ed74efe8b31ad148d306c6482df03842bd942a62af6c4777fc9cca
smooth,null,258,620461163,ff0e444ac797dfe72a3cb1c7994885218b7a1c3b923043ea0afc65e4c44ff913,35b3d4b4bb3b116b57b2db933102f7287c58f086f6eb0bb70f39477e1d2f3310
smooth,null,259,620461164,de1d633219c3fd102ad7ff82ed1c9f018d4548dffb18b888e0b95d8749a1c7f8,3695bf7a578d0eeed8c06b1a00599cd687a7e5a2f9655d0077c50f3f45ce9379
smooth,null,260,620461165,02360afb31d2ef6f625ff2074334263c075ebd9a3741b549eec317dbd0ff5b7d,13948a19cadc7d7c550d5b108e77c25c2aefbbf27b6973d988d2b031ccbaa3b3
smooth,null,261,620461166,cc79a6089812e1d1492c457dbaa9910465f794954cdac36adff6a30b5d13f153,c1359e74fd604794871971a44c37d54dee7bf74e2e072a6ee56cc349d30f2198
smooth,null,262,620461167,c4f9ecbcb1389aa1b4da7219d5fabb3443c2307ba8933cfa197e6fe763554b5a,37e9dee999095ab437e95f54c2551fcc8a81810207df8889294a9ef605740a90
smooth,null,263,620461168,ef2b1a072e77a812ee00217da0b69b9088e16842af004c8d0541d8f33f1ba000,4846cbb2bf0737309859f82420da836eb42d9beb438cb198eb3c2f457553f16d
smooth,null,264,620461169,16e45566236fe647bf65a3012d8d8dd54d6e34798601cdf89eabd168c2690871,694cbd9d8f32842e8784bae245b31e5256f0b1842357d551e80e38dccf32c583
smooth,null,265,620461170,2c3476e0509e7ea2f67a15fec09781496f0e84ab777230161c78f94163764ea8,914aaffb6193309e98be1f7c1cd02b1564c5a434cc5b627d1cee965a4a80340b
smooth,null,266,620461171,17d82dd2c06198ce927bc28accae8f560963f12af2288c8e70b363cf5a8aeeb4,9e988e42e82ada3433c22d8508ef27ba34aeaf83b697ec3ab62af252fd1fa4d2
smooth,null,267,620461172,fce3bbe1697f58b2cd2bc53a281988833bc13daac1ef0e6dc22168b566aadd83,7003a1f8c7d46b35df749d0bcf86dbd9902e995e9ef425ec969cddb074c8194a
smooth,null,268,620461173,2d92625903d8af33a6374cda412a6b1b1fff16250bf31eab779c7c6b9c511215,413ebd656dec1460740d229287b6e911f0b689c40f395c25bd7437f29d393f93
smooth,null,269,620461174,f42b959bb0525fd08f10d9bb2d6d85287d70dc2df89b989e437be0bfc253ff82,7a49e08b888f635e25595fbca0beaac3bdb77289216852d0d85d2fb56d54503a
smooth,null,270,620461175,c328da229505a35697582a42e7ec320a9951fce599cb5a8fb0eafa7bc5c6c59e,54abe3fe3e2cb9c5f9b23dc7f940ec357a7ae267b84525da18a8061a86de18ee
smooth,null,271,620461176,f02daec12853b52893f5fe06049c92f8ed184c55d8592f0d4cb7aebd0645e117,2bb5d99596fdb58365866eb37feffca541641de0f95ff87e06137cd9380a1409
smooth,null,272,620461177,4a3ba79de6d877696d1e2c6f5fb718731c92ddb11d8af71b4fc704a4827643ae,a5fc362b058fd390b237a86d59d44bf662474bca75a65921609e2a770c1fe70c
smooth,null,273,620461178,241ae3f79b35d3894ea39dbdc7e8030acc25dc684580b885df7489b53fc5a84e,a66c3dced6cc55ee552e500a290856c32b44b7727b155f4868862cb70bea8d07
smooth,null,274,620461179,7c7cf2e6330a2f0d9522eb00c9b80213f913ed728408a0087b7372cc0df34601,42a8afaeea50f9f524f46dece8a0482d88e5b1de6d4e333ef4603bfcc2ee831a
smooth,null,275,620461180,219da7082605e487b6f70788c15a6c92350853b64984c4283cc0cc8b8d13a82c,31f58032e3f0719ed56b19727c04a78f348ddbd2eb87d00ba6cc040766f41975
smooth,null,276,620461181,97579ee285df46c873eb905a290f9b23480451780ff3299dc7898caf7e3491db,478ad0bbcaf05db237f796b50636d145f1b4bfcccb50362790ba1a418546b1a0
smooth,null,277,620461182,5b09643fb5e10b205ccb3e91364d7d2f14e8ae9fed4bea6f5cb8a640311fbd50,bfdf15d68760f7c7b95db8d10718cd9f0efde6321ac1d7f8ad94444998c9a3b3
smooth,null,278,620461183,d47b47dbeab825a59664e95be99446ffd1091b226b0392b19a8858a9e1923a2c,8f83a3391f80b93dacbc5a3319a15b6e8d704ce91b86c2b28cba47d7c7bdac83
smooth,null,279,620461184,aab5bb835c4911ab94eeddf59904a298222dd8b0704048714cace14335138ab0,d08add27b907c1eaf919e8c1353451ffecbde8839e04bba4fafd8a4cfe4b1ade
smooth,null,280,620461185,561085612a74b6aec807a1f09997caf5920781d93f5df2b3d72e6f3a6a93c77b,ee589676175eacbfa13f13c0ef5928dde70376a0cd4e07c3207bbec6c9cb6e52
smooth,null,281,620461186,f89599b5eb9997726ba8f686e74ac19a855e9f8b63c85cbd091b0702cb1d91f9,f2d81a2bcb345b44329865c6d71c5625187bc91b205ce5f97c79c5821fa5c748
smooth,null,282,620461187,a9fbdbac2962a417cb0e615ba76488eb177a3e87b8dc067db3fd4500aaa93bb1,1ddb44c24b8e00ae31251f3039cafda0003fccadc1ea290d834c450668ae5789
smooth,null,283,620461188,84c8b40e4153cc9a99b2e0d8f5ed08f01934e31361e1474fb55715fc6cebf8bc,c3b4562bceff51067eb93394f345c8d819c9d4d89a7c7cdff285125b62b35cbc
smooth,null,284,620461189,8039278abec69c800b155eddaabf9048002ba3ccd116f7c27515b7f48a75b97f,e539c5adf1ff05315dd27981535e1675c152986149a8cf048d13b057076f5401
smooth,null,285,620461190,9967a77e8d5eec6d46a057932bd414eee69f89f9a3e8953800371241f41f2da0,ad5ddc562dfd32ca5fe9182b3296eb025e9c68d5f5112419f2bba02008f63dde
smooth,null,286,620461191,5d8707a77ee1b4c8545d34e00c27da263db9c5a67d8bf0a0470c78233f9eb45c,90e3ffc9473237699e1d433ba173af4716044db3df3e2ce1048c797224a5761c
smooth,null,287,620461192,0ac91611d0debe046220d8510f1b62d1727f34efaec0247e3b3df9d944dc7def,adaf03831f2975b0750e7dc9db7455fdbb6557d1819fd89533a468e3ae4656de
smooth,null,288,620461193,838a7f13f049ad0e3287c07fd249d118d60acd635ca7354eaac1ca366b1235ff,8962ab0d9c1cb0a928afdfd31e219800d88255b8867fc1ff6a19d8843dac8a5f
smooth,null,289,620461194,077dfebf3137a67492a04dc16bfcc2253f556c57e7b6e13e66552239430cf3ab,be10022c51bce290a0417d9a262da5aba279c6a6d18135e8f879b49d18d2636f
smooth,null,290,620461195,490bbec30a6aed83f5b079911ca7d0d16ffeee85c8cb57d4eb88d4e52c7181b6,e9c32fb26f18caa502e3415b40765b60eb024962694f14a4b1fe7311b904e8f8
smooth,null,291,620461196,13b533c942c6580f3d77cb612bb0947c88021f0f51c25da5bcd9c43c37129283,6abafef7eff210f404cdf9e7ada9017b4eed1f768d14d0811e9cd20b53d24659
smooth,null,292,620461197,f53961e98802f42f4d44bad6c90efdb39422e205d380929ab0d3a3ea29f76105,574c0ee35af318bc10460fbd752879bd5458e8b659546eab85c221d68688695a
smooth,null,293,620461198,1aff72a37eaa75c601bd3caa826ca94f686a999fa1c1dec586a988595544c4d2,abe55bb761f6ecb9f380b80ff7cff5d0be7fd6e8240f2fd2eed2608e90e36ff6
smooth,null,294,620461199,819b647d97c570d861f2883f8cb3a47c383ac7c462f57a40ccaa98b513e52df5,9991375f36b242758f95aa35b4159fb61f210ad6d4c8253b87906f9d94e7a9d3
smooth,null,295,620461200,c6e65db2039c865c63823d84707cb7624e9a89d57f637902383e7917b41767f7,da69bee8fce84fc11a7f8864985177085255b0795e882673830c2e01b155c09a
smooth,null,296,620461201,acaa59e1f60786f9e6a0b5473a9f6c451ec3278606a25236450317dbaa3664d6,ac4302468ee0a0e16d45ba0d5ea34ec57746d5e57e3bf4ddb4e3378e23b994f9
smooth,null,297,620461202,ab8079aba45dbb115e4e00e3bfa645e7375ec869ed114f60902b13be923c7a09,feb186c350b2beecfc8d77d79346c5d69c785723da899dbb7afcfcc30b62df5c
smooth,null,298,620461203,db16d319cc2deb9a071220fb4202281978a88ee64c298f5a2839545a8f24dc61,64248a4a5e60fb9c0addbdd4d7b4a8f8b7c7cfbd22443e25d7a09db224285566
smooth,null,299,620461204,bf38a6e1a5258a59f9f92407f46c92e24aa0ad24820c8678b4597853fb4dabbf,2ed41fc7d8a0c2ae73b080be751f36560d8f680aaaaf89ae73964c863eaa5eb6
smooth,positive_covariance,0,620560905,d9b1e9b51b32f66cb9ca35e1fc45b2a7d3cfd3acb1ca4c36ab80bd4fe9ef4e7d,230c3db9c386439fd6d8eefa2dc3ea2d15fa46d77c7692f6466d912686ba5951
smooth,positive_covariance,1,620560906,a0ba10e7684d323acf9fbfdec0973137bc3ab90b3238dd4b8dd9ecbcfb95e22e,56b4808f4b2a2c280d8e0adb0c89a9a67a9c8b726aed37c48c2397b934dcde43
smooth,positive_covariance,2,620560907,0c424aded624c681b4b102d34a149201a8d8f260e526b68ba3353a3347fd21db,3f49cdd2ca43264a466c7ab447c2a8fdbcbd43f7615a175ac5d081e2b95ef7a1
smooth,positive_covariance,3,620560908,2d6322c13ee5db0639d44cc872ec88aba79f0d6a553fbacbc8c5848cd2e33461,43bb7bfb8719d07d4b28ec15b1580d29dbb80dca2338f0f973ceca73262eb7ba
smooth,positive_covariance,4,620560909,dbdcf48db99715696dbc9f41af00d23474039d08f327b893307b56f9a8538c5f,98d1e830f62d623cbe430afcfa4bf66bd6a3bebfc325b76e77ab2fe9614e98bc
smooth,positive_covariance,5,620560910,b7eec079198dc1e821c836a0e4a64def81693e1ee3429d958683834dc1ca89aa,48d20adc96db6b2f9ec9ae112e5f658bfd26679c9ad226e4750e99ae3eef6ca8
smooth,positive_covariance,6,620560911,0bd336f81be29df784617b0724b559b172b328526b517b42bcd7371dd344f699,5ea17aa55ac2f82e28d19d9cbe3372293129c63d94a08f99364b44cc6e778627
smooth,positive_covariance,7,620560912,010b48fa562013359e7bc5bec489981a30d5cb342d70caa4963c7fca849f6244,4f9ecd5554d5bb7e1b23de36ede47115a71be190ed31920af81d8b4685ff327a
smooth,positive_covariance,8,620560913,8b8ed766762276820f6c41bb2d792c8c9e1c2c23966aa52fb39498504f89a2b5,dc1e62097685f8fcf55d4c5b363f65a573a9348a3a6b53f4c875abb6a4d51f3f
smooth,positive_covariance,9,620560914,0c74dd34ffb1bd631e42b6f07a4f605a18a36621e7858d9c608a63c96624afac,8e0078973ddbecbd3718f6ee9e766000bb4019b351c3abeb388a10a44f649618
smooth,positive_covariance,10,620560915,75ccd8677e13645d95f7509ff7adea4c816653c2ee834bd7ebc9d6490102460a,8210d0a69e459ebb01201017e4d274b38c5b093119a1c94f7b13681d984b5dff
smooth,positive_covariance,11,620560916,e4b22c7f5baeff271b91c89e0254e31b24c8da9559ae9d2ce14ce193dad29014,632ead9a4b333970a8f6840eda2302191c434a1d0b5a86a811b52e2cd9006e6a
smooth,positive_covariance,12,620560917,9b1e2d6168587f360202a586b49eedfb2940cccccdcce942ce66f0872c5242a1,3acb985e0d661e2c740941d831c8adcedcf7cc51776763fbe47b1aa9ffec3af7
smooth,positive_covariance,13,620560918,d5e627f84aef9421071bf5dd956ea48b186e51ed36fbd34e527301ad85523a35,f1a07f64ce0560bc0ce9def01c8e3125851ed9595dd022089258f23decc5bbbb
smooth,positive_covariance,14,620560919,78af00d4abd0cfa5e1b0f9ac849ed989069354dec4147bfd277bf09032bb96f8,155ec2810f3c8ad5deeb66fea9c7471303726b68e54858f6dfee2fb92f370a27
smooth,positive_covariance,15,620560920,242ea4f1e23d3b2921b28d695eb5bd2e84e45ccf90257f9de1da8a83df1a645e,a54130b1fe835c422229dd6fa536a263d6998690059c613267821adfd8669dcf
smooth,positive_covariance,16,620560921,4d269eb83a22353d85cc407c3f28210b98c792fbeec72a11c2b554e38c8e3b5c,c993b6b9664b227446a489938e1014d9c9f2678d6f2f2e60a7e03aa2e40dcc89
smooth,positive_covariance,17,620560922,dae626063eb52f9424718413fe7c9458a0e9f536e88a8706c009e277861d5445,54afbd0235b12495e1f3b685a5f500fd3bdbb80441d90108897d5b80385700fa
smooth,positive_covariance,18,620560923,a9bc59d65d61a256febd03ef925f003f4488261c10264010b5230f3100c96fc9,9101bdc1841d823373bc5c0d5d9ad6b4dc132d2d73c4f77302e917e7f4363302
smooth,positive_covariance,19,620560924,51fb2edefcbe1cf1014557e774f8b6711fe9df01775a59291697be908c972ec9,36d4d36b30ca598664d7afe4eca826bd68f1efb24d20561ba256809af72bff2d
smooth,positive_covariance,20,620560925,fbc45da1e52686f0a48e2165c5426070d6edde319b2c11c0fa1c2c6e57b47520,6161aecf8ac20d7901c593f73be360ae5b4237bd97e41fae04bd6f194c67ff84
smooth,positive_covariance,21,620560926,315a820b44c40d5f11349ac9a31dd21cc4908c8ec9365facbaa5fdab6b68530c,386393e204c6edf011e61e4ceac0bcc1377295b6c4d39951f8f8e283ff02d368
smooth,positive_covariance,22,620560927,ab20687286976adafeaaea7b1027bf157973912832a93ca0e9ae59e440d31084,24cb602fe88f5070c9231a656b1f68528938de729c1866f167224054f112e94a
smooth,positive_covariance,23,620560928,09b77b1c273e58bdda5524a196e17ec652e0fa4667088867116bd55194478879,92a377c4059fd91e006000b7bd1988a5e8bfb5af436d5635ffe89a41c1dd13b5
smooth,positive_covariance,24,620560929,70ca5bcd4cc1084fffc6ba7f0e7a22e162e4df5790ebcc72f18a6714a10da873,5ce6ea037030c6c935e23857a1ae7b4ebb745075976430d6fe3091cda0bd5926
smooth,positive_covariance,25,620560930,4917bf33c04c23f152dbf2b1bca60e3a6ce41a331709d2a4a7c9cff5b0ed0627,8b87a7a91e379ec1efed767874da0a7208e6dd7c86f3098ba61dfa4c49485675
smooth,positive_covariance,26,620560931,da32b7f3f1d5ee80cbd9f66c0e346ac0a0008eccef05e86174ddb733f78da34e,1c5cc8be962ae528729dcafbc7286be8b7e465e16cdc1346fa15710f542ab3c6
smooth,positive_covariance,27,620560932,f8d058432b5c928bc74069b010eeb2501cc00881b165ad59dae5840f1383e672,972e117db7b8bdcd59dc19d5958595771a884ac29aba759469811bf41e3db514
smooth,positive_covariance,28,620560933,3306f22577783ef6cc4c37b9761531da20d011494e777fe9f70043a44e0577e6,7c09717c13db139c23c7bee3cfc7c03d03ad64d7e9b9e125eb550284cd1a2772
smooth,positive_covariance,29,620560934,13005e74155fa06bf2b18cf02a98b41c37c86c31836cf853b54422c125de4a5f,8340d56eba2eb953d9514b96b67d31520c93cb75e8e6ffcdc3f0152395c75048
smooth,positive_covariance,30,620560935,b4439973263b4f2fe302f4518182a5ac857da98ee3f0952c4ea180ad8501f375,c79f7dcd087981a7a03c33ac4a60139efc224e930b9dce1f2a10ec586d122181
smooth,positive_covariance,31,620560936,a6aa262b067d2741a5160fee0da05fd51982297826c42e648b4ae80fc09a7418,94756217a93f7137773973fbec8a365dd15e0d810ba7ebc8a304757806e00b88
smooth,positive_covariance,32,620560937,622f6df851636a80141ae9583ab96529960e966f61078dbf16e1128cb5412003,48b481dd075130a90097c33b416f77be679d0be11df5d1e631fee958e07be04e
smooth,positive_covariance,33,620560938,f5fd72da226d885e8c82461b5ccb95a9f3fe460a45b902d1a95f18009f137e29,c512fc7c109b58e918feefbc988d342a31c15223b1157098619cdd857989e463
smooth,positive_covariance,34,620560939,e6f9b9ff4e2175bbcedfb8eebcaf3e9a5ce9196a6e4c589b7f25217e88f10edc,ec95932cd9e9ee768a4f018a8aee489d6411daa63d0cb8838426da80cf6c7c54
smooth,positive_covariance,35,620560940,4fb0f66d465d7e67f5a092ba790df577f5999c2a4d28956cd6fe1acc2da30eff,752367cb606742c7477cb6d325ff42772c77e5d7d6081869b42f73d8724340b6
smooth,positive_covariance,36,620560941,5f4c4ab8eff28178efabf427a78fe4ebaa64b31b512f81b6673f2c80b95366fd,d1852f2769acc182d711b0cf9fb1d75fcd4086c4f9b3d4fbdc896cff90b0cc6f
smooth,positive_covariance,37,620560942,608b6eb1de61fd87c443b9c6b4f3693a7d0327aca4a7069a6c904ec04cbcba81,e59a38bb8598dc94030ef4cdc088d17bd0e777b100279d15ab8296809f0f7488
smooth,positive_covariance,38,620560943,c1699a0d124010018908f3203b4afac954391f423e005544d4a06ac32fc5767b,5c76a382de69476ec2ddaf126d5ab39afd262dad665d7c6bcfb44529d2720284
smooth,positive_covariance,39,620560944,8007be299ae31c5731d545c6a27b0f2eac276e9f8eb15b84384371589a6a3f55,6d3ce9a005bb1a19a7e8ed53c0d2129b7fd1b12b0cb007b83a339b353abad09f
smooth,positive_covariance,40,620560945,f0bc95a788d113757b79fde16afb050a40b3a46f6e9b81dfc6b07cdc036f195f,9340bec63fe4073c3e56e31124ee5000cca1234d995ba27eac6a70ba5a987c5f
smooth,positive_covariance,41,620560946,41575cad8335894263dd949ec3470d95b8657fb53066203612e631700da261a4,3bbb573daaf608cf4187148c84543ff81042f30da30bde21ae732562bb82ee97
smooth,positive_covariance,42,620560947,199a75e495f87d6584340459ede10c2ad8dba150d9c99871802c9a8f9ff43d92,e4b9cc4241f23a471659c8b3b905ab7c22db0d43dd32405234b6b74354dbfa31
smooth,positive_covariance,43,620560948,17c480c1b1a42637f84928ca02cf902d229fb954744ac7ea24f5bc90c97296e9,ed245d5a80f76f1f4742f2eea3c59671c9371fd0c3e5424140c99b529a410d28
smooth,positive_covariance,44,620560949,83a94d1b6aa4b7902dd938032fbcf19cec52f0a7de17cbf14e2cc4d8e27283cf,c4ee9def252e97f41287c8bd5191e087f2ccd089688c0deeeed344a2346ba4fe
smooth,positive_covariance,45,620560950,cb1cbdd90ab1b606922e626cdad4c4407bc96aeb38834dda634a3a7eb9db0862,ea71c9eed0b30844c2293aecd46f411a95ecd51e8acd908225d26c036a873778
smooth,positive_covariance,46,620560951,57ba49036a7a5157d59c0983445e650724919da412e7b8546be646e4677f66fd,aedea6d2a572ad374d8503c656314192eca018c08013a499d7a1e1ae36924336
smooth,positive_covariance,47,620560952,8eae0f27348d28193603945438c1d6fac852b43982163166ced593ab839b35bb,aeb7dfd4e7f07eab7d79cd2a50055341ade881262b7659efd8cedadc20e99b29
smooth,positive_covariance,48,620560953,29e1193f4e919b3365226f9ac4413f843889e5d2f414fd74040661d03a0340f5,f554002da32971d14449c733b5e792b015d827bbe87bad3b871843c1fdfccc8d
smooth,positive_covariance,49,620560954,a7879b0c67a986a91126c14fd114e2637cd607114569cc0d36883f00f2ec904d,899acd24c2cac5de28929ea50e597fbbbeefdc43de1a7fe3ee00b64b46102cb7
smooth,positive_covariance,50,620560955,1158ce4e0bd6a8e86c4cacbd53561edd95722c3d08c3b39d021d869e1ec15211,46ec6766a59005b54376d1798bad57d4699fdd07d5d4b4720c90aa8d0c4df6e3
smooth,positive_covariance,51,620560956,7975220cd5f86267349f8f4e4f1eec24a9f4a05f326530c0c4325c67830f00df,bedb2f70121a992d45df6a3ff567011bb464f4154ab399f7565cc82621d10434
smooth,positive_covariance,52,620560957,81a0120201ed49e57ca16b3ac0d8ad8fb6421dc30de9c481171e8d63cb40bd5a,36eb1f5fcefaa9f12d635e5e94872392c4b9d201db94dc255c911a9bbd4a2e21
smooth,positive_covariance,53,620560958,76165279b9a4425fc679b06f23332eb98d697d2650b2c35a04b8c13f6276d6c6,f20dffb5e060705061b3818a673c37531e96774221e080cae68f2faa05a2f8b3
smooth,positive_covariance,54,620560959,87dde866ef3b238bb43de7377b4f0b0bae6bd5d384c1f25d8506fd66ca220839,802fe0c20afc344fba4b430ab77795a49dd7d23654086f5f1d32bd3d563ef34a
smooth,positive_covariance,55,620560960,d707af467325820a4983567b59b67ff687ec1b46663e8b3eb5c4088fe85e6b03,f61670a027e6703e24010c91afd6fc2da5758d9ac551519ff6980212a69d0592
smooth,positive_covariance,56,620560961,bd9a21eed1da679164bcf4c6d3c4ed497c27f03d3522134c4fecd1de7dea40cb,835ed2246e4861365571f6b82b9c7494354031ce9bf419f0cf98c4ab3a1318f3
smooth,positive_covariance,57,620560962,c705bdb516e275d6a6050b6b4b89ea606df7c5df07dbc27de4db348e27c82a7f,2139a43dde9730266557f94b924acd08fc14ca80f1acb09549352ec2e96d5e14
smooth,positive_covariance,58,620560963,01998a3856086c040e7efcf52712f0f73e51f3e414cdba772093916aa0700213,6d5aeb3d866918cacb4cbda6170f78d09e002a1275d1bb9f476184e7f57b1ad4
smooth,positive_covariance,59,620560964,3798a49bf8a8cc06129a70f52c66fb7b366a311fb6cdaa4b55ff1a81f13aed87,275da0277f8c2243d57a4b7ff8f7cd0daa845889a9d90263b1e24c95f9ac5845
smooth,positive_covariance,60,620560965,fb3b8cdc482dd70bd93f50c693e2ef89e09e3694d487ff2aa302ee771683cd73,b2b0438bc9d255a67255780d1fb9ccd26c84d5b7a7f769754a61e3684b0c3830
smooth,positive_covariance,61,620560966,0bd8e96b75213c2fd15675a90263a16be94f84ebb9148b7729846f503f2ec5e2,3c996fe77d58f8fbae20f821010f25c8d5991f4f612df18f583e8be40a666859
smooth,positive_covariance,62,620560967,fa5b4cfb7d7b1c90c862b7cfce6b4c92dff5679c33a0d48ff58b5538f7eec206,941f91d279f4ff600c62ccf14514ded78b8f4e1ffaa1bcc71f8506a0eb8ff30a
smooth,positive_covariance,63,620560968,55ccba461301ee2133e250f0595f6e2e28f3b53e1c80dcff299ae5dd42ab1181,0690e424ebb47ee7fc9a8dc73fc640f4ea3df56be61f75d6443d997c143d645e
smooth,positive_covariance,64,620560969,cade96a60dc8379f696e06a1230954cfe2a91196e56b9fda7281990bcae57ea9,52e0e42892d71d197ad651cd33c0c2a3ec3eddead1d1d510f5e612c2ae652dd3
smooth,positive_covariance,65,620560970,8f1bcb9598c40a0d1c12db0ccb1a14473a58ca5c49fcbfadb423618c0f5da843,fe447dc91e4f04d0808d1c8c963efa3a9d691636038623c330a428490610256e
smooth,positive_covariance,66,620560971,d727a927a983aaae97093e035de6fdb99495952eb08064432d5ddac936550e43,c5eaaf6795a16d9f358755d6c5506fb726a5f03b1280a2c3ca8c05411217198f
smooth,positive_covariance,67,620560972,36bc2947b508ae7fe65203514748cba1fdc2588c0d1084906e61b9bcb65919ff,f57a553b84ef14acb64ec812c6fa5d980a6998043cc5eefecb0ac758f5f84542
smooth,positive_covariance,68,620560973,ce700df095a8395fe4bab61acc00710a40b8552553a820470da712a7a6ba13c7,ff4c9e226658a71efa59c1106a263b41995e145c0440d8fde8bc6ecd66d5131c
smooth,positive_covariance,69,620560974,47be5dd94cd8b81838cb4eb3ed38506377f5a2c2b166d2c0ea8b1a4fee821cbe,97638b10c4ca0f1aceebf3bb9cea64df78338f0ed22043883384fdb10b7694de
smooth,positive_covariance,70,620560975,bcc319964097a8f23046aa9461ef498b355f634b31d41bff033fffb1a2812f40,a8a2ceafc9060a66d1d8645e6357532368e438c118ae2106bed0fc647ff0097f
smooth,positive_covariance,71,620560976,995c59333a57b02b38de884158d423abccd1e79197b7a7dd1951d8721a75db96,d1c1b388682d95f61c15cf132afde0464255142e319a52f39e76e161147e39d6
smooth,positive_covariance,72,620560977,f53662008e21e0ce6af4a0340f05351d8ac3ffb69956432fea0db1875552cbd0,2f43c8a31611477516a104dd8b16e7a7d2fa4b9fcd3ace900a351f2d92af570e
smooth,positive_covariance,73,620560978,64dd91d4fe9b581f214080a855cd286c9dc6919587a191996e4e280d80d4a8cf,3191a8eaa2d861bc2c7597f067d49d72aac348d924e9f7ceb87df0f3a97445af
smooth,positive_covariance,74,620560979,c299d6d085309c96ad1c197bd3ea907d36dce1dec6aa0d3e517ddc00b35cac3d,63c948e9c3c896e6f730cb2bde490b25174f1e44c94eb5d8820b9ae9802003ed
smooth,positive_covariance,75,620560980,d20893b30791bf85862e98a4409901226a3971e74f6e7dba483c16a833a7d2b6,e68e2b0de1e65c93545250338b1c128d9b2b25b2c8f3d8b3d18f3d5a8c4d2aa2
smooth,positive_covariance,76,620560981,05e5f602baa1a2e76400117dbf9db3285e17b14a0cceff2bc99f3749c1a34f8f,36f755ded864bf17a904f53cfc9d982525b8931771211f067c6b86ac550076af
smooth,positive_covariance,77,620560982,ebf4ca88281415c49c9771e7c7c013df1e6dc5aeed92ea69fd6a9f4199e1ad9f,3eac961115b59f333cdf112f4723d02ff339c3eb40e20ff103906697fb00914a
smooth,positive_covariance,78,620560983,86fba195e1cebbb7a3df6c4d7f2f1af054e82ea29ad939d0c4d823344f763313,35da5d568d5ed95dcba9f67cdacd7f49298260454686b7f571d80b1edab740b1
smooth,positive_covariance,79,620560984,05c879cdc1228a0241bafa69779352273b1cbfaea9c477c4a38cbc0b784b4c45,053d57e24cf39f6fed234d2cda636ef4e86081c58d86be8e1d6cc1634fba61aa
smooth,positive_covariance,80,620560985,39c65155d1621ea8e56421ecc459c047af7e54497e661e334af818de1e282c0a,aa35a29406d92cffc44558e856a289bc25b2e0c1b23d1087efb5a826f301ced9
smooth,positive_covariance,81,620560986,6a01b72f634c6e85db8bfa4e18cea8b96d0768fb04c6204cee9eb5ee74c30876,a1b41c1ad9c2426102515da7e01a8af084f003b6bb0156655dcf27ad2cdfe01a
smooth,positive_covariance,82,620560987,7d20b412fb47f44a51fdba825680b676b588c7499946347b4f22da2a068d05be,e36104fcb47f373c27aa174a01e9b49dd2132fb412392e7b9b34308b38650c2e
smooth,positive_covariance,83,620560988,065c933b07b62f122277b8e5a5878c3770560c8610ff224a8a9968f80f508d57,cf25aa44598aaada11115fb8d730d746d03bcd657a8d4b5d4c0a1f597f9a7882
smooth,positive_covariance,84,620560989,c9c2688b939c89b4962f872d17d33ea3f4397b3fe44f6dc6ef49780630439e92,2c38ccdbe7b6fe37548f0618ecc4515f1c30a366b5246e5b3174193190729e88
smooth,positive_covariance,85,620560990,57a2955236179e8a1239dfe97f8417ed7328b69eb92459b6d361ff2db6d0980b,2d7dfcbe81414df5d0361f57183a2612b5717e4345ba04ae61815c416d71d250
smooth,positive_covariance,86,620560991,55130b23b66bbe77a2d07007ae2c70cd3350f504fc42196b6774db41c47ac8d9,512195177792e46f2aee74f96ed80013211c7dae33b39f6b364e3a7dc4b3c766
smooth,positive_covariance,87,620560992,ea26391893f0509ae120eeed10d3227e011fc5b19acff7edd9c2f0b1983eb002,9154049e9966705f99fcb42c8cc5429258b326450a89c3e57f0f53bac1e1cd7d
smooth,positive_covariance,88,620560993,6e72554a0305d49c782ace7d44609e1c3e15e80c84890355788bfddfcda8984c,df4b875aa3695bb692e39d5893d713940ec5089c49021264e15a995cc257317d
smooth,positive_covariance,89,620560994,0cf93c81df872676261054d7e93f6d5760389396425eaafaf1107ec6cbca6f9d,826b5ecc6990871a731aafc83516cba3abcd23dcb5fa8192c73c32f733c1a3e7
smooth,positive_covariance,90,620560995,4b206b9b2eea7c5da5b9b9e4afff51e2023012a4d8ff6cf58ac13d43bcf0c504,c5d12b5b33694a995b204fb3c1c6cacb750e4974490715b54576ae33e16d9934
smooth,positive_covariance,91,620560996,0c4910f91657878156b8bd3f4a5ac833047e9cf8b5035e88f98c7e24330185f4,519fd52a296c9f37b4efbf59384ce3c6147642a4e0dc55a34bc1647ab863ea6b
smooth,positive_covariance,92,620560997,e447e0be6cfd09eb26b46fbc0fa6a04b9de22075f46ae720ae3e9286588bb1cf,e1486866d052b3fabbe7b57dfd90aa95fee0bac51d66ba3a7c0ff55081b82a7b
smooth,positive_covariance,93,620560998,87de551a1b5c5d55ef8b5c1af7d569f931cf690166ff75cd69675893546f39cb,070d0087aac59e8f675ecc7be2619d21a48bfdae1445399af71e8695c77b1d6a
smooth,positive_covariance,94,620560999,a492c7211dd94ce1820de10d1f914b3e1ea47fb5181e7616728659c4c50cc56f,b8a329974eb6d949cf41ea8495ab21d3f00059acfafde88caf64f9878186598f
smooth,positive_covariance,95,620561000,1c065cf889e3da6a5a995fcee16b13b8637e1e9340b075f6d6fdd19c943c012b,e50f7bb492bf5b407ea16d0cbfe890f9887850438d0b118c25c079b061b08413
smooth,positive_covariance,96,620561001,bc6fcde1e232f535111648e6bf018efea9e36258e215905fc8a9d89f2fac468e,bf365469404f1162c85c4c04ecd84869784f5f73e87d0d84f6dc40a94bcf3c07
smooth,positive_covariance,97,620561002,03b14d9c62ea7929276290a49eb13ad6e3552424556c4bcdc16d8efb2564b5cf,38d9c0e0ba189f203d21c6d714046e9240a9d1540a343520ac3ab891e7808879
smooth,positive_covariance,98,620561003,031a209f422174ee56a6890763867299d82a83841d122929ee17acf88e8191e7,b404a0fa405515271f7bb0ee4339588ea8c513560544f19812bc3881b32c1294
smooth,positive_covariance,99,620561004,6c1c3fb7301053a12e4620689e7032a042c7d4a5e968351ad0010df07261b93c,7016e44386d48384817c25d4e008cb3b6d5e411907a8a5a6154fe1a533486bf6
smooth,positive_covariance,100,620561005,448b77511282170b1fe326e1f0b606076a533c9f4eecee836f02f0d5c2d5551e,64812c1839104874167958dcd18e5d10030ef80ea29e2acedeab0a560b46a090
smooth,positive_covariance,101,620561006,b191871dbc1db9a1313cc71801f5027efc4bc25fc3c37d7d121d36a4bc5cc17d,fc29f76004a1e5b89d28fb97679be3896f91d9c0b772f67faf16daac2d7a7614
smooth,positive_covariance,102,620561007,5286bc7e233a94e32b83ef592dbde8797022071ce42ecc3ba3484a3687474f51,c34c805e56eb0238d8e6a41e97768c146710f4a8ba1044571c417d1b8a3e4285
smooth,positive_covariance,103,620561008,88e47cb94ebaaca0b327028d7634b47b57e37c33199b258109a12d0390ecf9e7,1bf79a15c28e45dc97383d9a0f9ea5cadac9df06042b97f1692346248c901715
smooth,positive_covariance,104,620561009,e868ab00fa653e0caa3287d943c7cb74d5ff4548da3e9dc0e129ba53c76ce07d,971607be5b816ff6730deb2041789a31e06c796cc0f27f554c19cedf1feaf3f5
smooth,positive_covariance,105,620561010,7ac33dc022c7c9bdfa4aa96702e46177b70a0e58a1bae7f355ece65973178590,27666dd3fce23b4b2f74fa1534b77a1ea2889fa9deb885f6124baa3c0d95ea69
smooth,positive_covariance,106,620561011,e7efaf8036c61dba6fae641186c54855048fd753e467e1794b65adeed119dee0,e286fb861cc5d364f9389a3a16ffe8d6033723a8a0ff0b375cf47615eb3494f9
smooth,positive_covariance,107,620561012,bd739e28996de64a08e8032cc91059da0bcd9646040fc5088d3abba2e21e5cff,548b40348a02c2463b35b0be3de57eacc4ed3d7f65c0def2a2b3a673ad834baf
smooth,positive_covariance,108,620561013,6a8e817540c9b7c5ab47204ea7ca544efb123c084927cb94b551651463dfd6ae,191f1c3a102d3de22f892d11cb3261670ea74bcfaf8e86503a4e82de0ff4a559
smooth,positive_covariance,109,620561014,3d687e818c069833c1971fb3a4a002b174f4c81d4dd846684d4a59054a0daf7f,ed0a0b46cb297b17f931bb749cd3dffe2d9a52267b2f666ab08c1c735cb4af42
smooth,positive_covariance,110,620561015,ad1cde0d4367bd0d1e1d739da80bf06898b543f7348fc10bfcf4342795a88061,bbe9b6c702917ec3f4b19a47a1623c83848d737fd1f88a579246e2fea681aa24
smooth,positive_covariance,111,620561016,90cee2ee06237a0fb2b31c448c37110f83650a9f7008dd345c71af5e456c5157,861929b923c913c7dd8d4658fb173f468977daf0a7e14fd25e7f4685c4815a9f
smooth,positive_covariance,112,620561017,c0778e18beeb1c376d6acd13717c8159691d058d427f97ce74e4e995f37994f4,4813e7dbffe17caab006204249361e701020ec6bfa8850d831f4e06d41ac4df7
smooth,positive_covariance,113,620561018,84277247d9cdbf425cb838a833ccfbc8ae0604026ab5201ebb3355db63cc3a1c,4ad081560af8864b972c57ee6f2030429a9beb71d50e2cabfbd8bf8710e731c6
smooth,positive_covariance,114,620561019,5d2c3dfd7118cc9b93dbdadeb3f22f88c03b9ec140d1804fe77899e310596314,b3eeec58d6e2ded1aa7f7bb572626aa624b8e1b34e51713db2e5b1adfd0fe19b
smooth,positive_covariance,115,620561020,0f1cad4da16fc3793c261478f378da81fded6d13411f5cf3057c8b5427276f1d,c53d43b0521ccf1e446fab1bd6c0889af2502033feba4dd8b5b0a4491eab4ef7
smooth,positive_covariance,116,620561021,6bc110f14bc55c0a95d66ee4a3faae6b8567387c537c4d84304d11e58c5f51ff,cd075fda70267003089f74cfa256f7dcc637d4064f61d2d7427c36688424a3ac
smooth,positive_covariance,117,620561022,741ca2edf88ebb97ee4efd9ddfc63029bc65eb74e1ac775ffca1e21dc3585bb5,56af773f22305229c280b88fe4a2b2cac89c53e5ad9cd92d4d2d002569e614a9
smooth,positive_covariance,118,620561023,0d4d57967de86f9fd9ac099fde6ef30a3e4db87531049e221258acbfa655b1cd,86de0638d6a864278bd85fd918958c23c6a1b3bb35b629429ab7a2e4c909f908
smooth,positive_covariance,119,620561024,fc9fe07d522f8acc6ef392c4b7c6f8fb313975ed6e2f080b5e54931e283a1e21,af05377e853a44d8a6afdffa932fe18f9485404c36c78031a12db93c7b4dcfdd
smooth,positive_covariance,120,620561025,1e383c7fc6eb97a19fb1650817c142f502e1cf9351a9bdfef84afaed14a346a7,fe8cc97a84f441d9e5f63ae69ca3bca024a4d90e4d50a80072af2315c061b07b
smooth,positive_covariance,121,620561026,72da39211521b132bf1630373d1f85756e8e0b07284c2db79087fd0db54cbb67,82c3cc6930733b7943d3ee90dc6620f863ad1e5ab8fe624f7ac209e68c4e9b93
smooth,positive_covariance,122,620561027,f98b9f9e200f4bfc0649c945a5c9c6cb331fb72e2606e1ea972e0d32d3e62726,5831ea3b64dc34c78f5ae84abae6ee3d51bfbfdc8c5f1d8673772aa68e0b195c
smooth,positive_covariance,123,620561028,0ccf05564fed04eeb94f9a5e80536e0b801e5b75b0bcc79ddeadbb24c596dd48,176f0f469ba744459c0e9bc99c1a54d38f18a0968ef3fef0700a65e2caf6b988
smooth,positive_covariance,124,620561029,a5a24fea1245e2dccf44d555d6bfbea914d44244c082eb83f632ff4b5e40c353,a82dafa34a5cb3003d5e9dd80416aac22a35beb8785360afc31a45287c845558
smooth,positive_covariance,125,620561030,970105e88fc98326cbe86f39c0ca4fc51086cb3976872a02751ded9e36610000,1d12300e5e7c1abe7b3d16ff48d83e28193301e0bb127bcf54b7500ad7793b15
smooth,positive_covariance,126,620561031,5edf01cfd7ca000d9fa20c1b1d584b05af36a2d0af0524d329c84e899c6af6f5,f96001fa87ff7bd1be47822e166a1ba9f246ee9d3e5115e9107b45de6c9d09b1
smooth,positive_covariance,127,620561032,f45bee7ba5347cac2df7f8fadd6d05687383e591ab779b74d9d9dd5c198149e8,f6e49630bc9d19538310a11ddb739e805c4a80ba038f1a36d99b2f60369101a7
smooth,positive_covariance,128,620561033,55fbad6b828d06c05af61cb0072ede1deb78ff9118fce313a2890b7ac032088d,6d560234d84ab32f9fde8621f92e04a6077dfff235371f8a03a53eccda53c247
smooth,positive_covariance,129,620561034,11d798f98a8e054ce021d0728542d7b422ebe229bbc95042d7859f64d153d684,1fc212d919444dc1ffcf43b41bd704530e864ae07cfe4997613d1725e9a54c31
smooth,positive_covariance,130,620561035,72910bb2c4d57582ab8b6f6dd10d13fcb9850e1065a8f52d7c2299836f1018d2,617e3baad56a099324bdb7c297bcd8a7dbd64574582e020cb84210b060ff41ab
smooth,positive_covariance,131,620561036,dffceed9b54cf193b31b1b9d59b1f4996bde7adab9c66285ec7cbe7cea237b60,307ea32fd654dd33f0826cd7c21aace5a0c372120641453aea3306a314e9eb00
smooth,positive_covariance,132,620561037,7f5f557fe87c2de913f9525d4e648142c43ff47df8697dfcb75ef68613c65415,59e6ccc841bc9a1c886cc205363ceecddeefd932dfc0174f8e162a3a0eea49aa
smooth,positive_covariance,133,620561038,5983a180a5a296e812bee96a1a773acea0673ca1d1a04097ea19007bbfeff841,16bbc804c61f5100cad550547088bebf5726fe2af6eae459b2b7d9a3483bb568
smooth,positive_covariance,134,620561039,6898f58afd82ed2c6910a92241f988a8af3a420ad5bc2b0047b79dccf1fa3c80,f8d193f5f35ee50d633cba0a627f119e3cbeb7b3bebb574621d9a7816875f77a
smooth,positive_covariance,135,620561040,efbfd579b0e08fb22ede98125c8a4ee6e39f8d26f2f9e51e74c4695e24d60e4e,c1bdc227fd33f3341efb8940088099954e70f0c5c62640089eccbb03b9611824
smooth,positive_covariance,136,620561041,2d0f5ed1a0e05b472d2cc547efd62aff7e24b38fdb83441995a51dde97ac11dd,fa8a1cb8e410afe66e75390d67c8baac9e9a0b9ace1f2221d5472c43a69e0fe0
smooth,positive_covariance,137,620561042,d476062c7e33697f12bdb3d3280d64da7f24b0e231bb38d8491bdbe998c6bce2,33d67b2c7c572433f862c44dc472c82630f8eeb92600259fb28d00061b7378af
smooth,positive_covariance,138,620561043,8b6bd1e2b2a4a4d4b77e7b59af29f62327a5221052c482cc17c56fc932368830,cf9b2f2f92521489483b51155d2a4f4bf9f6e0ca036a148a81a91e0ab2e4e081
smooth,positive_covariance,139,620561044,113212abdbb2c5fd8085dbaf7f2f679bf5e3cb266d53eae62ffe96d9e187c944,1925465054186c2b0f5c36db97739648ac5e76cfbf1cf3dc8b02083c7a12645d
smooth,positive_covariance,140,620561045,27cdc31e1b41ade21d1cdb6ea94721f9ed46b6355857190ce577bfa2c79e43d0,b7b996fc7e029d296a7ca864f3be0d75071d00d3e246fafc781d30e91fdee127
smooth,positive_covariance,141,620561046,d82401430feb6f06bd98ac63b349a550b173072908725773a46bb63410aea063,478507431228facfc5b4cb70ee557cdbf7208f40a369807d8d90e1db4fae0b07
smooth,positive_covariance,142,620561047,4d20f24ad7b11fc356fa24b4ba456e46fd16222fe7a0ba84bc4ac8ed8a4b668a,53603ab34757400f0381b85433ea0197d923a4feb8b1b274db021d9948cc3fdd
smooth,positive_covariance,143,620561048,6b7711291b3f9e83d25aad337134d126838420d6b0e96f8f4f2e68b3af122c67,8b6ed0031f9bbcd0f0ecf1e7dc575a343ac3f219764341c73df8c88027641171
smooth,positive_covariance,144,620561049,acd703ab7fef64b8f24843d329955f100551ba1259b7ea67303e6ac1cb23661b,12e13b91b63beebbe377a7687c86853f1d9bf1813629ea320c4e8b12463f7040
smooth,positive_covariance,145,620561050,ef57a252502f20122ac4995aa42a3f7477302c3107d46fb019b016cc9b1a45c3,d47c92298060375d55a8caf72ef5ec3551a65332727753972679675a69f5e1e2
smooth,positive_covariance,146,620561051,dc37fb4ea5a8a382bf1c95e4e1774476d188061e41f4787e3e6492190f9eca38,c5c89443a7b5955e70b7a1c93bb28973b06cdda45c2d8fe9a5dadfc4ec459e8a
smooth,positive_covariance,147,620561052,2a0a3ae69366e8666056bcc1d79fbc37737010759ed4499735b9444b377100f4,b0aaf33d02d69197f614946ba9ac3f5ce7a61f5096edda69785ff6583036d902
smooth,positive_covariance,148,620561053,f03d25df026ad8d092442010168ddf82f91ac11c2f2892a616bf25deeeeb48d8,c79402c71a0dec453774bb5d35a32ff807748470c610930bf178827a5c85fa88
smooth,positive_covariance,149,620561054,ed96752c3997d950993afb2e2a522b97c9897b0f001adc9a634b8155e968783c,d51af2721e93ca6e75bf20b822a9d68f97d87d7ccda384e362111f197b5d62e2
smooth,positive_covariance,150,620561055,e1884e9fa82fde4e514aeaabcdca6d4d92ee19dd288c4cb2354551801d061423,291304623da10cec6cb4d5a047a26b667a8a20d13c6b78d359c67a5347d7ddde
smooth,positive_covariance,151,620561056,dbd5cf0ecda10cdcaac8b96ebcaadec167abf773fdae467e906821bf6c30d9d9,b15a629d4ced32af19ba054324b083f386bd888de9b82b89cdc8a0814d457d6e
smooth,positive_covariance,152,620561057,c55fea50ad35644bdc25bdafbe93d98c28deebe6851065757cc78ef7f1d68408,f3b330345788e6976ea25dd472823e398d1ba234f322db21907696c8e5335620
smooth,positive_covariance,153,620561058,f123006852e4e534b4927baa499af32c55bbee4e114ce8bc6dce0e2f128d427e,3e3d1064c314f7220467a0eac6d84e9b10f2a22591786c51bce68bd28d119e07
smooth,positive_covariance,154,620561059,dead315b2d2513526b5dfa798212216b6cff877f7c40c2fe7ddf03c443eeca35,8b347fa5e43a84846d5952b284de018e04b668eee269b10e7e4825a8907431f1
smooth,positive_covariance,155,620561060,b21eef9d5ee0197ac8bd03f2e9d3786d582e09904d0fdcd34ddfe754339506f6,3f233319ad62435425a4110e761ceb05b74f492fe19a9d33520e3af078704b26
smooth,positive_covariance,156,620561061,f55e84f5f899e340a013fcbde452b66ff953d95d9aa11d320c5d9c646782174d,c977a7efe3dc5ed59e1404f594903d0c0916000d33bcdbbd87ec60aaeefa9f6b
smooth,positive_covariance,157,620561062,76b643dcdb0a03ceba5fa8ccdf51f13ab184a734c8dd8c38be33221f38bbb270,ddfaef564675aad0fb08255a361b02f315c15a62138f12f212c5e3b8773686cd
smooth,positive_covariance,158,620561063,49910f6696cf82902356cdb8d58ffd6abe4164a988581f62ce854e211ebcb77a,b54e40b43fbe585f271f6a12ac561d9dc3adce4a119bde5e5e649e3dc330d45d
smooth,positive_covariance,159,620561064,c52775f55b791602247b7ea37c682059f4b84dccf6e4fab8ab1199d5d40b3330,ba921b47bca281db7ee3f563cfaf1a052356889417d91f799e09fa0fae0c83e6
smooth,positive_covariance,160,620561065,b5044475eceb5e76a27a6a2094c1aa4142308fdcefbd5f6285309bd3b47e6d85,bcef36744206efe3a862b9d8b0d6e16eab766e095cadf24b2241eedb85e5ed76
smooth,positive_covariance,161,620561066,d6cfe20f4154e1304d2d4dc01ef8a7f77607155bc722e1244ad97d8a2ace6887,4cfb1fe80fa656453ead4f19492f13d7ba08537b23eb596f84149cd85342222d
smooth,positive_covariance,162,620561067,3bb51550857e5cb98e0c36171b5048ed1f74ee7bfb749d8eea8e7744251c93e0,b7b6b52b03492315d9b5f646efdf2b51b32df737ef2600883c11bf660e92519b
smooth,positive_covariance,163,620561068,7451be940ed79ee421dc2a674b94a83cf59257a4b523ded63008a38748283a5d,d904f912c49dc4c2f37a0a5f065014cd22400ec7dfa8a0dee836259c4532cb3c
smooth,positive_covariance,164,620561069,e6c2dbca8d07fd4c8e07c05c83cc4c4a8b984862ad70cbcdfb58eff4eab0fad1,aadb6ed59eb53e9f2fdbddb9d45720894b58d2945443b5a7f78c9f67f4bfd061
smooth,positive_covariance,165,620561070,c1985880e9bc708492c6670c49593dedb272d0448698d74d4046a22b9a1c1f19,8fb8ecc9b9816069548990d35f0f4b117fd6847481b893a373e03aa85e0aba83
smooth,positive_covariance,166,620561071,c7297b4a081df67c67db488a832aa894a8daf0abf50c34b13b3dce8d88bdae48,a16669880433c791d2a89f9c0b307a8572e8e26e9145853d1c6df2059de4427e
smooth,positive_covariance,167,620561072,6f4bd8e14d1dc323bde523f40f1aad0e9bdf0b4238bcc63672b3a884819d4281,3fbd4f2d7fddcfc878ecc7453ca27e771b3b1ebac15c5e6c02f25940184c2990
smooth,positive_covariance,168,620561073,7e80b0a02c7a2665b9b98f371c2fb8f8897475657d073224829e7a07a89860ef,6b44d86308469f30f27e1de658870b987c0acb6e73a5118f8657a87d0dcafa1d
smooth,positive_covariance,169,620561074,8a0b91aeace70b7df920da06d3b664ce8cc86119b2b26326fc9a5a57e4a7b69f,ea73186c6790df841679fd1ece17cc506d1e5317b666ebfa68543b8e5471d782
smooth,positive_covariance,170,620561075,388d26fb6f48f9815fd22db34736a285f38af1f8facedea4e6dd047d1db4874e,13bf1a013a142488e1d81f1081b32da040cde7be66f424f92c52f99298a8d4e8
smooth,positive_covariance,171,620561076,eef972814cfc7c17555298dd41a2550dc5e9b2ed540014509ee0a018e6cab46e,fe619beca35d8c7aed4a6fe791e98d376a15a3b1afae178459e596c2347522a9
smooth,positive_covariance,172,620561077,a7aedad80d3feb5bcfe3962725d718adbd06209ad04177935112ec11d368c9a6,bf50aa556207ebbdf5f506b384dca308eb502f42aaae086170a68708de00b547
smooth,positive_covariance,173,620561078,ec389495342dc4b3a08f76c54a8930e1219417290b9aaf0ab8718d6ebcac7477,c4d76dcb8acbe50ad3c5cbc5ca045278f45f394aa332d1fdeff39661d04eabf6
smooth,positive_covariance,174,620561079,8caf31001a48e037c14469f949011aa19faa3c7f5a791cdada3f2fef8cafe5bc,cdead45826080dd6f87afe3ba687b80c5bd21a72faaf6aa29d88a278555701e2
smooth,positive_covariance,175,620561080,ef3dcf5fda85fa844a25b969241845d35319c4203a48713947d00d7938f660c3,3a209b4fdf2cf32f7c10bee3b3704a93e52515c636771f881b470c5c78845845
smooth,positive_covariance,176,620561081,946644de6d23e08078af97853964d08b168be833646314bb453e7487c4283ebb,0fbf1f0ddadb83f197372407e6ed8b81216a1c51624e8a59f676480acf6b1d63
smooth,positive_covariance,177,620561082,9921ead14b9a63c02a0a06df4e4937d55dfeafaa77ecd144a361b77c5be85b8d,9c222dc6d41ce2d4619876d797125bba9c27d9b27378fde11b629cfd509d4aef
smooth,positive_covariance,178,620561083,61465391e89f056e4f78280670fb919f29f68ab9ab532641014a3ad6dbf99cf9,4e11135c088e9dfe92191ab97d9d289cce02adf90459279966cff8aa83d1b7f1
smooth,positive_covariance,179,620561084,08c0273798c868a97ebe27d1e16a753f879e0e577912ba2fa83e5a835740f493,be187c47ecf1b8e6a3bb4635253a9c07bb21576e9f9e11a2879525a6d503fb85
smooth,positive_covariance,180,620561085,8dba98c83e54f43d6fb5ae045b2fd4b2b30480c5014ecd307cb2f776c64db8e5,521e23cde23c9f397f0621f2cf5e087df1094cb97c79367ec2c8b8459faeb7da
smooth,positive_covariance,181,620561086,90b39876cc6a93582b8fce71a09deadfab7c46197509a13201a5937aa3332a87,e17f3ffef616eea3e6509e7c4729cf13bdf734f791b87d9c4b47888d2dc8f6ea
smooth,positive_covariance,182,620561087,404ef7dd277e0c22c9b5b8652b8651907d5712a26cecff4204290dcdfba50282,22604654295c76f52f31ac027cc00b8b868c173694632d34643c8ee156501a8c
smooth,positive_covariance,183,620561088,c4d4fe06dc78dc7a1bf3cde075e1749b66c99f1060df43f2aea85e8ec6dabe7c,fd190ab98448e626d4f6e5e572f3cc6194a739aef1cbe5fb8f2c85280cddc57d
smooth,positive_covariance,184,620561089,e7ba8666c98a09062605f157106c8590858901f3a3456706d81bbddbc656c91a,92b973c0236fab82d4d4470507fd34e6500850ca16f0c0b40fa4b845bafa695b
smooth,positive_covariance,185,620561090,ada6df632402ec3bd9379fcb3540b508f8fc8df6b776b15c2eca106371c0d0b5,45d820c987463d37dffebd23ba719da1feecbf9014860ce9ab6839e00e169d1e
smooth,positive_covariance,186,620561091,38697d45d61301144162515188ef876c6709d8b558f383338b94267132a4b220,2e64f94839f73ab43977339c1aaaa8faa2960e3e7bc26bb52a1f3e9b5f39be02
smooth,positive_covariance,187,620561092,0afb2dccccdeab7d567ee3fc48789c984bb54ca55cbb24cd3a2167087944a980,9ac7b780be305f0e0f69ec34c84e5e98427e7269f5a4988663d16e458d250304
smooth,positive_covariance,188,620561093,fd86bbcb50329610c8cc116c89db9b582126558b91458614817738c526f92247,15fe00f023b06df64a02e4f9ce13ddeeaae57725b967aaad79228f6b7bc36445
smooth,positive_covariance,189,620561094,a2abd66dab7454c4ede361fb23d0fa331e751775a38f3e01accfd7e366cc6fec,cdb48200c5b09178eff555591c640618b59229d57f0160e24157deb2c5ba1133
smooth,positive_covariance,190,620561095,0b246e9cd23a8f33edd177de1d0c4910bfaf3669dc191ef9c8875e4c3ce7167b,e1aa5e9aeecd519aad8c49563ad9a8f0d9ee560f5f4ddc949f17f075ef873e0b
smooth,positive_covariance,191,620561096,722465dfe99ad4c28ab415a6c62018d7593116b5e5360c330a0790e22e943d14,a5ce0cc64c6a8535f802685e60e295ca7c6a500fb7915d00a86db03957c6d343
smooth,positive_covariance,192,620561097,be5be97ef821cae8b32f021f22e77582246688abf759218f45a7b3be8bdb678b,ced0b80a3fdc298cadcfb6a5e6978f49e52e7ef820938af11e10d21aff92c867
smooth,positive_covariance,193,620561098,add3f9a43cde7dc84bf3ad49a5115753639152a8ccda575d7963a043c066e59b,b947d537ec9da2938f567b590fb4afcca090debbfb25d6674565570802dca000
smooth,positive_covariance,194,620561099,cb59b67a6f9706d32e88991f94bcbf08b7d5aa08c5bbcc53ffdf5183e56bd23e,c0c1c5fe92ef7add9976016ce30ca5d294c1647faeffa9d22b7727576f57c17b
smooth,positive_covariance,195,620561100,741ce97f3b3e9bce6b547c30a6edf2363198912e9a589fa9d5a7ebfca796c5d6,b5fd72f480d0ea9b7e54b73ed17b241de7cd5762ada5d8cd291daa1619b72f4e
smooth,positive_covariance,196,620561101,7ad80624a279a2a5e2ac9cc5b74b04545bbfc8fd6dd295f4c5969616ceed1ce1,32b8daea6156eb0de488666e0a3a32a17345e5206cb8c356078f41942eeb917c
smooth,positive_covariance,197,620561102,bd247c391b539606a4f2f5359bf6f27ffc54f0bc98023e0235fc7686654021c1,6064c7517fe999bdba263da8c7a18a9331ff45332695354c8a5e752a64630605
smooth,positive_covariance,198,620561103,9bfae8d68c80f1aba376c584153ba4ddd06aff5a949d0aba2ebeb50c8fd759c1,4d744c77c3c332f71d694bdcd28bd677c4a2b6c6c8f6ecc6abf1f650ef0b209b
smooth,positive_covariance,199,620561104,8ca3f0485d51a5c65e3ef14cd429020ae29299fbc5c2dd6a0f1f0be9ef1e0865,0e6bd898c23779d24a44c33658b58517bb480a8b648b8f0a89a1f131b3ef9abe
smooth,positive_covariance,200,620561105,25883f30394f98118446899181db2f0682d2c7114d389b53d02c74450ceb34f9,56a9791c06183e11e97c1d2af8984342e859abe7ca6a7c65d3abeaec67c350ef
smooth,positive_covariance,201,620561106,7f3fcf9a2a40d13d56948d43dc46a221556c4a1f0d3b9fb61c61bc2c33485a9a,1f1cf994ca466ac566381318c4bb5100264b569c0c9c41d98f82e15a13114963
smooth,positive_covariance,202,620561107,1db4670212b882f31c163bf1293566b3334b0f549f45f03a49ac994ffce88ad0,b4efc6fb6d9f234935a08fb45ffce08e801dcc214731b2abe4132f96aa973ed0
smooth,positive_covariance,203,620561108,47af260aacbaee71330b09dfec18bcbb03d4bbdbc3c56dc009cafae4e4a2c6d6,0296b47bc36bcfdb1aae0a25bf671c3bf67c05dbb9cb8a63f2b6aeaf3ea5cfeb
smooth,positive_covariance,204,620561109,e79bb07295be337919ebb9592fc0e80924a9bca0b4743af786867b451f4a3dce,324dc39f3dfd1c811e6efcaabce2cd8f6426e9419e1519b66c1dd846f875f246
smooth,positive_covariance,205,620561110,01d3eb532f74c0fa496e29633aae547cfab4ec1b77476317d9826870d641e723,506610f6b4a8871266610306a596a633fd7cc6a47789d6e9a91f3d4f5c24279b
smooth,positive_covariance,206,620561111,6ec407354f435fc5a0b9cf9171b056f07aa2a58f9ca953807433a069653297df,507684599741a9c2005ebb4cc1d95d2c01fc11b1480d3012a4dd6e256bc7307d
smooth,positive_covariance,207,620561112,fb3b2a92d06cd0ee516cc7e52c328cc2034d730b5eea1c2dd0136dd8279b3c15,0cfa13408f22f238c25c395169a2168e6fc654902c8a562776d9022966bdfc49
smooth,positive_covariance,208,620561113,1e6bc8823441fc49efcfca76662de2b61d68164245ce2404666e1911123e48ce,0696cb2b3183938bf019906b34185e4be5d95f7a62e7cb4e127dc8c1e5e63830
smooth,positive_covariance,209,620561114,c0d7a27bc5b6016aec000f9bc7d1a9fa7842fc1289d23a739f36377bc431fad7,efa4a136104110f45e81f76fce32ef3ecdcc2d277511f44af76bae3b01adc054
smooth,positive_covariance,210,620561115,8aa33bc1f15613827013bb0c6d9779ab0522a9d9af5dc01131cfd67c14bb263a,335fa6bb9e3ec65c0732cd62b1f8f268b66aff6515a2325476755351572923a1
smooth,positive_covariance,211,620561116,5cbdc4d44c9f235eb50bf7e869662561cf38e664929f63512f8af849c62ff806,d80558fb2ce39b90b4c74ebbfd6c8c47b477b84613b5f01d747eb6f531fd07eb
smooth,positive_covariance,212,620561117,93d6e6c61cf5b5d4adf7bc97ff6185431dcfc0c7fb60c5e5446846123b91ffba,b0a050ec239673dc8fdd63400791bcfe0f7b2a2d473200392b66ac52210a2db8
smooth,positive_covariance,213,620561118,81d94a4998889ce0357b77627afa0a94a4049f927d29f7abcf0d0e0e5fece7ed,8bc2f0992074ea9b3f0b4d3531eb166ad95058609bc34cf9cfcba34056c2a001
smooth,positive_covariance,214,620561119,83e6a1302238a001b51150107bd4d0b9b9dcd1971f71c8e12cafb8e651796a13,8c2e39f1924f49bba7ed701c2573fe28e378e443347f0696abcc4d97c78a39e2
smooth,positive_covariance,215,620561120,a8db8a43cdd729797ed8370190cd00d043c2dc6e518b4a128cd6e9fcf69dc753,1f7ab1482b91e417de022dc9fda45e9d156d0e57c86a55e98cc64973019d50e4
smooth,positive_covariance,216,620561121,e235ad90be5bd4b2f5cf0b9f533b99ab065488532c64856812f6dccd9f15ec3b,a9d7c7fcff3dfac636695f79f5707e510959876b913979808ec429ea5bce426e
smooth,positive_covariance,217,620561122,39ea13c339aea72d6d5a44167ddce5eeb02d279e8a9e98174bde748fdae9dfcf,007c7355534f75bd0c0f1f4575730f13a9abd7c7edfa67c2183bd7ea5d55c190
smooth,positive_covariance,218,620561123,99135f100293415e0754899a9b004596d8d4d638e2b92be535f2a6a698612cd1,972192f93d298f86975248fa05d2f5ab94b393e7eae1c17b7398a59b7c7e02d4
smooth,positive_covariance,219,620561124,6f3eac4238494278bf5a69fee6b4c38ce9bf668cee9ba11371c7eba7be776100,7b5d08a1c9c885631f643f15a98825e0350cef7870e8158a01c09035c74056c6
smooth,positive_covariance,220,620561125,92c3bd4f95429d5b71b0e5f6f04e32abe6627f1d9732865a4ac6d6048046313b,03eff1b98b2b26e50f0aa5a56f5f5b2646f5117e778bec1da57ac38b769d1502
smooth,positive_covariance,221,620561126,5d8aac45ecef6d1f91452fe3353232bde9684c2d6d7a52eac4aeeb9d6ba1bb3f,e8113daadcfd71ed189bbd192993f164901358bdf31ffed854a01d432bc9cef2
smooth,positive_covariance,222,620561127,e4ccee69a71ae4ea29b9b793d27430c5daa52cf320d0b193cfcee5e0092bc529,088f8abb11964a14811b1e5c5e16558580848f3b60d5bb2fd148b677c7ee20eb
smooth,positive_covariance,223,620561128,9b5ef477d0cb37b28d9a858c2be037ca73e9873e92d6122dd5a5fd7e2e743d32,a295c4761cbd61cf8564c5de064654bfca5a218cc2c0da9337376fc7535a5d2c
smooth,positive_covariance,224,620561129,667a2a59212fe17161335645a9f3064104fd95553e12359f0fdff335c19d465c,d80fd43e1473fd940e2749041f147e2e995cd6c5799893e78f9f81d98a0bf924
smooth,positive_covariance,225,620561130,1f450020f041a0de4c3c479cf288209530d1804c2ece667c29fb1b88a918cfd2,19f37dde667c88f7f71fd9e62c3d826e1444eb48fa85e998536557408e1bba88
smooth,positive_covariance,226,620561131,880d04d7a59361b46f558eab2b06d2fd5810174960b0ac571cc9503a1b91eb39,018d95682876bca6f6cc95cb13e4ca83d23b9ee284d996da57835c1bca23c554
smooth,positive_covariance,227,620561132,e0bc2267f10be5db853115e83d7e8a145ebf13f508f36f9fe442f10c95d41f4e,e27436351da71d448fd40d0216c5a5f40103f528316433bef827b43abb8be791
smooth,positive_covariance,228,620561133,8e5c5ec9de3ac8af8f46a3a5b1caa37afc4703f9ae793dc53ec52e3ce60b9f82,6ae5d52c9de3576c7fc58e5249207f1415e06fa40bfba5c7d707ccf1dfc6f3f9
smooth,positive_covariance,229,620561134,a9aff3959ace12318622d33639e8ff749372c1c86664b2533b4b1cbdcdcb4764,f0cc039119d929395dab439f82eea018b11f817a06c8bccfa01f4e9c599bc112
smooth,positive_covariance,230,620561135,a1c567856e48c2b229dd5084ef24c8c67c11eb1fb0db7cb5335354cfd77c0f7b,a3320f0e89c103c262ad79c39e88621b1751ee9570e2a5d96dfba3c176ce673f
smooth,positive_covariance,231,620561136,bc6c9f84a14ae1209aa03dad8eb92e66c68d87ca1c98d1839bb28606ad4ba734,3786c51b0691b8ad71992d387424785eace86fe1013133b36fb7edb739e8d6dc
smooth,positive_covariance,232,620561137,90385ec3cf27f1fa8e73847b564a1efef5abcb6add5b885ed854f160ca4e4a57,6c1bfb49aaf018fd2fe96a0d9aaa70b9debcaf696c17bb2bc20583c77e53df84
smooth,positive_covariance,233,620561138,52d62a4f9b3c05e4b71522a07760c13f84e7548136a2d16ee568e889d7d03509,64764db8ea8f6d7d496633985bcdfb2941b0f5904a61fb410d9a63ee2c4fd001
smooth,positive_covariance,234,620561139,c036b815a9cdc4279411dd4f9d151426ff1209ca2b3faa4442ef55cc8aef76e0,e64b056a4602c33869f6f6e8ef8a07087120ab4493b0e648d43454f7090ee561
smooth,positive_covariance,235,620561140,eaa2db996e04093472292caa351d788a2e8cb67cbb8e3df624695b236d31df95,2f195390b465125a41b9e9793a24cb074b49e5c8596be557679b8496e0b0b173
smooth,positive_covariance,236,620561141,31513b3cfe527ead6aab58fffe72fd48bcf7dab1f9c99d7bfdb4ef553a11021b,c5773a5c8ae6826cf4ad7db714afdcd6569f7eaa18b06076ca44cb7aa5f6c25c
smooth,positive_covariance,237,620561142,f029761b3e90a512df648660b06e1a47a694366581cf42747a56c9f1278f55c2,3c6e18e520ada4b9f8bd1c9bbed4eb0bd3e4b53c323b377419405d4c21b1a9aa
smooth,positive_covariance,238,620561143,061211404b0cc0bfdd87657ed564a2f297cd8d2bc0541143c1749e1497b72237,399baed915f6c29e41d956e382bb41cc27f0abea3cdee7177e9ea6d2701398cd
smooth,positive_covariance,239,620561144,f106aaa19928f90b86b23e2b4de12fcd8c4338ce15b41992265dc866c02fa684,2630ccdd01ee6315474f11185bb4b5b6fc4bc573c252beb4b1dd711d9535cb4f
smooth,positive_covariance,240,620561145,e8d24267e50b8349282e2abe6918f9ae364d792189723cd58c77e7f03d52067e,744b7db657f00726ac21fba9222563c01b5a562f09684c9c050a198f6ca9e80d
smooth,positive_covariance,241,620561146,0294f781fd875899b9b8eea1a168be127a7900e544398022eb77e68b1999691d,ca045f036a862eb07d003312cc14a7d29232a439f1d02d2563e73d6ce58596f0
smooth,positive_covariance,242,620561147,b0c81a64684d7cb83a78da87e516868806967ae5f55c2e6121eb25a7da6787c7,4f9c9b93ac0ec3df811a0f20e088e7bffb6b4759fa48493ef56d35c46a85e3ca
smooth,positive_covariance,243,620561148,6ee8c8ef7388849c08ee014a22c7d9c70131e55a24c0a7fe8c6b20074725590c,8fe512d6696ba8176b90192af4686e339a79f0a891f7da310ad4b15269609dfd
smooth,positive_covariance,244,620561149,c1776d8106d3ed87544121c40a61ff56f0c469359c6cb2a374789c2d72346013,ace8345fc31bb101104bc087e3d2b82e7e6f1867853a9ab637a845127ba90847
smooth,positive_covariance,245,620561150,4acb863fab1ff1a6c1ce7cb3723a2df7e307d0b92657c8453b1d580c636c9f7f,2d092ff10f4a15e3f6192f7cd4af62763ba64589fa3f76148bb6fe2ee83d7d21
smooth,positive_covariance,246,620561151,d5d142f5399a868b651f6fd782e8901bf54c518a201a8bc1000dbe01dc3327d9,59bf76943380c3b7e6be452e881c8dec9ef09312a0c94400bdfa7f0154bcec33
smooth,positive_covariance,247,620561152,b45bd95b3e92abdd51d6b7c35d2cb748a6173c31deb7c442bec5cd04751b9691,da380e5fdbdb7e92bc920e9360f73530bd6a89ed417d3fb6963f22b7d655c52a
smooth,positive_covariance,248,620561153,1905390b83a025874b2483db080eec935dfff47b928095b0be75337799f4a211,815becba2de4905665e7a85141cf1ff9fe1606c35704716d0f127f4243a2a42b
smooth,positive_covariance,249,620561154,674228e2e048586515eaec503a2587eaeba2e48ad3eb27727961e166440b3bf0,5375c6b7ca1fdb213cf0dfb9c1df5458b4dc5bda8c5b2fe116b3a7439b43abd4
smooth,positive_covariance,250,620561155,85ee7e6efd207db377ea1aebb74110bba410730106f0d77c31b4817fa11c66d4,cf6f0eeeb0b3df5f9adb525dfa5b403d3b6e324ba815f0f807538654a7e12866
smooth,positive_covariance,251,620561156,02033d295088d2ca3689c07d295bd1bced2f771e20f03b5567dc2682c9fb160b,a3e4913e9506f030a670fdc5e2057441b8f6c546f31428b59dc875b78ec2a8b1
smooth,positive_covariance,252,620561157,4149b4f24b80afba688f1d4e3b15a889e27c17cfb4626bd9ca247356a932da4e,8d025e3f9aa7d10d228dc1b60bcc4c35fc6405641c5f114155a2d5a05f66fb3a
smooth,positive_covariance,253,620561158,649253682826d00d37e8a911ac09c509fd8673bdac5f2425690ede5201bad86d,ef0e35e359ff457263c6aabeb0b2ed833f25a423d79929715543035ab6784317
smooth,positive_covariance,254,620561159,0e119a2bd9c69632f5b2133f87673d15172887931acf64105fb800dc89118ca0,cf02e99bec325e7bc6413f706fda78cc9addd631db0900211468dd25428bf385
smooth,positive_covariance,255,620561160,cf9df773c75612e24175f632dea91d34f8d3c629a6e90650d294b9b6bef04ef8,48f1d95b9687d5f6726dca00117f16f0fae3c265e4fef2e4ea92b868a36dcdd0
smooth,positive_covariance,256,620561161,6572d2ed9c06599900862cc94d0f198bdba6de9b304939ab492a5e419bc9c1fa,9ee1192274fd38b679507eb019575208ee4d466288a27f45ca2e9297fd0f785f
smooth,positive_covariance,257,620561162,90d6d4f6c6d0484ebd0a50bd6dd1c08b1d1c198396807197e71226902a19c33f,8833abb5b9ce68dee1c946aed780370465bf6480a89512f76eff7fc87c44643f
smooth,positive_covariance,258,620561163,a1b69ae5546a7307f2e6ed0107e3003b5acb73b23cc4c8e5875f102aaeb088fb,914c62203a83acde1666eb57c603a144ef46ad5758d5e1f78c53554ab142e33c
smooth,positive_covariance,259,620561164,e531ba594ae0d5a59cf0cb67befbe235da1105301c0fa472774775b4d3938a27,cab8cd24894b46630b7a2fb19958465d325d60118320fde971474d52b167a6de
smooth,positive_covariance,260,620561165,a223e62b7dd8bbdda9fa1e0680390ac708668e38d9141b9b71f655e107035308,602c296754948bb11f3c1ced12afc32ab3abfa17832eb7e9cb3c9604e5eb5e50
smooth,positive_covariance,261,620561166,0cca70b449bd0e01d3742054316e9e471d0f4a1cb664409221fad47a7dbe9c94,67b2151cedcff1d587234efedae89b1e50a9b0e8b21e62dd65dd41f33d791ffc
smooth,positive_covariance,262,620561167,df9c388ab4a94e878a35d159cd44075685250dcec1bce7084a041e403e11f3eb,b0d748559cb5ca6b1c439e8f4104c25a30568e1031315aef140256da1acc08e6
smooth,positive_covariance,263,620561168,f5d0587bccb8bda223b848094b8c7fd7b205db9c0096af6ea05115282d260513,b6e85b00f276a476f968d1988e2180b1f715ac8396e286ac9246e04b68dbe1cc
smooth,positive_covariance,264,620561169,3100b120ce3bf3fb0cf609b12d23c8e9b9b28dc46d702e9869e8d60413f25a07,e737f78bf7c90563e8a4f5de66eb7bf9d84110eba3063e114f841d21b4712ac1
smooth,positive_covariance,265,620561170,adcd94db4f82d44051345a707e0083b620a229ce85efb5db72ff2a3ed0b0cd8c,33a3a5c56e079e7619e1312be1721750bade9e9fe474cb57c0bbd498fc8b6346
smooth,positive_covariance,266,620561171,f1bd4fd956b5052580c627178cf7c23c9a33bc85eda11dd8ac5e20e2f7e25a60,5cdfe793c8f99410826d731a90682fc15c3e6d5b68e652847dcd43049579e5a4
smooth,positive_covariance,267,620561172,8e3a0704914b280a462db8abea05ea2cc4511be1940eb098b1f0b5c5134f746a,506315acc3e21919a084989529247584511d2075066cbafb5e71483ac4c0b3df
smooth,positive_covariance,268,620561173,0ca3ba9fe31cbdd070e350da46ec1eda90ae31773c2e9c6190ab0f20112baf2d,d1e2b64332440013650c3ea2d4a94457f646f1981f1799285af3123f3248c8e9
smooth,positive_covariance,269,620561174,fe5ec124be5b2c39396a784ffec5dc3445d18da250f40f27e6ec6465c492b5fc,272ec009a14fff79d1a3a7202c1ad59d403cabe283515322298820feaf07c2aa
smooth,positive_covariance,270,620561175,bd7af2ca24673dc3860bc69fd94c6216687914f0101ddb048cb1cdc9a5b1c2d3,4a1d6e54eb915b975dbe99f190cfeb2b7c755891549d2beeab7125b83b6bfd12
smooth,positive_covariance,271,620561176,af2bf15685248ee8e02dd91d8b405e2d64bfbc27e309db807e0b36097436281a,e1b1a5cdb2436224a70823c78e35c4b6608ab6dde40d621a10cadcb61cfd5ec9
smooth,positive_covariance,272,620561177,99e01fd0e711355332d2bb435565b750caefefdc0d9127d9d2a4da096b448bce,87f521ae4973f6e8a724f2a8753dc19594ee05c4059a769689a53ceeff2b230f
smooth,positive_covariance,273,620561178,d2e6b473f39f3a3902526113406394ece9491ae87db2d5de11fe70ba3a6aad4d,0779f7afaf2e32933e4be6df39348fb832aed9fb2f9100ab88290b5f70d1451e
smooth,positive_covariance,274,620561179,0088b8d497aebaa26a0487efc807656e71ed3028dec3a3b099fb55a0ab2171fd,212ae66098ded6543274a910894aace6f3dc733d0ad5d4c6753803dc321a9c7c
smooth,positive_covariance,275,620561180,316ea02a779937dbe2ab7c3edf97066ea6166c90308f7dd3c756f60dcb153d6e,1598c1fa1b078461afe94eaaaf84b0beab95d0f89facf167171df5c0e933cb37
smooth,positive_covariance,276,620561181,b36f593d6f021dc8f2ec56403f1f5fdde260286c3387451a8d12ce0194683e53,47f1a345ae969ec5d3e3065ca6c60fecc54fe31e46bec39f2e40eef804308c71
smooth,positive_covariance,277,620561182,47ae40cdd3c8b53010e219169d08ff3f4b16290983e73a605c0f731a985e4fd1,cb4bf114e34583b5d30558abf5a8359cce59860022d976bc01b180330a18abfc
smooth,positive_covariance,278,620561183,6208873c249e152623ec90bb5cc5955a70b57d5507f83eca08952ea8e24a8aab,57327f4520d2ae007bdf90d4722fd6d3f822acf20f34634db01e8135acb3f580
smooth,positive_covariance,279,620561184,3f2f47ce26292aa043e88018c9906aa6dfcea6815e38617bcd0ee138168289cc,40d4c689fec492646cb3e82d2dfb4c3738e063f54a2da0cd04c8c95b0422b065
smooth,positive_covariance,280,620561185,850f96aefa7e777d254185844ed44f73588b257314bc7c8bb2dadcb0d789ea26,3b889bf6ba542c4ebd45fc02419fb5e22be068436aac572ce50c77799ff9f9a0
smooth,positive_covariance,281,620561186,6303109ff5daa552a16237f97b51a6baed6d6233a687fc41a1ed57350290b7f9,6296f3b2371cf236aa6d63571833478fba3a72926b24d0cc577c1b0eb6aed892
smooth,positive_covariance,282,620561187,b655740ccf81022221e25a172873d28f4b002c6126378e8d6954f2dc03f61b0d,1d91377124533a68375bda85d6c9e869c6fd8aad79feb7ea81ce5091151bac63
smooth,positive_covariance,283,620561188,020c4da630c94a4db8e1e8339af8dd8b2713b955debafe0f174cab510016b350,ea16bb40e980bd5a199bb55e31e2959fd123f8208a583b3fe416ba86cea6cf0e
smooth,positive_covariance,284,620561189,842f491d1fa65a0d504c6476c358990b23666d122f5c0ed008c914a761012fd3,1eeffcf8b2bdcb64670a9fc517d6b45586ea1c6ab369808963ca286677cbcf20
smooth,positive_covariance,285,620561190,f84e4edc98138b3cc20eb14ecf708a6b66af1b093e6ff806200eefb08597bb4b,cebd50ff3bc00d84865f822f3c1ea91279f04d6af5ef6a1b85cd577eeb9cf820
smooth,positive_covariance,286,620561191,32e1ddeacf25b50cef605303a02564c602f22ae25df2998de2994c35be23fea8,f2abcc8764867b5f4d288101a4fda858415e9ccd57958744bb88d71b9a1e8fbf
smooth,positive_covariance,287,620561192,e982e63e487f0fdf88a65b73e29230f95ed2b9dfeb0915406b2abcd2907eacde,5fdd13d8dd87f9c7b1da04f22689a2b1333eda5c47e054e0c7691b04f6b1c723
smooth,positive_covariance,288,620561193,4221d9dacdce670bb0f5504525b58b4fd3aac3ca8f1187e9a20b2517fff6f3b2,b72c2ec1ece0c0627fb85a1a776031f13dd6836abf521cd354048500081782a7
smooth,positive_covariance,289,620561194,2f92cbab026612cc4e1c55b25a0b1c97448b3e89564a691ba43d9195e46f8f74,832bc778f69ea33704b188c6b292603ef578f065f9e07afdff93f96ead34e1ce
smooth,positive_covariance,290,620561195,4f36ff8575b11bf5dc30a1384bb2fc412d75fb0959e3ed18ac2146a84aab48d1,f110d5434643cec1d0bad0e11289317beb1531b15588d0f4c703272fca60a7c3
smooth,positive_covariance,291,620561196,38111d3357a3fbd6e6feefc558309397f305005dabccdb648b0f789286b0c182,a04ae896e4bb3b67968b2ae602a7f9b20d8458773105e0c1169278be8384dfdd
smooth,positive_covariance,292,620561197,cdfead44edbd00ac64a458c50d8d9a5ac2ec7fff164c5e869155e7472e154e9b,8901931ccee3ba99e4cb152fbf00f3b9e42bade9ac0f1b603053bb71d864a64d
smooth,positive_covariance,293,620561198,992cc2e63fbe0d87241ad1bbe12974b86e526d768d525258c9e25bca2dfb4f2a,91cf0d337827245b97d440a51ae6df4a973aec42ddbbb4be21a3864d657d162f
smooth,positive_covariance,294,620561199,276349f8724aa6a16878892d76cdfeca0dac15ac95a8d6e58dbd20b5744d24ea,7f7b66b514fd9d38d288948cce2b53f5c4ffc423d1db46582af567a89f3ac055
smooth,positive_covariance,295,620561200,d1aadb1e6a84fe8baad2113ed6d69fc4aec94c8012d00f3530051bcc9e28cabe,651a51f4665835a14c817efa51dfd36fdcd8f69d95af420cfa54b636f356d3b0
smooth,positive_covariance,296,620561201,70566b9893c01f1f61fc9166f4660dda3baa21475868635bcb1e2bb6244f2201,dc8a372891aa8c52187793ef540ba864bf17d62a122a7f51e2870a05ede73de7
smooth,positive_covariance,297,620561202,d7d155b3a742c6a32b0832fadf3b2063778f946c453ec91ece3a2ef2c906bb4c,1ce84cf80d1032e0bbf3510a195550d9399c08db3f0dbf4df4bfcef43e37431d
smooth,positive_covariance,298,620561203,bafadbd7956137c54696c20ccc7f8aada95a589e9ebdadf19e42d68a6cd204f6,ee30458cffa43052d732627f30290a2466a78bc245581f2e3297f061e8db9de1
smooth,positive_covariance,299,620561204,e04dcffe00fe4554c49797d7b2226bb3c99e659c5d0f15661e45432ef7b1603a,5f1b39f265f7ba341996b7458894b2fd213b9e322669e369f160255b9ef023f1
nonlinear,null,0,620660905,ccb60cf550121e5a707f01b2a89bacfc596691c9c4e09f40a072c6f5d0704601,252ceb89ec276021af922bc495e83f2d713d1a8402fa3525f24f67b8f1929829
nonlinear,null,1,620660906,6d29d6cef22aab288992b1d2a621d8ead039ef1186ee354c5447a16ab9111e14,4b87a065b51829f7a5239388df7ec37dcd741705a336168a48bc4e295642466d
nonlinear,null,2,620660907,0fb5ab70b811ec37270c0fc64cc5a136d797e9983d3fee1433ab20dbf3c34dec,c5b3c92bd0d9f119ba8e1bb0a012752443af316a7a7d30f2cb00520561639dc7
nonlinear,null,3,620660908,094f83c89c35be8f3442d2217ca453554c1364551561a53a2ef357019db84216,f27883fb3f4462f097f85db0bef2b395256f2188e82afc6faa7f2e60d03e146a
nonlinear,null,4,620660909,e79f799914c966cb4c4153426dc9a770c4376979dc6d361804afbb9e28fc18e4,3327f82c8ba05a6b96e17d9ab36beea17bed6294089a3f1b6dbc355f51073d52
nonlinear,null,5,620660910,ada1ad8aff7fe994f40298363b48f08efeee10bbee4da2aed3a596233e06249c,6e7ce5808012b5a52e68f460fbd6eb62c8220685833b6fa5f6be863a017c52b5
nonlinear,null,6,620660911,8abe8fb19ea0c7cfcde4ef788b5b2f72955a58a137281caceb1432de7c1805e6,f717444c484df800a77f30dd001179613f226379a3136acabdc5538cf6847ff5
nonlinear,null,7,620660912,de40d9642ead2c39071c83e4165518629eb8f6f678ab08ba6c7ea85b27893bfb,98d6d59c81c7607f15a0fc04f6fc2407c185cdf691da2101d7166b268efde077
nonlinear,null,8,620660913,1d62e6e3838c970ca90e08603bc411c2d3317a81c11ba4aa419d4152d63cb583,0bb5d81e97448cc0f9590677d498724099f8310da7f695995d09d8daa2f8bb41
nonlinear,null,9,620660914,7e38f7aa7e021564dbc8eedc84f440a42e5f1d378c47709365022c39af41026e,2f6bc95a05e26bac3880ff07ad4d5d13413311d6b0dc43fffd84909562df83a6
nonlinear,null,10,620660915,068b211b4d05be2ce07416902b8a690c368ce57ea90bcd9173d21763805b8186,88b9be3013ad2e3a32c1624c7e5443cd293f28f141872d5ed761c1c810ff3191
nonlinear,null,11,620660916,b582b583242b2c66b2bedebf61186f2ccc0bfdf767e508ae77d815436342fadb,331644d7896297d8b0c522be16a4a6d11ad1ea23e50dd0a5c97ddf0ab6ce3954
nonlinear,null,12,620660917,b0b6cb432923fe630be98d05e4e9aa9b38fc2e3d116410083f94fe39f90d0b45,2aef348a0e90c0006588e36d97964a0f8c02f6a1ebc85816f5177d19725c6679
nonlinear,null,13,620660918,74eba0892f0193190c6a1615ff32f8a6553217148669d6ebb77a1a1aa25fcf94,062a8f7faec956dea272282ce324a3e6192c4252b6fbb8f2afd8e3a0cc5b0af6
nonlinear,null,14,620660919,4c2b4107c9aea1935fbda1f0e627c5691cce268b266b496b27c3aeee2f868c03,112e117b9b7f26cedf5d9600a278c3b683ba878a9767dce14de290b1c75d935a
nonlinear,null,15,620660920,b0b4341e13b9a21d03da52336b7f56225e33b0867bb30189bcef3420dcebbe4f,ee8740129fd4f12a0641531f9652996d765c543cfdeac3f249bf5b5f3ebaf819
nonlinear,null,16,620660921,da22f31559184180041edfd5662fc59ccbf4ae96160df3dc7c6442b1c43540a5,9642a546d8bf811182df18ce8ab9366e02e507ac75db510b51df9f1f7e011ade
nonlinear,null,17,620660922,77291ed250d2f79489444099375083ebfb5a715ed2612472e0df30c26c98acbc,7858932d97546ac47f5f23829e1083acc1fc6008453ba95683bd93f8483a8d68
nonlinear,null,18,620660923,e37222f3661c83a945c1a0d369d2f000ddd63309b98feaf75de69062b0827b59,fae6f0fb7e1c83299aa178cdaa760e35550b995a9414cf07a0fb2a514235d9a9
nonlinear,null,19,620660924,a4381edde87a74f2b49cdd32473e1599621b66d72b0c10a8e4b34fbfe9e90055,7439d127973a67a747c9b747e1de2fb5be75874586ef003123fb31383a682624
nonlinear,null,20,620660925,0711468f489fb3063538f106ee951f52621c22c10ceac142e311ac94d748090e,ed6fb6107455e9a7b80351b8f64282c8a753c648779fc5623fd6d889f692c06e
nonlinear,null,21,620660926,6852df355032e14e6896e000f9a19e66e5bc1f3056cbc58dfde1407e538450da,a5f7f9a90675973215dfeecc77d3d7b655b984aacfee69898fe494502abec7be
nonlinear,null,22,620660927,0441da0587458db066d4d014c170e875565068b722226eec0dbb0d0559c3e9fa,55186ea803ef3f5bd5c6e1e2b22bd4298922809169b65f5cdccabed5700b7461
nonlinear,null,23,620660928,f083278db44d7e058454b388441f28d5ec98caa37bf81f788d295f432c15de68,38543cc2652e8cd109b7e485e62e6374a3a7b357ea81b222392144d155df50c5
nonlinear,null,24,620660929,3d2a37244bad6a9027a4a10aeb7b6fb8d819820a4bb21307abac0bf302aa9e18,1978ea36b6252c2e133c37d468f8f6f2cbfed7e646de7c61e4029f06ee3cebe7
nonlinear,null,25,620660930,9b761e41d892a6230d453f602afd3184d4a0db795c9e908cc7aaba343ececebb,4fc839fe55e162c96e926146dba18e341e0a815742a17e7df217cfa57fcda570
nonlinear,null,26,620660931,1a57e74fc703108e77f1bcff244585473aee931bf3efca92258ee98677b4c66d,e1a81e29335c13898cdc107edceb2e67e66465f26b9741a961b59f9fd3aa79fc
nonlinear,null,27,620660932,4ac255c6d842c650fbe9cd8deec784d92a514f129549bca170019659124af819,a7bddbc317cb28cf89ffb044bc0ca871f5de40cf260c32cc60cbafb720de2820
nonlinear,null,28,620660933,b2b01de16b503178ad6ce18b7acf5fa8419f25811e4e86937ab229346af2b8a2,aa96f5009a510077096254b13a1427f02d2277a2958f9e96e9a65a9c92485bc7
nonlinear,null,29,620660934,b954477bcf9309f1775de2a05a236cd0c1aef6d630e7de47a0c021ed6dfe1e37,f2a60c68304122490b815b684984726ccd72e8ed1670973112b01b1013ddcfee
nonlinear,null,30,620660935,897907db57775069ad38124972f48f85cfdf8147dda8b0df50f9c954d5703894,8db8ccdd67f08190e38302ed76318a608a9ff9626f0c66b90ace3d3840f2e0c5
nonlinear,null,31,620660936,37467e21d940cac361ee41715ad8e4b533e498fb1ec23194b9f90746d79a23f3,de82cae9964d01660f5263c7b0508881f343ee6996ca19bc286f08361ed37e02
nonlinear,null,32,620660937,4977efd74da1e88ed5e96c682784be3fa77e1bfa60330e8fc5f5e740abc51e01,de3fa8f14aeaab6ecb373af18bac12916562e931c9a728c0e18542e2e9c303e7
nonlinear,null,33,620660938,1533093e597e3169d9b291720a1481957b5cfb62bb04801063cac22afe7853a1,525bed7caffcc7c981b7f816389c50df38a85e273186f778a59224fd6800c56b
nonlinear,null,34,620660939,fffad0b991533a55876dc052729074b5c55eed794eeb37f5f978f3b5060bdf1b,edeec3b5d656a82031dce661d1239c217dee9274cfd8d16f42c3b1246b84c104
nonlinear,null,35,620660940,58166e7e231524f81e05677c0268eb0f6172e3e27142d0386e139b8122a62358,b8a94a8cab5ae4bd7cb725e4037bfd80631ac464d3fef175a869462d44232cf1
nonlinear,null,36,620660941,2242a6758f0d1dad7b3102a4db8460481314be29f918817c4b80d051faa4ee27,130680357705f534b6654e941e0f4822c79421a5ddaa042eb8db48d3983f3b9f
nonlinear,null,37,620660942,04a352a8a491c60a183a18c14c716d9b69ac9ddd0441dcbbaea888d57d980159,9f9f3cd91d4940995709f745fbc5168a2e51e13c481de0ff590c75d5be8acaa5
nonlinear,null,38,620660943,9d330866097a778dbb3db6fd0b456d10a48cf268bc09a7f83df1e516bd6fe8d8,c3f21fdc8a64917ea7d6a23cb53c2bd89228ecad841161f7f6fab4b7aeb8ee71
nonlinear,null,39,620660944,df7d4e408984fd7b1f5ccd653202b0d0e331dd93e3488ed54655ec3e786db427,0129e2b903e80de02999e2ba3eef15f8d5eeb7e26c67668e7ec4764ac6e57679
nonlinear,null,40,620660945,5108b035aaa50f1daf2e2c65cc4eaddc3f8d5581ded1717f73ec872c18ca2406,75c80cb2086be8c07a40484c7fe4213dc1bda0f7c834de818f9e688a7453d071
nonlinear,null,41,620660946,a3c9cfd0d501b4fe5a9c66d056c94451e7ac30105ed62861a6ac49dc70fb2dcf,d10c86374ba6d9e889085584644f98238b6f53d620a278c2bb828e4241984e0e
nonlinear,null,42,620660947,8c78ca2e32a1f2715455d24b575e6c23a569a5692a9652f68b9cb5c612be3eb2,416d361d09cc4003c57f96dbbf7aadae811c1b957ebae63af2d18baa415f1747
nonlinear,null,43,620660948,74445942395f2bd7d64d63e54adced3319df118e4e8f11fbbc9d873fb8c182bd,2b12a1b5f78dce361841e7f8d5c02952dae97fe7e1ee72ce95ee463e74eefa7c
nonlinear,null,44,620660949,8179a74948f43c1ed62749444ed80add9d5e9874e942e4e08cc6c793f2b89e2f,7a0dcbdeb2e115aeca5815966924c4a1264c933592304e91e63fa2e5f48294e3
nonlinear,null,45,620660950,147b61bf3d19bac41e4102d3767a1d06dee555d74e1b2e394515a4cb16675b81,15f149be7f149a28c67d05798948aea6202d137290bcb97791f90e80ff2c6f25
nonlinear,null,46,620660951,26f625e2db7d45536cd535db28df7b68d10aa6c353e5e9cfdfa05c26b675be81,ae6e46e5a2381df6a90efa83c79ac6f434bb2b363311c092676b7f07fbced4de
nonlinear,null,47,620660952,4f48d957de48c1c03532a116be2d6237df7aa44101f1fdbc557e7d16c4ab211a,d6589982aba02ddd581cf1f2dc81f4dd9141459ff0ad6dc6c7f3abb9d3d8e6be
nonlinear,null,48,620660953,8482bf6b0e4438e766853b932be1f8c6cb95d0cc0f0a63bc62d7e9e400fcce13,fe9bc9d223d14bf23c9fc0c66de75f12bdb6149b76b6b4c00fa01ebc175a0f0b
nonlinear,null,49,620660954,fc5a7483ef8872eaf4dfa65acab839c249ec248b702871a759db9ddb2f7110c4,247c88fcc2a36cd9f59220abb79c7305285a86524227ed9677186a69daee3e22
nonlinear,null,50,620660955,555d91069a5fe7457ed37f695e2bf4c6882dde093bdc4ec0900acce97adbe8a4,bf849c294edcb6a2ed047b3f3bde3dcbcc3d796ca4b14826f7239e8886c386fd
nonlinear,null,51,620660956,f9c4537aff0906604fa7f51b58cd9361b4bd9b6c9c05c9a30cc9a859cfcd0805,950c2e3aa649f52bcee431b466567b074c27cd58d3f2b1392d12adfee4816c1a
nonlinear,null,52,620660957,4037c01e50f583756b45a0677b4619d5e27772b1c09863b23837b899d72d8b96,92397ee1a982b3ce76978d95bffbc30758a055c711c061fb4f8b7f4c353357a6
nonlinear,null,53,620660958,13665acf67715d2354b8c861952a4817f99cdfa535bcfcf9e524bccf23495b8d,6ff445f3d904b6071b4970a687052b9823f6bd8a716c37cfacd90f488649692c
nonlinear,null,54,620660959,9792b00d797d87fcd5b91ae417f2f5679c96d0757f8116c01c1eb96a41b07e75,47358de4029ea41afaf2bb612144df572480fe0f3c469bdce6914e06fa7bb363
nonlinear,null,55,620660960,a4d289bb832a88e4f369854046ef2a049f402ea8cdcceb462d8999f857c792ef,05ecbbece237d1ff2f78ee8c53c01ac4ad876309b229e6a63e4060ad3d627fab
nonlinear,null,56,620660961,108d241d4dfa53e62b55523f7a74d1a28649321e26f645b152ff7855cedba3ce,6f6098d33ff13548ae710529f115e9e95d594e0bb7bd139520e6f115d6b2f0fa
nonlinear,null,57,620660962,8a9c78c8a7e01c0b764ab88f51281896b62946e0378b6e30d210241f68ea9646,17dc50fc512bd1d7ae9517fd888e1fa2453a3f738e0dc81377f94bce518f4fce
nonlinear,null,58,620660963,2490609dd6de577d59c62ffda6d41c38e1323b2bc1ec676fab38c9dc9036e723,9c607ec3825dff20308959ff0011fc2cbac8c46de0b50b1ad7d26a041646da9c
nonlinear,null,59,620660964,acb4330666c00d2b29e36634531e3bf299e9d1ae159e040d493b6f8fe7db2de0,009802acd6acce946752b6f7219c427b08889710a2a68966a16fd6dd1e062278
nonlinear,null,60,620660965,c6b26bfb118aa875b0a0a35738b7b3112e9860def0532046bc6b10bffd9ab571,52a56e427c60cdf1d6de183f0b3d621bace04f771d8cf149950550a806ef881d
nonlinear,null,61,620660966,cd4eedcc252faa028513a867329cdd9e118c1142f8861a27908914df3d3b4895,eb5e156d32273e5df932f54cb18c487be259a893d26835868dc5fd8a504430cd
nonlinear,null,62,620660967,23f4f0de6f17f5900ea6715e0da51b24b5e054d25a4fb4430f941b58c5576678,28bd612e40b00a4aca6772142502084c68e2cb2158f63b02261b171fa91a64a0
nonlinear,null,63,620660968,5dc2840fbf4196f1178e049848a1505ce84bd1680bbbbff7be279836032b7727,4ba2ed58bcd2ef3d6ace428808193c03f6e95fc7b7a80bbbd1edc62c44d8a549
nonlinear,null,64,620660969,2b60fe30672afa789a4281c6d5799f7a5beb32eba5a5896fe5719d9f3e4697a8,d56846c31ee353edcafc9740eae15f3c864ba46d515cf77c9e8a902f0ffa3bb6
nonlinear,null,65,620660970,1957a59dd62c03b550a3ddad9f189c53d28f81ac016f3c0981bfaaf6dec02e1e,c9a8ab15c8c3da574c8c4f7eded35a382441ee0378324f24490ce7cdead633a4
nonlinear,null,66,620660971,4ded05ce303bd5e2051c8a74df3dcea2b41b3e881b036f0fd5bc51a067f19dcf,7dbaa23a765eb544b665fde571797546f5e02f679a4420eb44baa8624d8af42b
nonlinear,null,67,620660972,96e81316962b41e8a6f855d1b59119fd6fc59efc7665b748490fdd6ae2bfa521,bf89d3bdc5809d8596a63ac5380dd7545cbebddfc128142674bf7c2f80d263b8
nonlinear,null,68,620660973,1dee4f5359f173338526a90c315a6947fd1b277bc277cf4e09280f82b8926d34,79599c392d85600bcb1de6bcd52db74b2a65002e8ebf3fd580e0faae5dc28a1a
nonlinear,null,69,620660974,e0fd5c6337de7820d30859ebd5e1a703ddb973adf270bc5fdfe1af8f364fb3b1,da7d3885a6731b244d22e7bf632468e6d7e736b86d7bd5a98aed5a28df979a49
nonlinear,null,70,620660975,15f808eec6f825f20389741112afe50773f5588f5f62213308a05d016e561953,470494f1b83c6f9fcc160189eb8a9e129580f3e42300ef0f82ce3c82dc0c221e
nonlinear,null,71,620660976,f330244aff91499592d78fa87ca7d720439fc01a3e8cde300722df59e6a12337,3ee3c20be077fa0c61ad675935081998a011003ffccedd2fce9d038990863af2
nonlinear,null,72,620660977,c0fe8587b1e74374db47891e9c5ecf2e9b17e8918f1a07d3edbe8327789ada98,c9c23f0c62bab0ecb757341b5f27b9209e69abce9bee925cc39a36407aa72984
nonlinear,null,73,620660978,e8baa9c44d084af53e87f2f1cf9dfab7286294b43ab8ed07ef6e2754c02a6ee6,5266343cf6fe96825feece5f52a665f6d3fcd99d33c9ed849d0d5f753d7c1306
nonlinear,null,74,620660979,6001c1489299a0d80dc0226bf712411ff77ece36c007a3b8ef6061cf3aa7639a,a89d2d906165b19dadaad8cd3f4e9baab36ccd8be54bb6ebb5a97cbf27733625
nonlinear,null,75,620660980,7eb24274a191c7788348b090f139775e4f7763487c958769aa9bc0d20496a2b1,1ddbee20bfff80ebe791f92bd18b15532d2c97be48c882fc2309767920eec48d
nonlinear,null,76,620660981,2941408e5d21b498ae0b58c22a636a954e86256c02aff061b4fc14d10e5e15f9,f216ab1b8f9fd2e8d5a18d1510e952b15860d3aabfe65f62c22e03e614fc8b45
nonlinear,null,77,620660982,de56c560808b6321dd56bcf820de85be2e6dc256284bf24b8e4da30cd79bb6dd,8df873bd19c198db4a4d9dafc3ae71fbf8d0a28332ec4980061a30cbe53e303a
nonlinear,null,78,620660983,c3607be3f6b2da1d25e9d88075e0b969a89e144d26f48c21e462ea49702d0216,0adde83837b7a1b6efcfb8504400b81637617b9c7e3b02e50d68da4bb50486fa
nonlinear,null,79,620660984,9c09c5a90338abcc423e364e341035af5cc71211ce023d0a295c0edda5edbd2f,8024cb27f6436870c75ef1ff49d7904c9bc537346a83f3422760525c840bc6cb
nonlinear,null,80,620660985,6992f01757f7cd7a08505ac59d0e09985208bc7ac1cd434e0c281992d27afaeb,3a7b63b397cb8358fddaee9ff5cb66ecaf3c5bdf09db3d006953d8face123796
nonlinear,null,81,620660986,7eaa59b516f124271bb1b1f2eb723f25a0e3d37003e910df663beaf2d98c9372,356520a0d4783f5049c11d7ca61351166806cbde1b25b92a2d0a4d86fb469f2c
nonlinear,null,82,620660987,4cbb40fd0debd379a38a2d37c8f2d36714b98ce477ca36889ca314743fd3099d,81e7be72740be912c8459653ac96920c1dcb0308a0b9f468be33b1dd9cb74601
nonlinear,null,83,620660988,37c4bb3d0f818c301970a4b60267eac2ebdb4b2f763fd76856bc8a149b50f6dc,bf6c555e887c1a3a3c4a4ae663d22ca4351852684e650b4abb6e2ff634661376
nonlinear,null,84,620660989,cf233dc6cf5d78afd5340ceb26c2403a5f7cdd03c05e76dcb053d3a021df4621,0d2b1eaafff095b93bdc45f85becef15a51c601da1f48062fe5cd0b2599e0111
nonlinear,null,85,620660990,3a5ab29ae8183d87549aca61dc05036587803fd28d2b91132792c8b7e1907703,286f9fc9c037e421015e85655ab2da2b13cccd248394b1671fa88217dfc5a144
nonlinear,null,86,620660991,b90499f24dc6bf5a3efd3fe02dd85662bdfe97b50906c9ee31c3046d42a1340f,3292fc63d7b7676f58363423cf2f69735eda9cccb9ed8b28d46b35ba287a4edb
nonlinear,null,87,620660992,2b9ac6afbd640474ff95f2c958da6c5456aa827ad24da918b7c89ba0f7599c98,8d3dbe3ad833e445ebdc3b3ab88b3d8434cccbfc056375d3345ceea5736bb98a
nonlinear,null,88,620660993,b6c9243ca6b29343f6925a8668064c97fb9d0724106941b48e66fd4b3d2a2022,36a0e13f110a76903f2826731e21f4a5e79814c143e7a75de9ce0456e806335d
nonlinear,null,89,620660994,a3e308c44d043aa48c1db05f721e2a9f9c99629fa2f08bb36204276e0af17ee8,1d9f43e6c62f9492eb40a92b3a4489387958a2b076a57eba3acb8386309313db
nonlinear,null,90,620660995,0ba4e91197fa259816d89361a4fae30f22bfcecaa570df97566952608948636e,c0f37a2bb4b78a7049b934b5d7fe374482322f5425773a57e902d32d93b062a1
nonlinear,null,91,620660996,063242f8513bac903c17a6adbc7cebc474bcef3a3eca2f6fd79a03c282e099fd,6a38a6e574b6bb5ee350a8c3b07c9d1a847614455e833bef95fd15724ee44cd9
nonlinear,null,92,620660997,9f82a7a1c94afad413a65b720d0786126a3771a95dd90df90b347af4be1947cc,cd3b0cd2b563c34ee353b19d0410f8518d89625253e345a9895b2c1397253651
nonlinear,null,93,620660998,0c796a10fb64405ef1471f2824e545b78f9fc2443953981abe575a383e01897d,033d2f60250767210b0d127fec03ecc10a36f23afe930d903a5548ad1a1fc401
nonlinear,null,94,620660999,ff3e9f6eca0aae9330d403a906d6fe1d6423047ca77759f92571e094afc7b560,852dba255d32802a9953e6f72295fc28437b1c38d455333817ec9d0fd22b2ca8
nonlinear,null,95,620661000,03fee8d3c0f3131a4afb8eff9b2f466489875e18a799a5e456f1192a1e6cee70,c56c3a61ed2e1b4476cd98c82e9fdcbe6c5fcc41ab2deb6122ccf003086126fb
nonlinear,null,96,620661001,da041dff35f0c0a00d0b495d3973bfa6e2a8170778719dd8ba54a8eb7f5fcdf1,2589dbda1097e44b5569ded672996d8f6c8b62e0444920f238f61806b13e8880
nonlinear,null,97,620661002,7236802492187089de80b3ba26753bb1bd2305fd6736640ee0f5fb5f211f5097,3076b7b719510465b5795d49cb5803f3d1f302b023d1dab1ed8cc699bcc911ac
nonlinear,null,98,620661003,9c4a28556eec3ee5182f068c28f5414c5f81876f5ce795e9fa3aa12a76a5ec1c,533b2c92cc895f6c4bf2844da104a0d4a36c89bf2e0ede77c1411b359536bece
nonlinear,null,99,620661004,aaf4035fbe3d5c819141709859515399c4a5daf7f50f7de708dee1ae6bb809b1,6804d7f09f15b271a0b15820f530dd4b1e4ff118265c5bce62168be34c0032e2
nonlinear,null,100,620661005,a22ca0c293ca077d460a0baaa8c6bb1a928f471d87efa2884eb5c36432fc9eeb,9e4714edf951545749b9045abc604e1238a748521c74763ddb6dddac34451ffb
nonlinear,null,101,620661006,08f54906e30e6e26d5ce64ff28410270e4ef4f314d46bf5c33f5c193273f0b34,a5bead944d7e5051fe6c7f9d885ad1fb6324fdd253b7843a4b1d36883f4e87f5
nonlinear,null,102,620661007,2a5cd0b3fdffed20a17ff11caf0a51977b223fce1490c7fd3784d1524b5044e4,3997b5d1a37aa970514cfa3984a974c319879a0b04630e85ece4a9db5580c223
nonlinear,null,103,620661008,46173427fb8b01f32d62fe407ab3cbfca435534b79928a298c5430fff397733a,7b519a211de0c36e8533aa55c5e97e85ffb9754504c4d37be04687c81de7c8a7
nonlinear,null,104,620661009,68e01e3cc9f3e1458dda1dafe0ca356f358f85433c2ef6f349f35b99d7ba4cf7,863ce80b0069545fe668ae06fb25997b9d9583afb3ac91ac11e018af0fea2000
nonlinear,null,105,620661010,ff7f7ec5ff7d6b9bfe738e9b3e3d050d40b75576857f00d226394ecd4b11c415,50fdb667d93d0976c400395ad7b0d05180ee77a6ef1a3d29f5bf9930f212ba9d
nonlinear,null,106,620661011,171edabdc3dc610fd2ae6ed54632d361361b5cf70f6d3376db2e19289c23b7cc,e76fc46af966d649c075bc972310f6a74c283a232fcc482408615965dddc49cb
nonlinear,null,107,620661012,736ac1ec1455c3655bddc12cfa22ecacd728911a6eb1c435edb20660a39ff364,3da04ef2f51dee499bb6f7b8db45b4974e754c20b449ba5ad40425e4c531fdb7
nonlinear,null,108,620661013,06ad38592e4a16dad960706793a9c69d4ac14bb396df72319a9d4d740e996b26,4c03c883af9aa4073056f48ad0244246b30642be35b03f80cca42324e10bf369
nonlinear,null,109,620661014,634bf157c1eb21b6e12630e7019267fec5086b955794f6ac99bca20e7dd2093e,c1fc93077e5c93835ded3cfd61d13c3061a8e7222fecc4d4078ce75ba7910406
nonlinear,null,110,620661015,e485e0797277388233e69465e3db1f1e1fc2dc1b60207502ec73059023945fba,06593ab3b649068ef971b2974ec03207a666b8a9910a45acc4564360b55a156a
nonlinear,null,111,620661016,0155c7acc9845ca823d9a81eed4f67a931f07d6845133a29aa0bc3c089263a42,3c63045de415b59ca5bfe483b8ae8331b677c23125fb8e813b838cda40702bde
nonlinear,null,112,620661017,2bba1d5287b2ad0ce7b087ee0989ca85b4e4d39e84c7812472366ca9c9a898ba,8d836cf569abe2b679b802a3eb5b74145adf41c7a993fd95d8aedd9337c54c26
nonlinear,null,113,620661018,c4f7f89ca59a45b007a4b0f795748153ce74de33ae76d81dc33c90d081af9707,92858dfc9d2b6b1d8865779b5f0bc168a0b5e6e1aca6ec9bcff5d2ba1a1793e6
nonlinear,null,114,620661019,93547f5bdfe9a27c9ed2e00f781ebff2075ce914226a160a8798b58a32a0bb08,3c165a21f54dc6d8c5bae1ee1fc982215144efa6837ff019d1432b6ef80a309d
nonlinear,null,115,620661020,03ff8e0fb9ffb6ae6a043bbe3b1626b3f7cfd3fc2854b0e3450750e83ef11b8c,1c82af051dd2c3a840c4c641af9efe9a82b77389a112ebd7e0de15b37a73e1af
nonlinear,null,116,620661021,337682be341306e08921884b83b2109c40beb7075e75d8eb772eb1df10dd5595,4c4a9de415c85470389842e1d904d9374faa4d132ba04b1e30dd77a7db0f126d
nonlinear,null,117,620661022,578b3b13b15303973f40bab3842093de4493f4765de57fd592220efe5968b200,ad2b11c0ef9c2b5f4f15e8fd1ef3299ad94d479f289d972c3a4e2d141daa4119
nonlinear,null,118,620661023,6e5a94c8727ee68cf249efeecc2847384d73f5613b2dfc9d0e92237278e3f96f,7f31c53af6f6cd8205e56ac8c3f922fc4385e0cccd387b02d07684e2ec4c50f7
nonlinear,null,119,620661024,bfc45d5d83125159fb0a22a434918da71a98800c744dc5404c09b8efede96584,1703edcdf18cc6a65b89c3f625405e3bc0c63021fe9660ddde9f841667402760
nonlinear,null,120,620661025,8b3767ee42448eb470d940276c3484b7f1fac7251073003fe8eb732db3a314f4,ed0f493a1e6ce2d989d4d39c7216f1cee3ea1ac2535808929cae78568d728a5c
nonlinear,null,121,620661026,40b2fc8306d949e23b0b9bcedb2cba115b282b584e12599d35e76b0e7c40061f,e13f6ebf92cbe6c64040de130c41b08964b81a4ce3dfb3174bbc14cc7e203580
nonlinear,null,122,620661027,e5248fcfbf3da830b46acc269b1bc034654710f1a56d9aef61af891a126c3ccd,65b105186539a2696b118c4c45ee48a65397a7fb4e5726f349748c4a276379ed
nonlinear,null,123,620661028,cf2e479ef424b8ef104fddafc6e3f1cb3e26e4ece73210fdc22da17b1c839f67,78c060e1890186a0e9659bc71c8a415184308809386c301d503f0eee4d7c4faa
nonlinear,null,124,620661029,859357f6dd333d00580c71a90abd504687a5b1b0bac2c5fc33d500787863eba5,7f4e56c3f9b97b07a13044ab7ebae8f7538c713ef1691814fa260f2856a9ac0e
nonlinear,null,125,620661030,ce87a8ae389c619b35b157cd66bbcbce562c7045908e299ce92f392c9ba63818,4df52a1fa805f1734c975b9ec8a1b1b8d30db12daa8bffc224a0a3ec0cd2a1d6
nonlinear,null,126,620661031,e859f3b3e68996b774a6425d33055e57d9895370d202dfd5941bcd3cd90cb12f,99718a307b7dc3c7a4d603397b47e6998d98ed1f97f479692ab3a7c3f219352e
nonlinear,null,127,620661032,8528e175c9f9d453215b4b008c606346fa5aee528952f2718f1287cc049c774f,8683efb940c346ab9d9d1485626d4cd46630146b176b9324d3d69d600cd2336a
nonlinear,null,128,620661033,0dfecedb19fc1b957f2a59bde349e097527155e6cad64ec95461b6e73ffd3bfa,56024577fc7c2b8f1f64bfb51fa73bf83d2ae526df6d94eeca33f99ef0f6a02b
nonlinear,null,129,620661034,7a369e348b9a9127c2b9a783111a3c3de91fd6eed52e4e2a0c369dbb53b14ed8,b7c97b4edce8cfe86dbfc42efe1d5b972484ef5758f2929a56a3348f87e565d1
nonlinear,null,130,620661035,99ff62d4d0b289f3e2bc3855a3bbfbc082bd8a0ded31bb148713dfbe66593614,9cc5fb600ad0cd3a3113ebc97bc4cf2731fcd8ac1c888b64e96a1570a4d1d16b
nonlinear,null,131,620661036,7bb757492d07cb4634020fb2426902ec4c8cd48152148b4fc455c8a8a75212e8,2d43f2658ca6e3956a5d3ffeb997f83368e1fdda2b8bda5b14e7db8d2309f53a
nonlinear,null,132,620661037,cf799d6f0b313f02b6938050ef39ac78c6083fe0fda0611f7145765f4789588e,0c41002e443d51d77235dffb5549e2601ece7986227e60dfe0fc11ebf0f042ec
nonlinear,null,133,620661038,0172de44600d74ea59307f5f4d590c5d9e8710650c46400e88afda8f26a11b86,68493c5920818956a283ce235f26752b9b71bfb7b0885cb23aba73a6b64c14da
nonlinear,null,134,620661039,15d9c731d082e01cdc3c8c4bdc6811c22a326a7c17cc4b8f764347a4c10a850a,8237e17392ce19ba52d5495f940f5e1f0bc8c006253f080e8cccedb7c481a472
nonlinear,null,135,620661040,770a50474a8883db42eb9256a8fb65c9ceeca22a8189210bc9031f5426b6d54c,bc9f71166eb5385771aeed6460e983327b28fd2eb33e9cdf9bd8fda48221a31d
nonlinear,null,136,620661041,5373d7a9e72261149e3dd8df0bc36f5f53d284ccfa30d7af7e6ce5cb88f7a1c7,d75a325f22c213ee779142ea487b0b7472e2d31ba885613739f3b01b1f1f8c3d
nonlinear,null,137,620661042,6478ae9dbcc4542e2b053ed35779aefcc5eb79c3847e3e9ef91af3cabbeaf486,9d5c5825c3245a9e9ada84ccc7ffc22595de74431bc5f236b0c30e36ff6e6076
nonlinear,null,138,620661043,cda550d22b027dae3b3c42f4fc0437477f00523375e83e3df44db5f22ceae86f,ac4b3bc42f2335f1c2f7af3b773225220fece6699ffe83d63e187ce86b22e185
nonlinear,null,139,620661044,f4f115678e7e544fa8ef1bc12eab21a78c69426d71598adb2d9dba857e01c7cc,55d04b1cfe3ed0bac459928f94a585cf4391436ca3773cdbe5bd2ad57396bd4e
nonlinear,null,140,620661045,afa390c27e0446c80ca28541c0b7a0addf2c9b3cdcf8e6d8f2c78a905617507c,316f1167c98d5f0f94b2d25999864babfaa8af23ede49829c943d33530013fea
nonlinear,null,141,620661046,4579c7ef0130645cc20e605d51ae09ed5978dfb9cfefea5ea76ad210d17c21e4,1bc8ab65ef3e38ed8b2374bb3878275e5c78d3e217760fa4cc4ff366bdd604f2
nonlinear,null,142,620661047,25ac992f22be6fffe83d49b9dcd1e9fb8b2f26d6ff4968faa9aeaa022a23a182,ee5ecd7cd23adcc1e13b238385bd53c5a98bd458b8bcb5d7e80dca3adbe239b0
nonlinear,null,143,620661048,fd2b71e11da78500d26e2c1dfc533d608c293a0685630fdb4aac3440b990eb0b,60b486488f00b7429c0c052d2a0c42854f40fc782c1518a115ee9e8d16c93f07
nonlinear,null,144,620661049,cef230d6bebda280a3c499881e51cd58ce2ca1147b264a52426a71a608076d0c,9bd93aae0aa9e7d232914e11bbc9ad783dfd86d6c054bcdb372931c60c89bbbd
nonlinear,null,145,620661050,b10b6559c4cd54ec06cc1cdd099878af1cc1b72b47348be556881b61f7ddfd3d,9b76c6ce36d09c2a3230d61acb6fc080044317171f805d0b0765601611e394a2
nonlinear,null,146,620661051,23ea2e3b110ccbac763c61e883ebc5d9e78ab537508e53130740cfcd81f01abc,33e36c655a8e0282ed6f331bccd5c1860f5041690488cb468677f126e44542ed
nonlinear,null,147,620661052,eae7d0f42aaf451e994f650a02e82a61a114ccb70b3be91fb0850e5e8f5fefb3,512a3b74ae16bcfd14102ceb82620375d7190dd90a8b453dd8f871c0be84591a
nonlinear,null,148,620661053,1fc10274c9e35f01b86a4d724124a0a750c4743151e5a58826ba8074ed5da00d,348c3a0255b4d6ef1b3c17c54d5273b231b132290249344507d62b2df2c7d3ad
nonlinear,null,149,620661054,71a366df0edd67535424f6df1c5e81d4038a3a4f63d113b564f00d913621a8c9,a1c816047dda30e6bb30913c9eb3e49a640e550147bf36f7b62d11506fdd717b
nonlinear,null,150,620661055,70d9bc774c49653ac61eb858ec8c256c042a4a6cb824166cb2dc438a66f3c5c7,647585e002a54536444433342a734b4a71a5cd714071e0db23f16a0936ddb564
nonlinear,null,151,620661056,c8de9af6ca9f1b357fb17edd68370d6470ee3707af13f6f88f52ed31aa7889c1,3369e9bc53b76e15884a4b77f973e338a242772cdf06a12050ee683a9e07e57c
nonlinear,null,152,620661057,9e83ad3bc3a1cb87d84ae9ead63e451da708e190b196447afe58688b7d88c174,e61409741628e8b52678e94daddaddad77cd92c706352e25d68346caec4b8833
nonlinear,null,153,620661058,a8202f325502f6f43efc10aa7b10f31ee93ffe7079c3e3073a37eeb5bc235e3b,5e119d2613497b3e3dfe7f5baf64b0ba25962533589765d82268ce90aeaebeba
nonlinear,null,154,620661059,c9208cd34344b82259c65b8d48ef150b1fe12da56aebe6044b89e02b2b6c5014,1dfb1706a5690cdd6a8173e5c5453fc144008f7b4da498ab17ed6e100ff80904
nonlinear,null,155,620661060,f53b82986983f44a7410bdffa4f24b255c9a50c9ce5558a8cb70033a73df584c,a178455e8919a5c7f44768bfec4c8c0844fdd69c2ceae4b4defb378edd60c63a
nonlinear,null,156,620661061,4d0cb01f6d6399ec0d0b38de6c4eaa01486890ba2edebed8bc03f2d033100277,fa83f711aa7f5c18f02b0e4a191db0b6182554958e9770965d8291c810750ff1
nonlinear,null,157,620661062,9d664e03e5017ec13fb7266107e9ee0ae1d79e617b3a97a14905e1f201da03a8,c2b4f9a3041309062e29d95c2a834877e6cd98e6699356a1f4be26329f58c24f
nonlinear,null,158,620661063,c8d1337952f7cbb1578a24e311ce122e7dd38cb3c4bffff1c0a538685fd36cb4,953968df41549d4b931569bc041453576fd0b84a86b7644752128f1d7fb76f52
nonlinear,null,159,620661064,2713dc17cc75b0b5430c59590432429ca267c7797e973486e189b601eb2ab626,53d861b025debfd090d96deb57344f53b4e0c9f5682d6e5183ff609fa94b01c5
nonlinear,null,160,620661065,2c7e78a494e8db94c514fc92e5ce1f54e4b42d6d91910e0eedfa92205e7c7fcb,f956433e4fce9fedb9c6adea8708f08802d3b02e024265a139742d786d02b5a3
nonlinear,null,161,620661066,eaccda8b7908b5eb6f60f1183c6ce38123365d599add1e102fbef20c15bdd8dc,20ebdd053a065196fb0c83e75f09610290f81b46c2ebfa40a25d92dd3d10c4e7
nonlinear,null,162,620661067,53254a287b065c5df0690bc5037ac7acf91851c70445b8756b1faa3aecd28781,3b26c100b94ede69ef38bf165092dfb18e492539449b487700477cae0d8bceae
nonlinear,null,163,620661068,72f57e4e855257553ccbe743c0ce54e83a849fbaacc0b44cae78a13a1b32ef5c,9751a69e061aaaf4ccd3a7a7dc8ba6a653dae7183b3d6054fecaf53bc8bc3893
nonlinear,null,164,620661069,0ab213fcece731f231a313bacb2b057ff8ffed9b42c6ff804cdcb852e43fb790,d18cb8540d64d34341f23e4af1e49e85af5f92253c74343a2b474b6e10ec547e
nonlinear,null,165,620661070,43ed2809c8746fa6446e9579fd2ba75d8da42e76a4cfc0925a6a01f5d6a63e3b,d5e6f108a59355286ee64503fab96fd523276c2bb538ced17ba547c2a695ca0b
nonlinear,null,166,620661071,77fbcb035d4a854e693cb0769495a2127eb2e39f497231497b3098d23f81560c,91e1953036421739d3c37e856d75539a1ec53f6a680bba75c7baedb505df2b91
nonlinear,null,167,620661072,fe424181bb68051b1938ab35c2e30ff36f415d3a5da001e43b3cd57630d870dd,55b21dcea00c7237ec7272be6d3af8efb56e026f57c82523f6751af9b9f6762a
nonlinear,null,168,620661073,77eddf361c81bafbec41764c119b2a941925f02402bf064106c2b0e7638dfb4a,02ffb8d2aec7a89ee876f9abc487eecf350a9f7abd00f03140e1a7b135b7824b
nonlinear,null,169,620661074,7b13c78e66e84655d6102a69c1c303219a839bd15b600cfe0f3254b9a6f24202,65cb472a7b098ab850b0c358d8671821b02e397df79488085a8616452dadd8dc
nonlinear,null,170,620661075,a7a09453dce59e2b9239c0f7fa9e589dbc3b66c8924863258c26c5048cccf049,8bc6dd15c33fe3026b72e72afcade2dcb1994cdbd24cbb1952f7f589d4f0f64a
nonlinear,null,171,620661076,820e0a935f8f9ba83126a1dfc643f84bedeb74cc7f072fb5ebc6607fd2ad840b,f5c18f7a0b57215363c472c4ca0ba876709552cafd40d6486d6f9aa626ed8534
nonlinear,null,172,620661077,f5b65ce013bc9bb458e8dfd2ae2b0f7cd1baaaf711fb91dace8d80cb48adadf9,641da67a3ddd1a6af3119a077a3afe2e406b87148da6bc04c636a42b30f57950
nonlinear,null,173,620661078,c6bc84f801aabbfbee694c349bfbab5629f73c80238e2dd3a8c61c193e838119,fd322bebc99c24cfefc7801aba1ae93a5a51d61934a048c8f86612b20997bb7a
nonlinear,null,174,620661079,6de7973fb93334faaaa517083fb8e24aa86ed51232779e353ec6bdb3a3ce1f72,b7ff9661a334bdad2985e9e0be627790fa80dc9aa64c5588ac07099d13cbec43
nonlinear,null,175,620661080,9221a48c093a9ce9a61307a0c628003a7aae3a1f12a47eb0a8b214d0358b24cd,3c13210dd48ab1d34a18566030485a3fe0bef3d1366f799f05f101f03d851c8e
nonlinear,null,176,620661081,358cb48a28d8387bc23a6c01d43b671af004ae0de4fb27acfef9962c8a031f54,6749ba60e960fb3d2ddaa2555ab301bd77fc8931baaa748c945707d2f9e1bc69
nonlinear,null,177,620661082,2217a428a848a061155094e2f412330e24fafe1cdd13f096c777b1fa4907cf2c,a86d33e76872d958a17a5af0e9d99e94815f0563ef94303817e304e0ffc739d6
nonlinear,null,178,620661083,af5aff29d26b613caeab11b5f1d17fb75e3ed5c202270ddd3aac9912a7a76cac,0ac93ab4ada6d88705f15b5db4ba865cce70936ae84bb3e16189142c603a5b11
nonlinear,null,179,620661084,cd2119d57f9c34cf4b03e35e2e1cf6ceb788dfc0b884a21b13a73fe4b32604ca,3e99f85b6f42c86cd8e116ae9e391883fa0339aec4646480fc0a6d126427460a
nonlinear,null,180,620661085,5cf8c1d0265152b11c23686c19790688f13ec2e8bcc473d7a04dfa10d6a61c6b,0ba3e5be16d4f8df62f7a0974f8bf8c6d690c478b2ee7db76247f55d7cfdc905
nonlinear,null,181,620661086,6cb4af4c0037e5063e662958bd59f36426dbaeac0c199f6be6d377fd4ea96c07,daea973ae72b7c1af4e40f14ebd7d40a5de5abfa4dca6257b78e0437433e71f2
nonlinear,null,182,620661087,38ae250de20efcf9339d38ff1b44dad9cc5c901b8539250d6ab2ecc2c7dd07ee,067cf825b3f27fb4789f4251ce16f14a7451ba0877431dc4e7eeb33e9b668d02
nonlinear,null,183,620661088,87f13088b0f86d8423945e29dcdada736f8bf80384f428c4bdc0ea70966f3eb5,5804de89b70231e588ea4632accf618369355f54abaea8d1f73cda371e5c200e
nonlinear,null,184,620661089,a555b49650fd2f0d0f44cd8ba50a296467d01e0694ab854cb8de6ed541608e45,3061a8b883b05082d238df1a0b7d2b09a3e0b0bb00e3a5e0e6266ddea47c1c99
nonlinear,null,185,620661090,a34a5251ea12d757f6005455909c90a4e32c55f33104c06eff87f66508186820,67af08571b2590fdea9c881bbf6cd72be49ef4bcdfd52dfe30b164425a7fc6d7
nonlinear,null,186,620661091,7e6d7f4a8099df3ff4478c35d89bc4fd8c6f53d2c1000fb4f54eaa99f378a702,3afd886e48c19f9de43bd62730a98c1811bf1e13ea435a5b0d416d7e3c3b8797
nonlinear,null,187,620661092,5d7ab71e58fbeba68979239fb0e1e450fda9f22944810107478608ed00352812,db2407d80fc8721ca9bbb9110a4f94803879d03bcb35746d29601e21961e28db
nonlinear,null,188,620661093,0a11ca0d6abe541ab85f55f092c9b6136cfcd77fad8a11ee4d75a767d0441ab3,35e919b30d4b0b8ecc7ce051874d76fe0c766d0889b3471e233fcb6cd7429d6f
nonlinear,null,189,620661094,61437c5bf10b5e6378571d337eb73678eba736166f5c66cf31ec87be31ed446a,25b6941ccea7ff38958cd3554c788a05b5cfc34f3545ff10bfe46e8eb226e002
nonlinear,null,190,620661095,2036cd7a36f79e686415958a7fd51e394070ab7830f492980c44c0fac9633ebd,00c0b4aaeae7cd8ed86fa008b1bcf44fbf9584336a582909e7ad428e33b39a02
nonlinear,null,191,620661096,4a77a6ef4614b847eb2fcda8d8c1eb75ce46f8d7414d38fad389dca8c63bd0cd,a6348856cae85dd3c1017c57d3dc1cb1ac5d325cd1634319d5e3b11d93458930
nonlinear,null,192,620661097,71cb9f0127dd16265b9b420933ce387319734dad14aa2931baf2b11a6cee6974,76f9742f39d3e6ccde58acd165f196650ef10d78edf2e3198ae12b5dbce115ba
nonlinear,null,193,620661098,f5317262ed1bfffd2ebaae54911a7a03f2adf6221446cee923080179911ce24e,e1b890bad7c72d769319df6486892bef3eb6db431be4f339e50aa9334fe84c90
nonlinear,null,194,620661099,18493f410499420d2165231bd0e9ebb0bcdd4076ecf739e7c93d564beade6fcb,f64952d0415d6f298e2bc3df5cf42500dcd08527bd89da28b1e885c448e06fc8
nonlinear,null,195,620661100,47b8a7f47613f39cd8bbc0272be6cb53a01ce6568dcd66d687d1cf2b0ffd81ce,4cc42c0ebadfbe0c91b48a366a7ab3dfde53951caf5a3d907e0ba8ee6090fb0e
nonlinear,null,196,620661101,3fa53c60e49f723ee8f63f7742bf740ea4bab12d5b9f974efd207cf473115ee7,7e5286b513637c23cbcb097a25bc0d7ef58ae53bb46616ecce1a7974b0858722
nonlinear,null,197,620661102,65e321b21ca72ca11e1a8345320c5a3af915a967fc54d5341c2d5d25cb94cbba,f60a088801c7360342992c4cbcbcf16a156994a60a7f3f6458735ed002fea59d
nonlinear,null,198,620661103,66cc5b9935eb6471ea8073a6d606b070babee7ede121fd763184ec8a8f824aae,2933f5540cdfdecb7c9c93a191c9f71f4d216a340801c31d2ba6b961db576321
nonlinear,null,199,620661104,a14b94a31a6ab59f01086929a40e04b5a8bcbd7ebdb32bcad5dd6a35ac3c44c9,f40ca4af3a0b9242240053db989ea0d5459e3d884831963d3536e2a6711ef0de
nonlinear,null,200,620661105,c3a8460b1129d7debf064c3c2faac35bfbc1f0fbb31a4ff92b8328aea467ce4c,f5a4ed362f060fa063745cc75acf1354fc1122b92835904b43f0a699dd5a586f
nonlinear,null,201,620661106,e49c466e19b6108e9017c21f08c130f3f9cb5fad29fe43215a50ddd8b6bbd044,84b2d53bab214da4b9553255c6995772cf344674a1d8353c3f0a2790590d7290
nonlinear,null,202,620661107,c8457810baaa0553d87835a99bb1f36cd97c2cd0008cb24ca95833e9be864cdd,d66b7f325578d662340087ec050523b49c78d2ef6e2e83bf74b378a742ee5223
nonlinear,null,203,620661108,b63c7330a351e81396c49e4a134616b900534896c4c711c618c0245f615dd8a6,a6368d43db014b435995d102b1e40564364981322986bb29a2eebcb7d56df8bc
nonlinear,null,204,620661109,e7f451b47f47e49637cae8fbff70f849656e20a711a99e6b3cf8a09c536c0435,cc1094a1bbcd948917b223d75bfb45d32c105bc0ff391dc70ed9a2dc6d2c8d35
nonlinear,null,205,620661110,59b5499475b152035155e44a8d4805687614eb167f8a23b48850c0f1eb0e3cec,b9ed78addf31e01a683fb5ae494ae4f82e9c4fe409033d54eb91d9d77d807178
nonlinear,null,206,620661111,991dbfc1ca00e535f62f4cd88d7c50cadfd15418207f70be2bace46810032b8f,545f3798dff67901306e9177c53d3420a5abf7e398c8dc253f6af27e3b3eb32a
nonlinear,null,207,620661112,0abe31a75b441b8eb95b4f3fc739687f0d0ec89c5f556795f9c2c5655c68f728,06e4dcb6277873cdfdf477a61361651656288f8dfb7b77848f63c3b9d407887a
nonlinear,null,208,620661113,cb94ed2284ddf281bdc3da168647394ff60c5b2f85a68857a97fc9a9d54e7adc,f725638cdc8ef1eefb5db7a5e1af765658b1774caf60e717ac0187fe9b915b41
nonlinear,null,209,620661114,be42353900b406f5ed2d85a23a2a8405c44cc82cb3b1cec48f4062368a203911,2f2420bf49aac5356ccb37902f01ed15ff008024ac1e76ec2ae2ba77901d91bf
nonlinear,null,210,620661115,dc1dc0844ca138db596c7e4b5190aeba9e5e6f4a9a30ce460a6fa9bfbb422d08,cb3f189531a1885f29cf396be168392c10e8d37342995b701542d8c6d662baef
nonlinear,null,211,620661116,51b69c3ff6d411d594d163825f7ba11026222a5e65742885942a66bddb5b034e,c702cc1b641f14c148b6d7a4e5fb74d38f7edd2266c1db1f3235b68b19897c0f
nonlinear,null,212,620661117,5fc71ca7c846d069d41f572c11fd612f161f01ff20e504138be32558e8cfe3d8,bbe7a4eef5280a05e87ed1b4adfb09fea9bae6da58354cb1c0f82aae33b9e534
nonlinear,null,213,620661118,4034f02a82554beae0f18a801eb26e226e090e212ec0c9f121a48bb065d05ae5,be8ae7c8d26a1f54428901d2b491bef1bd89a7df489051d33accff9f61269d54
nonlinear,null,214,620661119,affab4239a7e4208df9eceada5621922a557c71502e1d0b515cc38a41e19de09,b8c11c4d281f6a49cd52fbebde876382e6118d0384561cdacfc66485ad4476e8
nonlinear,null,215,620661120,217e586b5993f65e4cab64e1be3bd86e2b4681218becde733bcdc6f0f6fcf185,2214936390224c98e9f48daac220df22126819eef0c7bf53a0436ab12c2966b6
nonlinear,null,216,620661121,d35ff074be077cf88e7063db523bbee0c4954398c8cc04c3f7d4d32bf1b2404c,a0f31b2dc96bbb0cdbcba3c4ef8e5371c46402249dd4ad78ae342fb713524bb6
nonlinear,null,217,620661122,59826e2a7700f7f17d5ed51cc34c693c8767307cd78a5333a80e3f2420408631,c6ad51cb22ad3ee0efec0747c269bfae20f75531de27e90ab6acb31486df003e
nonlinear,null,218,620661123,1140b946453a726c23a109c9747d6edf51b055d8f7aa351b86289ce899d7935b,fec729b965b016d09481aa62d5279960451e9e401256e13a690f854201f29288
nonlinear,null,219,620661124,aa2ccf2ba092f203e7047b6b5b4c7e2bc52900fd00b68e498a6912cf798fe02c,888556ec0e5e5a69ec16a3fe4f6be311ea4085393ff5dad66eeccdffa8eba443
nonlinear,null,220,620661125,d5ee8b35e3fa19bb78de9099d075c2d63ffa9f523c293338d71a5566ecee857a,aaa9b6390d7c3aa1c6a46e2bdc29e4ff2f0b6ea5bd203a41b39290d33651df8f
nonlinear,null,221,620661126,248b48eb2f578ecfda9a701524d64f1874ab38fca9e65fd7aaed2d24d6197744,27d9127851ec5dffff26802e6cb236c913142153437beaa8f5a385fb6eef1fa6
nonlinear,null,222,620661127,3a8760c48c2ada08e4446aa748376780ddad65e778f9cbd003eb36550e8357d2,b17c71a78252ab6541649572b9797d7f281e3c2f412dd4cc0acb709146c9d05b
nonlinear,null,223,620661128,e142ca35e3e2403381ef84a133675beb7d425b91a8c2928347111ea0e538d268,e190f4536b7f49216375fe7687e3af224f04e346429cefe434086e27738b3d1c
nonlinear,null,224,620661129,9e5a5d723f8e485e8d911f446a1a070415304e3252c01bc44bd05f7a3c004abc,a9df7ba684e2f705e36d05e741b676a35f2cfdd02a915950f5e98b14a9325d1e
nonlinear,null,225,620661130,4db839737f477e196a67dab73bf676b14c7cc41eeb8169f9679003c20114f27f,629d42f0b7d4377bc2d60781b05f4da25c6343f7749da076a6abfd042666d9aa
nonlinear,null,226,620661131,c2a9c9f70df8295930ed623df8d2087cd60f5a42a0d701395058ea736e0c3f21,50c496949208b4ca188d32309efeca4ed0b92bd8e912feb4f87008acb25ad5c7
nonlinear,null,227,620661132,fb652e3c21798ea43d1d2da088212b147ba0e0008533c34dd7e4aa94a25a45c8,8c7b3cadcfd9f27e56c8578ea99ef7de06c14e1d646b1e7f0a1a0966c3d5d15b
nonlinear,null,228,620661133,aedc8e47b9b6f431ee9923a7c9158b655e1707667215fff085ef9b871c5512ef,62b717b4cdc59ef058df1e43b5fcd9c2d328c289fc9a52c3d1eb50f31a274589
nonlinear,null,229,620661134,bbd43a6add8a3b59363af673e7995cd90a31997480ff553b58c54a33ecd13530,eb3a19848830c9e494715710c13b7414cdfc310dee7e642d22ad18be262c2b3b
nonlinear,null,230,620661135,0f516168594803fa05aef748f33c548d0a003bab680af0d1dea0fffb646b077f,32a4bd93bf51d8dcb630d633b7344bf9fedb7a54ad3a16926876255c25a089c3
nonlinear,null,231,620661136,da21fab98d6e25401750a63c5b8227b64f97d425ab0153072e6410a10b05a0a9,c5be923cb1abc93c338c326a8ae1e850a86bb7cc32ecb092fe2674a5c751e59c
nonlinear,null,232,620661137,28e4b3f1ab8118e235f2dd6778b8f8de1cac1ed84e6ab127ee50ea244ebe86b4,81b923c55851ac86dcaaf1d980668945f0bc9ab7d763e050ebd068f78af87ca9
nonlinear,null,233,620661138,4d00baa50cf5488eace550da053ab6a438d9c35e2a8dd7b5187a6ed05e0db735,d70034b50ba6fc4165caac9d0132f79ccfbc4cb694db83bc9f5d5091ba4c24c8
nonlinear,null,234,620661139,e77182e63b0e2b286f77cac612aecfe88884b7728ef93aa977d52f695600ed9c,87f1fa7cfa43b143c2fa393e7487581690aae0f4608ecc6bf3b0abdbc2b6f37f
nonlinear,null,235,620661140,09af6ef50ac836ca06eb7fba600c48060e6d0106871fbc9c4162c9c07c5db17d,9c27baa2b99576bb73351a0e1b8a66bd154497a14dc6d66304c31724718bab85
nonlinear,null,236,620661141,44b6402b4e85800b8f6c2a7b9b5d67f10c44f696b11a068424ec861af7ba6c97,b08a645a7f47ba508e0e2d3d864cb63f4f7654c6a4282a3405b446f9ddcb27d1
nonlinear,null,237,620661142,2d347cd13884c7f80ea86b226b74a22184f681c2b78542c18e67b58c511b13ca,e2565ec7b8709413c8acd27a67d49bde0646824b5e215fde72e45d7eb81d2cdd
nonlinear,null,238,620661143,519e046ca8d371b123173713419a202f5a75b6856f7365228b32cc5d3355fc62,0af2abfb0df1568922bc7c3ec8aa2d960d7a535576a4e9a879dd6504c8f3de95
nonlinear,null,239,620661144,35e9f2fb2366f257e0df43fe4e77f8138273c54f9923f10a4e7aad83e5fae520,17bb75beae7c97b7f171bec448e58e48f061fc6559e983db1813d18d0bade98d
nonlinear,null,240,620661145,3125d759c471be21c88fc35db900b349b55aba66f2ac6af93bb8b947f74a3f2f,0a8f282b0e8717571bfca7a9fbe3f09a3f8c5c48c268a38d41570625375a9e87
nonlinear,null,241,620661146,e19998c3431f8ea24fadd24b9d8e69c80693e7066d6e2819064b3f90f66f929a,d801115557238f0cf5b5969cbd5eb1b8d9742fc662a629956fb7f635c14b935b
nonlinear,null,242,620661147,8153eabc13c85790744d994feb1e6a0fc4d2319468df48448ae640ad1f145258,1d2b86ba373e86450e57e62df52f49a1323a3d68b959d4dc3518821f09a4fa0f
nonlinear,null,243,620661148,777c32904c6a183a0308c9f96e5c8da4effef4f74d752e0dea4ff09c8d0c9bcc,0f6950ca9aae3f3bf7aa765bdbc1da689cb45cb2b132132b42a4381b354cb3f5
nonlinear,null,244,620661149,cd6467bdb7baa1c36c1241b1742bf0c09629c70b4489f4c2e63f685710d54c2c,0c2133a20ecb0c9e14d10d8a68344e82f18a31cfd43d0551518b895b8bb20359
nonlinear,null,245,620661150,dc4765e8f0add9032f2cfcec326eb6436cff40543143a02b809c2fd5438888d6,3bf1e83854af315f82625d9e66cfbd06e9c0e5c9dd8afe7ca34de965dabcd2d0
nonlinear,null,246,620661151,efdf9c718687abae49b250e8c73630d026b738d9e4a031bf66a3e7d8443d1739,07cbb9e7e9f3729f5d73d350bbc908fd60203be996b3276e3df32c54002deeb6
nonlinear,null,247,620661152,116016e946902adcda6232dba224d90a618f1e01df794c08cf5ed2edcc881bea,b265c99bfbfaca93a25c825aeead587dd785076cffe11322a320d20065e2c0eb
nonlinear,null,248,620661153,4df4dfa759908de00619550666768429ed6de768f757660eb28ea71d0b008211,a6002a5ca5699b09b702f58a7a694e2fb9ae51de4cb56ede6864220b6ed2783a
nonlinear,null,249,620661154,11220095f9229c892cd18c394fd99138e8cbbdc4be328721da7549ed178448c0,7674dd7b4860bc6eaa9f14bb5821186a2c994edce745202df2905b28379bc395
nonlinear,null,250,620661155,4e7272210701a9f902a7a6ed27f9948813b67fe1d7e7b9448735686a5a91f00a,5fcbc9a3c69ecf04db8fd6d8cd7e17cc89534ed21041c6e7802cc0edd2e15b24
nonlinear,null,251,620661156,fe3e473b7f6434fe0e0e4b2316afa1e06bc4bdc34d5dce194c1e999ae507a978,1dae391ceaf7a05c842741a25bb84fe45db6a9faedf86229ebd0812157f4343c
nonlinear,null,252,620661157,d357d7f25d6cbd7cb5149ef58aa8f7a1c9bef26a1519830938ba7ef9d7dd1e88,ccf7a26248bbd3406492a26dce58a037b1c012bc5b2b863ac2965eca21bcdee3
nonlinear,null,253,620661158,54f30191198d1600b88effafc34f62e09637ffc2f77ab0ca6fe9bfabf1b12ef5,f77c8d6acdfe3a6b24a8e7f6af10aff7146e66eee712a7a7950121f35957e130
nonlinear,null,254,620661159,b8920d8b17a0986fca207160728e5d6b0b12b85353cf7d5b572a331e6a75edaf,f323f48ebf32c0374adbba8af4772c6d5d31a230166ce3adfb3b13cfa6d86213
nonlinear,null,255,620661160,6c58e3d5ed134f0b27cfb63ebf723308b2cdf0981d1b9545632b0fc9f61d3bd1,dda38fea5be850fa69069f27d8e8ed2971998b74bfdf98297f92eb5e1bec32e0
nonlinear,null,256,620661161,584fefcbee54b9726d8afb46d0da0380df4204cd8b51fc8bad8502b7a3b67afa,049202bd5020f71e31070dbc2597dbdec58ec772297c342c01eaa75d8e523828
nonlinear,null,257,620661162,80702f302e0f9b3c711b31045a3fb176b67bd16aa2feb250b758299c43149b4f,49f8b9b39f69c8ece165694afdbd416967a9f5a9071a52c5a58103ba9120a672
nonlinear,null,258,620661163,f6d0bbf50e9d946b76bbe5a85c62a9ee2693ea01ed0c2031589cc1eb4b58caac,3c6cc1d81047cc91cb2cc4f4bda1504f1c681a1591eb1e2ee9af4b044837607a
nonlinear,null,259,620661164,3b77d4c860de613a385b9b64541c774c3b3450591975dd5e2df74171be9817a5,1264c660002acd50225a329d50072246e5b79c18a035beac2cfa74e63c77e328
nonlinear,null,260,620661165,fc199ce77cf54fd1c2281ca8128c6ef5b7b8fba1bfbae6e54ddb643cf8cabddb,dbcdd482d550dfb384b69da4b7682f17b4c57d091b349f0b392a741e8603832e
nonlinear,null,261,620661166,a25b8b91f081f76718682aca4c978c51fbcef0035e5d3d68a462036d048f4e3b,f01eccadae313b9d885659d9a75fd647d717eb5a9e1ede5349b4444134f4ecf4
nonlinear,null,262,620661167,e66595825026422fea9ec33ff9d56c0c77d6655beb6645c0807844e9af6c7fbf,677c3d6754e4c23b3328e2bfaab0de5f0eabd61b8e8b0f5a909cfc38b1acc0ec
nonlinear,null,263,620661168,115351fbf16a752780c8d21d2d7315e92855fd73ab94be0caf10112ff3c8a999,bf8c6a80fa367950481edb6260b062cd46d9f71180761fac3ac82fe2ae4fc799
nonlinear,null,264,620661169,8efffb4dfe790e283ea947f41ecf791c0fd0f5e6e0acb5e82a7e4ee40d32edcd,13de30f3fda03d700ea15b7e1dc5454e03d48bda8ba06d163865206ca82ddf14
nonlinear,null,265,620661170,37fa590019b89ab03aa9ba7de5c43fb28b6b4703ddfae8f9887a3d5c91cfea4c,fbce81ddb1f72c75308b497bdb961fb5479bb876b10b948fe5bac9133f95629e
nonlinear,null,266,620661171,e32314e01307d2eb26a3ef2759dea4aee0666f8b6b5c9a4a0f7963de50773984,2288709d4abd42d7152e8fdc59e2a3cbac612241285f5b64de929a02bacce886
nonlinear,null,267,620661172,ecc88d7730ad174bc4eca7084a01db6ee0d4a0462b3adcdbcda0efced31f9f33,8e167a3ccdf15919740991369cca663f4607e87a3e55b870f8aff22cbaa05776
nonlinear,null,268,620661173,16af9ccb631943e4842fbdfbdca5d502d469b7e1f4a206418d459dd6442c6f9f,d6e45c0153718b8aea3b4f59c5cb9b67c7560d48889941f2f92f5e3d7d60a18d
nonlinear,null,269,620661174,a922fb329d520e652096af016fa229bd2ef513072c5beb9f98eb38be28b767b5,6eca5b174defece5d13d8846a7b492b29c38fdb257e8ace0a9571e67652b1469
nonlinear,null,270,620661175,9d5b36e12adac7fbb4fbbb7830319b70df63dfdb1ac60dc024875b21b440bde6,4a318631632915ed3465c61875b4c9cf1091d34dc16a68f1060d5f457f8a6f4f
nonlinear,null,271,620661176,79c2f6c2917ead3deaf76e08cb50aef0e1d20463a016ab6b09561b8e4db0d439,e524b925d6dd82c172679acf801476d4e52d47afb02afd49dc721c669e988ca7
nonlinear,null,272,620661177,51ae048c4a750507b3564da376320b94d4354a9e840ce654f305d16341b26b35,e696968fd2d92fd42636faaeb179e344e7c7f2f09050a396e368fb5f4f4f2bfd
nonlinear,null,273,620661178,3293c333940835ad6a646e5df89ed3c1c8872890868429f604d004df6b31fdd7,31a04688da222c3248f062bf771fee454614585a7a80c3e1c4c956776818874a
nonlinear,null,274,620661179,af9343d188655b1f860340e323f68f0168051af591c12a131861a28f06c01eb0,eceb4818366e766fd13f49e8a1858f9d4e3ecedcf38859b54ec0663fc7b6871c
nonlinear,null,275,620661180,fe4d632c352565847cd201cfc551da266bfbcc57dade925f36ea2b0c52f3d36e,68fa69ebba537e9a7564c5c66cfd8089d377337bda98ea865f569f482599b7b8
nonlinear,null,276,620661181,dc80fd64889a8637a988a24569e05eb885ed262578df68afd146a5493d8321ed,cdf1f2ba6ad55fc3feb6f7713331f276e3a2099e0ec72df8ed5bec8710c7076b
nonlinear,null,277,620661182,898f6858c72dc74fb95543a7cafdc51529fb9766f2fbf3a3351b3cc4393bd681,641548db0a9b61a0e57d2d29ed4a86d8988403fb01b926ea38d1d200b79daf49
nonlinear,null,278,620661183,cdd5b9c3c8d851900a19ed87210a07c373029f26b8e4b4a9847324834dc20208,ef998b07bcd34dfe55511d45dd3440a4266e17d1f4897f211c0f922afd3d9394
nonlinear,null,279,620661184,73fc98e7bb8e337ab905bb42a3a2e6c3475364bf60f957c2d5c6685e1289fd46,3e64776311c4d3f7f64f6b757de57f1b5dd1cad11c647a7641bd5e8442bb0906
nonlinear,null,280,620661185,1ba75e51a3ee53db290660c1a79dbba9d22a2abca3d7b029bd2f93cb7bfe57ee,e9fa07ab5546056c3c2cdf8132fbf811d7a2b71608ba04b018300ccf9cd0e3b5
nonlinear,null,281,620661186,b75995e698f42c15f827f3604f321c3b200b4b1175cdf7709f1d2a85cdc83b8f,6ea986f840a8f4dc41e3530652790538f54ecb206d96fc66e64569d987e3ac48
nonlinear,null,282,620661187,97f164b3d6a9ae5c1caf79731e213d404e84b29688858fdd163a0ae82b1eae5c,0a6502582808bbc055f0a5b3fd72a33058aad5172c0d8a55fcdf48d42be781c3
nonlinear,null,283,620661188,4fcd8f63912ed765333774c2d1f08510c64bf0f22495471c645156def8e5389a,c4c302547f8be7ca6da8ff532ae134279b001d94f1dc1a28c9c35c4b4cbfc1ac
nonlinear,null,284,620661189,192e3a74cb9c7480f87188d394026e0308f6d382b16f85e20ece116bf1944089,c8d4c85163af22c515e556fe36623e11d12beb54f3b5966bf022f2ccc869ca97
nonlinear,null,285,620661190,8b5717fc6fdcdf47e0b3e9c1fb4f04369d982cd302598c5819abba9276ba6a60,c66ea22c35f927a7edb66ec5ff84f22fd5a12f3bcdab2bffcb367d17318f799d
nonlinear,null,286,620661191,8d96658ad568537030a30ccfdd3de3a275408ea493e95eb61275a61e7559f994,a86ca9911e45e134e7071f8a411826cd898d3284119d31eb826d1af4c05ff9b3
nonlinear,null,287,620661192,b5a4b3343dc44df535807ef6885023b75f341b0ba07caffd4c6aa0d27489ffce,b237cf1b41f9be41650c75910f5ae508bc2407622c0616ec9b03fe659b5a8e9b
nonlinear,null,288,620661193,5498fd4a1250cbe6477070c4917b90fd22e5061cc75c467341e3133c20e55ab1,b730475af213644394f1faf534fef5f2180a4239a6aa53d6868a79f03ad62d8d
nonlinear,null,289,620661194,74acd7ef009fcd752c92e57b2b62149f3db508bb36e7b4cfcf03f5ea921c34f9,b4ccd60ef27a1a15ea7f5d407d3536595636540705d6ab845b91017e2704815d
nonlinear,null,290,620661195,51b861bac4b25d494817f94493f2c32260f2efde66dec566762893caa3d1e39b,5b1a52c155af49721a15b297f258a7f4561432f80aff96218d567b1ec8b4679a
nonlinear,null,291,620661196,6d580768ff53c62ff46e48fcaefbfb11178bb27a742138e41d31fcecd415daf9,34520e5bbb096345523b355266d3f4ab6795f4dd1e6dc278da770ec77981e205
nonlinear,null,292,620661197,4febe65fbdc9b150fbbc8a84735d3ebcedc38d7c486331fa5bcf032d4fa58539,0fee6cbaac0f982aba98bf6a155675d10113c9fb9900b4fc8ba749a2c8ddd4d6
nonlinear,null,293,620661198,6380ec1901a29ac9ad109ed173378d7e53cf73d8c33cbead4af526ed6de887f6,5cb4be87f1d2e6b913696689bf2384abb2c67e95c0ac0797734b397f03eabcb0
nonlinear,null,294,620661199,5a6000d97fb954ffd3101c4b683e0fc15604bde6686ee2360dbd39372495bc2c,53f7ff5acd21b59042407a61c1b070b1f64c059e5c88f3f306d05164a004deba
nonlinear,null,295,620661200,7a06d9047f91739535428e27eff0d3f43b040874bd4e848e93cd7dd7fbbd10cf,3a8569502ac57e060f999b0fb8af1ea41dfb20645b6a5f15b582d1bd195d268e
nonlinear,null,296,620661201,d8b8d397390aea94a7958b38a8de9c2868e6803f1b03c35e6707c8afac8f65e9,8a4afaab7aeee7cea06a243bc1523547e820a4c4eba499c1cec15e6f4ff17a14
nonlinear,null,297,620661202,05f4f1f6c892bc321c57a0862637b0d69b4ca7152048cec5d7a0d201e1709e57,c905cdd4c7318d05a83ee8496922fc38a73a32608e8ba3dc95b42c1210b2c6bd
nonlinear,null,298,620661203,728eda5ddc8152e33c7d132f848f44cd55ce655ce74f7a1f78ec0fe8b90cd78a,ae5346193a1ef85d4730a97deaaf83ead0226007dc8dbbadde06c3e4103a3cd9
nonlinear,null,299,620661204,d41c8a96bae70dcb119ca9701603f17e3ac0eae4b1c6c511e01679a9b79375a8,d52e9048494781f782c7d2ddb28cbe7915e207deb7a14d7cdf2b949e0b9ee282
nonlinear,positive_covariance,0,620760905,b12c6d0c92e2b2457ebac9466b1cbf37405c12e1d14510da9b967ab1a7c0a243,6b4ea361563eb5c75f65f929e1d58c19e6c3c543eb2f8a48f876f36d02be3391
nonlinear,positive_covariance,1,620760906,1e69126d42691b4d0347ce0dfb1d51af90624def3654dddc11f104743a716b12,ff58f3ccd7ffe8fd636983f875150e9f68d0351303ba60ced8012e40a62dcc12
nonlinear,positive_covariance,2,620760907,beb3793ad991f514f9c1b402cbf65cbd5090e61bc15f187ce942e636e6c8f6ad,4f6780503f01edfd05e209ac5f3662edaa3406c4ff5a27bad282a0620e7b61cd
nonlinear,positive_covariance,3,620760908,0c6d0754e618b6b5aa606b95088b5fcd01df10a161ad3202c6e42f5e44aef11d,cc5300fdf42f06158fe2ec5aed9d6989dec8ae50d3bc868a95135fcd78b4386c
nonlinear,positive_covariance,4,620760909,620215b3b26fca4a767518d9bbc0decdab38b5cc2ccd7bbb809071b4e7b9cf2b,bb74b2fd5e3f95269976e989471bad362390ddf70bc3fee3f50f0b88cb9d3440
nonlinear,positive_covariance,5,620760910,42f8f775848af41212ed2df45e42cfc8bbe9c0c30552ab88d79262ccf1d71bac,ae6a2701933df6e2823ddc56274774d2f4414af8100722c831c57151896e0e7c
nonlinear,positive_covariance,6,620760911,3f60fa5dbb4429577c8c302de7ecd7c97609047778e8d4f225b5f148bad0ea2d,6e95bd23643420bea5b7db790fc3ce9e7e9f19a353de56687ae32ffce11b017d
nonlinear,positive_covariance,7,620760912,a295fa0b4251f590fa05f63a2e4d5c0deba89a0d7e75682a7106d6e6a66fb4cb,d06d33adc03e69d7c8509692524fb2373d06d4f79fb3923034269bfc68d72808
nonlinear,positive_covariance,8,620760913,f2e28bc5975e17b1a2c76976ec18d34452605a149078951f90e776ccb6d01cb7,1d45f790ba90121720ba553609e99cff91c888eeea82ba44487cb81eaba52e05
nonlinear,positive_covariance,9,620760914,971bbdfddf4d8a785b65c014a2c85f16f5556d929b629c37877ea370c72effe1,6a10167d9f258efa21b8edb71229810baa33a25cc642233b1f319f28dc6bd28c
nonlinear,positive_covariance,10,620760915,9793a3989a2634f7824952ac980926d7bbb2f39bc611b7bedfd29ec79b49b651,245f464aec8f32e135c861c0a4e9f65d64eee16bc531ed7fe1447fb248c58f07
nonlinear,positive_covariance,11,620760916,29589ce85b5a5606914e74c9825b4e5c9399619c4c66d2b030c7ba6ff5394491,992c80be84a9de402d01de959796136b2de96d23245728f5bcd43c4ec342929d
nonlinear,positive_covariance,12,620760917,eac60d89cef27b1c152f942a2575a6576895f968041006d43d9cbc6568da7d35,8fbbfef68d4ca28fd05f3149cef7801113c6261bdf7bb04816c69c6fb98e5896
nonlinear,positive_covariance,13,620760918,3dc80cda28844ebf35331845e9d85aa270ea54489f767ddb5ea0a29798387e57,cd9c116027de0d4b56d7c6582ae14d4959ae9b8c1676c5371eceb528140da27b
nonlinear,positive_covariance,14,620760919,8d84190dc3dba6359b26ad2ab68c7d2e7b0d06bc122fba298fd7a128bcb37e52,5f26554f8725e41ec17e34a043754c69bee1ef01b2cdaff2a24377f6e67195e2
nonlinear,positive_covariance,15,620760920,1e20fbb511fddcadbc75aab0561baabb4a3c81cf529fd99183346bb04115d1c6,1551565067600dde96b0e9a17aa978880b29eb05222bda0a4a3338e0c939f522
nonlinear,positive_covariance,16,620760921,0d3d5c7417ff422be74b77d9b898810900b67186a418ebe6f9451cdb743616e3,36d9941bf662a98ad8aa3c146eed6a50197a3737ea021c9a98566575f5c41acd
nonlinear,positive_covariance,17,620760922,a71aabb3bdb4406c72b610c3a1ae47373c97eea666055e41843d48893d35fad6,99105723e71a4633e0caa44b61ea6a4e64b7bcdf4d3f6a0e604c0e44762a404e
nonlinear,positive_covariance,18,620760923,11749a3a00757b36b8df259e1b05c0df70f4d3d43132537160942e4f43a0731e,a1fba4c86acdd66ff79c1a9de3dd20ad39dfdeaa07598fde033b3f659d98a2a3
nonlinear,positive_covariance,19,620760924,e4e31a4d7fd50eff19cd114e27d95a707875fc5f980dc452d55659792fd64e64,7b88e93719ae158af46ea9a2a790a7ac9c044af3c706215bf7a93bfb7884f413
nonlinear,positive_covariance,20,620760925,990b6475a5771ab79264a542f4f41f8d0c1286c6fd803e704e4b6f6a2406093d,a0db1d981d79e593a6bf4e5d470c843d47def8bcb4e4fb98458cb56cec3ca2eb
nonlinear,positive_covariance,21,620760926,67fecacc4e6d6941995285ba20e40fa2e5260c3514e0bf6e969104c09f6f2522,fcd008c6692fbf992b32cf525fb962b31684ad62aa8dccd71b272ef6f7ecab34
nonlinear,positive_covariance,22,620760927,44e40176c1afcbcf033daa0a278eb268424a9fca89af63cf4acc57c6d771e2de,505e517d05f87b4d4e97f75cdba6ac64e5716ee7695b14e7bc1b9ce2862aa231
nonlinear,positive_covariance,23,620760928,3c8099d89ca14d38ca804e7cc4a6e6cd4a7039cc772c8a10b54e4302cfd4f88e,b60dcfa132f3aa729024c4cacbfe2e807b0ae0d24fcb6a4fd21dfef58184eb84
nonlinear,positive_covariance,24,620760929,bc85e121be7b50880c2f3067b3a694e9419893c0a9d464b7e45b878e8c9c2a66,8c4a6439d352d8d23a19c392fdc2d924dee71bb633cc90da789263b3afa09aac
nonlinear,positive_covariance,25,620760930,e2eb7783d5deead1b98f3cdcf5e19da8d3cd4e9e374cde23ffddcf45577f89fa,a1a437b287ea9b8d913a557011b3f3d28850b89183270879fca353317c189163
nonlinear,positive_covariance,26,620760931,074f8123269fdcda6fdd275ca2ab6437b2456fdc75b72561426721dd8d242d6f,441648fb90dd738c27a07d50c4973b6ccc276e8c6e851d8b4624766e8490d3a0
nonlinear,positive_covariance,27,620760932,a587a4968c2fa612c52179f23241d492527e9caa286cae341ba1b4a9a48a700f,d024ff7498d51c56b58fe3911fa958004b1d6a56ca6b283246ec9bd621900e99
nonlinear,positive_covariance,28,620760933,9ea8de1daf1ee4685373113d0be5f87da1520e1cc4008f65050f562515edb4d9,d118c72d9d3b1a44700fb1740cf41935610b7a44be501862e30912557513706a
nonlinear,positive_covariance,29,620760934,959684588b400c026bac59afe84874be373b4b74396e4cf475890ad490d5902d,a2111756b0342cf11257f4f710e5047ac19d0969ac2d72ef802f46e8079802b0
nonlinear,positive_covariance,30,620760935,4c0826e292e3a4d9fcee288a5057467488f7c90080f31194e39a3cd3eb1471c1,a0f957d30791d1e596567d42bb54bdd6f2ac1961bb151e5871300b994c9a125e
nonlinear,positive_covariance,31,620760936,06fb6dd648593ccb059ddca832975144bcf7cbb7f0bd6dcb02809792d92b8a58,f7484761a1bb04dbfd128130a2078ca20f2717ae99c3a04d33859b40548a3570
nonlinear,positive_covariance,32,620760937,2639698ec2d201454175a53bcfd1f7e5cf219ce1ecfe3d1b958da055c8aefc66,26b27f7c454636b2db8195f1d9e543b8fcd0bb573c6b0f3e009343834de32dce
nonlinear,positive_covariance,33,620760938,89d88cd8ec03f210b77901189e8886a6a32a8085cb97f61f83a5c2d754af1b11,12b03628d64770c1539cc46b80e8e769439022fe0a2645b0ea94e524f3bb4953
nonlinear,positive_covariance,34,620760939,5c49377311f978c7fbc2f4eefe93122407001a871ad620f5a0cecd52544e5e77,663e55f8a3b9fc6dd3926ad0b860e51ec512db9dd9e8907b4c1b1a8041e69b28
nonlinear,positive_covariance,35,620760940,1b78e885c39b3d03db153916e89239c4c8326ffe0b2b91706539c1a4652f730e,f675d7296e09eb7ab6f071abd00ba1953311f445c93d6165f20a099b4ad98b68
nonlinear,positive_covariance,36,620760941,299c4715c7c59150c8229819c8087a94ff6a3689a4ce777c698b128881dd8c1b,4cff6db3902fa9bbea92e8bd3e2324ddf85767dcb4be5ff557724021006af8b7
nonlinear,positive_covariance,37,620760942,e885e46dda9c86229c5cb94322919e2c6eb753014d62dd6b724af244ea60774a,14eef395f8ca17a32b996a0cff2246de5e74670f0af05d73fdc7dcba368533bb
nonlinear,positive_covariance,38,620760943,e62c339f2f23dc365689f32147e6cdb198837c1de60dca6487960c926837955b,14596eb1299a227197db921796862e25d39c3b174b29181d69eaec3bd03677f2
nonlinear,positive_covariance,39,620760944,e9b58fcbad9fd9bcc37830b0bf2a8cfa9e0ec2eee26a29c00fc9b496752847c5,92dc0b0806c8144bbe6d6c0e90498b0dcd240e5347b0f9240180c179becd02a6
nonlinear,positive_covariance,40,620760945,78b7c5199981939fba6a8cabf8e084896c19d413b7435812ec11e25abf303bd1,a3a6f115122559507e0d29afcb224ea6fc50792d7b81a0f5e42fbcd5adde3072
nonlinear,positive_covariance,41,620760946,604ea17b52e09d6d5c79da031111d9f2afacaf28a1d0e5fee4c1502329a890f3,a0c2e18bf8af4c44b52ac3b44ee7aa19c4bccf90b85408a501d3ac1e150df2b4
nonlinear,positive_covariance,42,620760947,d0cf6852f8defc35a38cb040afeba92e2bb219288ee00f3db832d60a976a3001,35782071b2a40bddc06c3dfb08687c9eb08dc322237e75463a2c9c4d9ca10307
nonlinear,positive_covariance,43,620760948,b29e2221bb41357b93ba8f5ba0df4acd4f96401c9f802af8e4f6ca753326d2e7,6302e1a2a8c26d7f9e8fdf29f695facc67c1a0464215972fff130e5dc29b3cda
nonlinear,positive_covariance,44,620760949,b342f14cb14688813789221e9fd33bcc38b1bc03247385cb27e30ab7d0be2055,a6283fed2e6aedc5a9698433f982e4e4a2879b10d16a8fbf7af189ec8bdf38fa
nonlinear,positive_covariance,45,620760950,187bc6885a316569f4d8b53471ad25b9362d67ce09696402ffbbbf7e7c74d7dc,e501348a1bde2efdda42e52a0c2550b9c5f517d6cfb2d5f9ddec55ce57f43da4
nonlinear,positive_covariance,46,620760951,371d871732f70bbccf9b6425f8232c8cc7f5d505db58198b77aa1fbc9b19dc8e,3c0e27f89921752613b5907cb65a216639276884a8785c89f508d588e2127270
nonlinear,positive_covariance,47,620760952,ef4973abf180b49fc58ca7cb78d55c36fc1f809e11bccf259c029f1b1430ca9d,72174810add049c13b957d8320ad0c15e14f19b9e7d5ba720bb552ea36ab2fb4
nonlinear,positive_covariance,48,620760953,4f7e74b58d2628beb463f3a0b912eaa5eae4a2fdf0ff052c67882b300ff23e6f,44358a1dc96ede3e2b7ec54a8074773b33158ce1252b60c69f335db78251fef3
nonlinear,positive_covariance,49,620760954,14f825227bb97c81b60b266380fe05d000e69b2766ca430e78fcb5cae53ec1f4,c90cdbb8dbced0e267874de41029fe5310bae730cf936bd1ff1770860b7b575d
nonlinear,positive_covariance,50,620760955,a8913e37f49876a26795c225049ec82fb496e449de00ecae35fa161062822471,b272f0880233f96491a7b33f041fee46a5d313ba6fbf2533376a3ca910fa415b
nonlinear,positive_covariance,51,620760956,5275c9b27f7ef63d46484d4b2705f61d9c8d2971b324c74f53ca1c139ca7433b,87f7c8a22f98583c4695d506f7d07dc74e9b63279f1e957e81a41a703d2edfad
nonlinear,positive_covariance,52,620760957,d15cc2fc321408ae85eb20b8ef2cc7ca966bd4d200c0538d3d25fd978660551a,0290c591e2ea0cb5d111375b9e61d24e3f467cbbd8e61a4deb2fddb65c8263c6
nonlinear,positive_covariance,53,620760958,c50b60eb417f52d0346e8484ac02126fd7d049f39cea41d2b95f0c160d709999,aed291a3d05476f0428102782bc745c00b7a4a8055add5792961b4fff6cccadb
nonlinear,positive_covariance,54,620760959,46aa5aa7ad97bb35bf27ab900eed2772a440fe880100abea3131aa5b544f9379,58b04ada692b9b31e11067e4e09653b90395193cb23b8a689d9878a2b20f255c
nonlinear,positive_covariance,55,620760960,e77b3fa05770cc6d2c585043ca9b1df292f351904576a82193a593e55d265389,56941495c503fd2a5c3be1f84f9a90f6cb7d671b108c831fd2b779fa242168a0
nonlinear,positive_covariance,56,620760961,492bc31ac7c4e9e5440b5fe03c85ddbd2755ce3ef61bc372aff1a7e6e9b2b9ea,bae160e9e5ec44dfae9d0437eaa16eb3d7702e92829aa6b43be51d708d517f71
nonlinear,positive_covariance,57,620760962,99240aa87c23e30eeb04747b5d007857ff521e3bb67d6263e53e44c80ef2b356,83f675c2a9bb6376cc9dc818f148ba50b2cdf8a60987b810cdab8d2ddcc00dca
nonlinear,positive_covariance,58,620760963,02b100850095a04991bda3eee545e65d4558882e8fcdb51f9ca3b8cee98d1189,6954a4d550e28291f0dbdc561df44301064ca7d6334b94db229dd7a385743087
nonlinear,positive_covariance,59,620760964,2dd781dcac920cac959234ed23e818133c0ec2da4f9683798546245e6db82b4c,c79fd7a2b714f05dc5813417b406ac9fa215eedac89c5ad9f01bb8894c9476ce
nonlinear,positive_covariance,60,620760965,08f51399685d33340f14cbeef548c28df31ce4af1641739218f03a17b8220751,dada1ea356e826c6c73e9ff768eafa001a789b7e1c2d05811489ddfd351d342a
nonlinear,positive_covariance,61,620760966,d04b236abffd451f5df74d450812fa87498d8b2ee7f6e733c23109e07c767f61,9a3c6496d6609657bdfe6c5b913458ed1edca40381fb3c6e244aa936eb1a4b76
nonlinear,positive_covariance,62,620760967,8c566d92b1203f36489d17d440ef64aa62581a37eed1df10c400afe1c019fc18,686343966005081920243954b5113f65258b1ce3aaee2f3db346913af8643182
nonlinear,positive_covariance,63,620760968,884db07c565fe178ab0fc584e6c4e62033aea765f48c7b86828266eefd1a31ce,2614cc88eef75768ad5b60811333dd8f41bbf67ba29a64279c61fe82c6ab03b3
nonlinear,positive_covariance,64,620760969,20eb4009016816f6b3cbd8b50b9b42f6f93b5a327a5dd0a0a38ef3d5685a7718,0210b96489c290c3747db19dbe8e05ad4eed508d84da4660e831345574e21166
nonlinear,positive_covariance,65,620760970,652c4c8cf66a72c52cb4a9b3fddae4e9a46ef6c7c6e7edf024651a99f66884eb,3d615d8d05d33d53e353dbc153f0e6e7e65a1e4b7c07fd2b7cd905c3b3df72a4
nonlinear,positive_covariance,66,620760971,247788e888997be10b43c39be3f814883fd96eb3c35693264195a541e38a366e,81790c599b5fb280f828f945621bc18ed9005aa27dd7757cf6fe19b27d466875
nonlinear,positive_covariance,67,620760972,bdb819608c9ef4aa01de3134c7cd577fad91351b4aaf4ee38101b7737b81c90e,146b70d15d7837780ba557a00df93a10d8daa26f9e38e2fdaab6b764af72486a
nonlinear,positive_covariance,68,620760973,f62f306178bec74c5b3d28420bd62e08ff4fac92866ce9c2db25863160be715f,a02e3a310098605a7b2020092384b6a88044b8ef8b64d7626c8a60d00f3da2dc
nonlinear,positive_covariance,69,620760974,251a34d569acbde819330a9c58d987635f510972eca32b1681a43641b1c2041d,5a7d4f7cd50de570ea494151da16d75e9c4568faa40ad63e89967ff124fff1d4
nonlinear,positive_covariance,70,620760975,a5ac88cb800f0adda19a1f488a40581515f8b3b33f4e5b75bf3175d0969c20a6,2bc0d4089d6029ff8e0df33ba1d588087077bbdbf80eb7925dbe3716538ae060
nonlinear,positive_covariance,71,620760976,6a2413a17885836ca21dfdc0322fc8e96e75664ef2fe18a43c8626d3bc85f71f,c4e0b820b774ca6971373bb6d93a5af50306c2bcae03a066fe36f80b0d5b50f8
nonlinear,positive_covariance,72,620760977,1798297437a678e51972360c122d29edefc7c569bd89ba7e72ee0a171f6a3c2e,a284b461859cb7d6453a519347584c56d95e192e5ffa7b4b2f998a2e4997dca6
nonlinear,positive_covariance,73,620760978,12df545f19f82bf185a2e673634724ea3677e1f837f37e304df83a6fcb0dc0b0,3d83d7b90040e74dad9c1bebc2e09db39ab671f07d4be4c6d5bad5a5309887c0
nonlinear,positive_covariance,74,620760979,4c4e0b89453662db4ceb9d172d2205e720777d9d31f73c5009947b076855f2ff,6c7d2e5ad4849c44c0ec50f12dfcf9294f5ff1dfcb11bac5243c13a14d584668
nonlinear,positive_covariance,75,620760980,d0b2ae88008a2a67905346ddf01723ae225ae4295b965e59fd066914aca0fd91,5a90ee0e752c347810f5c81d4e507f7bbde4e39b5c4cfc4d7b6526c537f19ce8
nonlinear,positive_covariance,76,620760981,1c50564f7ae059ef36b8ab7a21179bbdaa8b258d5e7503c63264299e5010b4b1,698f5ab9ccfe508cfc9cedcf552fa4a348aa0d883310b3ee19e87df0d87ae52a
nonlinear,positive_covariance,77,620760982,6ae6dc8f4c6ce3ca422bdd5db3714bce5065672cd73357b1c954f007d431f9de,aaa7bec69953aec2a80136208b4c4a3edbe782fb556291acc1c42cca20a9fd6e
nonlinear,positive_covariance,78,620760983,f2ff2486bcca4c295c3df54781d5e046e52834e2b3fc8ca8be524c91d36de473,42fb21cef86c9dcc99f72d973c316e543e98b5afe758d164de7674bbfd67151b
nonlinear,positive_covariance,79,620760984,79dde85b48326f9a38556fd2be8258a0240984bd55f896da6ffe5ced08d46798,07f95dad88842ecac8750a822005710f7c6f5bd7e926db4cc089c09a733a217d
nonlinear,positive_covariance,80,620760985,f79ad93573ff5deb171877151bfa0b8d00a8d74576e7ff5f7163aaa27ae00bac,e3182a0536947856bf26701446f8ff059b9b8e80d168ca0777a565ae993e5e5b
nonlinear,positive_covariance,81,620760986,1f56da7c5295a883b8b22ecfadc62ea99b408105dbb37e199e09e3bca44fc48a,c5ae0c00c8befb751345f619dfd83ec2c7a0427984bb15ca222146cc1f1a4234
nonlinear,positive_covariance,82,620760987,7457a45b324c20085c1211fdc48750e7cedad6400bf0833e4b9fc118bbe85d48,2fe31af96219e87d29773230b257b1b1cf528785f18be293251496386484d657
nonlinear,positive_covariance,83,620760988,1423f124ab5bb609d63d74b225137a6c42b73b9d240d7bd9d88a822d76112f28,babcdc1e7a1ee21a5074fc689c8d515c91efc77527ce0d5a7608062a57d03f52
nonlinear,positive_covariance,84,620760989,196d148da23f067b94d0294a9a6d6efce5365229eec836e3ade871a504481cfb,8fb0bb13f89f97e3a8a1751554c475463a5750e7d005eae84419aedec40baf50
nonlinear,positive_covariance,85,620760990,b98480bd6780a3d6fc7d999aa73a6dbf636ed098517df8b4f74aebba9296c8a2,92227ff778a04d505fc4ecefe37e3c0c991e45bbe34af4ed20641a05641b3858
nonlinear,positive_covariance,86,620760991,6e3a92f09a386fbbc5ccd1671de45e73a284c3bc8e6b7d9343cb9609012aeef7,bd5ce22b7167ed39eea967762c03a27ca52614c2ff0482e2d81c75fcb33a7d25
nonlinear,positive_covariance,87,620760992,2f4c6edcc391fa9a0616c6aead807494335e75f649c0b99c4763d342020f6a7a,68c2cf82d15ec41748548d774ce056c8843921a65d9112bb97baa0f0aecdebaf
nonlinear,positive_covariance,88,620760993,81e391ff227cb0df84fb6fa7786733665dba0b1cb97d36133d08fe67855e6666,8062e95c23be7332296c99e5a45216e5517f53520c9c9c44e7c4501daa330b29
nonlinear,positive_covariance,89,620760994,988f004e5eec8845c1dbddffe12be85794c763097d83b148f932f23374ca3d4d,eb67f8bfec2033ce2035a0dcd506c7385b4623e14a7502ccd3f076e3fbd3b0b2
nonlinear,positive_covariance,90,620760995,2ea021b468fafbb531acca8dee122c7be94ee1997ff8a790c39007cafc78268c,4de6c32f0e2afeb8e8d8f15bfe7d1b87492ab25402307a84635b4a1735cacaaf
nonlinear,positive_covariance,91,620760996,2f4a723a71d6cb9de4c74df7dadc833d25dcf4ca826575cb2a24770b4e3fb13b,ac43721177dba3533e8cdf1c4f6551a364a0acaa6a5ccf42f4d2fd63d07ea4a1
nonlinear,positive_covariance,92,620760997,e80ed5c4ba50ec20ac1b983109bae88bbcf87f3a86cf9ded82e1897d7c2949bd,d9491b9395154352dfa08ed69c078cfde9c1c8158f59fa71b8c59964f234e693
nonlinear,positive_covariance,93,620760998,ec2c1115782e6132c2d68f412fd54c8922c6f54e336b969326dbaa87b42cd6a3,92aca7558b9cf4dab166b4ffff847ddcc02435b64e0dfc4d65aed6c39450a7e2
nonlinear,positive_covariance,94,620760999,d0d786ab4a4eb20c3e48da9b85e0fa0386296252b278a60b897605ce714bf448,837c83c156bc67f6de4d34610346ba74f93aa3593493c0cf88a36568c728bc4d
nonlinear,positive_covariance,95,620761000,61cb9dba6486f7c8974ee07bd9f429dfcaa69a0aa080e9c4bacea7f6dd635ea1,4ab9ece3f17dd48b1dcaf20a1e78664b3a171c108b3b295dc32a6a9bc8e6a22e
nonlinear,positive_covariance,96,620761001,f195a2947f87d376a0bcf6e7d719d733cde950d763889e5feb098b11146560b3,1596f4aed4d1c83ad305246acb1b3d47baf4b1b302ca01e7d2f2f76880b1554d
nonlinear,positive_covariance,97,620761002,85d7a328a27ee96d74b86480c38699259c03362fb63f2f9a3a6baa1ac4850b8a,1e0ade7a7f243a656fbb34d8d221ab39fc4c369597ca3b8a8d986c2017181299
nonlinear,positive_covariance,98,620761003,a810c0c2f92d817206fe31670bfc3d2c2649cabd6ea3d35052865640d39b4e0a,0fe56a4caa78499c43429d2d6cb971fd29a95f86bd690f30a315603819e8f7e8
nonlinear,positive_covariance,99,620761004,535e302633ba9c61e804406e73547d4e300e219c8fe85a8ccdb1c3370cffa69f,f94b4f2035b23f33618cd3b4d6a5f68f6db0ea602b5b280122a7e0390cbe7999
nonlinear,positive_covariance,100,620761005,ef24fa673ba65f7f4b2e622c9ed4ab8785a8ef82dd758df1483822e91e017ee9,e1e9747060376b8419764290004c1dfa149232013709c0a436f48a3640963cd8
nonlinear,positive_covariance,101,620761006,931ebf3f51dddf926c094b8bf9f657b42ed88aa256616cc4d962c44f8f9ee43f,1face2e0c693c92bdf070b748bcb7bb6c24511c946fd8320516e6e84d9251f0f
nonlinear,positive_covariance,102,620761007,a7816ee7309f2df961fb70c4eb1674cd91974582630e799aff56593b7440c4c3,3c620fb8f6f23e840e4b0b847c4458514b9d09ac0adbd3ab1b8d23d1681c7568
nonlinear,positive_covariance,103,620761008,c6480a03f6cc655db5a2b6e55929fe05ac74a40ca7498e05b78e6ff0b71f9fff,66e5d450b26661dfa785e27de5372e42bb7ff06a698e12d18252ae3ce3a8d8f8
nonlinear,positive_covariance,104,620761009,836a5100c051d7f6b6e3cb6cfbe029f5cad63a6569f5fdb19641b71686781e94,884c01e239ecc1cbfd7ce8b3706329e016d79012dfc22957a98c1d155deb9c4b
nonlinear,positive_covariance,105,620761010,8cd0e723369ce7b20814b7d08079c075f131d1a761e97065f85087dc4dd97dcb,ac69cbad2ac3bcff95fc7dcbe2c9d102bb3dc492b14bc55c66cef14b5a2eac16
nonlinear,positive_covariance,106,620761011,3217d99514c6ba34d6d5210824286ad8b8b658758b5317dad86f042f1d5cbf48,707db0ea76b8bd3a8e2f0a0aa1feaee05aed367c606e711cb6b6a772105c5726
nonlinear,positive_covariance,107,620761012,ed26e8d039315984e9608ac59a3a3e821a3b87e44ba45fde654e4d6701f51e63,0ec298398f4a5e281920e7e0d240a16cbcf064c11c802b9131c7319146a3f939
nonlinear,positive_covariance,108,620761013,bd7aee565d60725c23e0acb1fb8c7930221ae9c16ca20e3db6df7782e4b154bc,7be38e51bc156183b9b8d07fd9ca59f897b20da1c70e9657c0c92e153d8089a1
nonlinear,positive_covariance,109,620761014,54af682bd125bce250e091e97b2570e2902d1b6b33f70d0391168cd8d2a63e9b,d8bab18162666c4a5549e2f5f3e5497a5dbf7921b0c6048ba04abafb97b55e6a
nonlinear,positive_covariance,110,620761015,d41aafb4de77ec325f8492484d66c4976efd6057d4b2ca6ae8f7d77b9611c394,edc79f9e65dc736acc852727929ed772822309e6a463a99f6fb30ea01dee288a
nonlinear,positive_covariance,111,620761016,0298520ebbb45a5ea1162853b2ff2c816c86ffe88b216f62a69d6559f20eb9dc,70cc8ce54bdb6d7da6a7606019ceeda0b78e4812db3360256b095b9ff40e4623
nonlinear,positive_covariance,112,620761017,b99c9d56d4cf17e12069b753982f844d8dd0a2913ac2ce00ea992f22279c40cd,ac9e876228532f38e006d8cbb4efdd7885de28a1dd02b6405936a55501dcbe10
nonlinear,positive_covariance,113,620761018,b643bf3999f0dc598fe04168a854414b3bc62ac70dd7d43626725328b1dc7796,0c6a679a3363fa704dc2e50a0387b2a1ea69d225d0d0468514d81d2affb6b46e
nonlinear,positive_covariance,114,620761019,02cda2ae26a8696570c6454bf60d8767fa0d8845de18b61c9e8f4de13cc9df1a,d3f5013697ad42e032b41686c3e6bcbe016f6a8d95592634479161c28583fecc
nonlinear,positive_covariance,115,620761020,dedc379d071072cfabf4f413fa01f7e51626bcf948f8908e19dae95347ad7b66,8e9105e35d8dbe967b15db0a1466873f8fddc6377b19055a60c016af213ae85b
nonlinear,positive_covariance,116,620761021,d7ff9656a94984b7b77e9e1e39df0b8078c7226ef3db88e40ec531ea876b3923,2375337899f033b807a5e2aee8716480fc4bd36fd24e7fa4ad4445ce3bb65bb6
nonlinear,positive_covariance,117,620761022,2aecdf051d88b212fe54ee2cf317f166e80b100a8a7485355be1cd6cbe454254,51d27b3b926cc392ef0067c0971241d0cef3f052e5ef315f7bb9f41d6a1a8569
nonlinear,positive_covariance,118,620761023,e3182a087a739efbd7cbad0ef1a702bbad1527e752ce8f4309ad8a230c2813c6,4e31907f9374d00ba3209cdb64c4901b4120598c1b08f7e5e05aefc5e9b29ba4
nonlinear,positive_covariance,119,620761024,dd95aa680163bfe757101e181c432726cc2b8eb6fea7c2f34787339f7ac28a92,c474751678dd1c9d573aac7cae06917b46f5120c5fb56dbf3a85744932d9f8f5
nonlinear,positive_covariance,120,620761025,4743eea2aafda5340621ebcdd727817376fc733be70d29d32286235ba22ad5f5,be178ac7977565beb7e8321bd0e75d15da40a277ef2512c7409a11fe9a073638
nonlinear,positive_covariance,121,620761026,4eaee70588070f037c91a528b472d8d074aad63f848a242464f71e21a140545a,d0fd32a39055640ab5c55eda5b1466e27fadf7a6e11308f8d5c8bddf4adbd3f1
nonlinear,positive_covariance,122,620761027,b36591a080d1c06500707b564276e077b28b110549bb967d8694b1734fbd8447,88fba63cbfbbd8e264f232ebd0b6c686127c743bdeddef796253c94c8506f86f
nonlinear,positive_covariance,123,620761028,3a231169e4eedc78b6e43694e3f7370f9a26eeef5627c31f392ed527aa54ebd5,c4673fb4492bfa1a19b4309b7aa3ac84e4fe7c97385bb46ac25468a88f91c2e5
nonlinear,positive_covariance,124,620761029,8d4094850590536173ff4cf6338a9c1aa0af1d669f2a1cb407b251e4f441672e,936df3251614840451e3907889295914b3401f80463fd5eb1968da726f51b302
nonlinear,positive_covariance,125,620761030,1803af55a59b504c833e22d1a9e9d93cc2774ef16ad549a347f04128c3001587,fdea042810cb4a83bc01b6288b4c1cb10f9598d7b399af579bc46d0d1e83a9be
nonlinear,positive_covariance,126,620761031,808873211fb8490c964f5200b0c943d197b114de392efba0ccd7bab8bf77fb37,07bacb5c35e158a94bb3ca845eeb23586df61e332377469e4bfad887d6de5785
nonlinear,positive_covariance,127,620761032,ad81e278b02d0652c8ca5ead5713536a1a52ae29fb67ea0636f70bd132ab2ad8,a50156d600ab8629a764dc185e00966af0a6efa3d4d731752e67602db7e3fd88
nonlinear,positive_covariance,128,620761033,2810224262d0f24839e5032120b954bffdc45e70ceba7f9db20809c121881bf6,6593dda39c12aad27263fa6cde30dce34184ab9fa7fa33a86adfe4bc353132d8
nonlinear,positive_covariance,129,620761034,f42afdb64eb94ab2f494257646f308160c7ca783bee174f3f32ca774f5e1b5fe,3c3a6ee368fbf6f25dbc44b8f8f5799a34813b9a2aa8ff764cb27514c7a4bd48
nonlinear,positive_covariance,130,620761035,06f9d9a2cc2a2fa22853fdd420b8215eb0ccdc7dda4ed7b8a0771a6d4622b548,24d4d7743d8510a389f90315ab16a66f88f0522394f0afcd9edbf63e71d1bf78
nonlinear,positive_covariance,131,620761036,b154a511df76305b034f399427f0cb272bd1dad26553700b3c481e4eb3f4b635,0624d2b8e02e73e175e89a8fb521a03678bf54f8406b9f855a5b5cbf1ec5e374
nonlinear,positive_covariance,132,620761037,6fbcfea2dfae5f3ae71abd250ceff1a3870d6676596f091918667505c82d1d26,377e28154921ebe78345b5db2828e6959cfd9e866e316c2f5f815fac6fd1cc6f
nonlinear,positive_covariance,133,620761038,37c851de4c764dd3b5bc082128b7344bcc3e72440c48ff184bf497659ccd061c,ae2a002b5b11c6202a689ff15c4f0b13cd1816ea66d8d3817639b38346431cd6
nonlinear,positive_covariance,134,620761039,7d43ad69a8fde4c5e31cda3201496959d9b1bff7f4c4590bbea5664a9b71079a,2a480203297b4e7ab56774e3d6f3338d1d696c1c75487a4d09635e61a1905cdf
nonlinear,positive_covariance,135,620761040,c59379af321368d900381bacf8aa7920e323330b439de07b12bce4fe9ce0bdd2,f972b67ec48659ea003d993b420e33f76549cba32036f8bda88b9c4de6e92bf2
nonlinear,positive_covariance,136,620761041,d12231647f5e147db48b0a772831bebb84e3bcbb53bc800adb15be7502de0d2a,902a3d6cda3cf40e2a0a49c5dc11f3aec957ee704d58387207d55fe3b15da239
nonlinear,positive_covariance,137,620761042,b302dae08ce1cd041f86c1a3cb172bbe5655d123efa97f15af143d007e5391f9,8a865f92626ebfcead6fef73956041a614371c62a1288af5685ce4586140d387
nonlinear,positive_covariance,138,620761043,58064f4b67d800aa535490ca8157ed95348826c2f45ee63237056035fc4b7386,5bc1282e4198c4fbfa2d706dfd214a3c7e15fddca7298c706bf207fc311c495d
nonlinear,positive_covariance,139,620761044,7452fe82d3189b760f19e1ec93536126d2c7d63c36d9fd6b0104a51cf12325cd,88f51ffabaa2ad10acbfc4bd0ee14cd03c7535f3e4bb1c64146f1328c3a0821a
nonlinear,positive_covariance,140,620761045,a27cd2ff39f6de05a42f926e17ef219a20527e5188e5d43a603cbef682a7a721,989cd17d6ac94bbcaf31e056b4b68a7de6a8f07756952527107ebb88f2d5dad9
nonlinear,positive_covariance,141,620761046,0449ed946e9fdcf501010a00bfc94ad8785bfb80f6bc7f2ed86febc5056fbef0,1527d1d8f5424e3e64cda9697e16ee2352f177e6ad825ca70e7afd5dae524394
nonlinear,positive_covariance,142,620761047,bca47ad353134fb5d508370fc0b95869948b9b74cd936b6b0e4973c3a87ae794,2fd6904aef3bcf88e239871171132cfbc81c9b84400dc4845fcd3371ed2b5b9c
nonlinear,positive_covariance,143,620761048,dec1c680df059788e51571dcb05bfe572a4b5065ba88f8b15b5e350ef2cc6327,7690bb59b64efcee14c15d2ecea4f0e02e4c988a294a4fa3d445b3bdd80d5c88
nonlinear,positive_covariance,144,620761049,39d50d6d07814e5f473814d97decd65f046c335eb8a7a67acf19f1a0c30babf1,4109c2e3edd0b6db5a82c4fa420caf4bac5585c50f2e766bed6daa1d0f1ad010
nonlinear,positive_covariance,145,620761050,664dfb12a658cb0ef823ad8ef9c750856dafa7356bb2230948cf9b590cd80298,92da7412ad572581bdc992c67e88c720128ea30602ab7a0a4d18f9347c4c24c2
nonlinear,positive_covariance,146,620761051,663fae22efbc545d0697c54f29f7a187dc1535aa659c4edd53593ced52517568,dcb47f41c61172c1506c11953f4af47191029e5b2ff8fb2f6c1c3f88df2f2f70
nonlinear,positive_covariance,147,620761052,1c01b4d3b74ca4d604b035103517c195b674f702b2f64cf598d693d0b4be414b,7acfcce08d161eb17dec4bca02f36dca1c4c8f1178dbafa4018bf836f38f5361
nonlinear,positive_covariance,148,620761053,61d752255232a192783940987aceaf7ae747849104980e16505ce434a33f1428,1f7f03d67ae5c9dc885d8ff5e797d5dc715e4f506e9d6ad065e708328677c076
nonlinear,positive_covariance,149,620761054,d19685cdfcd4f96aea0b2b465aecd9e0651760286c5bd9e6f14a2a65efb7ef8b,3385dfa4f472a53d6f366f58ce34791bb3f247dd6366b4e69ea65efcd672b835
nonlinear,positive_covariance,150,620761055,1bdc7e6f6744c8b64e034b79acc4b83fef7f5f19551d1413e687f74be7295dc8,3d263fc0e9e63dbf699054e29b1adc75f02f79382bf455afae8eff730c0f0ca8
nonlinear,positive_covariance,151,620761056,f3a5598a2cc28d166223873f5434e11e00405b0cc327d61d9f299ec039a60720,817154a15be2baed92bdde542a836f37b235de532fe4e079a745e6800192b684
nonlinear,positive_covariance,152,620761057,833f1063d3f11151c910fcf1ae906af6cc61de52177299468774b5b0b30e2844,cac45cb9a4c3718ff8935135cd2a61352357146bdeddff3550559092d291aa3d
nonlinear,positive_covariance,153,620761058,6a5a93de6405824241244764a80c7969b52eaa404400d39b98927c12f718b658,ff972a66fddb0b48a9755605e35f7438566bbaa44e0490a098ac46686416ee82
nonlinear,positive_covariance,154,620761059,7d70c6acf4bab4721c6851ee5c274b91726426994eb877f914b206a2b7fa27b3,6ff708b5df87a8d561b5d7e9c8934f6e97067ada033a6d145fc0fe8f3f28a1c3
nonlinear,positive_covariance,155,620761060,41b45a3a4971f425761ced74be7db0bbc7e2b3d17adf1e05f32913cfbe1071cc,c68fdab9bfac6f003aeb52e93ffc9bdc5dea0cb2f06959d78bef17d5ab42c984
nonlinear,positive_covariance,156,620761061,3fb412a6a1966672deab7447d474ba3aecd8e7a8a1b02478b1ebee1cc96a9170,9851ad983eff04367cc4e7432a8ebcff8569382b641f5f330846bea5ff90425a
nonlinear,positive_covariance,157,620761062,5c451c5827b400b6553b73736f4ad7b1745de4554ff1af3377bcaf3497c3abf2,ba969ceda6fc7eba2cd8e5faa64f75135b1da33d6997de5f8324b52fd4ddd83d
nonlinear,positive_covariance,158,620761063,69814572f10afc69626cae552817fd0b075b598c6b508ba9d7fc0f6025729ae4,ec376805f3e8ac64bdca7d716e44b9e4c987e9cb73659dfd433f249f9d34807c
nonlinear,positive_covariance,159,620761064,7be6444e5fcc2357d2351c07b7ca75e14c775c15c44a10a85e64f64e159837eb,a07afa4fcc01d28f408c8cb7e0e7f8d4038b0d23bd172e83345885e9235cf933
nonlinear,positive_covariance,160,620761065,f4741a836accd2a9203c08fb6fa4d17853af4f907d2ccfcfa098f3369bb8d713,b3e1514b2b6570b346c50f376cbe6bbd40daae6a391012ee4bef8a75dd40f354
nonlinear,positive_covariance,161,620761066,f6b53dd14ddfabbdf0f0cc8b6c69f728297c25baffe61265b3c7dce61f68fbac,c371dacb56912b1a3011da4a0cddceb03eb82daf132591ae3d14eaeb29bd2e42
nonlinear,positive_covariance,162,620761067,02fab6474864e19d75a4b58c8ab6c314a5a24681c360475fc59840f8203f8aa1,f33ac611d4b7744a61aa6e8927a0eb0b0609048e455ad3f268425e95b6f230be
nonlinear,positive_covariance,163,620761068,a00fcb761ad6eae1d87003bf09906d8ef79fa17ddbe88c4a660b419179896883,5fa26bbb9277ae88d6ee0752c4b10bdcbf2ea982edecd9e2fe4cbe6d89b05d31
nonlinear,positive_covariance,164,620761069,2bedc4070bf14da2dd26265f50f649d9df9a8495b7cf2b55d9af0a77ebfdc9f0,cc774652173a866ebd6a9cb8fa48a4fa9a7ed29994a0df87d0b7a41820058249
nonlinear,positive_covariance,165,620761070,644585149a5ee6dfc96e4785ba6b449e95329d9a9fbe7d4b66b8d54ecfd83703,4ca232594c2d96263e019ef61eecd9922620dec2ff777f72fed29bc268fbf8cd
nonlinear,positive_covariance,166,620761071,63735e05b781a25653c4c3dfcdc046401beff21bbc72f2f1a6e4735fe8613829,dd7f5a919b6bf06682a82b960abd84b8b77dfe273a51bc05879f546852e8d03c
nonlinear,positive_covariance,167,620761072,5743dff706ddc4dfe7259f0064acd7bfc90de5afdd0ae73a3e10784c6ceba064,e981f670ed53d2fc51879c204e0ae463cd7693102d60c9c59eb556f41bb08fb8
nonlinear,positive_covariance,168,620761073,e18885bb22a5582dc8f90f8cbec88e2990d95cba0815ca503b895d0d429c0614,3e6920f9640fda3595b25a98d1315b3520e733244b156d82426f4e0a6c29a980
nonlinear,positive_covariance,169,620761074,00f96e9f1e2c49a37c09d0c611c3a1566f8bf8e9685000ba81d1f04501deda60,d96aea0e330475825e160e2950189145b026ba42d3ee4a0a5ebac9e381b653ae
nonlinear,positive_covariance,170,620761075,c768ef90865268bdb013f318279470402f9e19baea6c3f8e65909f21a3fe72f8,5b8fa137ce4968463f91668278a02f0e0a7bb65158338b5c14a543c642b01302
nonlinear,positive_covariance,171,620761076,3bda2af4e6e81742a4f994f6aa779b2cf7aff483592db7c27ed596ab77377ae5,fc2f3cfc36191afdbb262110801379573092aae2697518406497ae805207e484
nonlinear,positive_covariance,172,620761077,3425ed3b451aec6ee6a99fb686b12b1c1954dd80adc99a8954b112ce329e521b,19de75031861af10b3d7794e4401a30576fcd86cb3b053a9e69a92159cd87e64
nonlinear,positive_covariance,173,620761078,9f1612694b05dc3789d7ac1631a9ffd8778b6f34ad9ca9d338cf5e325ecf50db,36e889c22c6ec49fb98fad732c3cb4be864ebdd6604338cbffc928175d147c22
nonlinear,positive_covariance,174,620761079,a939b9a212350b9d7c31a83765266b75a3c5878388a5dcfde6888cda83995ed6,651879c7c4aeeb28aa0815e45b14968c610f01a0d17f64687131a1d5cfb7c3ba
nonlinear,positive_covariance,175,620761080,f36d531cd1ac15387a1bca24d2a835df11fb547451d8cd721b58cf381fbe020c,a01cf68859c062615ed687ea5d8db391a8e0d64001c7e4b010be7de0a1245f70
nonlinear,positive_covariance,176,620761081,f6ed41bbd084ea64fac877707aec7276cb70c159ff5e26890cc85e80469adf65,bb76d79990e148732fae3625b5d4f44ba197a692e7ba149c6437e74a5af6a554
nonlinear,positive_covariance,177,620761082,e378818421fb364df8fc70cfd6108c085789129b57df914a1c268fb3f34e3b78,165f466d6101e028287edfe11bb80870362a6364b80a5e6a0ed34b81973d67c8
nonlinear,positive_covariance,178,620761083,6f3b0b81dc18ae3eadd144118617f48623b7462150f3de881039718c104e9090,e7986d43861d06a74ab741e8481a23a4806a94fa276cfe3436a8d73f7f18f59f
nonlinear,positive_covariance,179,620761084,c283019481e5373d4f3edb1ce3eb67d60c0a987dade6ae939ff7568f8b3b82e0,f139bcba58e44f42dd02393f033f0da6c96dd73d7430ff984ab7af29ba081f88
nonlinear,positive_covariance,180,620761085,b0d56f37c1684aae59e3bfbb745f93da86eb630f1dfacc706544c876e3889abd,e9a713ab65a1d87a1032df1c7b2a80df7946416234de8f181efe7146ba52ea87
nonlinear,positive_covariance,181,620761086,952d5cd979800c0a5c5ef54ce50e1d2f78666b1a5e830d47bf316b7352c07671,734ee119184e9c99e973a14c33d35915618c16c97e39d310aeb9fc2971bd406d
nonlinear,positive_covariance,182,620761087,5be0bf0d64f76ca262ceb22a174cb85a40cde558b5a44700763c5d13bc41ff6a,bc0a472ef7211495a975bdbfa174f7271dd357de870ec043f19e76ce3aba3b25
nonlinear,positive_covariance,183,620761088,f3f6c531ba70b65fd44f3b711ff0e8984628ea4fe05f07cd8cab9046025285a2,58a8716cc9196beeb60e2589bace50bc1cc604d1d5b50577321b2109dab724a5
nonlinear,positive_covariance,184,620761089,b6adff51c325ac6c4c81bc345691df9581469e1bb8d5c142afcb67fc95223d63,8ff63d957a16a302000bba311b84df1c8fdf6c8d73c5148e9129070957f14022
nonlinear,positive_covariance,185,620761090,7688b41421e5df60f2256a42b93a3c3acc11cda3dbb9dd5832e2b1b41c39ae86,967fc8c3b8da6d90ab1613f59a44a020b434aaaad216a0764a224e7e70900b07
nonlinear,positive_covariance,186,620761091,e7c98dabc7e66f52de692a7d789579902b14cc05cb81583955e7710857c3a065,ad1d39e45601265247cbdf64d94420dd522aea0b0df959ef63d2c7ef6e4c0d93
nonlinear,positive_covariance,187,620761092,7be37f10a42819c73f080333bdf965804c488f2bc81b360b2ac8459dc4b5496b,1275ee5360046e2a9bdf98cc312227352d0dca831a905904a522b0b759ec2bfe
nonlinear,positive_covariance,188,620761093,27d4fd10f8676f427716d8835c4f974e8be93ba2548b8fe47d030869630a95bf,d46894684e76ca1ed9521994347e8d4ffd29f377a9c2bfd321072e62fd2d51e1
nonlinear,positive_covariance,189,620761094,9e11b45ab0c1d6b85792a044addcf3ec24e221f9382c487e0645bc40d7e37afa,30e2dee0d65a898dabaf0fc9c0705636f66e3398761568f50f0d76dfa76b6e1a
nonlinear,positive_covariance,190,620761095,3470099f1af397ad8bcae1fa170ff4f8959de98f6dea7a6482cdcde546c8567b,508fc199c2e5d5da58829534c2f883ae822952ec0a425b0943e1061917451372
nonlinear,positive_covariance,191,620761096,3c1df98e47ecac51063a5194237d0c9d8b77219abb974dca1ec1cdc0153540e6,80a63b5201fa2c88e309e417d00c7524673c58deda8737535cb1acbc1a3bad8b
nonlinear,positive_covariance,192,620761097,a4dfa98391822f3e5a1dc1f596e089d1b8aad7c69372fcb4f4609bcea53408ec,ff4d75d5c5765eaa7af088f9a9f2cfd636121c94856ed4f741bb80a36bc13b8a
nonlinear,positive_covariance,193,620761098,a999b02c5e22f1a60b569954c3b7f666d9eee4d39e66f0e6e5588d77bce76355,56b30774c1855d01146fd27acf6a6e294deac112f0254ccb65acf6467b0bcf76
nonlinear,positive_covariance,194,620761099,294c4f838b71cce71bd348669c2f405a3a86b583b18a37f0e5c24def80eb17ff,a1b064cdaeb888264f1909d72394918debca1e4f9a952f4842dff48fd5b092e4
nonlinear,positive_covariance,195,620761100,af717d90241c21bc5a4c989d851379d8a8da2606df6e2e223d331372cf263cc0,3f8806a7615d8438e4344adb8818890236a1cc6f96ea372d6c4281efc6b359d5
nonlinear,positive_covariance,196,620761101,e9a081266590f5f98b3a7a65bc88a9e97b76c02ec04c72cfb0bc419d17f6369c,d577a06690dad2d8cc9a7f29269688a06a675ecac1cd032b1b3bcd12323cce88
nonlinear,positive_covariance,197,620761102,fa167716daf814d8c061755993240bcfe15510239865b3135edba49ecbaf23a1,34f012e710525b3c914780da3c2e943bdd873e556ee45295786c8e7fc81ffc35
nonlinear,positive_covariance,198,620761103,a06a31cb2bdcc354afa97ba944d8baf1ca020491fc5d1262e3c1d0d35ff9f0f3,8af3ab6c39faba0386affb8bb3877630259a30b1dae20e4cb2145ffb3944578a
nonlinear,positive_covariance,199,620761104,3c9f34e8fb420220ad5896d4738ba12653377fb8bf4808a0281727470921bbd7,631b7b3b7bb8aec7a6aed204a5a5674ec8b1455d12a4b8e861c533efa62ee23b
nonlinear,positive_covariance,200,620761105,d70e262ab3a362ba24adc548324aace5a0ef5c15c469b7b9a0350c2fb3e6eec4,49fd03dfddfe83fbed0f53b3486742a01cec4769f3e8bde83d9af708b3802545
nonlinear,positive_covariance,201,620761106,5ef77334d97dfdec2a6949e16e0c8b9d265b20c0e71bc996bb5c05b6c7364b47,346eaea85112f5c675a5a7cf4cf75c43f4c56d94adc201989f6c9560716f8415
nonlinear,positive_covariance,202,620761107,9ce3f57ba197fa3d059c18cb57f051a80047945c090209ecee21461c6d1fe74f,210b3df17d282aac5f2909110b1dd4929dc93abb05858c73ed3be7e07fcad8d0
nonlinear,positive_covariance,203,620761108,408de6d5702c1be734342719db0c0b04c51cbf16831a4e0d159de0604260caa1,abe0ba1a7592b30e0b832887671c6db1be26da5599fafc72af3e3e48108828dc
nonlinear,positive_covariance,204,620761109,6455c43611d7866f533270e29fb3c782f1bd7d592e9a68e13e43c0100703fc9e,81be40392744866923d506820ade2274611f5170dcec0c691a99e20c42cb7e18
nonlinear,positive_covariance,205,620761110,04b28d2eb989f9b9e8cee3d0dea480f7613795109f5224632f92f52263fb91ec,b6df05767a463894c1e5889a345c4b5ae3d36dcf6fde568c78cc7cc0acf23782
nonlinear,positive_covariance,206,620761111,2fc0c1933a9b62a8aedc48cff3e064a98963d29b4967938c5a1647e94839f6ad,77f35cf7e09dbbcac7769f30010e978bd65ad9df2168039a62e5ca128868cb6f
nonlinear,positive_covariance,207,620761112,92d73d9c3cba524a8e1af89cf657c761353ad51ecb1bb9214735307b473e593e,eea2ad5f4a85bd42ebe518e259f311837ab3754efab14926c6b6e8e76ef02b02
nonlinear,positive_covariance,208,620761113,58e0df20909cc489a20e7a2bb1f7e0fa79ec1677a15997b14e3b7900fc2e17be,32e140b470f151318f0b9774460d6a8c88573fe773c98e055d4a345cfb483b1e
nonlinear,positive_covariance,209,620761114,f7bd0aaada93108a0b069b76fe775b00cfb8df43f3cd55ac4cbb8aa11cf655bc,c752e3e1ac01573c804495ba67909a39a3a68df56bb0f30e658a1e11e25a4689
nonlinear,positive_covariance,210,620761115,5e3792af5f1c779910c224e1ea8b55ff99ce4aedc1af3aa6a1b704baf4f36f83,3c93b7b1e153b6baa46832e3ce2ba2dc0c0cf7e619cd6495117008106fc7a9c2
nonlinear,positive_covariance,211,620761116,1b59661b2c78fae60ff0fe3875546fabe18cea1cb98949eaacc2dd81d5bb11c1,6d8eefba85e5cd7f14d2d8c32fa99c72987c0a7f1ac4cfb368dc03c230c5b61e
nonlinear,positive_covariance,212,620761117,a9adde1067acc3d5a708e5740cd008cf3719f53aeeebfe75fb467c2a9d52b9dc,cba989a8a870033901695da6a31651423f06560bf24152fd671b2ba9ff597ff5
nonlinear,positive_covariance,213,620761118,f1613ac0669d404aa0de6383263e1519e9f1ce927dffb2361e31fd53c0127b45,9dd3b9e277a8713ce77eb8444ee472b82d9cf6cbb9e2a4c32a612e54d1abd662
nonlinear,positive_covariance,214,620761119,c005a782e73d570b6cdda9ce89e37be8c3f2368d40b44c0b93c51400687eb134,0d8f2d194db05174719f72c80c5e37492e747a70eba167ddd8ef75138e9d9f33
nonlinear,positive_covariance,215,620761120,8ccf39a13b558bee207a02233ab530b2c9c26adf7de1caa29ace2c5e3e376447,3f0254e145f88f8ef8d31229ca453ef7a0499b193f131df610898010c936c9a1
nonlinear,positive_covariance,216,620761121,e421c2afa63f86e96c896654078213deb8dd858f1039ecf4c20f0a17812654ff,e65b6b2587926c7b2255e8f6b6d3ae19bd8883920b96b5cb41716f2f2596aada
nonlinear,positive_covariance,217,620761122,e8e788c645b133c144b727d281880024ad2fd3a2b986a9920098aafdcf037ac1,c9b97e7d0e8191c7aba0f453f61c3628a3586928a2c4098fa2eb5457e9ede96d
nonlinear,positive_covariance,218,620761123,1f8318ac548e4454f545a855459bc357460927a2bb85691c1e193bfb6e597c0d,3ab0503f84c4b46fc417888da598242b29c085eb785c996f6267d88a509a7e34
nonlinear,positive_covariance,219,620761124,e42de3652f49d58c8a5743370b018bd5225144c8a518466ba720d25f62fa17d2,ef4df00e4c0eb6a79e26b9bf1bb5380b4542e19d8a60d833ae031bc9968ce84a
nonlinear,positive_covariance,220,620761125,a6a120bcb2ae5282e51583c41450ff5a126ab593dbc4abaedf3959174bd4119e,20934506ab12723d61160cfeb155f48e2808867b2b893b2d6fd08b458406674f
nonlinear,positive_covariance,221,620761126,fc9ac602e000280c1925550fd394e09605d820b51348504008b9f06cadbf8c51,3b8c78d67b135efa0f529ebef819f30a0183fed70ad851f34ae13fceb86e5bca
nonlinear,positive_covariance,222,620761127,b0b1061ff7ced84ad2408e392a963859d81de6ac256310ec676abcc7043bddaa,27802265991c972ac634f4382e69a7546af93202a97960ad8a4993814d981bdd
nonlinear,positive_covariance,223,620761128,26f461183c4de65bb2a25ce35d31cbda8d59906407b1789617630c625f8f3149,6e8a5b04bad8e41c2f8490b21baf524deaf57ec4c45045163a23439ffbd25bcb
nonlinear,positive_covariance,224,620761129,4f084c6885bf7ad6b8a2b4d4d34c3db083593b78b14b1a02860fe23b6db2bd15,3be7e9fb50b2e7414a1c405c73dc74fa4ce4f3e8f6a8b517cce9c0d1e03f480f
nonlinear,positive_covariance,225,620761130,b52be8a5cdc81e361aa75f8b986822b8fbd9ac0838d8dcce73d1b537160ba55b,9ff6e60ea5fbc662f5306967bec72bf937cebe734440dd7f7894b579a46cce70
nonlinear,positive_covariance,226,620761131,83c4e7d27a43ef0a4b303196756f87389098d076a705a80bc9ecd2c7cc635e01,502ab582e1f8da2bed591502baf29e7425908570ec0f639b18a516732e94bffa
nonlinear,positive_covariance,227,620761132,00a4a8112f21cadfca6a120ed9eaf05d744936aa5603afb15f08a5f75ce6cdb4,6ff224604e26c88c4400245251597a9733fb020fa321c9706f90d009f264e98d
nonlinear,positive_covariance,228,620761133,28f55e256de43f30afb84a2f88a3d95cb792b1385e1d6aaa61c9c6966fe51a15,7754e243da2a8296c348c23cf2bc134bf52a366689bec3c73516b6a201df8781
nonlinear,positive_covariance,229,620761134,6fa40d6f67101adea5dddbae1e301620ea6abf8dde1fbb0d1f544551c7b0c44c,8cca55ed92acde9001823ac49d773f73d0998e068d729030157a9dd10ebf4404
nonlinear,positive_covariance,230,620761135,1b83610b8a7b30b5df21046aa8a77d43e6bb8ad043e3a5443aa8a1be906f3c6e,6f3eb52b711769e2711645b95ef2681e54ca326f4ab8449e1f8621c242598315
nonlinear,positive_covariance,231,620761136,57c828ae6c2a0f3ac7fc0fe292d087c29b1613a4c4f7b82de13e9587f59df0dc,1582dd85bb693251e6fdab16ad7e3b67e39116b94d57404410c462babf550188
nonlinear,positive_covariance,232,620761137,2ff7525ab4b573dbe791efaaed8096eefb917fbbb8b70ba6d97b426d3aecc118,9ed2c064fabe95e6d6a603f141b4c06b453382c7f3959394541a06eeec2a9769
nonlinear,positive_covariance,233,620761138,75eb0435b1a8397ef2232d2ae74163a0807b5f6a601b9f7cf3e3ee911573f313,1940c245ce464e37c2c624548ac664e4da22e508f6e1f08e0d38ed331fc1ba3e
nonlinear,positive_covariance,234,620761139,aae0b0186fd8fca7476daa4a4d9c3a670f01ffb7cd4cee820f2df9cb2b9e6eb4,5c56dfa9cc6a1e1b4bfc84820de7d88a590cd4e4c5565faca04477191136922c
nonlinear,positive_covariance,235,620761140,f2c2694e0945d392b56b6ca5c603204a929a843c8785d76c564422eedbe246e3,1ce0a013dab3b70da7f7e150231be0d33099550197a8444ca92c64f48049707d
nonlinear,positive_covariance,236,620761141,2f4b6cb6204e18cc9345fe1722a6f2281872c90fb94ab75205e548201d8ca406,0f20739b4a3058b127657f409b5f9e08a909adf5be2bddc415efcad7214d6f79
nonlinear,positive_covariance,237,620761142,4a8130ec919e5cda28d3e91dcb905aacdafdba34dcaee5c32a19e70dc6cc0324,1d1fd09c2c93786b537bfdc8ae8c29369ea0c7daea29f2445d7c5a67d0379cf0
nonlinear,positive_covariance,238,620761143,9baf9d98596be1ab7d40d3e9826a81048048321d2a2991eb97fc635bc235c850,7eaff5e8208353d157f9db10b5577d3a9e885743502a92011311a6d45b57c687
nonlinear,positive_covariance,239,620761144,95570d0429d3e1d253717b07f2b43a1c3632775d8f9e4d8116974c25ca78ae1b,9d6927da181946c11d9bce076515b3ec33935b14b73706c3ba48bd1067535197
nonlinear,positive_covariance,240,620761145,c8ab287efbb7e0f78e40570937b35c700c8957bb7e2d4543a7ca52e37b74f5db,8a8a80a45a6b5b36c8e040dc0a7cf417a942aac9524552702474700ac70b5ff3
nonlinear,positive_covariance,241,620761146,f173584eb6474f6d397bcddd6188ca58a7217a1079b1bcb972bd9224de31a67d,f6b28cd8292e24d51c2aa9fd33fead57d6be4aab70f969e052210b2d0b5dbf97
nonlinear,positive_covariance,242,620761147,c022ee449cd17f089c5386423a5b6c081edd7d15b094c30ba414e2d37a3c6e19,325b9a137142319e7801ca93bd73f8ee10919c510800b78b155c0eb4b4811f59
nonlinear,positive_covariance,243,620761148,aa6c5e274388f0f55a84d6a4e60407cda493378c74f54032e5183171ec89cc76,1209d4dc67226bcd996682d9e7000d53c06d23a8393d60000bb4c026cd29e0d1
nonlinear,positive_covariance,244,620761149,d7c011713a449e5fa62f66da673bfff62ed908bacac6b43a59a12fb1dd1c020a,2ede9c977ba5b8e9fc9936639fc0c13c240218d696593ac3204b679e25cb9a57
nonlinear,positive_covariance,245,620761150,9eca43f3954431f2e9824107d0cbc5324842695c663aed938af45ab261c3b20e,d035fc428522ca4935917bc67b2f3c695006b99db40b54931d3cded567991611
nonlinear,positive_covariance,246,620761151,79cd1400deed7bafe9f69dbf1002a6c62cfac3d133a51afd72715b6d4ecb886e,8d4656e7cb67410db69d2c497457e64a0f9ff6f3b5708d83f4c80cbf4add6d3b
nonlinear,positive_covariance,247,620761152,43c584112809a575c9bbfac24814442009e44def807def4f3212de09cf1138c1,168c573d2a3618f04c9d8f3495c91a99fd5d535409922b18a5d1ee1e09846b1e
nonlinear,positive_covariance,248,620761153,fde947bc3163350410cb9f9b35cba0b41026bc1af1fd2f1c1053e3ae88634fa9,1f8e5c6043d8767191d1cfa9bb58c0cac1511d1418a47e305667cbdfae6c5ece
nonlinear,positive_covariance,249,620761154,b266089426f0e77d506dae6471f57994ddf2bb1432a292103183dbf984b5fd97,c4cec7a1393b05226d45e77265ea7d906af5e2fc55b444a6668c8bdef16ec4e8
nonlinear,positive_covariance,250,620761155,fd2ce2695e265e6286aea4d709de41b1d293ec1c6e876ac02adcc17cfd4d32d5,c605eb027c980aa6f40640f269f115074a088171de4eca383d18f3f090b0358b
nonlinear,positive_covariance,251,620761156,aa2a0ead1ac0061d3c4b2fd7c87fa237fcd7f0e9a82a8e023e359d64b2bb0c4d,8580b41b44770bf6eb6ef9c9114a27445a6bf77e306b5e88a21ad1e74167d2db
nonlinear,positive_covariance,252,620761157,528ba74a9b1f5a93fa9c5ec266ccf8b3718b5265c85fe29027753f43096432f6,b5e0ae442240360e3cca2e0724926e2bc29c3d8a1e30d269cfe1e96fb2d47ca0
nonlinear,positive_covariance,253,620761158,b84bab5b0ddd3c92feabe8e57656f8c13d7f06423629db091ea63a2a2a671ecf,a3bf2d35502fa8f793e274791476a86c37be5fcb74a3b09cdc4cfdf68970c59b
nonlinear,positive_covariance,254,620761159,cac0be79ab9256d235c4788d2190608668eb716d44c46ab9e5d3fbdefe05be2c,2eec9cb9616224a4bca8d7a0be963eba62fd7d79ca8f543d7aaeb9caad4360e4
nonlinear,positive_covariance,255,620761160,c35cdab7ab7be61c46d92256012d7405d4ab39897ac29759607108bf2d292836,0b1c901192c37a32b75cb74c5de9296c8c9db6c2eb330c7a08e748c6bfbc6b76
nonlinear,positive_covariance,256,620761161,f7680ceb90675eced105c689a52b2c9489b9b8157fc9cad4d7f23521d64c63a3,85ad2770a55ad1c6a3f7a0256b0cd7ee63c8c5fa1edfe26b4ea1dff86ba322bd
nonlinear,positive_covariance,257,620761162,c46cd6de2f8a03b6b0fcee7a07631f501e90ed965b0ae452f9f676772e1a9be2,49565b0909fefb9b7edb4db8694311d7212b511a867afbcac39e08145dbabd25
nonlinear,positive_covariance,258,620761163,40eefeca76ea7b1bb119286f1d1c2b20b0708ed57fb1a2ef677d233f374c9d43,c842585f917de30e20f2f10d60ad13f7d23a0b52eeba33bd1ea74e59a049e619
nonlinear,positive_covariance,259,620761164,77ce1008503f66fc6de70032a31d268d749b2db68d3a4159815950e96ed4ae01,eb217fd988d0aeaad62836380f496e4561e2d27a9fc6d07c8d041eae177775f9
nonlinear,positive_covariance,260,620761165,24763e8e766a19193be7cb31895544a96459c35bd3eecddcb7989d5ffc992622,f10694608b5f3e8f6c8aa2055b4e6e1df7c452806d026a3958248cbafc32437d
nonlinear,positive_covariance,261,620761166,1cf9ea016f4544e96c9df7205cf5d920bf408362aa158cdb870ddd46bfc0304f,316d8b3d4618c2d9ab77731caa5c6ee9bd2e021645c8c2e525bd8c035bbc8a79
nonlinear,positive_covariance,262,620761167,50fb95d4213f83b778591283ec2700655b8812c36257ba918fc1487e0c62eeb0,763b1b5d7fe5c992cc486006e5345e34efb462c00f1eaf341520573525884585
nonlinear,positive_covariance,263,620761168,ec01f71b7c3852ada29a61ffb3dcc35c5737501b39d50545457563095b36aea0,1107ea23bd0fba63bc4ccdeea564c5a6a75376968df442f38519d9dbf873adb2
nonlinear,positive_covariance,264,620761169,9167e4632602871e376291eef3e7eadfe36a50c582546d1d7b10353e7c33b740,4048acf50268eb6b0cbf09ad316e0d5e8ddb68696b7bf350becd017753e5cf7c
nonlinear,positive_covariance,265,620761170,837ee7d39d0bc77bf59356c475c1edcbd2064e66c85db08b2366c6a716de7660,9aa20b5aa74e285447552a616bccadb52f70eadd466fb106d3ce8798d6ac884b
nonlinear,positive_covariance,266,620761171,203420f8acb788a9ca720211e880d24fd43b867479727e151a93fe6c6a031f85,60a97195eac5fe46bd2230a0f32344caafe92884f3768bc48650469fb40575c8
nonlinear,positive_covariance,267,620761172,7663d298f850e81d05e7e048fa81d8234b48628242a02c4626632c21699a285e,648a6194346d56fc0b8d63210fc4b1a76ed4f4611063d1255ef9f6b1a45661e1
nonlinear,positive_covariance,268,620761173,38c7af62d3908673b1777fa25d7eb4e3151d5f61916ba9147fda43ea45645542,5a28e9682f86b2718b43b29540e480078cfe70da547234fda59063b4cf47efda
nonlinear,positive_covariance,269,620761174,6eae744dfd870d5677be32de2ecfcd92ff652bf76b9f3d18406bb3f36cf0551e,af11ba0e8b697137a06cc1593e39a83e45bbdf29e2ccf98b2b61966b19fdeb2c
nonlinear,positive_covariance,270,620761175,79929350f94151100487e23bd6b1c72726ca2e62fa97498d057cd5033620c673,7f76a40e8e52e30ef3decfbf6478286e433f0b16e6edce87e34c555eb20d54d7
nonlinear,positive_covariance,271,620761176,15cff76adbe57eaf09e0a96f0c13f8c2f71260715c7919f7df8f1651cc42cd44,d9473703a97d2088714e3c4493a71e3e9b40f4e0d4797b5b9d7d86c7f507edb8
nonlinear,positive_covariance,272,620761177,2a3623a5ea08e1e814bcbbeb01a8d9ac21ac74d37741a53de46662bbf8913460,85808b2babada3000d91dbfb9b1427a64b9b5350c31f776c5736963acb2e2d54
nonlinear,positive_covariance,273,620761178,b7c3aebd3643a4b69efeafc0c92a292326b661cfe6ddaf767bf18683760f5cd2,c43d110553a36f85f231c968f0d11ae91a1de8f530ae9eefdfadddc16df22e84
nonlinear,positive_covariance,274,620761179,f55e589d5823bf36ce01456e4fda7e8afdcb03faa70e40699a64e3a0782677cb,04601ec620cf60a1dcb528c4ac5ea804a5f4661ec917c55d10b12e42bebefd60
nonlinear,positive_covariance,275,620761180,57b9032ff81072166c012c547f16119e53ae2aa78cf886c536839b62b46788e0,7e161d728fcab88ca4bcdebcacf9633470b615a849afada64f5ed63423aef57e
nonlinear,positive_covariance,276,620761181,d6564c6f2478f474adc4635b0ababf68bbd43826f9961c5c19fcddea686832c3,ea41c21812958874533df2d1002ba1953fce980e93f87deaa711a66f6d633bdd
nonlinear,positive_covariance,277,620761182,224143db86ab6497f08e7c8affdce1df9cde24f67f487993ca090f204c3c4d66,7947c1c975869c309d1320849b2ca92038bcd3ed81de9642a8ce545601444830
nonlinear,positive_covariance,278,620761183,5cd91161a1f6416c09af21d49a8f6743d175681b1a99fd464aa9a3623288237f,096c1e163bad45ec17633523a6b213d0090c9e4224bb30893d3898f6ea5baf23
nonlinear,positive_covariance,279,620761184,5e5b78a83bf2abd55b4d5771597ab0b0c47f553c4653034f7b586daf0f3e8547,40d554bed9523b6cab87c4a6eaeb57622aade84eb87c36db11d07aa9754a94fb
nonlinear,positive_covariance,280,620761185,0168086b48a02dd0412ff9d466f455ac9bec5374cd5c65be2afb21dbace2a1b0,94328628359226c4767f27b93f182c7c8fb5915ac326f9afe88dd154faab1eff
nonlinear,positive_covariance,281,620761186,59ad2a74ee0ef168b40cbb658c1af2b55c8f589e729fbe2933126964b9799123,34ad49fef7c95e729ccb35931b9d9a7d43c96dedb5518fc062ada15cfaf78cdd
nonlinear,positive_covariance,282,620761187,c6d79e4af1bd27ef7ead955d2533540f87d902f11417bc1b9eea3fd0dada67d8,22c2a4653972c79af764999fbe239e29234d044d78db81a4e03231ffb6c80fbf
nonlinear,positive_covariance,283,620761188,a46f0faf7a77e96c4564bfdb05ee942c70de301e9bd98f19985cf61409c6caa9,d3ea70df824d4e2f47948823771a59e65ac88251964b899a18f05270190be38e
nonlinear,positive_covariance,284,620761189,5bebdb38449ed599bf81a3d671e61155f24162353f5574172cd01be3e5637c3c,e34afa5fec7d3fa0f46797cdeb348ee7e10d33941727d0eea4e93d3342550da3
nonlinear,positive_covariance,285,620761190,a918b2cc3765038068132976cd39e36a49cb89527f90e23e9b8c20085e7aa7f6,fd760f9055b971b0d7f3e40418e5defe4218aa3823115571374965b1afdb7106
nonlinear,positive_covariance,286,620761191,05e1284a19a4e0b2c3617d2aec216e200c01be7eb452fad8a49d115babc0a616,b47cc0f353db4a4ddc3951f7da2baf3b211f60c47ee868f394d8bf27de5a19ef
nonlinear,positive_covariance,287,620761192,1a744949fe4bf046f73c393ebff7c9de3838e06a90357a7130b57f50611c70fd,3b1de16f48ff148070161ce122e55ed4d7dbe5fa3142d3c6ea0a48f4070decaa
nonlinear,positive_covariance,288,620761193,36590bfa9c7f9d39f7361acfa79fd2c6e59e53ddb6d97d88d446f3ef69c42c4d,d8ba66c68a822e00eabda662dbdf59a2ddaed00fab8b0cec51265ea63be35aeb
nonlinear,positive_covariance,289,620761194,c97c3bbcd22e6dcca816a89d6c6974ac0fb2dbb53a2078c650e9d51d0454c4f0,6077643f2593b51e31658ccc48f2028c31a66d4e00154c73db4a58e5fde0b85a
nonlinear,positive_covariance,290,620761195,b09ab402ab24552127d1ec386bb072ce1c37791c541e22f6c74b2fec2a7f3382,f711e463a1fddd31f1390b821a2eb748c1910c5cd533975585fa98a08f686810
nonlinear,positive_covariance,291,620761196,20fb21ee2c7ad478e8ca7a10707c2e1543dd83009e0b6cb426b0d4f3b8515939,05e140563f0fdbcbd1b0595f0e7b5d966845f3b2a2870c652537833db565c19a
nonlinear,positive_covariance,292,620761197,9b1837fe1cac45f40c39b27531f66aa7b7d2f3c2f4d78ecf9ac93ef00284e340,af02799436ebed5de1c3d7e156af9e3b8a880b3053c37833d66ee75a6f86a599
nonlinear,positive_covariance,293,620761198,c89b133181d73572a0a707031620ab8dddaf24f5a6dbab2cde8a5de2c8820d4c,503aa396b3133434dd25d4e07d64d2aae5d3a4d25cbec7ab14ca67d302e84ea8
nonlinear,positive_covariance,294,620761199,5400dcbdd713f56adf1e39f405304aae47a4173948dbcf11a7d7b92e63a57353,c0f783d5b44af1a4ec94a66b3fd3016b1eb4eaea56631b8ae78fb04d958a09c8
nonlinear,positive_covariance,295,620761200,2dd0bff04d13765579f5102d5e24f1be9ef2920df6b18641a64489e6f9eb2112,1093cb001f82b87c59506989e47663c4a8243e5727485d2cfed26d9ffe870c12
nonlinear,positive_covariance,296,620761201,14d1861d66b5ce788dfd95a041777c45fbf9dd2d667e7cffe9558b2662eb2de9,5c548fd053c63e31fe7fe9729e0c50529b122109a6872801348a14329be2e229
nonlinear,positive_covariance,297,620761202,ebf1caedeefd073626b797ffee36adfb4bac4023cb212b9c87929902fcd722cb,7bcc3a1dff8ba22f411a0546ed39586fd44680c8feee0026afbc9e30e7543c60
nonlinear,positive_covariance,298,620761203,1091ab083f9465056bc798a1ba9b81e688f7f7746394d23f495c515042bd3d0f,6df6f6dc34b65949b54d5996ad2e4bbf9ba9562e223c8e057a457a74ad375722
nonlinear,positive_covariance,299,620761204,899b53835bca4a8c6f7c6a434ab2fc31bdb637241e9a08aa0bd64d75af6e1de2,abecabf3b69d7549a1521d1e2884c4838a6abaf85cd51f202c3dcb22d8773103
heavy_tail,null,0,620860905,0ec7da93ba6ffed437e77f1a481dd9d8a03f6348d548b77569f51836b57a4871,0a573c9d124fce2502c65fd16a709b3b6a257a1d2fee5b4d698dd05a300c32f0
heavy_tail,null,1,620860906,575ce3e63583b08e40af753dfd8fc9e427caba5a634f61650996d3947070a7c3,4be8c891f36ac2c39930115644dbfa492bd7855bd4ac401f70a9a22389ac313e
heavy_tail,null,2,620860907,5c13d5ea60a687fe9019a83728ca5596070b8485062cc870251de166cea4872f,c468872d46dd6d26b5a86025c46dc32e8c8c44dd9fc1aa6e73b6be20f92b7e95
heavy_tail,null,3,620860908,4c4349187a23366d048054b9a75378a994b43239a78965cb2314e1aa980fa625,cea9e8fc420fda352b5c906368dc2164ea0904069a66ca98441d21966c0c3da9
heavy_tail,null,4,620860909,f44f57df72d80f424b009a488b9a280cabe63e80780d8fd74c12c61a9c5d9799,f2f41cef7470eb373628af9c4019cc0a305d7f723eec4ed9a5bf5eee43eb2b2d
heavy_tail,null,5,620860910,64276612fad0fe5a5946770f87eed1d08e7f1b22a785ce1826d2c8864412e367,95983bb53e30af76634289b11852a7f230d524c79df9bbee323cabba340fbf34
heavy_tail,null,6,620860911,680bc6485dab9fe4751e9ddd7766d06fa8ec07c5da38f251e15e791f1bad8d09,8382e15ebd61799422f62ce4fac6c80cbca8be069a0ac6981b9d6f6e9350cec0
heavy_tail,null,7,620860912,6b2f3d86cb5e3934668967407677c3bc794ab0440cbba82092235748742ddfef,003f838360c3e77da2b392eaf9fb08fe0568db42136604410fe6ac3815e5d85f
heavy_tail,null,8,620860913,652dd8b24a727beba0cd1c8738a35636a129e2c13e1acf814090181a5f907af4,b8f6701f237922d77d79fc4e30d30a08bb87b9e48f630dce06b7765215a3284f
heavy_tail,null,9,620860914,84f29c04f6b303d6ef7f5ec44f8b06d7b09b3d66066bdbf0afdc0a5509cc375c,4e048947970736a4e21b1cf6e0a60e34195ccb9cf611cb7587fca3f10cf4157d
heavy_tail,null,10,620860915,85a310d142c0616c8e3cae940d58c35791f7f042725938136fa6faae4610ae0b,1e2b50e18abeb2fac9a3050905486ff17693cb70caa175eb1e0a4e24e542d2ab
heavy_tail,null,11,620860916,10af938438a6952476817f1970339cc2e94556307f33c8a32e0d06f57a1b7c95,1ee83e3d1083ba1c040e9d5fe0d5f6f550f50dec235b6aeec29dcbbfe2cb919b
heavy_tail,null,12,620860917,d56cde2e9ba07b5735af5b7cd05dad9470db60c5558821f4b9ad0670ae85bc2c,e4abb675fca3e77ddb0e1e50e8176a49d16e9e944a5b1b8a81df64f9cdab7188
heavy_tail,null,13,620860918,7fb55d05ea75bf7ea78341ed53522529d31c34509c3e651b149b7fb4b3c8ff91,89905f1a58ddb45301e87cd74a116005b944086bb302f6d6e60ddce2b30b2d18
heavy_tail,null,14,620860919,0274216b489ee94e5c544e4c345e7216207dc35dd78d8cbd2fe456b242c881ce,fa4ad0f5b58a0a4ed2bce5511f874fc771b75f64f9e6e5ef62b0696c9e9d9d02
heavy_tail,null,15,620860920,2a35d6efab20fba8b8fdf7458dd4dc968c15433cea4e42d2b49c9089e9e10666,1c9c4bdee675d738963cf7141699cf5dee5bd7cd67f4d30359871eb6215c24a7
heavy_tail,null,16,620860921,accd2f2e72620398452376a7e42ce6a4a83a0b25cf7794d441a18be61e0e30c3,f9f6b9f54f83e776680523d659d5f86cdd36a682c99917069406a61106dc18ac
heavy_tail,null,17,620860922,c1b3efcf15c9c8673c0f45ca94147716a182f4c0509306344190b8fa82c869f3,a7d4d5f0990a8a261540bc591db17caa4a9b61681a0602293233e90addf22181
heavy_tail,null,18,620860923,55e852d54f8b7408b22f585a0a1a34c6801f9dba186ad7d6f5b05f59e3eccf27,7b9119e90a966155430d97bd7830c1df08fa66e7512fa72338780fa4039f4569
heavy_tail,null,19,620860924,3d601f85957d3335da73d37d17b22ebbce6bc24b3fb1b2190ad5a3a398f7e30e,aa5a6f6b70385efc85f59b198b8395141d675aa1bdda06b80e2bf80b178f44c5
heavy_tail,null,20,620860925,7c378f2887b1b6bf7f3487e8d9f8793385f9a50c6fea4d2f5dc619d819c916a7,5d1962edcb3e33bb85e3b1fedd179dbd2c99af6a49da9424718e033dc4a37a10
heavy_tail,null,21,620860926,113f23998f372e2c2ae7422a351dd0c6b52d0f87bb3c73ed7ec398735c0451df,c66bd964f7faabc22bb7ae1dcdbc93ba335637fe08fe4c0e731e7cd0a7579be0
heavy_tail,null,22,620860927,c6d7361e7050e3343170de3af18b07e9078d71a1b5c48fac212ddbee1d185e15,22bfbd6add462be07fb7ac48c95e0789cfc7a98409beefdb6442952526cabb37
heavy_tail,null,23,620860928,59d627e860415cc1a966ff9dcd17347c5eaeb28f0f7ab1a7cba1c215bfd3c5ac,420bc95694a66d60e75a58043126bd1709c4767dbdbe52655d567fe050cac374
heavy_tail,null,24,620860929,2212a0c2f1de3758e37cf750569476ef2e4a06f76092c6e7b465be9b4784b665,eab07ee7825160239b08fbb1e16dc965f6e56aad8c2301532cfd792aa7fb23e6
heavy_tail,null,25,620860930,999e486a7726e01ac68ecd8379945ac8e7f7c56300b429e10d1a807d68010637,d5b5ed54d30450e0e45c30cd1794e6aeac8564a2fb4817342f4d1739e81fe65c
heavy_tail,null,26,620860931,c8860788f059a39274ca9c08def3dc71b06354574e5872579b38bdce2521d86c,bb07bdf1dae834785093e164fa1abc28eb7831aa400d01a2b5902989332486bc
heavy_tail,null,27,620860932,4690838beca1428fce99bf44b8dbccc90582e98918669e04cba3ca61c6e979f0,a95fd2f75aa494e1fcd2659c0b6759b8ad721cf1f153774236ba5e2af15f7271
heavy_tail,null,28,620860933,efe4652f44ccd724cbb2d666af691c9e41849578452d7cf33f1cd0e10bda350d,68f42d31cb2883578568f4855dcc383019f19a0a067e229216dcb68f4ababbca
heavy_tail,null,29,620860934,fd8b50b8e0fbe1b11dd1e9a163b350fa0afdd58c21e8c9105ab4e25578713534,cdc654e2b8dc10ce2f2bff1dc5ff6d0e09f313966fbeced369d4de724d286b75
heavy_tail,null,30,620860935,8dab677b5d23116e8660720c865bb2c5d9348ff139b876aea66bdcf7ae70e587,26623c517713b7cd5dcebb74ce15c3d083f5b54aaaa775fac0fb95ef493da213
heavy_tail,null,31,620860936,649c4355e0a4d2b6d827832eae82962a9e5979f77def1e26cbe6a7a31db05e8b,666f67e25410af4320f2ee4b0d7ab07c5394448063701bdda8974d9d1a638354
heavy_tail,null,32,620860937,e4eb10f79ee2853a3f310d3c699ea70830d57e960e093fb54e893d4012020dae,6525a9cd93a875be63957989399718f3105fe3c90e7225c5c77551623342d699
heavy_tail,null,33,620860938,92fb4d5a06a72bd799aa4c12fb3d53e26a68b9b18af0aad9b3b93a4d8e5978f2,6631455f22dd4a30f7c5d57453754e4b6e0c3a8eb039e5cd49c11e98c89077c7
heavy_tail,null,34,620860939,782f635c3329c7dbec03e80b50d642f62947517851261db0efade01f4936cdc8,fec2b3d2adb336e074cb17c1c722a7a5dc4851f547abcf79591dbc3deb07880d
heavy_tail,null,35,620860940,2f2e1863cc2915ced08024ff4dcb82776aa4d4f1c33da39755bc4c2c915ce30f,b270c2a3e9f06f507781c41f3cd3d1295ec503d534f707b1e289aaccd25d5e05
heavy_tail,null,36,620860941,dc5bfa9cbab3230482ca75b8138eef2cd106ddbb10835473e2ead592562ca249,18749cf5607246f2d4f1c435160a0f84afcac392b24522516dcea89b2c831a9f
heavy_tail,null,37,620860942,fd7afa17dad9d6ba923f1ac30369fd2a2dc6b63691a74d646250f89dc47be0a1,78e92fa07411cc21413dab819e1ffd6522127f7df3b17df6ce381891e928ca50
heavy_tail,null,38,620860943,5126dd144fd5b078b814fd7f61a11ebad2cb55acb071a20418b24f587d6b6fdb,73cbd97a36ad2cd7c2877562a037ef88f62bc95b4b6119a4aab276814d20996f
heavy_tail,null,39,620860944,210e0e1f7401eb7f4838c846c05f983a1db82467075190c8739b305562a4510d,5bdeeaa2c5d1257f619f494af287a7b24eaf2be4edd55112efe083f30fb002f4
heavy_tail,null,40,620860945,3e305ad5b3f940e5e2a7b5202c2d925a2cd6524f9775749e869e45f268dafcf2,84c4c415fd24c583bf8bfc06c25038237b7141f09f5375a192adefc0be7880c8
heavy_tail,null,41,620860946,176db24da86c2703b6b1042b652cd1c59e8098abbc22e880b9410763b7ab5e5b,abf9d7a620421754250d76e4a6314c93b73d3dabff4114eadba49b9c82ca1e80
heavy_tail,null,42,620860947,892cd1bb607374236303ba883e0c762815dd98399b3e10903c1c89d940ee4817,16235c76d757b0518674403347068378814dac464589b856973c5ac64b880338
heavy_tail,null,43,620860948,db93c708f242ba73db2206a1e1dd57457aa543d0ef85063e932441f47d61fee6,c894abc9523740711f234c3b7d82f41b4c4447bf5459f1b619cddd79163604f3
heavy_tail,null,44,620860949,ebdcf5a19f730a4058390f809d8e5a27bea232435f16e4f84e47b63b0543f081,e29b4df8899571695ca7ddee9e0691bbaabcd05de950467ee505b6e13f767308
heavy_tail,null,45,620860950,5b8e90001385da8b50ae3960e7a2a597ea40d97c5524b14036afe66359ea876f,4174c48cff5d3f940ed7ca89798f4d1d5acf7c4bd8bfc5855de1aa97cc460e89
heavy_tail,null,46,620860951,17fd31d4fbc1d8492b2de5eda22472af2cd4e10f28bdb778de4f40a564ed1295,a5610177fbba05877ae30ff3f0f886595cfe300a2c624de337aedf7bc82a22b7
heavy_tail,null,47,620860952,c438fae4004c6c7db093aed14a1068c00c78b3c90c7b2c702705cc1e93f64e2c,f5c38bd88258889d72bbbbb02d1cabe7392a14a9c30e2b7f3ffe3ad7a29d5098
heavy_tail,null,48,620860953,6889c215eb45348402d03412374a9b1438895e1bf2a26f2befcf7de548bbdbf0,cbda5191f43f2a0d9d20c3cc1905f51a609fbb62be835ef4f82236ca95837a5a
heavy_tail,null,49,620860954,2f7d7790043faa242c2a108e81e32974f07f568da4bc69a3ce80c861d10650ce,ccc3196cf6b6f48b8ac68d599a22eb71bde0d897fb8cc288f616dad5df6f5de9
heavy_tail,null,50,620860955,110212c7381c858575d59aaf3e5438f88541c9241cea67df35a3375e43f8a9d4,be4b8a67200e793a99dd3f7fe6827f8a2047b8701480918e763a56b7b7a538ff
heavy_tail,null,51,620860956,dbf0d7595de16421d26b880dcc3903945ff89147f1e79dce177db11ace049dd0,e3b81492ce79553cb1d2920b62a1f1db42319956435e3f296f02339a4ba8f5a0
heavy_tail,null,52,620860957,9af7f0149a28d0fd19e49e060f443abad5632e9a0cb5a8f5a985bbb8a3045800,f44660ff901d167d144a576e9fd4e0822f298f8dd8b0252b2ef14bce0a6c0f09
heavy_tail,null,53,620860958,067c1f6d4df36b73df2d38499625889d5ece1a57f52f1279bd1eeb16eab77b24,6f03bccdf0728239fc1099d12e62168fbdf0df70f1b5f4a6f38c8ca71185e5dd
heavy_tail,null,54,620860959,a7703bf766aea2f63aadd9066d46cb780b75f8c65dc62f7d3635c1c06bd4cd9e,7c014fea11b1d61a3760c71a86de8388e9a17cc7b1c80cb50173784e42c05840
heavy_tail,null,55,620860960,fd3a3e9e360027c080b380849eface01c9c77062f5b8da5d986aa1b831373b73,ea259a547e41919d5a967de3ef4802443a92b5c4532287facd784a5da77434fb
heavy_tail,null,56,620860961,8b3acfb045402be56d88155914502f050eebdd3056c0c0270ebb770a5075af55,6236c8c393330308adcfc0c2b7980b7b74d4146ddfff2bac949b1670940c0920
heavy_tail,null,57,620860962,8fad7a7465862806c341a9c8fd85acad32c908b17dc74476cb1287bcfa157319,37a203d43ab463b36cc33879c3482a64130cea3c0ebbdf694ab71cc78b1b2bd9
heavy_tail,null,58,620860963,cd105f2d8b124cc6a5524c63636c35b1af7f010e3ff1d863405e803a0aa67904,d2e71b2322a6a63083f78df8e25ae1dadfd8eb9924f5a07600bf91be4b2c3a1d
heavy_tail,null,59,620860964,78825fd0a41bea709f5b85ec61f3e8a97e9e70de32cf5d04f3117ed78a1851a0,e118e5a0ca2c4e8b978337e9d1a1ce4299878bef2392fb52b890cfcb1ed7b173
heavy_tail,null,60,620860965,32c89db55be3bcd52f38a5f48d09b4311ee35f8ec2b8f1ee0a3118b802566e16,3dc43fa4a4909e73226305967dc28608b68caf1bc5dbaac69f6b4ca0255da225
heavy_tail,null,61,620860966,86340e0fb4a7b7b6d47852e078473522cecc1d7881f36280458ad1c1385e7a06,3aa6968a527d7a16653c6f29c1d213b1dd9af5561682bc7f1e1bd2ec81d9ddc2
heavy_tail,null,62,620860967,56c9d434d464c9a2508cc9810a760f7a889b33a3dc70ec157f30b6b6fa8477f1,b23684614dee32d15c4060676a567958a09168a8449289b9de447a579bd0f2c6
heavy_tail,null,63,620860968,7227ad813d081bb98dde966eed86a8aedf6ca61e914f6c636364a612388a3cf0,f20490e29ff663a4dfbcc511ef5da9de6f3bc1f0fbf9c381d5944dcb46295f46
heavy_tail,null,64,620860969,fa46e1c02d9f758dff7eb3a94084c9c5c05a63592c8de8cceb8ec61857065ffc,d9b9759205dc1644c3aa83d671c8a9c60079115b69eec50972a2da495f82cbcf
heavy_tail,null,65,620860970,4d2fd1fe0391430506afb4e907d9b649b4fa8907aabc3419f866402a64cf23e7,4c8e4fcc6cad89578ff518778b7022f26f8f1740f6bcc025a8a30bcf56361ee1
heavy_tail,null,66,620860971,84edba95f8ee60f4486065ef3a92f19d0bbea3d20db19e1eaff1221d9b34e231,06e5b6aa030feb25d5c1d422bc0df3e2941e34bd26a17afb60f4d5e4bcddb148
heavy_tail,null,67,620860972,3b7c46395c9fb805118716b3554b75ccfb6ed747ddcfb26be797673012640237,018f5e9c80b818c6fd85488e00d161e83ec506be852719754236ccb4730e4132
heavy_tail,null,68,620860973,d8f25c502f8afcaacdfc006ba10e0f31356fbb70664b07b914f7ea928aff8690,79f71f5c099cc4e9a98755c750d0e6049328c9a1a504d2530090e9134de6546d
heavy_tail,null,69,620860974,3b6290abce561b702641243b28cb75637150575237a46c0c07b0e10395f01d28,6ffc60f4b30ace611db06d42ba00b467993846457a74673a283967cf8d413fc1
heavy_tail,null,70,620860975,0bfe78bf34be9c1b24d70a8979055373b4f4e4eee4d38da4ab23ca0557b3ce20,55e42f373e6979c399358516e985d1bddec3baf98bd9c89810eac2483333236a
heavy_tail,null,71,620860976,80fdf45c91f97566ab7d6c4a5ce9d487a42d5167f6f3e3cdf97ff201dd25bbe5,471b16cdd07e9ca1b15b9226d8f5e4309fc3bff88d3d6389a8b4c0a73ae5a06b
heavy_tail,null,72,620860977,215e98033fc86953bbf296286591d94fb63131a4a44521bec4ca92aa14c1c571,93f25f89d127bd507ed559ebfff389a1eddb6b4ba03268150033a850b3cd44b4
heavy_tail,null,73,620860978,8ea3265498452cc9679fe939d922acd2282ab62b241967b2d66a68067c5acdd7,c239682241fdc5ad5f4888816273f3fe1e32bbe2b87b9bd820dfa4da42bd6fe4
heavy_tail,null,74,620860979,7f81eaaeec6eb1ee033cc973cd13823647d12aa6d9276aaf6f4430b1ea81893c,f705ce2ae6e91d32b48612d3f4351efb70d5286c69fe2e5507f7f0b556fb6fc3
heavy_tail,null,75,620860980,6f1ae917a1adcd900270dfbd0ff9fdbccdb1f2d3d8e0fda444865429d1f77616,ed02dcec08228d2f9d34404674f05b7917974dd7c6a4d8da5d0972352e891b94
heavy_tail,null,76,620860981,190a1c63050766da349411f6db0e423b445a9006483e14d5a6d958e9e79c9f57,d5f7c5c6565cf9ece74238c10c29cbcffc86bb407a9e20a2ddde9874cbf4183b
heavy_tail,null,77,620860982,5f0f2df9913541ae055a553cfd49d37ed1d6d362e766eb1159c379293894085b,eb958066fbfc09644f879ae20edd333a6867e2d45cb3aa0401a24831263d5d68
heavy_tail,null,78,620860983,c851e2770eab44945625d7024295df1e435cb66e15040d3de4afd4042860e00e,aa06557d776b43ab7810cc07c8dc0c797d7bcc06b529ddb5d989be08594adf9f
heavy_tail,null,79,620860984,edbb6f36191ed1e19f6ebec4540be719789acf4adf5e26ecee1a8884db7aa257,d76c6451192a7134d768ba6db603ad22f88c953d303c916030ab8fd516a8c25c
heavy_tail,null,80,620860985,414b6784d20462386b8b056b183981a71069d03623702125ac80c60e6b4fefb7,c03ba4dc78b46a23fa16bee39cb28c2cf9443ede74c7dcd3ceda48c4153d0fb6
heavy_tail,null,81,620860986,496b3573597c04a4fd68d6573858760cee33e509c93da8696086eff5a8e75c92,98fefb4b4cdb099398c2f5b2ccf2bdee6665f3b7ffa7be3cdd2dccb1e1a30bee
heavy_tail,null,82,620860987,f1ace0ef460623667756f1c17d668e0ee76cbb21ce58ea53627f7f5c4de14807,fef1db24c67da972fbbc98333fbd5a05e3a05b55a90e580ee75f388f0e84bef6
heavy_tail,null,83,620860988,a40684bdf11d61ac194c418edd5195ab79becddd24af1929ac0e607b73be9346,64513dbc579e89f80a6e87411ce93f7f889f5b0009e4b6bba607df5b5301c3fc
heavy_tail,null,84,620860989,e8257c6c999ba0cd5b6750be53ab12ed144270ca73261bc3e1c85d51b7eed5e1,9d7df60bb06353e23eda826474ed579c9b3854ff4cb4f2c93094562fd765383a
heavy_tail,null,85,620860990,309fabe20171f17560f4ce13c7f6c9bea2070060c21d8335ce6320c0918ac110,b15e076b0e7a068505957b547211d259493d6cf9c2181ff0fd4540373645fc17
heavy_tail,null,86,620860991,caae70a10ae12f7d25e54f39b2a921facb9917ea8250b4c9a18d183e1d1f4941,66a81681a677ee61597941f01ed14e3865ef6035586d98113a0bd7db59367bbf
heavy_tail,null,87,620860992,20052bed8dc6d081b239571059c70400858b83f45115cc35dffc0c850938886e,49fe731aaf4d707021e92513f161ee5c431d8529ec354816d091f7d147854310
heavy_tail,null,88,620860993,d7f564881efeb8274d3c6e90457fe251eadb35a65cc0b4932b8ee895a820068b,3f52604aa3d8527e9db0acdc348be122b0592af919a17d0b7800a1e7885f1390
heavy_tail,null,89,620860994,7bfdd2bfd5ebdd77e8ef97815779a2c45bdac821c5be3fab023d483d2072a63b,698c918896fa315673beae3a72336dc334627c61688ceb2e234ac8595fd63a1b
heavy_tail,null,90,620860995,f297808fd4f23663d7742ac7a2ca81484cafcd0e6ac4f5578a90c13b7416a465,61945df6bcca8062bf2b1f14bdfb6e0e47804de7db93bd34f016a1f7c283d69f
heavy_tail,null,91,620860996,6fe80cc045ac3067127e3f8f64807b192280fb7fe367a1fa4a5f590210f01ff5,b57888269dd5370f4dc7e0bc9fe78b1cd4b9c00d328ac9a2cc7d766c2877d681
heavy_tail,null,92,620860997,5c9a54d9dd1d5403cf4dfe997140172a439b376c34b702e9e99a06ba4991b012,35e0e49cf124137896fe76318a689f20c4ca826a2e9bec3c9fde1ad9a4f7608c
heavy_tail,null,93,620860998,92e7b254d384470498123ee0f4eac2a11993def38d68780418401ec1c18b65c2,d46cc1f38a5f8383dd0a48f537a364a278339f250ec96128b15a6e07d7cf8fe3
heavy_tail,null,94,620860999,b195cc7ed9c5618fa97e63c966f45f71c11c91a9674dd77dc65f985106e12a83,fd45726939849744e86f3cf705efe61d560138b827b1a797f899ac7686757922
heavy_tail,null,95,620861000,a22816ff00f8c66ba6ca63480b44ba298831ae2861233e61c138d574b637f4ea,769aef76ac3d9f1af91a8b3f9363ede5f61ddb41300fd25c3c7b3a55fe1f0aa3
heavy_tail,null,96,620861001,47b01e051b9c2cf8520f40867510747844d9db7af4319c5e14e8e680dba042bd,c7066e5f13c72f6944bcc616c1740ef0eef5adfb4e5feeb37aaac068080c60b1
heavy_tail,null,97,620861002,9ac34f2709d3673a2a23f79309cbdea7df6fe2d1507eff4a622447ddd72034cf,9a136c6cc91b756aef394b18c699dfacf04bb06aaaff49bc11f841d2c7cfea83
heavy_tail,null,98,620861003,51c1c2555f12735158c60075f962131f5da520ab3fb60bd491c139a1cc7855bf,9dcc0eaf3ae0a5cbff274101ee3bf89f89035d0cf8ceecba6605eca086b4926a
heavy_tail,null,99,620861004,15fe547e8b48363d4d89eb4c78fd90db859228b4446f484b1d7d4d04678073a5,a475a8ac6c1e85c9564d29ceda43abacb17531916e4527ce4cfdd0dbb806a26f
heavy_tail,null,100,620861005,bf473a4309a84c3471d530c9c681999957bbe4ec767aaf29c80f36b6e9445077,9f499f37ce708037c82b4cfd922995ef9ed903a7a529400cb2c4ebc3edd86be4
heavy_tail,null,101,620861006,03641c2d948fac51b75722e721d0f2cfe47a786c3e5f5936d18879f7893830f7,80ae04a622774cf7c12b7d821767a9a7f5106dd3d5664aef6ecaa53fdaf3158b
heavy_tail,null,102,620861007,f2b6723821c611b98618826a76391be5b87d37022fc939716b99e3dedeeabb0d,b752da762d2dd651ee2fb9039476696770947106ec61722279fa01954b0e2dfc
heavy_tail,null,103,620861008,2923340d2898c9ebb45cfe544134be9f121054724d0ca8e26380415d9fa76b70,fbe04c1f358a7100bbe2ab91e8bf99e114d97c87914f91160698ed8069f25992
heavy_tail,null,104,620861009,a2b6ee3848639582b537f67b3fac84a226904749b81abe06195ee56af367b86b,78369c59affac057a34dddd9e54e10506d5b10537b80916b89b94fdfdb49b7bc
heavy_tail,null,105,620861010,d2c3b9292f5c7a8196e03aef0219e49fe942581aa35f130d8255a35e4165ac62,75a97a315fea29d2fb0774b193572df992619a8bc9f4ae4f444de75c2d1d6a35
heavy_tail,null,106,620861011,9806fcc00c7dd9c017d9cdce372f6e5b007c31feb5fce70b0af6c511bf77019e,584a281998f3b44e0227d1e84c058061913c335e5807696299521a3cf854de9a
heavy_tail,null,107,620861012,9cf4282c40f0504564c6b5fb92ebecca9e235d72026fac4694c7b454bc7d5d99,2a070884abd0d36a649b707010b6225f5c366c61db7971abc494efff11bd3e68
heavy_tail,null,108,620861013,bcde99c14ff8826d443b5bf503a4e687da1e91f200f79d5e08b33c87823840d6,f3cbea6f556440f0c67768ed797994f83fef913561ef0a3e2567b6ac85a745bc
heavy_tail,null,109,620861014,a1b13966496953084b4aefa0edc8e2cae1964bce4650a95d57cd1a7993ca4960,6bbdde0823dd5c6618fc305e852a1bb8562c4d36ce047da8c6c772d0f6201605
heavy_tail,null,110,620861015,154ffda72998cb8195a8d28434114d24aa9b7935d22586254b0957f462a94de8,2ad2a1bd7101c53567ce8844a145c672692a26cfc00d3000a5632a7c4fb75b71
heavy_tail,null,111,620861016,0265754fd65ff0d36dd8ac3743b6cf22566b3960fdc48a8d96b848e4e7c458ef,1742630969c7ca567e65dc116502c0a6d416e60b4497ff73133a8585e41d58e8
heavy_tail,null,112,620861017,c378030aef7dc84096d10b861c46ea4a32b5038fd38dd478bf160bbe04795468,301228fb80af1516190f56abaf32bbc51e2c87e9d4a8eb8e1b20861ffa8b61da
heavy_tail,null,113,620861018,2c672e39dc352159fbe4276bc63efe7fbb29cd2069b1d73c881b890b18d782da,2333b5ff5dab1ce9ac84d657910c6d11c79c4b244d7c2864d66530bea73188c4
heavy_tail,null,114,620861019,fea8e72691af9ed561741d43e2a18f7ee51ea1185991b855050ce080bba990a6,b4c7c3bfeba814f846883b846ee342849dee8ad7969202f5a53a456340252612
heavy_tail,null,115,620861020,599252d00a5cecb4b7c4615cfe9bdc153eda24fe1b091f409a7efe900cdaafac,1ae9c063bdf24a4a8e3dc2c1107501fe7316f7ee0a21d001e1f975472d850c11
heavy_tail,null,116,620861021,9bef88f09931de37c159154644883e67f75c06133026cb574b7babc1640ca114,986fc271e519f791ccf8a17e6cb09a2affb1c8637ab6177d81198de161894a6e
heavy_tail,null,117,620861022,139687c54a2c12a7c49c8edbfb218942c15b1aced8c9c000bf775f1cde829d74,a1bc512fbd85f423ff60192aa1c4a1780a65c5ea0f69f2c0d4fc183310c1fa13
heavy_tail,null,118,620861023,f3716602c7ad4b9a0b357a42eb230c6d59d609f75ee4d90a5c59b4de5cf9bd50,f68892e82e82966f9b2abcbf3cf2c7131074172d63ca6b70021b00dfaf14a38b
heavy_tail,null,119,620861024,d8c7d5619f5affff0b0374339da9bcb6cd5d757f79b695dffaf4559a54a8bbee,9fa4f20f12eacc4cbf05d4b2fcb11a86a25e200e519a040592c70d5feab7e889
heavy_tail,null,120,620861025,a85fbb04c619ffadd7a8e935024b0e9f82cc8451a86093c8bba84013028a881e,2681a4eaa3a1bed96d5a6c5bf4fc860a1fb4dce0935ac35415d4be3adf2bfc2e
heavy_tail,null,121,620861026,bb39ddcb8c8950ce94fb35511d07a89737873aa3cd2b9a3545f6f4f02fc8af8d,b685da2aea6f6df559884ff1f4d0d1f40ae14c18086cfb9ebfcd8dfaf15d7bc5
heavy_tail,null,122,620861027,b911dc60a5a85da1fe559683b433e7d33310edacdbaf535466ec9bd8468af5d9,da150b7e28cec875c065e3fc8c09e79b1981cb7a99cd4e7a9f9e096055a002cc
heavy_tail,null,123,620861028,e108ed82d0505d7154fa5a3085b6f9e1c8361a2e0db5501e5bcbf53bb1b8c1f6,615e40b6ae161e13d24336f56afeefb6409971dc4645fb7ea1daa0006758e691
heavy_tail,null,124,620861029,00f27fc112a522cf84ff1ccef3909245d4b7d967bf48b48493844bd9cad09951,65f6e047657d82d2f2d84dfde52e787a757c9c82e2501c59c476b1cf984fc0de
heavy_tail,null,125,620861030,921a7728b9ad698cf583b151ed22b6f46ddb574e84530517cbb0c0082a1ec335,636f589fd3cd8ac16ae06b1cb29495f6b88d71208f5d76aad2cd745541b6af47
heavy_tail,null,126,620861031,6391bbfd7d0b452fb314758567a7d25d7308a0d9891407f100205eb3bee61479,e7a05dec8410b8f656afe5b1cd4a12d329d72ffcaddbbedc72630c49dfc2c92b
heavy_tail,null,127,620861032,2f2555bee198d8161a995d5cc41bf8f2bec5137130f7b7838c973ef126babdd6,60bdd17322dc42183878f21eddb578204e2f83274b83ce3d5a3904b605d5fb7f
heavy_tail,null,128,620861033,c603c239608a10477853539ff387ee03a32dde2a046312382cc45aacc85589a5,691d703ba5771e1f8517ad3e62297547a6443f2fe52c35862348c5e4b5940a20
heavy_tail,null,129,620861034,ec59731922251057af9982cfd4ad3d62ac4765abbf709b7eea14ce38d7992bdb,cfb713bea7edac1bc1aeeaea409ba95a1d460fb428de13f8ddaa27673e3e7401
heavy_tail,null,130,620861035,f9181fff6d5c63233c75c7efbc2d6edb8137f67e82927755dff6dcb34247c8e7,142c0a1ae58957edea798699338b98c9fac3c1ee247fb89708d094bacf1ea641
heavy_tail,null,131,620861036,bf0f92059bc683b0c6e41d9fcc575ff9938c8e3846acde25a322d7bd2d4af9d9,0624d99b1b0d87b418aeafa557a1dd84419e25917fd71acd8053e8d3d05914f9
heavy_tail,null,132,620861037,f4b907d6bf834da6e1615ccde830e2b75a9befeeca5f4aa8c731d3d0d3c87bfb,3a42d0177b22be28b15788acd6ff2b23e9c2e7eec6c88be685b281e93d1b8112
heavy_tail,null,133,620861038,b99818117a882bd269ca49a4da2a977a728f2dbc12f1062b8ee05ee89fe6b5a8,fb50dc3ad13b4730fad4ff17ec67b6fe53979d22f066da01480c26a5caf05d7d
heavy_tail,null,134,620861039,648782956e4e33d2ced54d469e27934e576aa37bfe7153f5fa0899de8e9c0b1e,9e7c81cf06dd185f15fb34bff802f9a8fb7babcde689ff4d303bad0821fb1861
heavy_tail,null,135,620861040,f3df29ca878422d0b96e68f7d315a1450418c55d91eb115b8b7bb3c4b1ee77db,fc5de4f50119b81c1657d6a83036b2b3a04e2ba2db2aaa37588a957443cd2e48
heavy_tail,null,136,620861041,2f5e213ea75085038b315a64ffde11f0d0c4aa2905d13e6ab47b47144292bb44,4aaa4e94b978c2048dfd9c00cabd8250e2c2fa18aa49434d8e05dd3f38a386c2
heavy_tail,null,137,620861042,1e2eb09e69c1e66c067a7a4e008311ee36785834cec109223fcc292050b19dca,08afdae0f726932d48361ceb075624cefc4d33e80068b1729539fa7eb10ad0fd
heavy_tail,null,138,620861043,ac481cbc14294a686dcc3905cdb1bdf4232e3d43b2b0537c77bdd57c37f75c23,e90e26bf2bfc01c27a28caae4194aeec41c4a5d615d37fde8573275a57c5f57a
heavy_tail,null,139,620861044,b0a29e2dbde78289283854be28d604eb06b34ec3da6f05fae3ce8bd858c3a380,4fc7c25c024eb57a2d994e47de6426fcd7a7d79dd78f25f9bb3b24dc4c61ae72
heavy_tail,null,140,620861045,264137f27bbbfb5b699fbfd4739ebd11c33feb88413c9163aed8b37ef281735b,517ec9d396bd18cf47db96661b9ae2863117d60af2a24f4dba4e1c009b0eb26e
heavy_tail,null,141,620861046,f0b1d65aa1592a5d437c62104ef44d0fd137a2ac331a64ce968c201ec75e84f0,85bba4ffab63ee2c725b123b31d7a2891123021fda28a1a7480a7d86510a909f
heavy_tail,null,142,620861047,5390d8bab9a49408b0dd62013f8949f3234e820a6783589582404f9427cf053a,d75ed65aac46947099d101d8c738e6697c012493d0e82f14a8cb3fcf567cadbe
heavy_tail,null,143,620861048,371488f6bc494c83732f7c2e59c44a9c935f18f50865af651eb182888a3b0367,7fdf308159181875631d5be28c0058d3e63e2c1759274abbd1a9fff27df221be
heavy_tail,null,144,620861049,7c922bb84a6026610a2c33b7d3df1827e82aaa569ce51d568fff5ff426a021d9,9aa2c0a18bee1071e9556fe801c67902705ebbed80b7d49d62e03aa7287396c4
heavy_tail,null,145,620861050,fa17df16da8499a0e1f28e3ccf2283996412a864228dcec4a6eecd425756226b,872be885805482635ffde1aed5755955a8dc0f879bec05ec9b0ef63d3e645058
heavy_tail,null,146,620861051,5494389dd76fd623fe44c3e47b4f0ec82af7db1c42d794b95e63e82991e18272,d0f76b2a1b363a3be64646349713d3fb15d85f5f48761f295d41c36a9ffc9797
heavy_tail,null,147,620861052,d8a3f8fad99d84c4ef95048548ec0278c2dbcb3caf39929660f318e44d527b60,a2ec146a1ce1ccaabf909094211f7a67a2e60d8aabade7f447dbaeeb0a409128
heavy_tail,null,148,620861053,df9b2bc6353df58a051516adbc872d97b1a49b27c474c85f2ff7acd6fc8aad6f,a07ed7b58ac9e54b3355f6a2c81cdf93b25882ba22642044a7556a75d26b9832
heavy_tail,null,149,620861054,832434ffef5dfe71b270a3ad298c0919524b52f6d02771c7a3774c52cd61e52a,45bd290074e3f28855a90d9d5245c54c73a4a5e4ec3d2ef465cf7b1390890529
heavy_tail,null,150,620861055,418cca0d5efd97136c17522b40cb52fe88d385db7d8d2b7455d0b6d8cbd4ba8b,c0a9690b5136712042622a7df105f4ba8060cba3a47daeee8c4f91415a2305db
heavy_tail,null,151,620861056,92452276c3c53c8ad47bd99f73d4f2d96f55d011ba43f6fbd5c6dee5a42bee6e,9c7a43349ccbd9af5866efe94b535e6bf170f5021846bafde379acf1a44f494b
heavy_tail,null,152,620861057,ac7da28a93876ec9b0038c0728e01faf1b42b955c6e42004f4477f91dc69ab1d,aa308ff58095ed30fc9884eb1f1025882929898cb02e6a4900c000107bb5483e
heavy_tail,null,153,620861058,af31deb6ce1fda53b0ae808a96d6018f7314063785f21ba082c035bb1138906c,1b31902bd92382b696b604e78bcd5b0433957926a5a41bee0b6fe4d76fde7e63
heavy_tail,null,154,620861059,b1c00ae7e1b5be7a87f3f0186d6596955d669497f30fbe741693854d78bfc246,45577459fa33c510f70a0d740ceffb9c2abb6a0780c022c2b05975187f1ab22f
heavy_tail,null,155,620861060,454a0bc4452beeb00438b0bbc6eeeb0596de2b5090b90bf894a84e527584b6d7,01a62a602d021f4f2bd3529c8e790bfa774eba8cdb194b557f48902a8ee34293
heavy_tail,null,156,620861061,770a30d038b70ff10964fbd680c14032cb3773bc830883bb7354f3d2ba7eadf4,2e549006ca060b61e2b5db29926c70671368a94cb6828c0b52fafa099a26b2af
heavy_tail,null,157,620861062,deca1b99fb351601bb445d0bf4a066b978cd608f37feb9bf574b3e13647fee22,4ae45f5d7e5484935e349a170ada4f77ce6558a5d3056bfe121ded0370abb80b
heavy_tail,null,158,620861063,7ffa466d02fe9eb8dd1dc6cc33f21a55e35c27c63660e9a8da04de1b99155fd2,bc4e0107fcf90e02a2432b3ab2bbab43ded0aadf9949ebd0f65ed96231baac4a
heavy_tail,null,159,620861064,b6958326cea2eced59a6390fbda8c92c0ffe3efeab3df87752e4e4120ffca10b,8f5cb9472cb5121723daff1ed9c20e629a579e6a3e0f1f0b85653ed801e776b0
heavy_tail,null,160,620861065,1e457c0b663efe5d8877f7092640fa28af946967807809792bed13136dc149b4,243655a6fca70cd1034237e1987f42cefbc62fdd3ba188fa6df71de62ec82272
heavy_tail,null,161,620861066,ebe49bd992edb54901b9a988799c53b714a28ca1383914204c8013abab9cad03,632c6ca8530ab6c84a426619aade5a0be529513ea5b6112c77f9941fb6ba3170
heavy_tail,null,162,620861067,c298d8f6cb0e3bba73ffe74007696b4058df81568eda4e274e82b1e72157b376,9d7b3db18bc87cc4cca6b4112f8a3a43c3d50e8171d054fd4e3b2b65b0d9f07f
heavy_tail,null,163,620861068,c25376c5e6e139f55b72532f5a3b031452f0594ab182a77de98858fda3ec52be,b495ee390442683dab40102c72560a278fa25bef4404967758465b2ddbe58880
heavy_tail,null,164,620861069,cc2f9ce877a79b9cd5932ce74c15f113ff7929d5cce556ad1dc6a8b1f914de61,0833619436d4258172ad717c0051b92fe5a2e0bfd0410de3c42b00e176e81f41
heavy_tail,null,165,620861070,864a9505e67c5df163035ae2c7f74f5fdc7df357b49c4b08d135af31fb6caa87,3238e62123745fb08be525f409e7722bcde667f8f9f6a8b6156e0928e28cf320
heavy_tail,null,166,620861071,b3a486252d5434b08f0d25e74a8a34760412cf82f32ebf3ee939918997a7bb10,94d97100022edc55f3f91af3e8f89e4e92621c9d8430cbe6e12d88c24fc7450f
heavy_tail,null,167,620861072,ac017d8f159a27046b613b321088709ef3befedc6c6c8cb53222587fe43f0fc8,ed98616b69fc0f7dc2bc86021add48c98a68e556eec9635b7a6040a0daf351c2
heavy_tail,null,168,620861073,f537805f89f1450fd8fb3f28b7acbc8ba64add3b1be630bf268f80c1efd763e0,ee22298de0c3ef30b1253e68d32e73896a4666c37df70920aa68fe75f00e89af
heavy_tail,null,169,620861074,911269f3fef29ddfe3dfae9e86d9e1e7fd21d44f957e8fbc0487530807be98fa,f56dd9c8a8aa68bd188cbe948cee6163c752984c8e4a258da606fd8a8dae54d7
heavy_tail,null,170,620861075,aceab4f75285ed9f2245689c1fed6e91da28d9cb8d9fd18c6d0f26387d56e3b3,9d82950e3f013e9f8282a40f5a590a209635742f9b093febd8128afa59873acf
heavy_tail,null,171,620861076,94aec25adac9d1943cd816463d6ca4c177617e1ab9c9a92da56b27b72f2dc304,c4fadddecafefcbe500482aae1f16b4b5cd7418178f4ea87dee35cee483fa87a
heavy_tail,null,172,620861077,c3a78419bdeb1324ba1917c4cf3c7373038e6d5a974cabb10fc1a73d82df29c6,838ea3e77724149dddd611c0bfc6fa836a3d5bbc5953780088d24a4cab523ca0
heavy_tail,null,173,620861078,e1be033429ef26859a928d4e122d7603c0c5c0d451db46499af5ee02a9274796,07a3e693afe3796027a65247d5ce5fe2cd28aeb321558fc53631734a9a365eea
heavy_tail,null,174,620861079,4fe9ede845bdb315ed2afa62f1173af76466aff1b75070cc847e65f854661e62,5cb22ef1b14881becbda2949958d8f1020a3820c84144051a436f19b47ebadb6
heavy_tail,null,175,620861080,0d9a754edbe5f42f4c11e7baf9885d2719bb64a299998fe53a023b3cd9f9be4e,33288da53bd606d7d594ba410590df40879e9f350780ca7d3d3e54d31b728939
heavy_tail,null,176,620861081,919d245c51d1bbdc108b0d3bc2fdb825bb73ffd0953b254564230d0c05d213ee,5ec36b3364e02118e646f19a54dc62a5b027ea6eb6f7be95bf95fcd19f297043
heavy_tail,null,177,620861082,4373107ba44f7bef1daf08a96ae5cbda55a82bc055190170d1551e6cb11e5e8b,5daec2c9b8bab4dbe52ff926707c701ae4bdb0d9bf32102df93c917316fb55fe
heavy_tail,null,178,620861083,9ae27a2f1b706b747727fd1840d644c4fe3387843a4103d9f66013c569c569d0,00914297f00650502cdce3915e2ff73c4269178a0b28f16c2398f980e50ca2c7
heavy_tail,null,179,620861084,d5b6afd3a740b6032431e190fd451b0ffdfcbc8b51c961f547b95737f0c28808,9f6ca430937ac2e52243231e146f3cd50ce2e6db8604b34cb1ec1cb4a8d09ead
heavy_tail,null,180,620861085,3a7b0f3ea2dd3830f2552da4d083bb1d0893894f82df275210b7471ae214d686,ec84a9bb815aa42bfcc369e601ed4133cae08dfbb26ba6c428ac7c96e9025770
heavy_tail,null,181,620861086,b7e1ec8987b4a6fd4da23b1c1fb7cc4ed10f760dc43308694193f08b10d30f8f,4edc5d99f4473b8c61fb85114ea794c0552eac63e523aa9cae49640cf74e30a3
heavy_tail,null,182,620861087,8041678442081e620b92dd2f2e65ebb21fec4e4a1d8be4f0968c5c3863d8029d,42baf1f9ed2eec65bcf3b416324b45327a35e3555b1f1f3de10a74a082335d7b
heavy_tail,null,183,620861088,bbffc8cb2f9702b54ddd4826d08f27d7dfbc48ca402dc74ed08eb22516d60c56,7b2ff063dcb2aac1ba7d93bb85b922107b6e46fd36b8b27709341dc2e7c26f71
heavy_tail,null,184,620861089,988c30a51b584b23dd9bd39b2fc823d5d03b25b7440fcb8e672c8c7608163361,37a218977379d1e620ac6f5349035fb543355c7deb0826942802745542287e7e
heavy_tail,null,185,620861090,184af4947dee12d6b38d1eb9d8f0fcd53cad7240b1cafe1143e2ce35e4613c69,602b0d60b0a36def120239300735baaf39bf5ddc0d688bf4a838be8f28c894f6
heavy_tail,null,186,620861091,ecc9d2a73e7105b9a4bc0a952de8f89c14dd49c944653e5f1aec130ca4c87e08,cb415b1e94babb4e82d6f94623d2eb0fdfa6f2c24c77c6a52841a89078b67d4c
heavy_tail,null,187,620861092,d5406d4727999fe56c332c3eb7fe45b42db0d9209e337448681c95266561f5e1,ffc8cfaf460a4aeeee683746bb25e9991aafb387fe6741e0ed327a3dc7f22d2a
heavy_tail,null,188,620861093,dfd178f95734c725cc391b216565e217cc40fea862c487bf59788d3b6f29f3c0,f19ccde46a40b07f9aca225151ceee439742a298a115c9ab2145f2f6696071fc
heavy_tail,null,189,620861094,513e116079a340d13a4ee195e3ab934c1b9af1788b91dde73acb8fefbc047683,e90ae5514f09cac1bea7fde32c9b4ca15c465311415544dab7428eac8c57ddd3
heavy_tail,null,190,620861095,881b14c1d93e82a7a1a57f12499d46a1cba5036ef15bea9c9fd60dde4487caeb,6e3e88ba0f6044d76ba337e0d232b2505aeeab4930532169364f8825071c9d69
heavy_tail,null,191,620861096,e249339c7a6404f91bf6ee92949b49e40bd5a4ca31bc63feba4c37054e0753bf,df8c165ac8aeee2bb79490c935904526ebc282fc7a3bead36651e3715bbfec01
heavy_tail,null,192,620861097,bb1c7d9ae047126605ebfe5277c93b5516fbea6943a025a2539da721ddd0e688,78e32b0b9b4380f76d01074a812af832bf044cc8ad8871a647901c900b663377
heavy_tail,null,193,620861098,050a59d79b75b6f55fcfc76f3f185f1c9885153f15eb795f124adca4f0e2ec66,e39eb6475c10b6a25e59b2c59ea20bc52df72558dc5d2a52250bf7288d3b8eda
heavy_tail,null,194,620861099,9eb04f971cfa290c2918bb9ba96550200cc5700f3fef798647c267e6c843780d,ff82f211421f9cb85c92a4e946042d2efb882bf31d96f062d181044ccbcc74ba
heavy_tail,null,195,620861100,2588ec8387ae2f810aa4e035df5928f6d9ec6dc6ea45cdb10499ae8813915b6c,75d50a10d744053d8cdb63cbe64402b4eac893f463120b2531017a1a3c3002b1
heavy_tail,null,196,620861101,25e19e556a2c07e5f875828df20815a1d7c0a9a072f0a2c22c74397bb2a7a649,2131229420c578a6032c0d0d8c280f9447f12114096772adf23b302022a28b66
heavy_tail,null,197,620861102,184887372386b7c8c3606364575f6d519b054b40a11966ca1d2f977df996c496,63bee41aad22095e69696568bbc070bc52137b9274230d29c4a76711deeab445
heavy_tail,null,198,620861103,5212404812bd1a3cfd8f79ddb1ee5496d09b86c1b9f8662b10ac054f37b7897a,b95f302e7db2afec0deae432cd7a9f140b774596166661e74c70c99fdcc53a60
heavy_tail,null,199,620861104,68b3baecffcee6a3f9639bf0298177c2ee1a151206f13c593f2bc081f2b4eff5,2cb11bb6abaa8de56bc1b16805fd5df6af75982dc6a03465f59f3304b97db77b
heavy_tail,null,200,620861105,f74c05ad00c677f03dc97e5f55f1de556facde4594a4ed08e3f188a0c4e0fade,95f04b2301786d3d28971c6743c1e1eb9717a0cd075b19d3e484509f54053b14
heavy_tail,null,201,620861106,9b5a833032568c5e98989157a0a72d6c36e755fd8b0cb6a79310978d8d874419,fa8df240ed88c9eb95d0d98c4473ee974c065a6a5330b53ef78eebc108e181b9
heavy_tail,null,202,620861107,0365b24b385b28d5f089c83142c32db774173b5a75018ff794525c73995e6c95,a9a00654c9d83fbd9d073b2c1da0513db8957e262501101d4622c88753147c5e
heavy_tail,null,203,620861108,b5ad7bf600243654cc1673c4a1ec5a5865bca28bd31e7ecfaa56fac4f309155c,f1618b9c2433ab78baa14a2501c8aeb0004efdcf8520063b71e0e5bb92b3974c
heavy_tail,null,204,620861109,b74f9252a450c38699e2c202c8f1bb54e3171b7c644758245c100fcaf834d1ea,8e1d978dd402e66ac07a07aa63a9aa4705687a5e031c6b91f21cf90ae4c07a05
heavy_tail,null,205,620861110,a607f0b662286eae5d1a05a57939ff362e902892e1c37df936ccd12f9ae646e2,9919e8f593d66aab2ecfe7a947c81c48211a87acbbfeaba0db1242928e7b316b
heavy_tail,null,206,620861111,ce42b4aaa1da144aaea51fb3848b5f327b5355facb9f8b0650fb60d6c4bdeb75,5c2f91e130d91946c227429e1baaf12a7a6125b3d63f928731185906c315da20
heavy_tail,null,207,620861112,08633f5efd73fdaca723aae2b4632254b0398730dd0ca9a298014f6e5f7d2910,34e96984e03087633534bb67d52ad7f0b2356484c71bb42ee42933ea14937ee5
heavy_tail,null,208,620861113,7da95d2b86f1307fcc946a6bb399e46cd6dbac0f3c0215684f807245f7db6397,95d3b2196e046a7aba3857c270296c4e04f759a247936d5d6c8a0598d98ceafe
heavy_tail,null,209,620861114,e62e9c925b1ea648d5b5687d12f64e287e0599493fdafe40f81831b147dcc9f2,532c428c9c9d262c7ce0719a0761f12509899da9e2e85585c77039827c659c23
heavy_tail,null,210,620861115,1d72cb9853fb7733baa279b2c658154de48205f55ef4b5d67f81d901caba1d9a,1ff6d05a5fd6e2837c2f1ab1fe642a0332f3933acd725fd58b64a478e96eb417
heavy_tail,null,211,620861116,1e5bd49e0f2cc1692f848aafca20c5ee50b8446473f09d3680b4ca18121b42c2,82e278b29bd531747ee934d50e45238f7b8e97b3ae3c0a530d0c69c3c715d22f
heavy_tail,null,212,620861117,c23c4f78a6901551145109593b920d9d488b7fdae59f7f6aeb49710f6c67f1ac,d5688edb4b310180925a2ae1c56dc766dad41d9cb12d2dc357d65661da7e36ff
heavy_tail,null,213,620861118,da3b67e1374e7bd86c01738bfd3e6fa89e562ce4800845898fd333d72a2979b5,91d886323925912c8ef70170ec8a974a5e7d9eefd104e34e61708c4565fde5e5
heavy_tail,null,214,620861119,27b8f1c29db059e3ef22cbff478c1cbf88069a4ae42c882ab02b509829a14814,4cab25d135718bcf33c2b845633c39a99f6e8aaed0369f1b7b2fd21431f7aac2
heavy_tail,null,215,620861120,668d4e359158282e5cc42e654e45638e518dbda6bb4189fb61af4e77f58f03a7,8f3c7fa3edb1e27a9377713a3927be041fac9c358fa637d9c0d03517baa58631
heavy_tail,null,216,620861121,e182711086362fe87184289ec6cd54111e57454a006f5ea164fe0015609cf9fe,0bd8255c6e0fe1b97d174da8b1200e657d3c897a1c20bdf2fe0110504bf5b501
heavy_tail,null,217,620861122,975d9ff77be36a71597db071034e17a3d807654a8385d9ed84358dce563ba974,d306057b33096748379f841eced45eea0c549bdd9bc0f5d91b0ffb518d5cbb6c
heavy_tail,null,218,620861123,77cd12af73ce7e017ceeea131278cbe32a929d5e81ae54f8d1855887a681b60d,48d7fc6753f2d58cdc3d1dee5b31dbcd80b743c3885ed167cd7331ed754045a8
heavy_tail,null,219,620861124,b26ff78a6f0d84d97e438bf63acf6b69d448f7852644a03ca0f9268ded5f5e99,2d1ade023f26e2ef83a45255268bf6f42bf9b1635f052e93a670609a20e4d296
heavy_tail,null,220,620861125,ec9bdbab248601e5a6430f2eb223b56eba7ba4e3cf106f475a41b23304bd778a,364bd28d0a636df8bbb324efa2a1df204261ceb5db55479b2a2a20c33e30b997
heavy_tail,null,221,620861126,58cda90ee624476c488c6616a6676fb2853e3d1781927d376bf785b7b4ce2700,f1f7c285ce5b5471228253cb1503f62de396672aff845b9dbbb7a3542425e83e
heavy_tail,null,222,620861127,61b4c840ab4fde26c8469a55d295996420b566a6d3610d8f0e2e260da3dc40ec,6ef254dd36b8cf69b15337eb79b858c2628408c3d4b062bd6d77dbf658edb3e4
heavy_tail,null,223,620861128,5ee9c093c72b8f8d6deddcf76ca6290aa9a979e7c78662a7d8f033a2307c9c84,986d9826e277b8d7997c3a1247c619c22d877051cda5aa701809a503c573bd45
heavy_tail,null,224,620861129,9786bccbb0bd42ead3cdb6d5f2ed3bdcd003140715d0d8070e4b3e5e507f43b2,05f431ba0e4ad581fb12d7dc445d93c2658bcef328af6160381b9efaede37dcb
heavy_tail,null,225,620861130,3704b643f7f4488ccd46b5ac9d7965a06a39e2202a085d75d0d92710ad1ffe37,5a93079fbd3774a875aa5f70d82d7a16d35f81fcacbc7f2ab9a112a5db374e31
heavy_tail,null,226,620861131,96568cbe4441a98a9d19d5a428ab2389ff99bda9775bcdf9e94901b7fb633700,8535ca4560b30c0d3cc59a432649bf20f67f5387d9ea25d9d7d2fadc048d290b
heavy_tail,null,227,620861132,7ad710f6037f7ac4d7bd77a42a6743ca94e2af9a93da134aeb8e98826c8a0a25,65d43b29a3b33909693bc2fca929ec97ad0b986000c8ffda7972876a3b99dc25
heavy_tail,null,228,620861133,9ea5246905240399c9d8cbf8c80e8a95efab6e8b568be8b9399a51361c755e72,1af20f804b7ef202fc212b1a9321e64348780f32de7f496a819c4d7aa7101ba5
heavy_tail,null,229,620861134,599170be2d7b940a1833758d9af51f90c78f9096957fb2a55a86c8d8c8d0bd2e,7a92a7f0d10799690be843f2abc41383ab2fe5e08ee85000bbac20e0aeaf91b7
heavy_tail,null,230,620861135,1071a0974765e8cd616a4a5bba7e08585e0ec98d2a4c264a202396f7ddb1a2b3,b2609d113955befebcc06e4abcb421fa077bf024b093ad5ff3be13e408b3d531
heavy_tail,null,231,620861136,77a91743285a3e70da5de28ad5c0e143e19fa2fa287ca21c5bea5b692c80c737,1e48163b305a69f9a60df27314660d06b68e67ba39541a8c21dc53d38cc78ec6
heavy_tail,null,232,620861137,f026d5d6b3039efb9041ca296053a04bf6550a7553812bad3736f71b8956a547,694ba58ad933a91738266e4e70a8a56affc09124c4e211ff4960510ddb1fa5ec
heavy_tail,null,233,620861138,a9e23926c51b7eb4420e76d835083c0a478438ff7d3aad56c55e4e98d135284e,3b17e50f6a8c4cc31d4ad5b265f4adcec063371e14998cbace796b1d4a855ad4
heavy_tail,null,234,620861139,473ce870e1f399f489118894f9eab96ec38870639c667b62ae954fcb9923b890,f7154ddfde15f797d6e9bccc4fc322bad62e7436cde28aad3c31437a0408e547
heavy_tail,null,235,620861140,18feb6463c5bf5ecb9e83dd48a6533b3747d2176be55605c231924a7f94c45ba,fc748092c7ddf8000873588e58b3df46db67394cf069ab60e585c0f41b14a588
heavy_tail,null,236,620861141,28e14e223ad7e56a156458002e7b8017ce52713995a8256cf8f2847b70bb3302,d9e7130452a50df37f6cd5a310b6e0540b1369cba722d78f76ce87eb7f89afd9
heavy_tail,null,237,620861142,399033d53357657cc3330b4ce51de72b1e39e22841dd5c2c7fae373ce14b70e6,11e5503cd5dcbfd4138b893560a0437b1ebf5dd29ca1450624c26ed0d962bfaa
heavy_tail,null,238,620861143,f4798309bfe80494e30db96dcdc1920d3324d54c731a84092e4e01b20153a9f8,2e9e9d450cfe7918a80c3ee074948b487b9ef39fb8634eb62329a21ed7490c75
heavy_tail,null,239,620861144,8c5842738dcd62429184149328ab7294f318878371da36aaaa8359ad275ef1b0,33e78c07d5f4bbc7c9fc4bd5a5d0fbc64ecb0f31136e242e898b4b7f02473705
heavy_tail,null,240,620861145,fce92ddef866b8dc949da72d0393603e07d0a6f213f7524a50783c69bfae3358,1007d0b57f44123dadeaed186a99c7c46e745298061c2200dfe29242889004ca
heavy_tail,null,241,620861146,478b81844a7628a5cd179846b39b382fc4d4221eadf0c7e95d7763ecfa0ab563,4e0ce10bc92b9a115bc2d9daf06b60f4b56cac621ce53c97b39630dc59fffad9
heavy_tail,null,242,620861147,e8b1e8e4fabb0a94ed62eec5d1705c0dc5345672dd6251e4adf698fac21ab8d1,50d0650b4f4df67571d1268159c8492a0b30d7f1326a52ad56a06bdb3b76f4be
heavy_tail,null,243,620861148,bb5d6c83b4bc1df0b9fe474ab84befb2dabbe5a35ef5e0bc917ded94c7a6449a,efd8a129e9f901ef173412006164c4ecb9b63e121264988f48b20dfecb69fba0
heavy_tail,null,244,620861149,fdd5904941762cbd445d5412daf2003b645e07575911da3513a1160dec26c7ef,f10d903e5493459cf313115666f17af5391bb94863069e85a443b52fa578d805
heavy_tail,null,245,620861150,f41244325f2ee7be3587a46f77312d8d337979dda89048a9c9f90a6bb994f2e0,24ce13d13864f91f49854f7c6d006354c9a08f5ed807a41a0b6799da7a8d8ae2
heavy_tail,null,246,620861151,53c670e3f2c989b6d00b0ad35552289821aab6ff43daeff1cc54bfc7a3cca3ab,2f14e992b1337006cd7cc94c55f12f800453c9f65f0c3c43c22cd486780fd5b0
heavy_tail,null,247,620861152,a7c286ce890ec54020a6da22b18200f59906e8641bfc57e42635a256ea08a263,bf09f790d43adf067c79331a2e079ee367d70ec6ff3e3080f935122703ecb794
heavy_tail,null,248,620861153,368e0e1c8dcf4f0621a61b3c84efbb971be4637ae6161ea2a57c14bc91f70aac,09358be6df9abbd2ab59cae1b1c0ee447a474062dff63d7453245adcd119d39e
heavy_tail,null,249,620861154,1eff9ac7e98d1a9623a9910dc9eae9a6f8259fa1410fa08314eba486ee10a925,7663823987d5adc98b503b79cbd09161a42b52a198e6d80c6e07beb7210f4c1d
heavy_tail,null,250,620861155,96929fb72cfe60e8787e450c39cd623ab702772ac5bc295400c102380dcead17,f0130261c6d6c8d5abdb560b9236fcbb5a4107e6442eca31cb51c4dde9a0320e
heavy_tail,null,251,620861156,3137d21760caa0dd0160b6baa7df5043c9dc08595c263851fbd119d7d75b841b,347d7982c3648562a8fc6686b957e0da2fbd0bcd2ff0b3f189106cd763f1d57b
heavy_tail,null,252,620861157,a8825d89541ac8c4eab8ea551ee4d881427867ce94ecdf1bcca159a060027303,9c4caa3ebab03e52ec5fdef367046c5eee132327268048fd9f419dda7cbe17f4
heavy_tail,null,253,620861158,8c8f19ed57603e23e66008fe6aa635516547fc3d4c3899f6310424c224468619,7e7efa24dc88de48cfdd5a213772656d1e60772a20a76ed3302b03ca23a7cbef
heavy_tail,null,254,620861159,b6fef8d75e98f89e10a897f30d47d609e93c1597e3d24d068e9cda947488acef,795938c23ecd1d75daf0582fbeea84f9aab55fa9265f102d6b56355f374db165
heavy_tail,null,255,620861160,315c48c00796517020c4821b3ae261f9552a79c427317cf41edd1b7a2d2216dc,84cce1107360b5c0a126ecad26884b955ecae61af97734f98a300295168f6ffc
heavy_tail,null,256,620861161,6ce8ef8b25483d4b84cd15ea9408839ef6692e5d1c5f3a6cb07d67681b80e088,2d4d5cee95adf6136cc9eda5e130afa3241e851279e4610d10e9fb97f6b553ab
heavy_tail,null,257,620861162,cd485dc5d20691b6917d7fb275808082b01060d2d31ca026f53ac7ebd834d6a5,c6b86946b9dd32b92c56c414340ef17c3aabb6564ee8ce778bb583afd97639a5
heavy_tail,null,258,620861163,8d579de528cb4011011c0f9bebfb37123ef151d6f77908fb83a63bc0ad926989,9024828d9e4f7348fe0812cd069b2e16481cc6a3a059ead06732c4d978d13c66
heavy_tail,null,259,620861164,b3a0831faab625e2aaf9b6375427f9eb0c8f0d6cefc73728163891de75587885,5db5e682f374732383cc9639b39807c0e5c07d783ea526fa8dc9ed121e064014
heavy_tail,null,260,620861165,4bd0a53e65c67f854cd78c996f762da7d3890315579a8b8f820267755427478d,c9709818a750ef47e60ce29fd15377b0f4f8e1fb05b177e56c92d1773fff9dcb
heavy_tail,null,261,620861166,f44fa38147cf1cad4f35f926cd5a6041338b8d5ded235dc972676d83713c38f8,725112cc7cc73625c617e2ed4e68760bd15fc5260e461d93dda03d77fee0ebd9
heavy_tail,null,262,620861167,73a6250a6c9b339368d78b655d71dce86b759d80c92838d402dbc108090df35a,e6d0d5c6038630bc1cba980d40ff491e05d9f8155df8a3fa9ed1fa8a5cc1b97d
heavy_tail,null,263,620861168,c4752ea4f3cb82fd3afb47d82c80d983a5809b47207ce9303cabe80ca54b88b5,bbfbaacb51979d41d97a8d70d9a0bb64dd35c9afdf23ad7e0f4c5194a7abedc1
heavy_tail,null,264,620861169,310cb46ca742eaf6cdfd43bbc1b15199b99f7da558be27f2e5874d7fcbd8bca1,f9fdf4ac4da6bc98291d9789cb74067c4293a3efb0261961edcaa2fd9f315ddb
heavy_tail,null,265,620861170,5373f03085bbfd80c6086c1103140db1a7aae3878d8f97fa4fc18268f34034ed,651cc095f90f767983ba8bcc64eb7411950fc52e831d3fca427d5444a4d6aab3
heavy_tail,null,266,620861171,13b0095dfeaa1361995f1a6a5e9134eab3824cd2fdcc86a20f82f3e982c9d4d1,093ec954a16f011398a486e655d8b4b1b8cde75d26bc05388f90e0984838a15f
heavy_tail,null,267,620861172,39f3bb305c12f9d8cf60742bba815eefbb28312894b4cf081eb90f6134a0782d,b0fc35af8c8c2e5af537cca16e9fcb5073ff57d23e840c823de3467a1f2d6d2a
heavy_tail,null,268,620861173,0eff55ba349c979d94325fa9fc9481f16fb00bef3d41c2a6634977d6973fcf5f,b60b40c868b0e5256eb64564759e39032bf7c88195435e0d0ae00f9a8d8a6fbc
heavy_tail,null,269,620861174,840174403d41c361012671aa6b8cf4dc653cd5ddc307a3a4034443f166e78111,b8c5d34a7db1da81f28c4c5be0c85955ef907d333e98d0b144b26130c70629b4
heavy_tail,null,270,620861175,084fc023c49a05f5bbb5ecb5040b4b16f887655f9a1acaf263159e7bcb2c3e07,a9857c1d28bf4cda65667a323b8551c55d285590d7caf880223ea8604da7e55a
heavy_tail,null,271,620861176,8c122897a1592dd2eec5767038ba8f4590cb37aa0c4e7ac6bf18640eea3a8c23,d7716ab99d830a08ffc66aae9250a30e900d91d02e334d06c1239fa18637ac58
heavy_tail,null,272,620861177,bc6101d7e022cdf71aecfb3b0397eafc10472d160c1a73f5b24390660e85765f,3aa9ba4196f6a4f2353a4bc5aea9c6fb79283d651860c906769d224659dbfa15
heavy_tail,null,273,620861178,bdeb9401e04bc4fba853c7844e78080ce63a4f95bd7d1a475b1726549bf02a26,54adcff2055bcbe51733bfcdb98a5eede7971ffeb48add1d19c3b72bb3cc919f
heavy_tail,null,274,620861179,d9cbe88cce30a32b4aceadeda62010f5aeac0bbbd26e9a7b51bb8eae1716b420,0ceca3e8e48c5a1939e580599a058fbf64da8981a56a67f817c4217c09e36e78
heavy_tail,null,275,620861180,ada9a3034128384dde82f6bbead6582ef0579c4a40e62cb7ef0542a8198839c0,5c7f0d0f6c3269b8bd5d664e42dab79910766f4de26fec9e5980ccd3c90bcac2
heavy_tail,null,276,620861181,7e9d1c0d4cd36b8e1ee5011e450f1a4ad0b5fee7049131ca6af2ded5acc82c96,660e10814e2038e9cb4cef4c42497b4ac07a7529d1b9bcd7700cf02946135a2e
heavy_tail,null,277,620861182,922696d4e5caf7f00c71806300d62f6db03dbe85a3f72c1ea6a1b03f1a00411d,97f48692137d799509e815ea92e3214ffdbb15ee515b6615369207060d0bd54e
heavy_tail,null,278,620861183,85dac7abc7a46bf78509506f9f618b205c102e1b8adb073e9eccb47f474e49ee,2965f31722837badb7a3c548aa1ea833bc9124eb456cdcaf68f2e1a3ae6e9be7
heavy_tail,null,279,620861184,c9f76f6851937ff90047f4f3defd396342caca96abdd88d4b3827f638ea51268,7724d9b3d918477b040dc126b45fc9911540334f5ca9aeee90fcf7653116f329
heavy_tail,null,280,620861185,ee27d6bf7e8435857dcc6694929ca493a05e3df742733f29300f393a49c19a04,28b69bb98a6b62e81f669de406f895b976b72984f78b8a275d24a21471403b30
heavy_tail,null,281,620861186,4351858ba6eb3ff06cf55fb2aa6b4814d358c6ca04306524238fc3b5d4cf28c2,a95a6c3c69b6d6c64c6c6c3ecf8e2d7093e1f180aec0d94d4275e7fa372086f1
heavy_tail,null,282,620861187,553bb3a5a42cb215fa4ea04f0718486ba785dc4921dc11a06b4a8fc72ee0c336,83a9beb6ded0ec2442cfff973000ccd6c3466b239386889ea8d3305c50cda838
heavy_tail,null,283,620861188,7a11f6248284681f47f2963ca9834c5ac2de6c903c1dc9ac985ea5cc6bdeb570,c1cf7e8415ba59a77edf5b5a1de8c7c8acfeada5dd0fe4510141cfab8077dc39
heavy_tail,null,284,620861189,02c631249139d9230c45d9375a045a19f9be7c85860897eb31e6fa5f60284607,714655cf0cfdb6ba6dd144b23b991d16eaf997ce60354b29511ce02194b64ea3
heavy_tail,null,285,620861190,96b51d973cbb37aac66d63595557c56ff456f73b1a2a076f408ac379fc8527da,a391957c0fde3edde4b81aac577fe09d68f532dfdf5be2b9d2ba65f5ddeb87f9
heavy_tail,null,286,620861191,8d2781682f698e48dca7fa67f86652bef9098750c16c4d366b4d96ddc91c06c0,10370a84dc6d24f1e12582efc41a0cf2b82d522c7b4e8ad6862168a86684e75b
heavy_tail,null,287,620861192,9bc821a894c669df20fc21815fa488a4f5d928fe828007b9480df9ac38fa0eab,5197f7f06a6f3e4ac45f3e10c0086aea0adf8b048148c10014d71403138270f1
heavy_tail,null,288,620861193,2325f0595c233aa51bdec25a15deebb864d065c44c51c1cc0e3b62fd5299faf4,f78795391118fb923fc14d9fe1086f0035e2e2658fa6c1dd34283d134e199b41
heavy_tail,null,289,620861194,a565b21af241b6ac2aabc9cc5d2b8013f662e4e8a9d686debc73df2d9c5c7b11,81c873bf45e0480305bce4e8f3edcc0ceb6e8dc70d34149e11d92bde72c3b8b0
heavy_tail,null,290,620861195,27c309941e738e13c2159039549e26936093a0f0f859d2dbc592871911a3107a,35d774b537c9ad0ce23218f86bb9c6ca97194e71e7fd1ac4cc70e66943185352
heavy_tail,null,291,620861196,e13348140b0ddec2379410e5e2e9f9e2cff7ba0e02451829b2fd88010625abb7,8d858c1d4da179e6d0c847d61f108a8ec31695fecb15c276f7743868fed78b65
heavy_tail,null,292,620861197,09ecad377c84fd0ae58ecbec18915fbc0cb1d8b5b45d1a7649698e1c7d92afdb,9db33b3c9619a5f1900610aa10bd3cf9bf56f21b6808631e8f8bf4525e6f0d62
heavy_tail,null,293,620861198,b7748fa88f13e1a9e32561f8794007bc7cb21c6d1669d2e153c2f1dd5e55a69e,27a230a5a15be2a81cd36c211901f8371a07f10a898993d80c9d44398b338b34
heavy_tail,null,294,620861199,6f9b8002f84a3cd165a2eaf12720deffcc131ea0d5cddc40325f6d3342a48ecc,361560474e4fa4a2e56bdd9b3ed8d3e514fdefa8a6b15a04e7fc7e2a79bec432
heavy_tail,null,295,620861200,12cbc1147888bc855ddf752c68e1aff8c5e962998c1915191736a0c56189f268,88bfe941c3b1bc1703aef6e497fc2a3b6757593c64b00f542e09cea231b0de0b
heavy_tail,null,296,620861201,814ec763648e8eca1b68e3b924b9583a4706e498487c3fca549ab975c2c82fd8,e01742583c9156722f3686d2cefe6595400a2cdd4fa4a40990f1194d3550ae58
heavy_tail,null,297,620861202,1a1b2b12acaa0e4c7b9d203bd9f2ef9a2eef2c91f002eb56fa50f5a7e88387b7,c8faeda5833ac8b48fec4e8735833e2b05dd01a69d62f3408f132c3a38932e3c
heavy_tail,null,298,620861203,64260c4be46bb8980e8c3ef749527c4aa9ce901407bdc0a28e6d92ce85305c15,7815ca873bae672e6bcb73127287c3a3bba0aaee10fa3588c46ae489651a8c6f
heavy_tail,null,299,620861204,073c4664ebebac90158da68964f6eda21a6e91b43f51e69e2473d75c2c0eb2c5,3a26bd9614d0a6b0e46c42fb58a56856c406562733aac8fd95e40c919855ddf9
heavy_tail,positive_covariance,0,620960905,3d7a309ad65bf241152274219a3acb0dbbff21af3bd6a5feba11ad523358b01e,fbb63f1a91fc51889a2cd185feacbab40422c7a2789a7a67e121cf768de61d44
heavy_tail,positive_covariance,1,620960906,9d3c4c5a23c7ee8f9b990ff91d5e9c52a52eaba806d2d3f78b1657a48b06dbc3,35282446010c7a1b6e618fe42c8b1eeb60841b173153f7ae8f7d7a94a197b69c
heavy_tail,positive_covariance,2,620960907,2cca9bfbdeb19119a2c89132c447ce460f199ccddd49cef618379901e8507c99,dd3132672640dffab1fbc54be0f16e207c6838cd07b791c87e941e0990296d8d
heavy_tail,positive_covariance,3,620960908,fdaa4199c5f5ae566a5ba9c9b5c7edd740abbc2777aec273560f33d5d9c0521f,a283166bd9772dc1c3f7ed700aa505f63f41eeeb0b3f9ebb92955f9c6247ab81
heavy_tail,positive_covariance,4,620960909,e9b5bfa35b6fb87b95660d9e88c8ae06c3510454b3113c3cc0597fc002d00ccb,3525048a10cacbaa4140e4e2ed0b7034794d4f574874ddbe617f9955e6d288e2
heavy_tail,positive_covariance,5,620960910,a38a5dbce24e85b45b47c222819e4c02ed1a9ccdbe1b23eaacab0c3e68a6ff1d,cee58413fde84e14be8a028fd4b84acf19abb6588a3c20039f50b5d1a5db497f
heavy_tail,positive_covariance,6,620960911,3cbea203542f1aefefab329f06cf8f290c76677e41e100476b98ce9976587258,fcd5c73d37086bcf0cdbca79ccdcb69aca169186b7fe0dd5d3148b50186dd7a7
heavy_tail,positive_covariance,7,620960912,49934f1a5f21397043f631d2e48066a9ddb7a16584683d1af46a2baa8b378951,7cca670511ce0811ba9ad4261d11589f6aae7756eee61504f0ae56e4e5eac085
heavy_tail,positive_covariance,8,620960913,463b3b3555a4bd07b05e9216e762c04213a1706009bca52ca96b8c7c72d6c34e,5226ee49b0688e6f534c35c3f1f4c7cd3d18af6f44b3e6a8cea2144588d8f423
heavy_tail,positive_covariance,9,620960914,826288b248c31d64fb3bcc7b9dca5f686914997602a2f4cfb5a51d5273f92021,8f39418cadc090ec19c69dd1c6ce27b56c04bd39361d2530f9670eaa4893030e
heavy_tail,positive_covariance,10,620960915,c99db52fc161cb96bd421c8de12059ff1b0fea1fe182f1c7a2be886451137d81,25b7e809c816b8d2975cc554219f1db16b1fa7c294d7ec424a17b0315392fdf8
heavy_tail,positive_covariance,11,620960916,cdd9dd896a75a3a38576ea9f914d2b0706814e97d9788f05553ab4b96b89b2e3,3ad8cd049089b93e512c4c2bb458757fab2fbc63df686b44dc0a90b231fbe384
heavy_tail,positive_covariance,12,620960917,ba7872e50a0d1407f2d5cbbbf72e5f8e35d810edca23c80135d380ad216397cc,295ccd31b54acb467c49af08b460b19b25b4d509bd3320f9e8b7eef260bdc892
heavy_tail,positive_covariance,13,620960918,d99a8c823090f86fba208be0f3b88448540ce8761607d16e6d5ab759a5b9baf6,62c97f47f0c18363bf4141a569ab671e60b29dd405a889f2a574d00471c9eb1b
heavy_tail,positive_covariance,14,620960919,93f03089509183b96396d2734026d1e4a09048a4ad3af74a64c1f2f370ff86e1,d8a59e03631dea880dec731818941ff33be787e21b20234d79db449010aa30cb
heavy_tail,positive_covariance,15,620960920,6579dd004ed5b1b7c3a203c6ca46b47ab3da477524274c57b5b2e783bed8106f,c22fa7f9b986e9dc77f0a61e4279cafac94c840dddd72e63beaa5d418aaa22b1
heavy_tail,positive_covariance,16,620960921,391ae9cfce654a9ab920b201e738b4a120ff6b8ee7865b31c91b4f9ea28dbc0e,01909e1949a40282fed9f565005c9b2da06b131fe6cc3ba531bb9a9222287a77
heavy_tail,positive_covariance,17,620960922,d28f519e0292fcebeca15c8f161d8f451bec6edb7456094b1d6596217d20d4e4,f988d6ad991e0c61ce0a072c22e133a72c742fb8c8650d745c2096da410c1f78
heavy_tail,positive_covariance,18,620960923,8aa69a08148cd6b6a65c03151d5714ad43c0836c0fe5533ce60da81f97339e81,2ce6ccc59c01089ddac738f4297c1a6b5f8d57921fc1b4f259b01c78a00462be
heavy_tail,positive_covariance,19,620960924,81120c5b2f89b59d7ab83fcb7463497a692c1cedb13e6cfd7f77c8c24e994f2b,e8b35cf0bfa50cdc80c74e29da20aac1554ede6fda0027b184c09effa380ca31
heavy_tail,positive_covariance,20,620960925,a034fa90bdbd8d3d0dcea4b5a9781df784abb637856a2abc5d996ccc787cc5ac,50cc0c97e451517983618edb9243c1033530b8da8f70bc08ecbe6d262838eb56
heavy_tail,positive_covariance,21,620960926,bc0826b986aa4a0a151bf5397d7ba8d9a9dd1c7222e4cf80b08dfebc3f75ea57,944f74a3075de9118e0241252a24ebee1dc5e135e6f6dc096afe66140cc4ea93
heavy_tail,positive_covariance,22,620960927,17baaa38558f8b4298b9ee0acca747bd9ba05b579b405834401f3f38380c303b,fd8996394a08fffcd938006bd80912eb9a4cb74b416a517f3dceeed370f7d17e
heavy_tail,positive_covariance,23,620960928,fca55ac914ff3935ccd9e6280aece1cd627023a9deecdd5840a583a99ba7d431,488e20d643d102c872cdaeb199942d50a35fa6d4847e07e34700fffe69a0ab53
heavy_tail,positive_covariance,24,620960929,440b8abf7dd20c73f629ba9224137471a496a212061fa2d2e0806a792627020d,fd6c7e23c06dcb080b7cbc024dc45083bcece228649f1994b5457a51ed210675
heavy_tail,positive_covariance,25,620960930,3f499bd46988a5874dd623c2cf123ea536f9d5a8df5fc0a292d1c7021a541f29,9aec39b3d2997f7bed1ef6a74e6338ef763b04118a3b45c2d0423963b797dc29
heavy_tail,positive_covariance,26,620960931,3510334e27c1782896d4f1016efb1c70509d1f1b23dff0763fb1928824ecdd2d,4a0fbece27e9c99761fde6a517be336c9163514b921d8e7aa3320a827c2d4689
heavy_tail,positive_covariance,27,620960932,36885aaf8e3ab761da2d103d4a29d969a2edce335b516c3ccd384bf48115ad6c,4c4892a209cbc2ba294b3781f84e1e15fea05ab906b3c34f5856def3e4a293dd
heavy_tail,positive_covariance,28,620960933,a46837b9fdaceb5412ee01b0105c846195e34103ba2cb6940b2227bd926fcd04,eee173d791fa21f5888476a13dc647e8190075105d02ffb76f6dbf3c1e74e944
heavy_tail,positive_covariance,29,620960934,a7d877701cdf38b15c2b5e2f18be153bc06b9cbe066830ff10d0609067622fa9,fae4c72eaea6812ef55d73d30ed32d427febfdbcb2b916fae82d1404450b98b7
heavy_tail,positive_covariance,30,620960935,19558b5d4cd7713f321a847ada641892eba71658a7b02e247373c33ebf55e96a,40b9d77cd472bd2b09a356611e9627d6e4cacdbf3d3888f43f55ecd8e711c456
heavy_tail,positive_covariance,31,620960936,a53f6d160ec382b17ae6e2094b9ba99783395496f87c27aca63191da7b797fa3,26185d3ba82552f60dec221a2f55a1f8170496d4ef2c9d12cac4692c9c990bf0
heavy_tail,positive_covariance,32,620960937,7cefd2ce9bb1db1a8f87498aa18a7a412f2a4ca688321a24a172e72425dc91b7,588ad5aa53239127ed9549979e8b6a04f5223d83423b5da02605a2358d01e687
heavy_tail,positive_covariance,33,620960938,860b2dcb093c361dbb5b7a116dd331144712cc6c03df184a1e5ab99a90c3c4df,b5380958e68c95324a1577902324129583d245e6d62ec72f0d698939e2bc077d
heavy_tail,positive_covariance,34,620960939,b7098c8922fed093b8bd70185e321a3627e8caa47b8ed5e0214fbf1823508bb5,93b9e1f50720886419ebdb100941325ead235705a03f411f9e0d2e284a0c3a73
heavy_tail,positive_covariance,35,620960940,296e3851d3549d8111231b9f8e5bf5cb336de1182809db3c96a4cf73a9907151,33af79fe055af6072ed764d3627138e913ad963e4de1308c0f13ac3cc6d119de
heavy_tail,positive_covariance,36,620960941,2ffe9fb29d668db405e338987debaa39fbc8f96992708fb8653c790bc7ed0418,93295b31d9c307f8e5676b7a7757530d935f72f9289eb78b70cf71b15cb9aee8
heavy_tail,positive_covariance,37,620960942,b96dedd450ab28baf1a2221134a3524afb33814a1b153eb69ef4165f55c42d47,e8da70aed1eb2df48822ad67b1ec3293021424fb76c079f40240aa1a1b2865f1
heavy_tail,positive_covariance,38,620960943,f4185b6d9fd74d8ebdfd5f338d68e55c3427a42410f8ed9e7ff9b6850d9ca106,b404f087b4c6ec0723f51484497c9c32d7c0262d269cff408fe6447baf1bc1a7
heavy_tail,positive_covariance,39,620960944,661125883659234a94f6e2a82593b35a9ee9d8fce877cd26f56c9cbb3d3be3d8,8c6089704f2b41ef8002083acdda60a62c8de826235f7f4a35a60c16d015e096
heavy_tail,positive_covariance,40,620960945,72d62d608a2eec5a1f328fa693dcd39f30df6ccf0a8ba44d7cfba5e045a0f111,299124aab2a7cb80469d2aedd92b12227a6c3443095ebdc62970a601cd219a4b
heavy_tail,positive_covariance,41,620960946,650d845417714530081efecf0d194dd03325596678a77b8c6e66827ca397028e,df50fc1693232ae416274267f961f196b3f7332ac75e514a79c4b64ff92f3aa3
heavy_tail,positive_covariance,42,620960947,b208d831963cf9247deeebb4241487da6f0cffa50b7d1951e3b43aef93864458,e5a15f4395b11bbb1be8947cb6254fc01cc6c0315f8caa92ba1baff8704daa82
heavy_tail,positive_covariance,43,620960948,d0dcd65754c0eb4f07344f298d0436b658c5ebdf9266f7dfc3e30939bdbcfe52,b0348897006609bdbebb274adfc3f0d1e3082682e30abe3b65cd16a75a8d6fbc
heavy_tail,positive_covariance,44,620960949,0dfa020b687e2c389bb8446f56eb628cdd1b5b641c7f983aec860d4dcd95aecc,98f9c1b318847a646760b764ab89d7f2078081b6761bbef5cbe8332ae9788b8d
heavy_tail,positive_covariance,45,620960950,c19672837dbc6c00080d28699474a56a3222687b34d1ab1b4c5377fb26cc28d5,dfa2604f8ba749f632f9046f62ac3b686c9d600b3db19b611e363ccd02e101e8
heavy_tail,positive_covariance,46,620960951,6985ac39a39c4f1dd0e9ba733d80e11536e0e146f3a5b55313f461924bdddf62,70d484828ca7f2a7d0659b48e23028bfd6341894b0c4b43524420656a09ccdd1
heavy_tail,positive_covariance,47,620960952,ee253b8852ae01fa4e7dcda2c699f66339941fcf4313e6ce96cb1f24cca6f8f3,6c59c7e4efe8c72c06f317a3e1c5a010f9ce63263873bfe51f91fbf0762254b4
heavy_tail,positive_covariance,48,620960953,1f4a99cd766e0ee03eeda3c4ec5205d19d172a1034c1af5bb34a456559dbda87,8974d35985c41f38264e1339957f922db3db913b655676e3b4e65ceee8eb958b
heavy_tail,positive_covariance,49,620960954,8b5912b2f6ffa3765b4d69c3117a227aa7ce2a0a01ed45cb9c30c9a4d7f15b0c,299d62616f8c6c94752228b16b4ae511261644916e60599469ed4c8f5eb2ca89
heavy_tail,positive_covariance,50,620960955,1040fe4ae921d1a25c15865374c63c54dc4ad9e3b1cae15db7c5574780f3d1a3,76533bfab6e17c2a6d3c26b2e8507e8e9f26ef0a0823131fcf3e62bc98248c0b
heavy_tail,positive_covariance,51,620960956,f88d77a421bfd3658779e2832630d3c98b2d6c711b42fe3317e26350c43652d5,3f3ea5ff821c5c6def7445f760516ced61f9e9ef658e640e846c76a98df37754
heavy_tail,positive_covariance,52,620960957,0387ce2b4bf8345fbf2d9783ae618f4920e5d2bd159268c8dd66711527cd1ac5,12b70c5c03264b86a00221f40c0152d79b054f28050d4ed87c8cff65e278f6ea
heavy_tail,positive_covariance,53,620960958,2be2e55d18f5be7438b195bade1f37ebd8f8c928a7060ebcfeb81e9fe069ca7b,27d73652ca9670d80066935b16cbec1a19a520fd097f59fabd64b351dab326cc
heavy_tail,positive_covariance,54,620960959,fc2a5d849a6d62690ad24cec89c2a5443fa8806a191d3c2c7a24fdcbd4321c99,dfec1048cbb7ffa2e19b735757c0d3ad798617fbc35121be65dc27263a254066
heavy_tail,positive_covariance,55,620960960,61c3d5c5200038c611258b723677a177334d2b0bb3efb7bd5f17a1dc6e351878,91504419be0998d5162776870909ed9d7d4e61a91fc248e5fc6b17620141f4d9
heavy_tail,positive_covariance,56,620960961,e5281717fdeef2ce7bf8c0b9b630ff0003b4f13cc8302b71f2a6dee362a07974,4121e530602036fa7fde15a0919b85017e04ba66e8bc413066a953572a2aea3d
heavy_tail,positive_covariance,57,620960962,4b96e6976c6a92ece1c9b0af4b4af8bea58c9a53fec61509dc3e6340b0f553ea,fd50bae92483f3168cf61a1bfe256e4489e7649ce4a3b08d601519fec7c36562
heavy_tail,positive_covariance,58,620960963,d2a2e66cd7c9f5c8d8caa1b6012b8d4a2775d58835767f09c52e099141236d0a,1b24dc99d1e038a72fa7020f793fdfcdeb0f4cb3e41eabd6c6ab3bb206003b52
heavy_tail,positive_covariance,59,620960964,be158a71003f507926c45eec64cb6bff8e0189082577232472079ddd9956e765,a591aa768df81434a5c6f46930affe0e2c481a2548025ad842906e8eedc2ca0a
heavy_tail,positive_covariance,60,620960965,a9f2917c73c4883de8c528ac0292fb30916d73aecf323cf42cdd2e7ec9dff0d3,cfe77e60a0cfc7c7038a60726a3d3eb6f5b969483058a801ac77b35002d77f24
heavy_tail,positive_covariance,61,620960966,b98dfc2ada5ed3f3db537b0859f10bf7fa667806e9682ea234821e18b75d649e,135b5aeceef9fb8d6e0f6431a76f8e5d1fcbd75c2e7157ea0c41dc23396c0137
heavy_tail,positive_covariance,62,620960967,96cd64e8b3f2e90a6413a03f4306d1ef905c06b960167f3783bcc1b59af58fbf,5bd1ba60624b7cf19d206722114e36307f09d4bdd22abe5287dc93ecc9f1420c
heavy_tail,positive_covariance,63,620960968,8a407b87235ef2e536b0c36825d97ba67d9bfa197e4af1d9d27bdd73f1cdc936,7c47f520672505895b5cc642bbfaa49db26543ae0f4d954063b4ebf966bf87e1
heavy_tail,positive_covariance,64,620960969,e5d71e3a1da80a4e4933fcf6fa26cef956d7821c279bb05a864824a3853fe6af,25c5f7c7c68052d653bd3cad02f3ada44c0336920b275c1585102228dad99b68
heavy_tail,positive_covariance,65,620960970,34df15888b4c5d12ced499e052f8e4ed64b67631a84764c81f1acb06038ce60d,9e1598851a2a9a8bd028c09258498ef7614821c7a826f9e7364a1e6a36e32d81
heavy_tail,positive_covariance,66,620960971,bd19d71325416bdc1e5962d188a422f69807e0980d2c6fdd5572116b728222c5,be343ebcdd77a892220828414832bf6fbf9d178449c7f86258b65091b32dac10
heavy_tail,positive_covariance,67,620960972,51f8ced662c4c59bb40c5c9828a3b3fb7544c2343d8fa460401271f38fcbcb09,62616119a536bffdbd25f0b6837a14328879313201b8c00e72c3bc44274aae02
heavy_tail,positive_covariance,68,620960973,bd81df672d3d2cb91522780777fd785ce067e520e536d300c7acc2e24f8cf26b,dbd4ceb46b63a0a2046865e3d18ece46677a15c26ab23800e74309ce3e9242ea
heavy_tail,positive_covariance,69,620960974,2cacfb2537b0582ae1f840cff539bdaa66d460013d7d2829dcb04a80496be24a,bc5d2252ada207b3ce055a2c8d66ae0739c9a6a6187f1c2f3e832b366e1f3214
heavy_tail,positive_covariance,70,620960975,9d325c3e0062dda3e2e40aecccd228e196f6519558b45c5f3edfe505a2d2fcf7,db9ee018a0746aede2b13985adee35bcc17cfa54784b9ea5c0b17ba4c11d568d
heavy_tail,positive_covariance,71,620960976,59dfc8a97c54b764c719e53e65c8547602d476cd4fb9b0ba10bd3f01dac845b4,43fdb9bc3cf448c8bb8bd35916c25eb88d241e4eb1088d9f6aa7d7f03974406c
heavy_tail,positive_covariance,72,620960977,6071d27bc404461e2fedf17d7ed9d2470d2eeea23b04cf439d6677bd39b7e19b,8b0ffa9f81fdaf89dfbd0fc3e3d458832b0c35e1ce265dba3f703529abbb9f5e
heavy_tail,positive_covariance,73,620960978,1471ca61b291cd0db494f0c6647905a1453da7bd16fdb708e68b5b952657c627,40abdbbe1240208832c9525f321fdb2e8c2a235870ad62993fda4f7556ab1f45
heavy_tail,positive_covariance,74,620960979,31407e4cd99b268accb87a4b5eba7b609d7b17e6548abeb319dfd82a1ef03241,a2179899bd81eeb8ed0f44b08651464a94c9833faead83b24ee78bc7d087cc19
heavy_tail,positive_covariance,75,620960980,1882fe98f88507bcd84ad7b881685b1ec535182e170220ddd84bcace4c881db1,5887d41ac85b4d6f79a5638348f399fbfc5aa46acfa1208b3c9af598140a620a
heavy_tail,positive_covariance,76,620960981,b765a3c80630336672d9f429ab53847a87952282ed9c76e4c8da8cfc11782fea,ec7f2db5d185bc660b753946d1bea6bafd6e439cf09e18e55ef797ba62c0b3d8
heavy_tail,positive_covariance,77,620960982,4d2f9df3cce8f606cd99cf2634b6047dd36f7cc6dc7ed78466c2fb195492e1da,2cdc2c497bc9d78fdab899612cbe384de3ab8fea4ec19324b4dcfa8eae9fbac1
heavy_tail,positive_covariance,78,620960983,8f1fe7aec766f1eac60d7e1622e7cdecb36594535666ebd60c6e57597f2cb145,57476a9f8ba3e8bfb044c3a3001f739a8175c80fcee764d76bae63efb5a0e95d
heavy_tail,positive_covariance,79,620960984,a318eca5c45129a474759ad0e137671420ad1603d1aea18cc985cd66e715cb66,e27263246c14baa6d966613270946db1cbb12341f2bfc901a048939c4926bf22
heavy_tail,positive_covariance,80,620960985,fffc1293cb5c6d9768d8d95ca36329804c476a2ee733c055525ee10ec07ffe8e,772adace3243360408a88a3e09cc80db3a2dd931f3cc14cfd1e7f4115b846ff7
heavy_tail,positive_covariance,81,620960986,6bb1df10d368aef3fd1d2a72927f321e85fe0b375363d8a710ff901848b8ccca,5fe783acbab0f0bb318881e640b62698c711a8c78a407e0573ea205dfed9aa67
heavy_tail,positive_covariance,82,620960987,1eb7a88a850538f5634ef24e1d0444f8d73c958647bc66a3422016d7b8775ecb,2346abaef56f5282ad723350713004c1db3c914a4ebfebb35ab9793464b678c3
heavy_tail,positive_covariance,83,620960988,a3ab91bff5de47abc42a2e904873f1652c0f9c8001078fd6d9b5f126cde4a090,06b1dd2bb7a9653d085bfd5c23eaf3f76012217951a08467dd8a165e78679dca
heavy_tail,positive_covariance,84,620960989,5c3fccc54381cc2a00ce030adc511216b5a143c048acf2cd1a5c3f144d435f23,6ebbabb82e73ec6f66e472666ee6af0809e11dc71ae8026e416c78142575adf3
heavy_tail,positive_covariance,85,620960990,dfe21a98586d0e4b27b02a1250fcffe3e172e2e14285d99cc1d046f221f7cb94,56bf832f2604519e5436e4e3a1b6fbdb9ab67f5a084ca30e63dea360cdbe9b8b
heavy_tail,positive_covariance,86,620960991,89895b73654260920bde89835625f00ff4747b928929e9591f8eec56f8be2a81,02106f46b24bd58c919d11cceba4abd42152ff49c4f3d47723b5145c903ba2b6
heavy_tail,positive_covariance,87,620960992,9a006bba45b3f6dbfaeb101fb705436effb6602bd3eca85ce97f176abf981d98,2d8c3b044f0d344c4450da854826d577cd3f5367c175cd2510b83994d4ee8f25
heavy_tail,positive_covariance,88,620960993,fed5b22225b524af9fe33e41826819fb5fa45b87dbb84d356b2264e9e5d75964,d147e21b3df0d9346c2cca535dc75b7d22182e49a3833e615332bd48a6b1d4e1
heavy_tail,positive_covariance,89,620960994,a99b057be0b16e9177c90f60ca9552be748fdda08fd837017e373f40ea6a3724,a38c48018824f4be4e7b117cf2508a92b8b691aa9722e80ed701b0ed6c990eb5
heavy_tail,positive_covariance,90,620960995,b8e9e5739fd61a888c543af619d5c7b634fa8969f5184965ce671821416627cb,cfaafbf1ebc30bf4f93b82c56edd57128b131e948fda029bfc58bc84246fe72e
heavy_tail,positive_covariance,91,620960996,976323c417f138afa4203bb160eaa87695c103ba217ce4e770eb411cbc0c85c2,1852a558c99e120d7ce70afcc1e8fcdd1a2ab8977b2cc7d03c27ce11f06fe4af
heavy_tail,positive_covariance,92,620960997,def49284f679043cdf4096d0f581e2d58dbc6fdddb74fe715324ea08ba66e1d2,5f3ec72a4a816da0251e7bb25fbc0d2e62a8eba07b961b223f7884b3d49c2cf2
heavy_tail,positive_covariance,93,620960998,6817717f48cfe14b14acb684cd0369c429b2a65d4d00c5ca1780494f46590f85,d32890630a970ac12a9f14431224204eacc3e37e62809a6eb40796f5bc5d5a67
heavy_tail,positive_covariance,94,620960999,c928567f497ca7d0606755b002ab6d594bd0829b6caab5274fdb0457dac2348f,d55937d6c0a76979ed920e6910d2e02cf86ad6343f3a16e10daf0e5eea4f487a
heavy_tail,positive_covariance,95,620961000,77694e8b6508c1cf837c63feefd7fa2e67744684632a6ff431985733077d4434,8ed5772a6b0f8b4fc53ed82c84bb7ce53978e7724ac45d9074baa4b0212dae3c
heavy_tail,positive_covariance,96,620961001,3ecb934d80ddd9622d37196de72b42a3253becbac63e624cd622b8813adb208c,21463c62f8c1b2054707f4bc7d377fb6630789c721fec420907f593496848088
heavy_tail,positive_covariance,97,620961002,e8d133bcd98d8550f4bef144a2e09f894077891b10f286c2a79bb295ece1736c,e459155e2b28b7ed253c6e10f1594c4d6ae3266e0cce9eaadaf189d47dcb211a
heavy_tail,positive_covariance,98,620961003,f434c17f93c3ff3113d74e731a7f179912e87a2db517f411cf1df17cfd0860c0,3166fb46a81fe14c096bdd4334d1ff3013654d515c0a4394e97c2171ed347eaa
heavy_tail,positive_covariance,99,620961004,ee0ce8d1b38d0f79842b796b4b3fdba6cf70b448e2375f3fc7d771ec79780928,33f39cfd1ee625b30023f38f85667a2f237c6820451f61a2836aa51bf747f472
heavy_tail,positive_covariance,100,620961005,a031b34e3c7dceb94dd2d23326bc748918e87eaa7740880dc646331e4b34a040,a61444ab23ee94943fd0619dd36ce851454daf9d8e16b28d587f497aae946dfa
heavy_tail,positive_covariance,101,620961006,9a8c54129250471d768eb03f1bedf7cd019a5a02f60f0492d2d38a5282a053f2,1c69ad32870015d73cd3e74cc62dbff14cf174fc0578dd8166619f4762ca1d82
heavy_tail,positive_covariance,102,620961007,0f9fe313e2e66a09df0faa84ceef2412eac8cb72ff8dbaa4802ba769063f7839,14aa99e94109da09a102f6c657912cd58e6da5e52aa6c582a58fe5f0a0520941
heavy_tail,positive_covariance,103,620961008,b03e96e3741cbf6b54eafd824eea7daca2f7606d8b5f72c1dda728aea3d18abf,b68fee932bb12064fdc5cebb7c2fdd72e5365cf385cfd5e49dc10cb5dd7e56dd
heavy_tail,positive_covariance,104,620961009,2d995ea8e45313e630c25f8f74ad3bafb6b80b5c0d92008afabadd061111ed7d,aa8ee6f4dbeecd8d10baab3dd5334d1bf50c04e4b02426050766b9210ba779ef
heavy_tail,positive_covariance,105,620961010,1d54067b9c6854b3fa29086a28e6d482a35551ba852a5b82960bac32420c5110,78cfe1258a30d1cc206b5184ae999521aafa81bac9d4d32a6458b7a3e6980c5c
heavy_tail,positive_covariance,106,620961011,f109cd739aec6e0ef26b0cf4e9ceeb8b5bdaaec3d9cc3aca2758eca2b808e8e5,0f0e299ba0065a7b634ca098f390f93cad8815ea7e168bec25406cfee557751f
heavy_tail,positive_covariance,107,620961012,1d31e4007ae38cb4e612ef7b1bd60e0b0e947ce607defa20da4965756f2d33a1,0cf0ccff16d5b8d5dc4808fecdd4273830a2ba0819f31a5e37f7ceb4a5a5726d
heavy_tail,positive_covariance,108,620961013,2faf15172616dff6bd9208246f3ae4e9e69f277048b1f9812c356518418119c9,b891e8666845bc40be28e7e5a21d5da6fd9ba4d38783d3597cfc01a98afe1ec3
heavy_tail,positive_covariance,109,620961014,9252cbcf319c96edb1c5b7c9c67bfbc829aa7224680da2489d7fdc3ecd7f3466,4cbc3b192f2195cb2fc8c10faf58de6119e433b8f7d16a6c654e362fcc352569
heavy_tail,positive_covariance,110,620961015,c2a62c64cab7aa53f91e0890ad87c1fca0c5aa1f4862c6a5b2ae065fe49dc108,f3d7c0fa1ce30e54084c049d36892e6bce379bfd2bc5b4a2cbfbd24188c6390d
heavy_tail,positive_covariance,111,620961016,c73b459adb46eaf4f26000e5bc99585a4d55a5c3adec8c34637b0b1300a8a21a,7dfed9faf4160162ebc807f55cf255de2c56d22229a60d6799a31c48a2cff318
heavy_tail,positive_covariance,112,620961017,e897098fdf81b65dfe47fd186a3243e52d5626dfb85edc965399269d8be1ec01,239043b879ee1d90ca937109f868ee38e8d2be25e7263fa7da72db2e3d5342bf
heavy_tail,positive_covariance,113,620961018,8043bfaaa689fc738fe2224bf825975ce492a6fbf37036b41f38bb84a7ce3a14,e1cafe2ab858c4b4b58543aa76be62fb34e1e1837b9614ec3eb25a4fcfa35ad8
heavy_tail,positive_covariance,114,620961019,d10242b18c798b066f0130093c9af5d4a3db0741dd882a8936145d2290bcbe4f,24f285e01305fef1be5a01755e6d8ba71faa1b3547693b34f118a399b3a625e3
heavy_tail,positive_covariance,115,620961020,3f03a074160a99297bb91317c52e6b0bebf84053c48bd27b179701944c2cc519,9a70429455def2ede05a13276105f8be11e64dacdd3241de3db0021111853596
heavy_tail,positive_covariance,116,620961021,77cb969bb790820222972e2bd2e0d1acaa48d2f894723932ee7bebf0a04e2204,8a06596d3081ae80352b2e62dab83b1f84dd1ff426dcd0e726a447fb0b391e26
heavy_tail,positive_covariance,117,620961022,bf3b46439373abf7e72a78432747cfd47e53d508260e49890a09e8c3d8350d97,14e5c2feafe30f74c4f03180313281169f15cb8742f9dbfcd7be9dd9ed5d8c1e
heavy_tail,positive_covariance,118,620961023,c400e1b3a454b8aa9b8bdbd6b74ed8a890dda3c4da195a01b415b49232d4d344,3ba8d31c46178b61ede400a349007687759eb17d5dfc23235e39204979920652
heavy_tail,positive_covariance,119,620961024,9676af379bb14587406312efef5b3bfdc6a8c5ae2e86b0329d051e64fddc4b8c,e5c2853b0dffcfb33433ba4b2c146244256b3aac30942c3f738b6628948bd16a
heavy_tail,positive_covariance,120,620961025,02c86c6363355cbdd74f3ef6adaf8e4cb79cf17e6f225f1a308a6627b8cb7a57,71d573b54537516aa3c4f317469e285a581c9de6dada1809a31f2847dc964cb9
heavy_tail,positive_covariance,121,620961026,694a89bc81cc92c49e4244485b0b1445abb97c739e72ef2d548478d26b7d9076,5a81b5137e6698b194b4306fdf9c6fd468fc39d16bc22b72417bac2540c3b1b3
heavy_tail,positive_covariance,122,620961027,3cbb218362ae616a7425dc2c16d158db81f3bbabd6b98adc7630b747c47cc3ad,ee0763097daeb1b9e26750246a33c4df2b9fbfada436010f9191507a8c44ed0b
heavy_tail,positive_covariance,123,620961028,352b203c1e1ce91d1ab24cd402981f328c6ff8d28bac417aa33a1e20d7236680,295eb8a3430a83f2ebb058ec60d45d7aab5aaf93d83bbd0682997812228b0239
heavy_tail,positive_covariance,124,620961029,3cb673679dcf31bc8dc23af7e29c053f446e80fcc277f131d6df096c14147e45,626b3f643308ccff31f32de0596459ca5a104c06218b06974b5a036e8bc993dc
heavy_tail,positive_covariance,125,620961030,d9548260bd6d50a8ef6fcde2b5c7bcaedf1898ba24fbed79d435aa233fcd7c7d,6c7a5b2c342a80255ca07fdb0b5f08b0c9e70e5fcec8ef89a27f7774be878484
heavy_tail,positive_covariance,126,620961031,4f867eb328fdfd9b2e438d2eec69d11a9b3eac257f9244a678fd5eecccd6708f,e545d8bbd69bb0b7289a3303d4be831707fcae94647984b8f74b6a80c3a699b9
heavy_tail,positive_covariance,127,620961032,838e36b19ec4668f4f15981009728a9cffa4dc73981ac654f768651c6a327188,e4eed03fce4a8f6412b55f3cd0cb76a2e82f45189452f2f2c41925b33d928545
heavy_tail,positive_covariance,128,620961033,8e3e1b2a6d7aa401ea26e20c5ccdc271d13460bb843657fe33a307a68b837115,9cbddab441aad02fb42d1e2e5f429f0cdc3469635418d0a4dd9e25787490ec55
heavy_tail,positive_covariance,129,620961034,4941146f4ea8cd45b74a6f8eb3c21fef555e991c1119044dd5b18aabd63623a2,4c67beaeb4b860d4afb35360d68e01ff01bff296891ee915beded53d723b2f27
heavy_tail,positive_covariance,130,620961035,cd8886b3c9871949ab548eb798b2f7140b5ede6006cfc329c849399d22c3d4ad,ce584d8a857c16f44e6d8c424f2c0eccd4ad1d97c54bec701ea920191cbab667
heavy_tail,positive_covariance,131,620961036,d19bd0f4cb2b6152afb257607b1a2da1b5210c32deab1f4f645e73d255f974a9,3f6f21c3816dc06616a2524f0c5f0f30cf92fd68800da82004c64851f1c9b73d
heavy_tail,positive_covariance,132,620961037,08c673fa8cb9f1a6b866095a29b522d1cd321bf242a084bb086f120d8c7df599,0f3738dd732a4ad7af51b927ea5bb4aecf91e0e90c932c4386b8e6cc280c15e9
heavy_tail,positive_covariance,133,620961038,c7c5c46450b17701bc1ed8b26e6331418a83cf7afd998e30ef3ff163379c57c5,bf68dfff9e74fd71f194ea553194d4287a9d0b7e8adbd6ec9f13ad85488eac94
heavy_tail,positive_covariance,134,620961039,10ff917b338dff40c7057ea958300379a39078202ba70145bd327f3813e070c1,6acbba259213856d8694ecca92dcc6e4294dd4eab9e10735c1ed5ecbf6762c75
heavy_tail,positive_covariance,135,620961040,3beb1fefcca2e35896e48fe6d2725c2ac7a9f4438d9c236b1677bab231b7c4b1,81d9b04053d8630dd5442c34a1ef996d0e0023283c35c41396e1c63d094b71cd
heavy_tail,positive_covariance,136,620961041,62d88c5a2269ae3dd5fa656a4c28a65114abb89acea9ae725ab68d104b422283,f6982f85a5379711244aa33bd4a0807d0e2dc0a8bd23dcc69acff996c2a293eb
heavy_tail,positive_covariance,137,620961042,984bbdaca8b36b5877a2ce81843676fc371a5b67c3595851653d2cfbcc62cad8,566ee419c190a82a4af4d0b73b5f506387f89ec28e0f59603575e40920642bac
heavy_tail,positive_covariance,138,620961043,932938c22962583d0532d44802b66908f3841d9cab755eaabde688cce5518ffe,8cc9dbd98eabed87687c006e5389dbb01f57927e8073adada0b4ef663a742148
heavy_tail,positive_covariance,139,620961044,8ae03b25bc26c8d70a87af1ab6375dd8c6b0cde5a4f67d8dbe35c49160696776,ab07707bdac9ef2d7e878416d05ee35c7b395e6aafd02a7491570886c79b4f17
heavy_tail,positive_covariance,140,620961045,3ae808385844d7cd1f2a373d5677caa2dc9c5215bb841bfa1740d66e99f65f91,84251adde8f5855c8409070b39b0b734aef69f38551f64e8376e099e084d0ac8
heavy_tail,positive_covariance,141,620961046,1dc09148362b661544ef8d0ae7d832c68148fc09f65cc55f2f0573ecc0c40751,d782ebb0b14c35cd19eb8c3547211e2fa259ff9a5b9726e7bed799efbe1f1237
heavy_tail,positive_covariance,142,620961047,b388467f36d1a8c0e8af92aeb8c785c18b31ffb047406d257d4e1a0085f2eb07,84da3923bd1ed600c5e00880d830cd82c89b759353330dc6261a2b305bb620c8
heavy_tail,positive_covariance,143,620961048,4022bf4c5f7d4fba21966a2643b1aa5bca3df5e5063e3c0a3943e2cb23fdc330,c39618e9264359a6911b7760a9ae1228a1eade5fead86529a906da1691dc2415
heavy_tail,positive_covariance,144,620961049,16f4191d3516a87b465a3254d021c482bbc78942a6fe5c34db227e1be7f1ee2e,44fc505560be5db4d79c2a25a05fe1c868266f85f8d3073e78fcf5b2d4aebec1
heavy_tail,positive_covariance,145,620961050,19697da12650c41f92cddac9d0c44f51abfcdfd7dada414d666afb871909d2f8,16a45f4377714a181dc88f2c3d12b99459fc85fa8163b9ab14a156780219d037
heavy_tail,positive_covariance,146,620961051,3d1a9569fbc9698f710a4ae49749cf6dcf6211e947b2913a940c502a62fc95c2,0a38447f08d4a45255aa84e6091052ac1065ff39b642f1757241b4f7d3eef4e1
heavy_tail,positive_covariance,147,620961052,f08b0a2197dc20eac762ee69553aa307dab9ab2aae9179bf9725da0c1e135bdc,12a20f99c77c20af32544d4b400c4ada3d700d6c51c39f96eeef64baf8833e25
heavy_tail,positive_covariance,148,620961053,ce83f3b8e65a07af3de48c7a2e0033b2fd106a40dcda47a8c5b8314d03deffce,0b41fca34d50d84ec896e82d18cbcdd9f0cdd10b494cbff8179ee29a9477358d
heavy_tail,positive_covariance,149,620961054,9c985dc03a2355816e3ea55b2199e09b7706009d1f34f5e15580b24e6725906a,8332e62ebd86fc995af1ca5bf37cfec5d703e59a3a5c7ae6ffec2f3f5c3fb0cd
heavy_tail,positive_covariance,150,620961055,c9255ff526d84a255c7ab6c3e4dca0310107df5b39ef1932730992cd4b93f2e4,72da40f38cd2dfc888dba6d28ecfe07aa331cd7090ebf36764da1493cbcb9279
heavy_tail,positive_covariance,151,620961056,7a48d655f4f68ad7a3c3ca21bf0d361e9a4a8174404bb070e754a3ce29aa73db,03a665c991b9610c6346881951e8ae58cfe690427be6a019c4d2447547a62fbf
heavy_tail,positive_covariance,152,620961057,15e6352960dd26ccff6ab1c962a23adeca63e8e53565b04c678364b0b2c1487e,21a4352763f9300b036774420984d7394f6dce373e6d7d76557ba4ac8a8de18b
heavy_tail,positive_covariance,153,620961058,aecf42c17fe65aa9425620ca486d0b12a5694fcb7ab30203661fb98cb9d7727c,4a93d453e87bc0a9aa83cc0a618a484afaf6d3f9fdac77d5370daa3752117262
heavy_tail,positive_covariance,154,620961059,dc15b0a65f6e1f51d7442483bc7e7a9059d3a2ec0b23e06aa7140586971fff29,293daddeb3e9b42d40083a4eb7d77907b230ca2653727e79b10babf3824588e3
heavy_tail,positive_covariance,155,620961060,7568a6b507f5c943af117f872086bd8ca439988d88fd7837c2a45f5e470529ea,c914957bacd18853397e3f3300dcd8086842a2af561e7a41e4f94346f71956b8
heavy_tail,positive_covariance,156,620961061,c32b76f7e7b9949ab299fe164e9049130e76f3655b61a009f27a7d55d318e56d,9d494a4673e46ef7408013544166aeaeba93895aef17741143397b83c29f736c
heavy_tail,positive_covariance,157,620961062,9a8983f12e6c079ea375d9a61efbfda68b93fbd0765656c661bd20e6daa32696,4bdf5a128ae24e7c79cb35197b253ebf240ffb51f2e1d98d04562e4dc7229ca0
heavy_tail,positive_covariance,158,620961063,7e72158d51f0023824832500d7283582788f297f8b65aa0f18f65701de1d762e,a448cbf2230b0ab32ed5f469b8a2edd63fa6ae8071330a0ff290dcfce90eb9a5
heavy_tail,positive_covariance,159,620961064,4f1d1eea743c4d8f03a21501f8570a9f7d4f39ad9020c2e510d1888cb58a7eca,1295699e78081fd5f241f8ceae9a52b07091d0a5240ead41ba1710fadc97dffc
heavy_tail,positive_covariance,160,620961065,aeb7f08d82cb598ed3a1a603a14bdb3590c33f7f586beb56bed0442708c297f3,524f356ca4a8a96dc1520cc351ea77ac0c8e07dde0a1db26ef9857272d65595f
heavy_tail,positive_covariance,161,620961066,1a01c65a717db10b5d7063ea2375c8e1d3e91b8141280193c0b55a9e72eb2f46,340efe97f369e585942557ad96cae969a975cf255575dfafba9628e0c932ed6b
heavy_tail,positive_covariance,162,620961067,8711222a7073c1165961fcfcf42184f1feac8db20ef68789ff98ef27799406a6,c44b57a9cb074598bb6236cf889d4a708a656d4f0186b241d01b4fafabc8e86d
heavy_tail,positive_covariance,163,620961068,65d76ac68bb8b791bbc0d4b60e4979ac6ed9f271ae3eab865cf12ce505f53dc6,2349d3eccdc7aa4d5e9bd5dd85dd17ab51715f736953602b18f06f92bc2ed704
heavy_tail,positive_covariance,164,620961069,309fb8933efc7a2d52eaf10cd5ce7b7843f7027980bc2203a28d01805dc980c0,e046a16eb00ccd483132253138c19bb495c5bfbd713d9fbcbfef4d288d6d05d1
heavy_tail,positive_covariance,165,620961070,a32a6d45749180908ed4d1840e117f4e178f6392928d14be5f66f47cf3596d51,f2f2d274ccb616d5a4ce63c8ca97bd6fb7f772eb804e86559da137bcc773b565
heavy_tail,positive_covariance,166,620961071,4b925571bea1f9009b3f9a86f86e8049705f5a0cdf8feee91f9702a1c3c2ae29,3ceeb1613e03126b059b0819734dbc95a0fa361c2dbbdd1602eaf716a2337130
heavy_tail,positive_covariance,167,620961072,c421ddf0668468afaebb69da20a48e3806e2f4644143e67029971433d6edc791,b94d854b1476f445a2bb9299df9dda865e915e5121da27318ce3ca657d9cffd4
heavy_tail,positive_covariance,168,620961073,00e83de25e3ba6f7ab8bf6912c8aa65a66e449529c5082374c6b657daf55fec1,c4e435ea7a4adee3bfb0fcf71e8cf77eaa19fac565e48870fc594cf3c2109261
heavy_tail,positive_covariance,169,620961074,cf02779a5c2918f0fe2012ebc72f3d9a20c8c351207aa0feb285403da6b1bb0b,acf353992055dde08e21bc3bfac817b982462465615e3ee9a69a7d1a4622d469
heavy_tail,positive_covariance,170,620961075,0cc1c8a544eac7fe433cef7787df4e1d57916ec85d3b9cc1b8d23fa9db5d874c,3e0c68ddf857264022f0f5a319e85567bade23a159150b05b9f70b2c4f826beb
heavy_tail,positive_covariance,171,620961076,21fdd5d30c774902e878fd47b0f4a711c370e75f3ac95287b2655db877960fda,74e120b29c7b02cd74f985f7deb36aa8a777be9968a458f25d30cbcf48027b7e
heavy_tail,positive_covariance,172,620961077,5750cf9202fdb096021274ea6fafef88312059ff52817b90ce65ede6d67d08c3,e57e955889abf2334e43e62080a004a9865fe23793b04845e249ec7cc14dbaca
heavy_tail,positive_covariance,173,620961078,77796aff2911bf49cca61270a552981366eabb7854efacd4fdf30e73b1b2f47b,3aa2177714401e960026dfbe9132e4175516c7e12fe007ccce6d68812e075b01
heavy_tail,positive_covariance,174,620961079,7c4ade1251836909b9bb600f2a5c86bff52484aaeb7ebb66afe0a292b5f96a70,3a90a3f6c93fd991177de43f291413793c02fc047d44d72e0f6abf095ef71b38
heavy_tail,positive_covariance,175,620961080,70dae7096b56795220e09aeb6783793cdde3169d7c1f608c8be7c514c2f7fd32,4e12e05d40bdba46bc3309d0128d5dbf9c7ad7026e33f00670308789ffb027eb
heavy_tail,positive_covariance,176,620961081,d7e6cf1a24ebf8df46d1b1fce95b34ac715fd02910140cd7c0cabeaf4d80a5a7,2d21eed2b3c390a01186ae43d91e90a6e3e0a7e0959671119a51fd9775c67451
heavy_tail,positive_covariance,177,620961082,ff4b6aef3e94f62447d2072cb27a91ddc58ffe138d7cf4142d265d89ec80457c,7353588e8e52071f631c4ab52f2091638145af9ad6f1ed46e54b24c8ae9c6dd8
heavy_tail,positive_covariance,178,620961083,4c6132e6cf325fe31a4521b3f5e4216c6aaec1ed77f9b52e7cf01930a86c311f,5666f3a1a525a50a87ba4d189b7bc964fcf3ee5d5fba8a5c88ee0c9693c1ac5a
heavy_tail,positive_covariance,179,620961084,43f02e0aae274c84ecaa1d2bd6d70b4a68ccd230dd219ad1588b1302248e3f77,ac1153a63ac6ee64fcd64ab7bca12e40428eb6690a2a88a169e55314bf5ce8d2
heavy_tail,positive_covariance,180,620961085,24d34b3d69a0e5d4dd02e66c5413d5af5a90269fdb265a01ce33862647d16b05,91afa379fe67d8ae70907e6754a5be7a6fbbde4a0b94399a73ed0eb4ee148283
heavy_tail,positive_covariance,181,620961086,fe53960d895c6634a69f19696a64a2e9cfa9e0f0ea9ef2655acb5ca76006573a,314ecb93688e7ee20f9339448eba74efb44a1197b331af1e05e387d37a136ed0
heavy_tail,positive_covariance,182,620961087,9e654ddc7124deacd3d62c07110ad7926a9eeed8ffc5cf52901a57e2e2cccf29,e79a8501664e79c6b204eeb7236f769940ae18f0f334dd9bf955af1a75a8c211
heavy_tail,positive_covariance,183,620961088,a00bb69b21baf17894b6c882aede0b2d0596e6b3e38410fae22284a9595a8d9d,224cef4d8ae3210b53afa2d9d062a6dec0c034b9fd7627cd65f2a70281e0d005
heavy_tail,positive_covariance,184,620961089,877b0a318a3f27a12fed08d5255491eaf5dd3bc928b91c8fd0fd7baa2945dc36,35be7cb1377fcb7c8fa683fce735c5724508dc47af8bc38b0781113a371f5a49
heavy_tail,positive_covariance,185,620961090,6affab344d0b2e3ad02b5a925e5d453285641e83f63adb9bebf0fbcb3c2a8ebe,7a12cfbbe666f1e19fb4651b2b356e97645d45d5f9014737a1b20f86181be225
heavy_tail,positive_covariance,186,620961091,83e921c7a2a1aba4533d90013eac4d86e9b6e311688736ec406d318eb98f5a24,71c7231ad707c95561a8d6d0c3242e789cba9423356cc855f6410ad7a0253f5c
heavy_tail,positive_covariance,187,620961092,a72912ebced015d173ae8f1a75fe95635a3fa65235527b8df7c329723cb48a85,4b68a885894d86388591c251477ab0d68129c8ee1b3c1bda96215fc8560074e0
heavy_tail,positive_covariance,188,620961093,ab470de759f6bcbca419de4a886550dbb918821533bab0f4f8b33359fb960941,037a606e250516a594f65604c9b00db1c8fcfc9ff8452059c3f729ee8bdef5dd
heavy_tail,positive_covariance,189,620961094,927d505d346fa143a02939fa6c04d93213ce5e99d3a52c8205c47e84619458da,05415ade2aa8bbe423fc90e9d28cd8653877d81f5c756e166e86a63625d2614b
heavy_tail,positive_covariance,190,620961095,da6d6584f2541165069f5e90a71715a42453485f752a8e4d1a0acd0c21a05fe7,428a5db0c3c99b5433f5fafacfd6e7ea92967e555131ae863d97717e3f525cfc
heavy_tail,positive_covariance,191,620961096,6061d926103909feb62b1ac2ec41aa1758ec658e5b15a049bec86ab1dd23f533,969c533f3fd054c41d4d9793debe78d2537a7956438ade326ca9d3585bc2f2d7
heavy_tail,positive_covariance,192,620961097,e65adfe3c9de358e1ca7ad8741fb7a58627928715fa87113bdbb65aa80dcbf23,9c07718ad096d688e6fac031de0b9daf5b8195ca275ccd9b67c5987bdb3ec877
heavy_tail,positive_covariance,193,620961098,27be78eca3311e297decc79cfdb01490fa9828d82ba99746e796569a40d1da35,1a7b04bb581be98c973f069403886c8306b2109f02a3eb9655517e54e7493ea6
heavy_tail,positive_covariance,194,620961099,1936c9539499de4e95c95d731e1d72f51ad6ad3ac1874200efedfefafba42312,d9540c4f1a8dfc265c3da36ebd490fd5c3724b8eec263fe6f2ebcf658890cf69
heavy_tail,positive_covariance,195,620961100,a82c883ebdf215ae014897e3822c43789e345fd43cb32410f174b716648073ec,714e6b63aa6f9be693f211ff5ca54ec6a33f14cfd719036e1ecfd80faa1a326d
heavy_tail,positive_covariance,196,620961101,6c6a1ad0e450f2c060c9fd119b57fa8e1d33430b44b37b5c15a255c750335ce3,162b147173d7f31e8a233a18f96f0c4d359981804600ed01adb946654c429122
heavy_tail,positive_covariance,197,620961102,d07cbe88437df38703f49738dfb6e98e5d323f0a6f848b2f265052b5558f01f7,6e36c0dc92eba71772d007882f19503318a0ad345baa5ebd8b577480024d292b
heavy_tail,positive_covariance,198,620961103,89bb9cd5778de6c56759ec269f00702cb90c1f0761ec9ed698b0989778525a7d,bc4c8cca921519b8ef0da0e0b6ae06550c10f15c5bb33866125f8db5f3a9b3fb
heavy_tail,positive_covariance,199,620961104,4a87e9b2fec654ae526e6a1ae5b566a3858d4d3961d1264f4a74f5c04fc95bf8,ba9204e14d9f41c7e72bb0743b2dd58be1a0b2dc8388a4fd0d6e6460869d0ec0
heavy_tail,positive_covariance,200,620961105,7747c12e9c2412a25258249e523f823f33ac68a907a0f122698fe9984fbab173,257f87f93b9e018b288914e009f54bf2b0b85dc0a01d19fef67167d8ae0197d6
heavy_tail,positive_covariance,201,620961106,9530a49fbce182754d6d0f0cac354ab652ae85893c4e241bfc0a3e0114c060a9,7900064d0526949da370fe2a0b5a26afbe877e2e5ed442ec9d188dee4aa60d4c
heavy_tail,positive_covariance,202,620961107,bee38a2d67f55a543fb17984911065a784aa46ab6267c82c07c6d8886af58e46,d262be173ea6954ad4bd93c2026e306a8f3c1c74550092246383585df856a461
heavy_tail,positive_covariance,203,620961108,b57544508e3769d97052c7daa260a9136a165db9f5da16df963944151a3f2416,af4d04fffc39214f0ee15bf266aeb0152347197c984c0d27c2d91e707c11283a
heavy_tail,positive_covariance,204,620961109,e53270ff280dfb2a18730bf8c2bcd0c1f8ee06f2903c74c47cf9fe285f5639f2,43420080debe379319ed5fd795c3d5177fa5ce1aa592cf1fed169552927cf5f5
heavy_tail,positive_covariance,205,620961110,30548308bf3cdbab6088190c98d1aabb4ee289d9d18cf768748a387c5a8bafb0,b3008919b8efa3fea3bce83127af96e2af7f534bbba145285ab1d3ff3757af77
heavy_tail,positive_covariance,206,620961111,ee49dfb97bddcc97381e3b89c75a7637ce34703039ce0fa85b484a0305d76e63,0746fddc965db3b3d9f4cce9cd04526db16d6fc09489caf987aa8b727318683d
heavy_tail,positive_covariance,207,620961112,6de26661573a4c025baa975a1909134ff26a85c4afb90962787dce49a32cf923,8c630105447b25efc282ef798ed1218be414c0aa033df7b387f5d2cfd9f3460f
heavy_tail,positive_covariance,208,620961113,f57e1348666e25ceeefb2c8caa688a308211a7c9b014ba49fa6edbbf65e35b27,00a7891acf7cc716a340fe5174ec751a9e3e289ca8bdc839f2c0d7839e19ca58
heavy_tail,positive_covariance,209,620961114,2b653aa7b272de307653fdc28a391d0767d71c6cf00ac08f3be328c8b2ecc005,d6150070b00f595e1145910224218e6fe7123dcb1d6439fd48a6a74b64b91c91
heavy_tail,positive_covariance,210,620961115,4ec149b40648f0330b7629d6b1c26054241f467aeaa7c2fa8c8887e7bc053096,7d699fe654fa7b707c726eba66005def71ee383ddfddf917abcf0e7cb732cfa6
heavy_tail,positive_covariance,211,620961116,fe8469c5d3f88114b8f195370dd47c0b45bc4322fceb32c2d8b177dce3aa739f,9c2df93e4dce0480b8c614a12b6ae7591324feed46e3cd69260345ac0a34f0a7
heavy_tail,positive_covariance,212,620961117,27e95a8a6b7bb3aa4761584b5c98a6a368e46266404e7ea938216b3d57ea9c55,c05ee35739ab2f62b4f4ab91417443b38a929d496c198c3101128d11470b9ac3
heavy_tail,positive_covariance,213,620961118,91ad67fc326e94cb7cc8553e0d68278183b72da75e8a47a8b9b4d9dd3f43ca19,3c4327806f8dce95722ddb1362fe50b4c3d651dca5af4caed1568a4b2122e9d5
heavy_tail,positive_covariance,214,620961119,a7656eacc461d31a919f990527ffd03705c07cd15cc5ff415b1ee366a9a6726f,a10e97402802c2ea8edbfe1e52a47ef626d86f52889a7b4a98ba2fff99d4918d
heavy_tail,positive_covariance,215,620961120,40fcb2934c015623f0b0f08eb40124696f335dcfec3b709be69fa9ad24f8ea72,55490bdbdd2d5903b723adf2a9acac0b1ef08d7a91c0db41980ff2475eb8fd98
heavy_tail,positive_covariance,216,620961121,0718cf486eb979280e6fc129a32b4a9552682e6446d45db062e01d8f704af3b7,f489bfa0cb951be2994f2f337fee86e96b323be79d40859849ae3eddac652260
heavy_tail,positive_covariance,217,620961122,2fc77a6b386e6f56beffade360ff5c399b23bda4f09970ae34eef64bba5b13cd,e151e3b497704b456079fb9f0cc70ff8afb444ea1912a0fea3a4a9f92c91621f
heavy_tail,positive_covariance,218,620961123,bba3bc6dcb1b4d4fffa47f43c757c9b5ea4361ddccc6ed4cb7e9a2d863890623,e14930396860036ebb8ab561b76ba31eea779be523efabdc168eba0424b95d17
heavy_tail,positive_covariance,219,620961124,c6e2cb0c11c0d7b08565fc08eded806baa84f50b6dccf735d3655f512fb29a2f,b2bdaf4851645da72d573fb86462727c7f45dd9a475c4b939076a2a85aa218bc
heavy_tail,positive_covariance,220,620961125,748ce13547574ae17add9249d6688002240b8674b5ecdb700ddf8974abb0a0f0,148c5de864716759800ba0ecbc549f44303dbb5270a344fa940e7d048e45818b
heavy_tail,positive_covariance,221,620961126,b9e57a9c27f84f36197896fe01f4547d4c8821f0438f23647b303fc11f3174c4,0cb4f7675735b2ad08773839362cb64e054214c0c6e9bb576d81f1734307d09e
heavy_tail,positive_covariance,222,620961127,869364d21658a86eedab2cfa06676498c3854e212d9454b4020a50417cf671d5,9f5e265bbb1f4c32f8bdfbd78a9e8fe4f074218cedf9771bf0e92e213cae2d59
heavy_tail,positive_covariance,223,620961128,216cb7d0113dd35dbe5738f91e38ba98ef03210ea6ec90b989ca92374523ab67,b54faea4f6372207358374b48c713df3020122211a764bb9bee84c2cbebd925b
heavy_tail,positive_covariance,224,620961129,f0b39f1718d6acb04068b96ac01a9b55515c4075fffb4c4af86cef2789515410,25d9c95d8531aef70b3796d1bd49c47be22ba601585722141fa1dabebcae5817
heavy_tail,positive_covariance,225,620961130,7f7a390c5e16c23c6a5c93f5cd01acd40c99b43aec9f0950d5eaf4af93cc28b7,b9509702054d1f24e57c4ead091831c1061f0f8c51cf87cade3abdeeb1e5feec
heavy_tail,positive_covariance,226,620961131,ddc2d8d98ae91f78c4a1b0026ce4efd724ef715b9374e91f14a2d35d1943f656,fefe4744de1b5de21271f4e0b0c22cfbe4153285fb7e1b457a240b8271f13471
heavy_tail,positive_covariance,227,620961132,31f8221434e9085b17d2f60f24c3d05a1b4a59d724ca147e96381d4b5ae307a0,755296c6cf6ef7168c37ab20f54904a0ee2a4fa96dbba4fb2dff9db388077179
heavy_tail,positive_covariance,228,620961133,2532b598e0231114289f7544907f13d8e5e47857e10c58802f92ea8ee1cee643,9a147bf8b2303fc3f17d3a964c4ae9f50e55b5c4e0c1c541b1b03cf52644d0a5
heavy_tail,positive_covariance,229,620961134,4f94a8cea293219b502427e49c4a9bf6ebb32b0a73a0fbfe26db9a8dd6c70d15,2672f7a37de8e38ecddadded091d5c688d7aa2b5a823645c0ac9caf7ed9fe2bb
heavy_tail,positive_covariance,230,620961135,6b2aa38a721ace87ccb6e19abceb691d65c97548ec0f65906b6fe544452f9d1d,6ad7109f959d751bdf900d3e7d0ca98f91fa77e0176d69ea3f72050256b5af3a
heavy_tail,positive_covariance,231,620961136,314e88e2f9ae200ed4fa6d7c5aa05044145e0815eeca45e7cfe1bdcb23aac669,a01ecd5b40342cd9944ebbcb490e62a619029e8cb99cbbd15071aa48a58f79cd
heavy_tail,positive_covariance,232,620961137,faab451d26356fdc62ee356227f91b4f1a583fc9f81a94b529dd4e3a3b40e9c4,d929b83024e5fc7fcacc6a80bb8dc3049154c1843608c7de9c18896c12c1999e
heavy_tail,positive_covariance,233,620961138,68a0cf36f28721c3a777ab6283a1b92d67e82ee9c6bb193517c29bca63c8b949,c690a901ba355e77a309bfcce43c0185d176baba9ed3f466dd9f63a8d11c3e96
heavy_tail,positive_covariance,234,620961139,dd2f0595346ca7ed457c31dfb0c492c17ea8ec2483aaafc6325da9bd7358dcbc,b8703b1010316903318b02f024fce356d7c8106c69934ee2735e64c6415a1391
heavy_tail,positive_covariance,235,620961140,1147c7be57837d9683bdf10a38d0d3bdd319d51c9cdb5cd778c2213cb028ddb1,dc1c8ef5c550064ab8239a23cb7d3e506cb9b25034596f0c27641ea8b57f2f01
heavy_tail,positive_covariance,236,620961141,7d9089cb254af2401d58fb91a945ee36648ffb3d1747dc9b3bfeda03ef02005d,dadfb9000907d0123fe5a346b0fd3b86c52925bb018abf660ee85a844cd44b36
heavy_tail,positive_covariance,237,620961142,c2b017ad504fa64bc8170b74e1db7356e63d82eb4b1c0a2ace4028d1c7133cdc,cc4e882a101a2d6ad613d3b170cbb009c2e959bec1bcb4b191220fe97984a55f
heavy_tail,positive_covariance,238,620961143,0d1eaf4548e6afa1268dc02ff6eae04534c3520d2a5c3fc721821a8efa82a1c1,cd359ac465fbd0221c3d4c941a00e6c0ea5cca0adf6c6fbd37385c9eb5d68d83
heavy_tail,positive_covariance,239,620961144,11341ba65bd1d69501cddc4be2acb38bcc6c6896f363a2ffe13921acace4ad80,e52da0dd6a8c07fe1da3640a9f68839dae0a71a36f5f743c26c053ec8239669d
heavy_tail,positive_covariance,240,620961145,8fbe843b8b9cf9306df43109933ba61e4093ceaaddec4d3948b8f7c5c3ba2fa3,0cfdeae27690d80c49e491c58d9778f17ad18025ef0b269a6e2b72df68ae9b20
heavy_tail,positive_covariance,241,620961146,459c2a440d29a07337d36225024c16215a3e437dff68d4bc0d27507ac4f114b1,e3d3ed436dfedcbaf12f3c795d89938ab22b749fbfe4101d8d8c1b52f229a9da
heavy_tail,positive_covariance,242,620961147,55fdd8a8a37f0bc437179881597026fcdb026b7422cdc5aec2c0065e137f27cf,6a223371ef73bfabec4e0ac7a0ac928726ceb569cdce2c0dddb52c0af46ae573
heavy_tail,positive_covariance,243,620961148,78c01536c89d8e963d9c9b0e25b3b30be7b7f59625a283c34189034027074b5f,bde1f326d64c225f654daa16b7c43e6f72231ff3692d8e1b43798b72297f40ed
heavy_tail,positive_covariance,244,620961149,3c8c27786bb7eb8ba011d21bfa9c45aaedb65dfe00131a101d4f81d38b70ac0f,359af1ac980b3b18a88ab8ecb1ab2edde4bd743c36487bcae6e0332ff20eabe3
heavy_tail,positive_covariance,245,620961150,fab762eb3ff3483830c832de0bb3ca65898bdbfd96fe5df270bda6268410fc1a,7b16c76979a1e01427f5e3d330a10fbdfa4eaa365d6d61cb70f1f6b4eefe5985
heavy_tail,positive_covariance,246,620961151,b8ea6c8541e4faf7e244b06d4d2782b809c5090f9c9bd18d65a1aa42df9e39bf,3d19d5f13c90c8a26de80668e2c9f23cde4cea9fd6a9babf483dba38ff4c25ed
heavy_tail,positive_covariance,247,620961152,db306b00b3437e7464c6ee27b3b174725944e6fd3efdf9456fdc3cf17f9b4376,0bded938e14499bc935581298197bd9c3d433d9be0816ed99b80dce9b666ce8e
heavy_tail,positive_covariance,248,620961153,a750e737a446f5ced8351a547d21287ac5c51a956e45bd03668e7f13fb83e896,4d496c2c700e345b5d2355280811dfbc4e0288bde959b51ca0c553957be267d5
heavy_tail,positive_covariance,249,620961154,4de1a3befef4b66a3375370d2ba1ef336d35abee29cd94a92a3e5d51b5f41bf6,19d0e68bee125c2d92b5260af9e35ad29ef6ee45374fbdcbd6664c2385144dc5
heavy_tail,positive_covariance,250,620961155,89b19465a44d996f051a97c250a61a4aa1814d94f5587eb965fc728fda1abcfc,97c4fc88a291b7288c84ccec680e24df14944424321bce72f40a136e7d5136ef
heavy_tail,positive_covariance,251,620961156,555d86bc3c04d07ad05ccc74541589d4b48262ed707ce428bababcfd2ec3312d,98b51180cd126b20da4113cb2c3f953b5f851a2faf86f702f97eaaf6469d4ddb
heavy_tail,positive_covariance,252,620961157,c289cc460325c2055d51bc4f7420cfae84634337277713ced452b423ec2601b0,888fdf700edf59a0bc8d25b0516cb3e7371a346d34b17067f0b829cf85702aa6
heavy_tail,positive_covariance,253,620961158,f9ee69a2366abd30682e92c3ab3b9d35eff977bc5001a510c2091c11dcbddceb,bc21e6287a04223d3bc3d6ea57b88b30ca9d0065ff6fd25888ccad354c49285a
heavy_tail,positive_covariance,254,620961159,43880cd1b385713a04c219b41b5bd58060bc020fc4ac229210f311ed4eb04903,a1305d91d214cbe5aad1361e6b7e9c219161f8012fa36f9d186fd781912a6cbb
heavy_tail,positive_covariance,255,620961160,f2f0aba06c21fc676fb7f4267d6eb157999cf86462834f0cf8810ac00c9c3edd,c668dc1b7f6f0a35abe7e0a175aca7dce8f48939da68eba48da23f3501555207
heavy_tail,positive_covariance,256,620961161,44eca58e28881b2589fa461cdf9735a9cb17c41eb10cb2df2139659f0702df7b,10f190f8849869bab722a7a2a0e2bdd6187790209c220da4d13927ae244e4136
heavy_tail,positive_covariance,257,620961162,0c103475e64a9cc34a54927dcf0eb3acbe596d31a5395444ea6c3b6744bfc317,845d152664fd1ab641586028107d1eeb285492ee45cf19f1ef4d9c2f03c71a76
heavy_tail,positive_covariance,258,620961163,8b4e8908857fb6fe341f20f3e1fd6f757c0f435abe258f3481e6400211dd7e7a,5bef8e7b9a3a7562f1a2769d69af55aae89f648028cbb73349c67b041d5f278f
heavy_tail,positive_covariance,259,620961164,0cdec5dff9c698edcd1f4e23cd49557692fea513cbdd82fcc4c5e3805d856872,6b317fe033121e5106302a2eeb7935d86485218a3b5aa1e056715b227b8800be
heavy_tail,positive_covariance,260,620961165,5b8d38762db6d7c97beec6255ebaaf9643d819235459f68f1032e29fade3d8bc,e022b94246afb5e97f8a854242620302907989f831effa98512b868f74e87bdc
heavy_tail,positive_covariance,261,620961166,2e8481308360c53354d91c1adb857e1c7732027b3a1ca955dfb8e30a78d29c79,ca5a2a1b2d5ed162bca1edb35f2f74a82e56c2be8f721157903788ca3a13b009
heavy_tail,positive_covariance,262,620961167,ce37a505c6399bb2419d6c25e8efd5f4921fc687bec3521961d31b6d550e5e47,56e531593a6b07536f1688027eae2f2f7a86f73ec6e4a3420176743696eb87ac
heavy_tail,positive_covariance,263,620961168,b907294be13d637c7bd4c7812a88a8fef48b3ccd4636e8e7c41478b56a5460b4,8e916d6da30153eeed3dcd98f615a105f33735e78120641ecd74d0e2cccd243a
heavy_tail,positive_covariance,264,620961169,4847a6a980a8ae80c0a9bff6b1c0f433fe300269e6ac3efae9cedac13aff5aec,009c26c9dbec2f64e1fe9af5d7310eaf1d088425edbf3b4a25eaca1f1238d74f
heavy_tail,positive_covariance,265,620961170,5910a3f2349f0a6d16499f285b6f291e97cd4834f3565780366be235e39a6616,4be2e24bbb7493a5229c59667511496f9361d732ebcef14b40779da4677efb93
heavy_tail,positive_covariance,266,620961171,088b5b945a052bdb33b7bc4e040db8564fd3d8f9a407f8fadae56d931516eb6f,7d8fd1f94c0ce41dad53805e7cae1aff479624982d306053c362a7bc12975d2b
heavy_tail,positive_covariance,267,620961172,c1c3dc05f94d70e14cddbd8311f4750f082ca750636baeb6f70369dc15a3168d,9689daf8d49b16b3c7892b091e324a1c15407457eb3eadc26df82e4dca39ee68
heavy_tail,positive_covariance,268,620961173,92ab9c582f3d11d92c5f089a25892d7bf72e385711454452d7c7152dad330e1d,adc35fe25e988e99eec56bef92edb929797ce94da454c4d0530c9dcec768886a
heavy_tail,positive_covariance,269,620961174,67d68c61aba661eda8bae5fd7c4af50829734bca42c87bb24d52ccc84ebd234d,f7dbdddc76f047dac74872c9e29052927014304c70b5ef4a494feab7ee348abf
heavy_tail,positive_covariance,270,620961175,320241c2bf22bc0444979016cd6eb626f9e0cdabf6b20cfa8e86d6c54a54c781,0a88ea46ac58377b1e6f3759c506352fabefe50d219471d1d1f51bdcb9bd1808
heavy_tail,positive_covariance,271,620961176,f8756fb40922d9c69050984bc3a8053720a9eb784d76b9db2cbc1122811e887b,8ae6bd262f7ab60663a7010bd257789add0a064ebb48c6c49e1c1947d512e5eb
heavy_tail,positive_covariance,272,620961177,3f37a8f42d815a278c159194c55cf45f8a9fe7be589c33071f09e18549b642ac,6b3126850f9b160a8b1f19b39122a7a098d5ba84e90eec8b692dc3ec84cdaab0
heavy_tail,positive_covariance,273,620961178,3c17faf2c931effbc4da4471b9e7bb4549878470c1aabb58ff11c002fd41c637,f81e1f5967dc23fb4238d2461a92a5d1480e5349162122460dbbd8fb9b460fa0
heavy_tail,positive_covariance,274,620961179,4aa7143d25721aae94bffc40d64529ca5507fe699ac404422d7b7fdae293cb1b,a71280c65022ecd10d7cb600eddd2ede513f2f838c3e84fb7f849b274e968846
heavy_tail,positive_covariance,275,620961180,a246a93f5674eedd3465d53b1435325be8363afb342f3190d14496de4e958b21,ce30aafbca51a629b6942152fc266f85d13441d796df1982af1f62ed5cbe4ea5
heavy_tail,positive_covariance,276,620961181,05b769d8a259e200f9290c05f9aabc66f7f9d38ab09869ad50d23a2899e8a4aa,02aaeddbcb30bc36d1d6d303c83c52c24af181c082b6a16d179f1c34ced81caf
heavy_tail,positive_covariance,277,620961182,fb7062ca5d9fa6830998088f0afef3029ef8778e174baecf3049ea89d4ef1db2,a40b3fcf85f5647e16530af9163ca9391e2476664ece0f0b4c83d81e6a684920
heavy_tail,positive_covariance,278,620961183,d6f89c50eea851708ad3016cba900e179cdb1099315361f7d8da5acc58c558bc,a8b811b58e83b952ad1acd051bdf97d228ca47294aa594309389e88eedd61dca
heavy_tail,positive_covariance,279,620961184,38ac4d0bacfe7151b119bad7d7d44b19e9b98f43bd2b09f2dd64322179e2699e,40cf2c19ac68fae990bbc2c2ac36276cad6fa7ec8e58d136e76e64e5211eee36
heavy_tail,positive_covariance,280,620961185,28661abb795c4d3c44056a2f97142abc850654f00b0cf8b424a6ef082613b3fa,922e5c70fc51e31dc4fcd3d097174293fdd5a2a1f111af15538d7538dd296bae
heavy_tail,positive_covariance,281,620961186,35c713e2d53f28e18c0ccf050c7efffb2528cfaa103f3ceeec1c5607391e266c,0bf0e5fffc5abef5eacade135f554ed1231b9d09eade84ab2d5d5c35496cb550
heavy_tail,positive_covariance,282,620961187,f0960977eb8aa9fa3849170d9cc02905a7ddf6c3c70485557d71708b496f55fe,00d300cb38b0d7fdb81818434e6277b5adb92810edc31e9211e6cb3cf3536a12
heavy_tail,positive_covariance,283,620961188,ee51550056bab88f8cf998ddba7b740642f69dfa4c18de5860a9dd3adf6a3fa5,892772709d8ad1801e319d3e23d1c0512b4eaa24bb5eed1b5c9600429ba1ba48
heavy_tail,positive_covariance,284,620961189,d2ef0e5ada3267f961177f2d6a8f9b168c1945fb1693c8fab223661d9e97956e,8c2b6919e8a385015882a22d4626c7955cb578d24df468364c3938240f414c0d
heavy_tail,positive_covariance,285,620961190,3a0b3a68c4b966769015ee855b8a1aee63ad3e73ba6bfdd828b5f6e163da8d77,cbfad48519d5c0e6525180dd2d79077f504d5dcdf8b2b28242dcc11a9ca790ed
heavy_tail,positive_covariance,286,620961191,970aee6aec65f1b45e3e2beb476785ace87456f5bba3a482fcf99e9d78e9c814,473ec902c4729b595e63b0dc87e97082a2eb7d094233c2f6752b6d69c76f58f9
heavy_tail,positive_covariance,287,620961192,c8e0b8ee4a9db9c5e046b500222ed77014d6f63c0e460057d360d1188d4e3e97,4f33cb62b210131a8c429f2688892ac8bc923da4f8a7c16048a8aaae3f91e233
heavy_tail,positive_covariance,288,620961193,4d2743d33151140b8b8e79236817f59e423beff27f9ba997cc3000ac04aa28ce,48d50dec56790fdb86f2ec12a9ac3c7070a5f1d39c003e47c3aa8578c0b67e92
heavy_tail,positive_covariance,289,620961194,feb98875a2375f666885b83ab4b832aee1318c06180516539c8c220f82084e2f,5496e4b80f69a74441f978fcbcf89475b29f90c1d852d34f8ec2cf96aba5c6ed
heavy_tail,positive_covariance,290,620961195,853b4e7cf6e14211a05e83eb399f3504b6238164a247a49d2f45152334254bdc,ced91565bbe911c2954982167a9aa175b4ee39b6bbb94728750d3eaea03638bf
heavy_tail,positive_covariance,291,620961196,7dbd297c8a28152b8098767d38d443ece9446996b1dea80b11e8b8d2be16fd32,dbd27da8a0237ff5cd91c5f875a168bb7bd90880fa6b730030a1386289fa53a8
heavy_tail,positive_covariance,292,620961197,b6441298ccf00f34cfd3fe45e4089ca66d6e5b0918e74292f6e9de72e9661afe,6d7d56da4287cb2a91b20daec3c54b03a25b4d134dc89ab16475130ada1eb4d5
heavy_tail,positive_covariance,293,620961198,d03369511c582989655905a38c87671e82142a85a77b46855f3041dc0ee83a82,35c93e2fcf3ce0a17bbcbad3706d0865e8cddcdc4a29581f4b630eae195ddb27
heavy_tail,positive_covariance,294,620961199,60aa50578d339c469b8d0f4bcb38cfa33bd4752fbef81367769eaef42068ba7d,158adf78c546dfdd4b955160e0822198d328e171a62933b24c9e666f7f4fd958
heavy_tail,positive_covariance,295,620961200,c7227e04ade1b77568157748ea49ccfb56770a9600d57c8c284b0b9b61b49fea,fb7cfb6f5f7940296ec8eae38decddc6c6e0a19227a12b30a9125dbae1d390b8
heavy_tail,positive_covariance,296,620961201,5a720f73d5f7cf31d07e95900cfad37a83e512acbb48e511046bb056d55c9aff,b92529d0b7bc6f3bbe8b5bd1c0e933f2be863d6ce1067335a8d1f6a8e79617e6
heavy_tail,positive_covariance,297,620961202,d2d5baffc834e5f2c398d2f82a997072e2b55e8ab40144d2085e91022887ea89,a688537a4e99c40ea06b43227467e719359b0e5e6cb331fb2161ac56da547bb7
heavy_tail,positive_covariance,298,620961203,7bb76983c126d0dd2dca7c4ef7e059fc76ccc7c565aaf5287c3c527cb6882dd0,8e9e234946c8bece8e11ec16039cafc0765ffa3349af390bbed13825b5bbb602
heavy_tail,positive_covariance,299,620961204,ce04415273c53312b605a5f5702846db469c564f55a3f64633b19845caeeab8c,31de182b1b140f4c0137cdb44cb7e83ac907773cdb5fd9ee13141b3fe59f375d
smooth,zero_covariance_dependence,0,621060905,270a2b5f8fe789bf7d25e12f842b5b800221c671616f4417ca365700f77169bf,fd8bcaa4932a7b5d1ac79dc949628f18e0ae9e415406bc9edb88349ea5311b59
smooth,zero_covariance_dependence,1,621060906,5ee23db89c92e75dc045de46abd5cf3d6021c909a92a1f5d76c114105f9779ed,15d2b76727209f85e90249f7e9d4960c7c11e206d265c59be066a91f9834c446
smooth,zero_covariance_dependence,2,621060907,f71cff750d2c42b19f6f4153f0cea23cc697d71dd3f266641899c96131174cf5,d917b848911f0d3f07ecbf36ee26820aad2b64750baaae12953a1bb4c4428077
smooth,zero_covariance_dependence,3,621060908,10ddb912127479bf7ee05a8286458be3970abbafd899c9f1ae8651b530918e2c,a29da036b80165d735429a96fd7474af46858d5fd1e86f02523f5ac060ddae52
smooth,zero_covariance_dependence,4,621060909,ad732858cd42502d4a09f5c5eed8c4c6888f5ad042e888c587665683434affee,2e9dc3eb6d62a378bd537bfbd30707e04a39c47474cf133a8f594ea74f4bcd78
smooth,zero_covariance_dependence,5,621060910,46760c43d9e011370b991c7411ff79f07d0d2fb03dee0b929b1d8f65e918e169,510a2589ba751f2592c09bbfee2a94c1a77ac2aa7ec0536c663998f18fa602eb
smooth,zero_covariance_dependence,6,621060911,e7c99588a8fec6e180c3e99ec28ebc5909ab56fcbc98645f2eaabfb964f8784b,8437f31b425d601fa0c1cbf4e85702dc73e5f6db6997065545f6db31260e784f
smooth,zero_covariance_dependence,7,621060912,9b42122276326aaae4d61360fbab5ce66c7bfe8ee99c5f6c5e83468619fd3481,b71145edfc484e84522abce1438a16454610588af44e55bd3a5a1f45177cc3f0
smooth,zero_covariance_dependence,8,621060913,c54af039fa8ef9d2043125b9686e9adfe0544025ac870b41f4f490acb38e5a54,defdd88daa8dcc2e41e314e5109a6929f955459690ad98dc4b4efa0de529edb0
smooth,zero_covariance_dependence,9,621060914,50fa6b0f014b055a1caa39795aa6753687553f69fe759e0ef300786640686327,40cd3b35ac27f2feb827431a8b4d41053923fd0245597ad2ca5352ee964168f5
smooth,zero_covariance_dependence,10,621060915,6e24eb7530ba26edbe006072985df1c6905e0d14dc05e72790b413683fd4870c,1ea85b1773c3a62d8a7e2fdee6e6e1f5653f618af36915fd6877146c07034e08
smooth,zero_covariance_dependence,11,621060916,8663024b7a1d5cda412e76b391d5349443e32eee5a769a0ce8e886d3df2ae44c,868c97aa0dc2405655c66cdb425d422d30f42f6c3396e763672fe7760c58b1fb
smooth,zero_covariance_dependence,12,621060917,f21e6dde0ee708a090cda1945de3c63a00f6d4ad85eb31f5ac4b019c79074c83,22f54f15561959e88fd990abace7bd0fd33603cdf6e66d9febfb669bec65ff94
smooth,zero_covariance_dependence,13,621060918,6cfd11f788d627611f4d96f0b2588cce5bb288285d70e2053a5e6d103ef7f238,6c796376c9800d0b7afb5ab1d487de93b3285f9e7c44abf5275542aa21cdb899
smooth,zero_covariance_dependence,14,621060919,e807e6b34aeb37764d80a19b4897d13267cd19f5a4721670cd212d1de1a3f9cc,8414b80ad30b63ad016b2fbb4f7342abc68af549bbc5a909f6751334d30ff92f
smooth,zero_covariance_dependence,15,621060920,f18f2bf899c8727a5d481160931a6903005c232a2c7157973bf9f2f20e549d60,ef46fe6d759ee25a09e24923f6ff32e74b9a2232ac9d2cfbe42d8ebfd4d5bf38
smooth,zero_covariance_dependence,16,621060921,db2551536b94bbf84deeb1430b0abe2950f378c767d67a42ad870d6264517f19,2a65c9e0ccf8e44227486dec4731a1f056f64609545b6c33abc6c1e3b1cce3c6
smooth,zero_covariance_dependence,17,621060922,635530379469b2f5e5c6fcb9acfe45ce58114f92baf7241b1cb8af38559763cc,04c188bfa2af9445e359edcbc0d968b881c1de71c8776ed86b85fb6362dad1d9
smooth,zero_covariance_dependence,18,621060923,d326144ca475970ceda596b09adb1f8b28f1ad144f7694a8a8606c3ae7c7eacc,51f2de524917762fc1031393ce6d3b263647e6b1e3275f989c76b52f632d2b6b
smooth,zero_covariance_dependence,19,621060924,c6e1348991f415339fa691b569adc642862f32b25c34139b4c610f5f91d412e8,9306f4524ee7e8629c1cad66c09ab3046de7827581d3a0556118e104049ca139
smooth,zero_covariance_dependence,20,621060925,5d11f5fb9ed4945f3e15279aec2c2b82ffd01eb1eb86e0443d02d6af2701801e,d982e252efedc0519de0452da00dcbbda9520bc67c5155cf21682a4a47fac698
smooth,zero_covariance_dependence,21,621060926,d0ccb83fb6f3e3e7e06636300f1ea82ec5c1e5f9f8b38a46f7b3f866737bd090,8686080a9e6f6f36ee8758cd0a7bd742bfb4940f4080e38bd06686273a217ddf
smooth,zero_covariance_dependence,22,621060927,6d359beedbdb0ff5a7861fa0ca3c5ce9fb03854a85d698997374f0fe94b8c5fb,6c727c3f635e53dc3e7eddbfee2bd04205f9beb2b7f78d2a1a3e09f73a34cd97
smooth,zero_covariance_dependence,23,621060928,6a6c2858e0bb96f6487c1e2043a01367ac3efe5dc7e32d0ede66defacf609600,d4abb6d8fbd94057ac6b40228b079400fdc05094811d40b6ffaaf9e46967ea10
smooth,zero_covariance_dependence,24,621060929,9dfe26e1157fa55d405fc999e9ab6509cf5d49826e56bd7e27caa9ad75f0e922,2b351131f0f85a886cdf8f54984234dee357f548a2744ad5c7af23ea2cdadc2c
smooth,zero_covariance_dependence,25,621060930,eaa88e49881c837207012646ee49229077dd4d74243272a8b4c824c75ae3a58f,9840029928351d961aad1d631cfe594f1a20c3bf9ae6db4db15e32e7868b9a2d
smooth,zero_covariance_dependence,26,621060931,8cb714b6ca482e09f5e93afd8fe74bfbfa3a8da9ceb3283d98bda8a797ffa0e9,bdddf27e5503795a47c09bc237035a9ba6d7465e45bde51e8603aee833442b06
smooth,zero_covariance_dependence,27,621060932,a447feb0aae10fe3b5f43e2c4ec2f81e9575554a4bc48d60b4fa76242c73620a,b5e76af50846a46012e12953097f8e50f3a5c2e1bbe511a79ec8ce77deb3344d
smooth,zero_covariance_dependence,28,621060933,2ec3a22f8cbf9724c29397008959fa9d1fa555b36ee97afa3aad390045572771,ba3cb04ad89de605e64711af445ab498d29d01b05983eed86fca90f2fe13e291
smooth,zero_covariance_dependence,29,621060934,a5a5d7e440814c5ae7a57a17eccdcab74b8bf87a8e9a7b1cdf6ac9c7ac837afd,a81ba396de0116a2d72fdf4d9aa8988866ddc364917b83bfdcf961555683ff48
smooth,zero_covariance_dependence,30,621060935,27c8ff64cdb5edaee5d200991ec105c053d1ef8349fba3db8f79043bb33e4dde,556f1b162eccdb9f7353e484f7919a853366527198a4b425805a04115d7f6b81
smooth,zero_covariance_dependence,31,621060936,bb90a2e181546ff177b6952c49fb07fcfc34531aba72400013de9296f3631c68,07395d73a481432eab1baa0dcee98fd0202f419379c94e6fb2b0d51c9e57b002
smooth,zero_covariance_dependence,32,621060937,54e57632a81a992f17788a92f1d6d0d4fecaa68817c04193ad498f488bb9637e,c6ee39a2bf51ff3ac7de720692990e7c8fbbd865413735b0c2032c00ce29840b
smooth,zero_covariance_dependence,33,621060938,e5e128f4321549af5ee12819a5e2673fdb684fc8cf9405405b4cb13c445cac74,3313b83a8fd9ef3b5fc9432f9090678cf49c1c94bdc5b5b9ff38a45bbaf9f568
smooth,zero_covariance_dependence,34,621060939,8ba32a722641b3159e1fc8d9dbb7cfc7d78c17db237e91c5207c1f5bc6a25083,85799d73fc21c9f4e29d8d35548060a6b7a3795fa4e92b9c57104a46d8449b1e
smooth,zero_covariance_dependence,35,621060940,e2db2986885c36c3dc55047b097ae587cea3d804c41fbd5a94a155ae5337829c,16af1f4124603e790219ef885bb678b5b1f0212a25d9161df4a6e3213a2cf894
smooth,zero_covariance_dependence,36,621060941,e02be4c59d2f735afbbdb919aa2e1bafab0a88e2923d4eaf13a4da65abb88111,c782fec36305cf08848cd075fd1f90196fdddb0d4931f66753eb4376d2388e21
smooth,zero_covariance_dependence,37,621060942,edb6bf9e820f4f20fbe80e02ed274c8784c47bbc2f5ebc2be3aad03f6c10826e,a0ada8aeeefbf10e6a0245d1393aa4d758631335a8d8ac96f50b6a46a39e8927
smooth,zero_covariance_dependence,38,621060943,2078f0a180d9327ee0b0c111563dfd7de8c025dce872eedee835c58e6456932c,711b914bb66963ddd26498444e3cda3f38747fd7e451bfb07ff93dd394c05d3b
smooth,zero_covariance_dependence,39,621060944,70b31fa27efd9466120da4908b7ead7a762ac45d3835968b7a675d248b5dfe12,8d608698293b370bd9fd411391030acc65fc901c873fa37b6dfc7b85ce278936
smooth,zero_covariance_dependence,40,621060945,060d2c17fc3657bf565152da4904e23f4f2ed8d50f4ea537c3919bca341a2b58,feb9ed3b67b538d0fc1a67e1bab982f3ac744235ba2ac6e07c77191fe87c8dfa
smooth,zero_covariance_dependence,41,621060946,8324526b1873d41b029f1ed882e78cb070c855a470d9aa7b06cf9ee80e42e008,440e2045ffbccf1316d615862188790de2d99e96579b790de49560acff71a50e
smooth,zero_covariance_dependence,42,621060947,9963e125d712a7f9a84898a01abc4e85dff64c1edc4f99674e3df8ae68736dff,64db9d4d0d4ef48de2b21702407c191799057eeb39d4c319dc8302092a495c91
smooth,zero_covariance_dependence,43,621060948,194347680b776b6621564045ef97e012186d31d2df901bb6901d5eb5fb746417,f8def7e10f32611c9d7bfdafbac1a0354efe25e5c289145a3d225bb03667c562
smooth,zero_covariance_dependence,44,621060949,55b30604061f7ce45d905e9f1eff9c6b732eba9c4a98d19a5671daefd8c25369,22337303ee27d846515f0814627062214be5eb25518047887ea9d7c49e59fcec
smooth,zero_covariance_dependence,45,621060950,726dbd1e7581e27e0cd6b7800b2b2fab22f799c9fc5ed966bbc32675ddd5dd56,10657d5273a4a8f1454f155d43b4a5b004ea5dccb1b9a470ff0a41372eba1ace
smooth,zero_covariance_dependence,46,621060951,9b8b35f2835022eaa16a57b4752aa6e3a2a210c1a3416e0a244413d1f086034a,58322e5267091abce2a1e3ae85ef73f5fd8e48248cf549aabe227f0b1a69ed02
smooth,zero_covariance_dependence,47,621060952,593c0e3ed3b49fee42369b0dbc58d8b5b05f39ab1bdc3749b41ae9e2ae61a240,16a898a29552da0895520e1a47c54e9e9cb7647d4801fd6e59d43a35273b715e
smooth,zero_covariance_dependence,48,621060953,0fed24b6c9d911aee8a4031d1a38767a93708437edd0d39cd07b5a6fd1c70b95,b55b4de568d9f382618f6b3cc73758982ee298c7bcc04656a40eeeb8234dd9eb
smooth,zero_covariance_dependence,49,621060954,c1859d74b4fa1fd6e69f4a06db345bc6d621131190074eaa51c4ee3a57bf349d,bd2180abc27b7b6cecb5c74a3c30ea885effd606d8bed67b3f68edb04eede079
smooth,zero_covariance_dependence,50,621060955,6902537de37b078d731d19661f6a759629f0413f146e5fd720b76246f6ea9285,77e3b04a5bafdc8af7e26d006159f45c39cd2d433d4756120197513a27943bab
smooth,zero_covariance_dependence,51,621060956,31fec2f8d1dd97125bc0e204cd91495dce90962915d73bb1c541760c78154469,e495deff63806d09c98536ac5be202476468bcaa050f6fbf92c8366c7db53b5d
smooth,zero_covariance_dependence,52,621060957,caa2da2fee6726a60cbadf8cb87d53b7c4c8699d3891813e96068f09e394ae25,f69482788e3912893f7947b1eeeaefdab3169e39841856c4321c4b492f4fc993
smooth,zero_covariance_dependence,53,621060958,4a763e391724e6e7545b4e6d7fd810bdb058d7ca4a3ea0fffee98c04a5559363,834c25bcfd3e0c928cb1e58cb1f3d782284faf1d336155dd16ae195c62f247a6
smooth,zero_covariance_dependence,54,621060959,ea43a0b5a0ef76c3a1855a8580f6c8a95fb7c7409f7d35cef923d48a889d87cd,ba0e3928ebc74751671db9355bbba4d7036291eb8ea8f36151301a4057922b84
smooth,zero_covariance_dependence,55,621060960,0811bca4100ef503954955fdfd450dfeb58b17a5b43d402668ba800457a794c1,050483d462c37309f87b10f5b8b5018260c18b51be6d54e7348b6942ae901927
smooth,zero_covariance_dependence,56,621060961,c7e972b1cd5e6f0d6b3df2e04c41137cb41ae13bd1929e1c3e1fb0b0e9c817cd,56b4746811e3cf8d6996914122cc5d7a0630597155c072966d677e106a8c4014
smooth,zero_covariance_dependence,57,621060962,68e150395ac43fff4e409bb33817add2482da60a192480076ffecc8bdab816eb,40adf18f9cb69f37d0a58f496cb75b35606dc6535899ce3094806e90d3f6cc37
smooth,zero_covariance_dependence,58,621060963,7c9c203a85a6e09e1f727abbad6b7a5a180602a64694269d0d2494d8ed374fc1,7541d2c62f2f862f09cf753b4abf3faf8c65141c793b95edc5be0a1c2da44b4d
smooth,zero_covariance_dependence,59,621060964,4119ce502e899ebf954a2b98eb653471d969b4fff3ec0a920314a34bb426ddae,b0488e37cc301d226ee453767a85fd4c661117881076c1a8a4b8416b847d4c19
smooth,zero_covariance_dependence,60,621060965,a90994196740d2bf3b5b6fe34b3d2ceb79a57fc19a9a5bb8e4524da0fa6574f2,31b20abdacf91521d95de4f009f674442cd5922f3143b35202ca3ab8f482539c
smooth,zero_covariance_dependence,61,621060966,2ecc4289106f1ef8d87259929f00f66c0768d574e57e95ab717be4e61bffef36,4b1f2c874a9e9eb327562feae977f2e49a162d65b5c54f2518a1f72163135fbd
smooth,zero_covariance_dependence,62,621060967,30b6e6672a903fbef78b98f5e9a0600f135a05cb053a7864566025f3d22917d2,58f8a57ee303fcb5e4826b633c91fa776fd382ff652fb10ace020b8c3bd9a328
smooth,zero_covariance_dependence,63,621060968,682a9b90b51e32cdf1fef86304ec75ce4adde5441da2b1ceaa140fcb20f43324,7dac6faf0e9c317c21c6db5d0b5a889f6c6814026cec528771f062f60c05ff27
smooth,zero_covariance_dependence,64,621060969,b00fcfbadf3f15fa283125bcc770a08de4d2b72ffca9e43be4982679db8a5714,3d80182623b56669c44f2578e00884092712d64b3b1ab85b769d8b082ed13921
smooth,zero_covariance_dependence,65,621060970,c6c8f04cdeb0cb97a319afe5504ad2a2eb01b4eb9ef8b469adb9977c2b05a1ca,201f7a1df9c272365fe57d9d24faa2091d7130c83d2c9a309e70aa7d7783fee7
smooth,zero_covariance_dependence,66,621060971,80a21a8b135cea11410b5acef0d331f2949bd389678c0db30a1dfafbb389c3fb,868b066c423e613a7df915a94f23e901631b122b6b4ab35b7c1e8c6f0585d6a0
smooth,zero_covariance_dependence,67,621060972,9cbeffee8de7ab7111509eb97c63dd5c2409a1dbfc73410a6b3e178c76d20e51,d81fcf4739781bfbf37e78e9c1a8e7b612857f11f39fc2acfd2591e7c54df000
smooth,zero_covariance_dependence,68,621060973,a13b952095d644cf1dd12f15b34592fe33c77bfcddb7a797104c914e328160a7,3d0e4ea5398958e55dffe26645261103b2234a08ddbbccc93d14376df6e211b4
smooth,zero_covariance_dependence,69,621060974,8285e1a9e06a8caf1d8684955790ad73854aaf4238328951963490fcd92afa00,9c452e52fb8615bec7a6526c3547fbcb98d553773484fca04f7b673ae419b2eb
smooth,zero_covariance_dependence,70,621060975,fa158cd9b211943634c2aee25c6293dc720c7f771537bbe3a46c402e98eed9a9,42168ed4623d7f6463805c0fdf6cfbcc171903417229a8a5415b621ab1f361fa
smooth,zero_covariance_dependence,71,621060976,7b0fd72e379793973811d46c8e746d7faca9a905add29d1fab7204494dda1336,62920eebf1b6bc737c8c9fa6572e3dba8bffe1721457de6d042957454264e223
smooth,zero_covariance_dependence,72,621060977,f4ed8bb6c27c714aea0470aa72e744769659002d6129596b163f89e9f5f8faf2,d1909d5d4d55c5bec2fee8f00187f6a86cf5e29a4541b0a935b34a62f65daeea
smooth,zero_covariance_dependence,73,621060978,f4153d6beab89527913abbdc71eb08951a2f3cbbc1dce230bff3c77d7a6077ae,bc9765db1e8fd68965c28fc81aba6a58693688d4de9943b8ce773fe828891d41
smooth,zero_covariance_dependence,74,621060979,7e0db3884c9f1ba10d3066576d75285a2064dc718ce6d04064fee122a454a5ae,6c5a9946539ac3f1f9f3ce5846612e8e3aebadf8975d261c1dca38e9a09df770
smooth,zero_covariance_dependence,75,621060980,7b0469f78313c266eff39dc62ad6304f79a8b95f9955072366ba1a6407623fb3,5851d509c54af85add7073c09845d70e1fc11cb13e843bf894e2a5508630e039
smooth,zero_covariance_dependence,76,621060981,9eb7515e0711c56d6d189d20e90f6553e57ee7cbe882a20f0ffbfd7e885caf18,88fa194ff3eae766f2f887218a4afe7ac90180a4b9683bf1ae3df95593c1fe05
smooth,zero_covariance_dependence,77,621060982,16774f1ed7481c68f0131456bf289b7da4a1554249cbd53a5bfd788a72316af9,73c85539ea0799531d393eb1ad1341b134014ccb7c3fbf7f519901043aaa7649
smooth,zero_covariance_dependence,78,621060983,ba2c836007c8d1890e238482261c18169abf4c0e5366ba0a292229d89f4a9a8e,376cce2d0456d9040275b437e199caec5c148152658603ee875b175154d057f6
smooth,zero_covariance_dependence,79,621060984,cec5fc89b50f5c3505bf29469c618a8908f3e8e5b396c93ea1a12d72a68d7abf,d64ba9b642ed043e3efa0dab1017d933022473dbabf7bd0b47461384803a2fd4
smooth,zero_covariance_dependence,80,621060985,fba38468fa33f068faa825b407a735e4ae6a8c9e21baf3c640d3f06f5620117d,171ccd4632884ed59e38e5d5840a5092bc70777a2b15c075b90c91a33c67e1dd
smooth,zero_covariance_dependence,81,621060986,659f70b8e92712eff4b2b6f62325ac42ab4b037b6bafa3ab4079a73b8093779a,aa48f7ec71a0c37d4e70c8ce26e63f8eebaa25521fc33129d735e25750e49df1
smooth,zero_covariance_dependence,82,621060987,f9649689255bb0d69cf5f6927f998ad900bbfcee351ede580a95725d9b25d0c0,372b1cb616be2d49393d0856ad6f2ba8df62eac5e7ce4d158239d1d7aa0f62c5
smooth,zero_covariance_dependence,83,621060988,91ff6009640960badc988494b82ff5cb07ed76b6d868fc7dc5a748d25b832b94,f76f4f55dbabdf012a651af839fc0a452760949e5554abc80a946932b96b1ba0
smooth,zero_covariance_dependence,84,621060989,445e83de4435f06f41c7044a88914c49294a471b6373a19db24a295a38dfbd1f,fa754055fc275bc5b7e0e8597ab9e5c286a33f67dceabdaac465d6856605439d
smooth,zero_covariance_dependence,85,621060990,e5269e9fc89f1723bab0baae7c86407c88142c3e5e77b56697a6b173e818a00e,f1b42f6222e29a414fd94584f535d11aef89ac3777dccdd4a5883a61334a30ee
smooth,zero_covariance_dependence,86,621060991,c52b3749ba6da6357042016eb26ed4a74034b1a515277090c8b99a4b6648c0a2,266f49dc482ce37f55447694e149815b9e318f1d4fa0044ba318828db782ecbe
smooth,zero_covariance_dependence,87,621060992,d53a4b16da3a05136b59fed5b7ba93fc851b7118917ce4ab325c1f1d42688f7b,7c6180c8838a1025a3b1ad1668c1d38068309ed26c321afcbd19ff06d8310934
smooth,zero_covariance_dependence,88,621060993,fa8e123274a417bc494744063d526c34bbc8189199715b49c0ecabf1ce6657c5,fed3d41fe4730448f66af54838625689f10602bb6133ec123f41b25fa40751c4
smooth,zero_covariance_dependence,89,621060994,afed7967935182533b4386b69308e63ed35d695a0e5d57dd24a053b19959c701,2b19056ccedaa80acc46012dc0ab79eb54bf9515e84d10229063a1dee2b28769
smooth,zero_covariance_dependence,90,621060995,2fb1a04f7129bf0f175a78c0aa1c8b6e079dfc11d3023ae13b8a21cfbadac97f,cb61ce68acc59ea9fc0c604b0b84585cbf86196dfa713d08da5e9b7ca08df16c
smooth,zero_covariance_dependence,91,621060996,9be76e5f3e3ad603973e48029ae71497a4810a9d125d78bf6fb5edba02cb40cc,ea1bb005960b2c2f744dac56789439e23aaabd793064f9d6e7ff1a4829d5b4a0
smooth,zero_covariance_dependence,92,621060997,5e3933df3a442a9d5a4014373de3b669d36c42dd547fce3cb4ab9c7eab8e77c5,a6a6bd561a12d80d1ec30247969a738307a281566c26f4374f7325f084cf0fb9
smooth,zero_covariance_dependence,93,621060998,c4bb604df6a553bd4a55e34940fe7fecd45c13bb3d0c1781b39b085b7073fdd4,70dfed412aabfd1412623d587fd3c8af8c07f19a4e6476d4e0adf2c542005c23
smooth,zero_covariance_dependence,94,621060999,1f506be85c24c4a4a44a44a87db7a2e9870a6f88bc6051cac7507d2b0abaac56,8e3b81c4ae19b5c3c3454f1c04fb3b8c45a7e99c944d8211d4c45f8594cb889f
smooth,zero_covariance_dependence,95,621061000,45d5598c16ca5045e5855859f91b769bb213730763e243169ebe9988078fc890,17650e4659ab2426f8a81d141b6df23a3532af024d641484cfae7d20fbfd16ef
smooth,zero_covariance_dependence,96,621061001,e75685aa970fa2d53af23adc8d5db79d53ae1b725366d843e1a7c3e688cefbce,cfbbd619272e429a9a50c55e57c4c49b21f2f334f92f5512cfbe48197eadaaa7
smooth,zero_covariance_dependence,97,621061002,56e463140410ea35619cfdfc24110db13f4b24419b3c8648a8be8d220e12b444,ad087fb95c018ba35fe8cc33b2b58e58208c94ef83e5f34c4cfc23a69ed6a860
smooth,zero_covariance_dependence,98,621061003,f852c29eb43d4d7ec9ae1612cea14c025c0c135f9ac134972909aacf6b7fc78b,5d75301dd513840cffda38824d5e6b5aa27545bc06ce5d2adf9c6e0db052bb16
smooth,zero_covariance_dependence,99,621061004,e5e7078e3115d5e266a6c7c4b77c2719b6a6dfbcaed7004bed2adc1863321ab9,17d68c42a82c0dc42b84f50ac782313d868c5caef6e6ccce0d0e8fd39bcdc605
smooth,zero_covariance_dependence,100,621061005,ec3a4f62280d6f171a9f18f94c22a39b6f22e51bbeba4f76a4a7499419a2872d,d85d3993d4b6d848ab0c824e157e9cbfdc4f516ee7fd8500cc9bc44de9e9cd30
smooth,zero_covariance_dependence,101,621061006,606966effbba9a8f20bd8efda597fd3d3b285ab50a933c48c8391bec9eb52130,a12b6885d42d4c853de4f59b39e04ac310d16ec6890b726a829cf40207d82ba4
smooth,zero_covariance_dependence,102,621061007,7cc3441b1fb0e9c60df8e818374904770d2ebbf38b9e20c5716f4fa096e3ab60,9f3fb817f32a4ddc01fb793939713395e771c7ddc5d701a6e5a3f99a2843de55
smooth,zero_covariance_dependence,103,621061008,881aa84a9e8a01ec3c70c6c46607b728cea7dfe7593c280a01eb49ba9b5f25b4,8ca41106f41c42b3c6d1a8f691517ce340d2ffcf2d83b16cf686a61da6a71ab2
smooth,zero_covariance_dependence,104,621061009,a5262e5f5f6af14481e08098e3aa5e94e3a15491ca397783bbf04cbc5859fdaf,50e2b8b4c56e873cd71f6d78eff55ae01360a8fe07b887db58b15b0af4210c11
smooth,zero_covariance_dependence,105,621061010,614dde7fce5cb51f4d771c3f76c981a4a9f18637f82dcef96d4d15b6758212f2,3528d5e371f6ed37c38b7efa7f84120f6a3e2727dc74fe7df999c54fa9080dec
smooth,zero_covariance_dependence,106,621061011,93d7e28e85dfff33c91ce29843c24bc6a7173a5b5fe35da788b7155cec2347bc,f87b7a96683805c0a2c027848f0c120dcc2a309955250cd71d6e26cac362e9a5
smooth,zero_covariance_dependence,107,621061012,fd16bd60d000e27f5dfa218acc8700b491ff909f6d78a4fda949d44fd4f5f152,e9c00b954f8701dd52f63bc0bb31d15ab955ee01260bba75f4e96793e675787e
smooth,zero_covariance_dependence,108,621061013,635c12bc1c1e0f088bd072bdd3b510cc6551eadecfbd152d16c6a0e55871772d,3146f46d3d559b05b0eaa9903608e16b5c7bcc8e6072773dfbba0c560190a30b
smooth,zero_covariance_dependence,109,621061014,166637d0051e8c9268cb2d5ec5b7061a289487275b048380278ace5b4c7a5e03,4dacd99e6af0ce1ee49f1b9fcbbb101e7bd2fed9a2c32df311bfe0d71d9aa258
smooth,zero_covariance_dependence,110,621061015,00640921c44d8438eb110a2f1fe4c6ca7c64a063f7acc845373e42cba8906f36,0ffbef3068fd1f12d9e6218927d25e62db6e51e2e52f5d4d89bc5c28033e208e
smooth,zero_covariance_dependence,111,621061016,ef06b9effac9fbcd8b5469b3bc9a21563ca5b6371111481e99daaa7076cea3f1,9181a5ac0fcb0aec9844fb26cc9588d89e419529fa4d93aa786ad353eccd01d3
smooth,zero_covariance_dependence,112,621061017,0de924e6bcb056b8ca80d6bee0b25266665728bad600d81f660b00b3270d7acf,461c5f31886d9dfbb34957a7c1c4c4ffb5ab66fdece4383a5690d7fecb4bab6f
smooth,zero_covariance_dependence,113,621061018,fd3d4ef9adeaaba3f40356bd1378ba6e2fb292d2529bb6e9639911d6678dedd1,b01fdde7ddda4e6bc0937de891986339f70b0bc9cfa8cb0460024be2c5b92ecb
smooth,zero_covariance_dependence,114,621061019,fe2439c898a09386745158f3a7c74d56fb29518b3d1c1c31937534f7919ce14f,f7e8fa16e4a8e5714b65cca2e20be5f563bbdf9afecf9587fab0714b7c1f3948
smooth,zero_covariance_dependence,115,621061020,f7585191ebe4587844307cdb5ff1341a8bd89f2315bbf169c3520d30414c5ca3,7b62ce7c0f6eb4ffaaa3da38bb28819cbeed885c102732101258a8c8c77620a2
smooth,zero_covariance_dependence,116,621061021,142dec7bea2c6f2acda1f3dde6636a1bae781e20129142a3fbffe36a1a851568,73a675abc57a4185e530bc509e4339ffe71839a057ef48e3696a03b5cb2f62d5
smooth,zero_covariance_dependence,117,621061022,09c3ec75b22aada76c63418e3b4a2f7835c7cc53d76954a5c0a56943b97d85fb,86fb985030caa2b55642f2459838e1986ec9dbf5fff60913ecee9e5592e128dd
smooth,zero_covariance_dependence,118,621061023,64b78dcce40ae692d1cf92e50348df6c30e68c9cb3952e5a1274f83f75deddef,8993a05b769d21f0cfae52e7559d3037638515264cd04069b17e6fa4bb012aed
smooth,zero_covariance_dependence,119,621061024,9d243ed41c26838a495b71a869285d454fd72e0100e64d51c6d0c3f118eebf13,c79650f825c16b742836181c05d80db12271208e341a49ce16ac02f5c8c990af
smooth,zero_covariance_dependence,120,621061025,972406b7eff3c48b512c06d0c1f7be48bae71d484b36fe04bce62bb6a85f6c44,a8c73b15d2a136832714e313b6038c9571037bab5392551f0dae4c022176c719
smooth,zero_covariance_dependence,121,621061026,3628d0a5953219071d88332cdb2252c5005cfcf2bee399e0fa8db187fa12f24a,ac6394cc1dbac0fe2c9d99308e1d428ca82f88544cf5dc7c6a6aceb5e24f2ba2
smooth,zero_covariance_dependence,122,621061027,1cdec282c2c6035159ceef81586fbef556cb0285735aa589bb985b1f31399de4,482c678f53b4536681adacdaa0a9a8c455b8057805b82e86fef148f5e221546f
smooth,zero_covariance_dependence,123,621061028,071b4005610c59604fa765047894e39d1865db4c9947c2c2be7fd9fe8630a006,92008445413f1d5436901e35c1eb6c69158994cfa6078897e713689061b32e70
smooth,zero_covariance_dependence,124,621061029,4b8d4416501d3e596fcd1c3f9c7209491cb6a1498f419885225356bc697b5b0b,4cb82289d57435e84ee631b4962df5abd2b8d02862260ea89cc1ce3d2e4a11de
smooth,zero_covariance_dependence,125,621061030,efac7c20aa37ea239959120d7cb36f92e2a4352f82d07774fbf22d0ea3d98d41,f7cbc5f358dcc9942d386a43bbfa60529d29a6bc22c0072dc7c79681dcc59089
smooth,zero_covariance_dependence,126,621061031,0c25a0472aaffaa762e6993865eb3f9a5013747382906ab2c5142202218d1c8c,c641f0df3e3fa17425f5c09981f22fb00d959b597c245d5ec638b826a156f362
smooth,zero_covariance_dependence,127,621061032,894fb888fe995e688ad73e5c2ba78215ab798d9ef24abcaea3d03ce52db7b506,09ca8785dcc8320f298e454dee2246f1733b4900fd4a8c6123feb463f8afcd28
smooth,zero_covariance_dependence,128,621061033,74cb8f3864efc6c30b692c1db8286c3530bed9ebf178c14650e0c3023bfde6cc,10aeab95b4a2914235f63dd8ceb74d8ffac61323fb22841202dcd82561c8b485
smooth,zero_covariance_dependence,129,621061034,146814b60a47f70ee36e4363a5d01764b646793a14c6a2fdccf76a5ebdeef62f,c6d07e4b3b4ff039864a4b1dae69ba9cf84e7a757e7cff3bf0b46b01b87e2d08
smooth,zero_covariance_dependence,130,621061035,e8216d0ad1adb49b4f4e699393c66699bca0195d31353891db25abb974383a9f,370e3bf7700b761685b655573b60dbd6c7ca39ba09708c95e9613ecc18090194
smooth,zero_covariance_dependence,131,621061036,5eb1f33d3baa441d6fee797921d287eccfcbc1dccdae1100e1c91ab5af7b1edc,cf9d8db1cf048c1855ff484ed56880547e08724fa10afd73723613e38da131d4
smooth,zero_covariance_dependence,132,621061037,ce357bd59619e62025a6ee1186dc50fe328b56332ae924df2e99a0a04458d69c,e9c9668aba8142a6cf5b116d5620d5270a1a1d42ff8609588df5b055558f8726
smooth,zero_covariance_dependence,133,621061038,a2404da7e3fdbdc281e8edda81a671c97bbf4395feb49cdad633d8676de3605a,6fdd83268b917c287eb9b6a697bac8d86bdaf426230081a57474c492e42b3972
smooth,zero_covariance_dependence,134,621061039,faa8c28153cd130bced322e7435b4d610e39e6256d3006a6cb6d197e63d202ff,2b45434c89797d41b4f5ce34d9945d6f12b0d5e6d80056ccf8d66f662a18e9e0
smooth,zero_covariance_dependence,135,621061040,399268589bbbc29dc7bbe3e6250733ac789d7564a3ab7f4dd055ab008eaba3d3,a660095ecd504fb92c393e5e7c6307c9a79f939da481c1293635d53ad0def7c6
smooth,zero_covariance_dependence,136,621061041,50b50ca8c7e3162c4d352940a8a446aa12678f014279f2e5ed4631702126928d,c8e6339f140b2fd9f392d5ac97fe0d02b3406926a3418f96e72230ca2f7293b2
smooth,zero_covariance_dependence,137,621061042,b187b31e28f373d329a63beecb5e7e7a2e7abba26cb6b5794218debd53803a33,00a190435dea410d698e848e841281535013497b4ae6625fb5250f4a12481711
smooth,zero_covariance_dependence,138,621061043,24f7ec51e35f67e887a89ef20124b167ec9ab276341bb97f4448f437cb1399d9,839787451ec12561cc95b5588aa932c6a72e8b7ccacbb0fcf49dd4d204927e6d
smooth,zero_covariance_dependence,139,621061044,e5e744861baa7baea9a01dd6c88268f67f6f94eeaf0374d9908d8a44ce2749c1,dedf3fc56de229bcba4ded72eb90d5a77bbc8da605f24d6f57f881171fdec4f5
smooth,zero_covariance_dependence,140,621061045,19c656dc0d869b265bdec1bd3ee8d50e0bc1427309e819e09e0f5734fdb19a75,819cf213f8ecba928f81aee883d19ee8f00bc2e6f62592ee2aa3b053812622b2
smooth,zero_covariance_dependence,141,621061046,0eafbf0dc5a499f65ba17e106dcbd2c6c758911647e1ca33492b439719c6a6da,49e5cda9599f90fb043bdcef01c103bc862f13c84070496cc4dc9d78ef0845a9
smooth,zero_covariance_dependence,142,621061047,4d1304d85e8198070bef6164d308f940fdc1541bbb3af54d3b726d6ac58b08e3,514622e3b0ada26e20e49e4e907dda95b057cd07ab21aea12c1c8f92ff42271c
smooth,zero_covariance_dependence,143,621061048,1c4fd2408e3559d75d76018582376aa98c60ca1912deda0bca1224f3eeb58dfd,efd7fb73e21623b6d5c32650dd0997b788712298104288effede43afa5c789ab
smooth,zero_covariance_dependence,144,621061049,8e6500458849f3653803adf4d3917f3ae5de0792b01f59117d9c6dea772a0fd7,ce48bd5dee7a99062688667de9c0b04ede585121eaa3cbd272914640cf323ed5
smooth,zero_covariance_dependence,145,621061050,6c88d78fc4164adb711497cd5188192e6f8663cd4c4d8ab0d809ab080c4aeadd,38308416f7abb62685b8d4ef2d1500272697bfc470d2669e3923fdc6aef090b4
smooth,zero_covariance_dependence,146,621061051,9e12dc498891f4373f0413d5a09f9afea59f1ca811d8f694a411b9e3b8692f13,d1cc55cffb9051467b7a66aa99fb4f632c81ef27d0dd87530832325ad1cb1245
smooth,zero_covariance_dependence,147,621061052,54b0d8285fbbdf0d1455c6eb3a172a70c737db04cb212c5dbdc68f49d08fc2e7,a8785540a1b821cf385cd7f6138b9ec7bb85c303906620fd2ab82e7038daced3
smooth,zero_covariance_dependence,148,621061053,7e7384f05007adaca7bfcd3fd724a022220815c41b6a88e1235097501f511ab6,dea3100f3f1d341c9f97ce58a3f1c7917c03be7fcea89597632a165fbde76177
smooth,zero_covariance_dependence,149,621061054,f067e805ef7639979e57af2f9a103553588574a83124845bdf06dbda8e2e29b0,e42fbd86c9fcfc553ebedab55c8282e9ed2f4ae36bded7798d0a80bdb427cbb5
smooth,zero_covariance_dependence,150,621061055,df5d1823d04ad7a9d17d0470880a1b0ef503f0d33cf6d02aac43839aa92fbaa4,2308c5eaabd59ae4277ee808f8e6a4a65d98687527a49cd348c1eb4251d9a1ca
smooth,zero_covariance_dependence,151,621061056,4174fc31bbb6707690f402cfb3325c2cde163749540b8dfadb259c1830dfc1c2,710a70aac53dfc3243834caf9bc3785f0a27aec08da27194c90ac52501066fb7
smooth,zero_covariance_dependence,152,621061057,bd73984238cfb340e5f10242174e97aea9e06e992038c6cfd2fefad66a95c188,64da990c62175b09bfb1fb6d2b1aa4c7bc3f8995b993160588af187ef388f598
smooth,zero_covariance_dependence,153,621061058,4976adc163dc74ec2506737710ad039aaedfa1920775cc5278f5c30f9818a1da,d7c07e4454db8f43c81eb3896969602f07d5c65ec914fc36ed2796ef617be2e8
smooth,zero_covariance_dependence,154,621061059,ffde3c49adbdbbe91b82572a4f4a658515c32379955e816ecf944c9cc7bfe570,3a95298f23de5017f373f3482f9c19cc49cfaa5c1011a51f6e2c03cc7e3e8cc1
smooth,zero_covariance_dependence,155,621061060,5acf79e2ecf6893b19b5ce9b362c05dead6c867c6bc9c9c9052ba6228ffa095d,e3dc4acc9e98651f4ad79e4718fffaf74b53b90112fe0482683260f987004ab0
smooth,zero_covariance_dependence,156,621061061,fe9da0a998dc6552efcc4aa7daf415e8e7ac2f00924ba9228cc1ce1db984e7e8,3af1654e019c0f1a488c1e0c2b483579bd65d0c0a1e6b26e05fa95e9957f2101
smooth,zero_covariance_dependence,157,621061062,9374cf0cd3ebe0e62c2058d2e5e5ee4c44da1e2c2c13bb43dab64950052dca30,d91d9b5274db2c07c38879b7dfce6465deb75bae94d62718c3b37d625283b2ed
smooth,zero_covariance_dependence,158,621061063,283f61284b056c0627f39bd12a0c810fa0d05c5b703fdc3c42f69419887cf668,9282058ab5877d428710fe411e9c8ebfc555a0d1b0189a9c9b653a849499b9af
smooth,zero_covariance_dependence,159,621061064,f2e51cf36d9a1dad8c98709c214f955dd8183dc62923e1aeb3288d09e1b91ba2,08547c77ad07cc5cc55fe8f9d56de61504373a21daa3850902be1bd83fe1af64
smooth,zero_covariance_dependence,160,621061065,26e42a8e57b10a9fa297e1c4f941c734a0866f28cd23132bad0e6afd3675d9aa,177e4b484b7f109d6511553f6332fc11eff28b8df6d5bbd3debc9a51a40d5a39
smooth,zero_covariance_dependence,161,621061066,8e8c36172d06f1e5cfd2f9de4073ee757f13eb7a770f0f308cb777a5536bf492,a39b8c311a01fb37b5e521169e9d14e9076d1fa5d10f134e5daab98678042a83
smooth,zero_covariance_dependence,162,621061067,a6926789993aad081d31f600acc2cbfbd4503cae7299ada5c38deafe01bb06c6,9b7f770f825ca940042650471b7633d8e6b50f2c39e04f782f18e4b533760296
smooth,zero_covariance_dependence,163,621061068,55a31f8fdb0d7d8758e2e36ae5f055d1145eb2ddbdfbdc9fbc063c6ccb0f0d05,6a135b31f3da1ec0e100e815742344e6d4434b6ed6553c0c1bc13c547468c6b9
smooth,zero_covariance_dependence,164,621061069,161256e81dc27bece8844215ba6aced9799b3cea5a92b227e8a4b4a037d49680,0df9a07c417dd67439f66b1d7c7d4d5a0ef59d3ebcec958675a34b53e57ad887
smooth,zero_covariance_dependence,165,621061070,c192604a86b770b3d9f584bb2b68b16c053c2baecd14a0bfa6866fef5ba54b4d,132de8794e0d9394cfe2a99e4938662182c43cd523bf38f12fbcd211715c5a92
smooth,zero_covariance_dependence,166,621061071,a525c5f95363b8dbb48d0f07828947205bd9b6be217c48e62711fc9d66ac92b0,ee8091ad6450c21a5f81ba533b7c4312549f562bdbccc28ecd72be6425ec9f1c
smooth,zero_covariance_dependence,167,621061072,47012592ff5d832d02c62f8b67b56093ef6c274013aa5eb445a536b4c29ed6a4,522e07b111f25662073634eeaac77757794f000bf5c237e5740ec5d08e2b4662
smooth,zero_covariance_dependence,168,621061073,178e99be7fb8bddf3ca8acd5537ec56d911b1f687568730f9dd505726cddfd9b,415631219f36ad2e94c2f9b7d893ceede132463e3d55e70b281d06a682cc729c
smooth,zero_covariance_dependence,169,621061074,320947378b7dd6db40bc3ea9b67c4f5cf28ee6e0cc091cbfa8591668b1d6a03b,f87a007621ef16ef893954580f8861e01592af008de070c952366f600b44dd05
smooth,zero_covariance_dependence,170,621061075,abc832723b3dfad78d6034aac8b84387a67c9ef3250feaf110603786b8a5320b,af630548910784b503076b199ff55eb44f250c4f3bd58fb56bb1c9ebaf153bb2
smooth,zero_covariance_dependence,171,621061076,cd70e4bdd90709c53349aac765b49ab41d53e2abcd105917f35854e823412945,ad0fe3bb77b79075e88b69517de169356a94a5df9f9732eba268a82a10790949
smooth,zero_covariance_dependence,172,621061077,94ea604331be184cfd4b97127a756ef5582a3c52ab0e65621110a6738d61876b,6704af27c2e152b8b2c0f47f46c07a16a81fbb0b786fb1fcc123d7c11335ee0f
smooth,zero_covariance_dependence,173,621061078,6e334980a8e033cc2d892314bff832ded6333c1cb5a76721280c079719fdc55f,ff0429be5d2ae4c6376e5a92b8671c9d70ab0fffcb7cb7e85dab9ee8a161c668
smooth,zero_covariance_dependence,174,621061079,197a97f45d9e47700bb5fd13ab19ba747884987d02eff0cf2fbc6467582883cd,8b6d823e6dc235fecb410a751b0329ea99138a1594577817b527eba6da9f14a5
smooth,zero_covariance_dependence,175,621061080,676d5896f32929b53836af990cbfd8b09dcf2cd1df10559a14a41e92a5e854eb,9ab06845221ded4fc7aeec25684dd495d94adc75c6c85fd4ff73b59c13d2feb8
smooth,zero_covariance_dependence,176,621061081,e4d26022213f338b3ff567bebe721af01c2660a22ac74b81aab4e830c7e2e96a,f68075c88776498fa359142bf318dd149adadffc5ff1ab5776e1b68d8a40781d
smooth,zero_covariance_dependence,177,621061082,09ffd00ce792c2986f192782225e6cbe0e269735ad37050f6ddce896c7f168cc,c3e2309000a51baccb4e59caf14644c6aeb075ea5fb000ab6123d57690a2b43e
smooth,zero_covariance_dependence,178,621061083,6bc2606207813d33237650752b0e0926e00f96cd9d6509cbb77d4a3b8e45ea2f,ec916b787e9ee9d37d6ff3fdb985be4a2c2cb03ee2c6fcfec9fa4da2fe48f050
smooth,zero_covariance_dependence,179,621061084,c05ee397f9899b3c8035c7d97157444531365b82cc4cf734e65ae71d4ecddab4,c884317b7ed53f1271c7e38218d3dda9c7c36bd4aa5eb842acb674dc0b1d9196
smooth,zero_covariance_dependence,180,621061085,6c45698217bcdd158a999c841a663aa95470aa955155e0af7397d431ff1afac4,c3fe3297702f51ab1fe32cf1c717084aed048b4797bad0122c49730e63544f22
smooth,zero_covariance_dependence,181,621061086,4f07d0a57dc039aa104127418034f783e750f4dd2e63b2fef079695e56d30720,f4a66aeccb13cdb2eb231fd6fa5018203ce94b62c79f04b71e2c91170c9ba095
smooth,zero_covariance_dependence,182,621061087,cf11883749d382fa7da254f184151a4efb5081d7eaa861ef066ae41d4f2a8294,394e03c3cc51550377e9e3a24c2569c1a4b0095d424a34fe24a9869980073160
smooth,zero_covariance_dependence,183,621061088,19f53c8728d10b72740193263504a4fa3a4f17b48da015eecac86047be49b996,435ae5c612c415fcaef531702ded44b97b71007cb2660dab0a6d147ae9eb8801
smooth,zero_covariance_dependence,184,621061089,1880684651b1ee9dc952ac23651f4a928cbc19f5dc7437746c07778f73b1866a,3da6c99da562939f89febdef316e958ea77626e72b6dbb1608212393963b56d3
smooth,zero_covariance_dependence,185,621061090,47573d340524d8bbf943a82cbff7ef3ea425a843da5304dc5606a152e318f42b,cd6724b76104f00bf589837f51e1e83d4913067019fd8b5027a84afd39c3f92b
smooth,zero_covariance_dependence,186,621061091,4f2f4ca9222d11d097dff08eea6651eff444205fe68f807416c7d11d7979f535,32112b572a8413f3978ece5ef4079aa25ab498154203a3df71c2a4db6dbf72e9
smooth,zero_covariance_dependence,187,621061092,8fa1034e122586bfc320b4ea26ed667424f9257f9f0f6d4207a43609c6a0cda4,1c1d37fcd9d0a9e547bcce0363e09feecbb180093e519d08deef88d868e2fb6c
smooth,zero_covariance_dependence,188,621061093,5cb9d569de7ce466acf44949dbe539491860b48785758b173040fdf71ccbfecf,1fb270561ea18440f3eab77774eb451b1dd1f86ce582288394f10f39323680aa
smooth,zero_covariance_dependence,189,621061094,4ff3fbf3801f117e8c792f9c4853a28f49a8af1b0d338c622551154349a14ca9,098dcf99b7c07361aadbffceb8e9892046d28b782c612037bb596f4e2f4907d0
smooth,zero_covariance_dependence,190,621061095,e60e38233b8dd399ca2930299a1b8b48cc9c43efa8a1e2de7f942772d63547f3,26cb997f5b32a5585fc24d7b2b6d17434487ff682cb5da5292a0f5cd773af4f3
smooth,zero_covariance_dependence,191,621061096,d63217e79fc2e901bad689231189097aa238170f32db700e2bd90a1dc6fa29cd,b201ae8050a50a87148e687bfe038ef85d8759fa0063c4357bdf4e54a5ad4b88
smooth,zero_covariance_dependence,192,621061097,c721eaeaf328a449423e8d8c61748051ab0af309ec1cd98aa4bb640a06f1a8c6,098bf140d4c8bc63b487aaa1b5729155fd9e7a0986eecb3f0837511963b0eeb8
smooth,zero_covariance_dependence,193,621061098,8fb44193cbcf07e9a032387fb1fc28051861a79b4ac7a73622e30b86b53ac88a,f03142f17629b39283a734d2918c380891e6db9770afbee1d37348107fbd9b20
smooth,zero_covariance_dependence,194,621061099,371f90ddceec7ac35cb67a182354f1207013dfa89565e9eebfec23aa7ce3c20c,7fed9ba58950d12ea585134cc9206c73ce7b96c22571964d5efb3b1d749acd8e
smooth,zero_covariance_dependence,195,621061100,92049ad3b8b16fc955fcd7fefcff93cb3b58f33b56ec3c71f2c3b4497d9099ee,b6ac9ede27d7b76909c51b5d2c551d3718d5ae6810fec94155a9de4a68da7ec0
smooth,zero_covariance_dependence,196,621061101,513c870676427f2a438a97fd65806453edad3a56db9226a3b4c0fcacbf7f3131,8caed3f0a2cb5657801e5895d1b590cb9a574f9ecc01608d61c0464796d0f93d
smooth,zero_covariance_dependence,197,621061102,1d217556dadd938fffcbc676024f72b8f38bce9ad12c7b6a779ce92e4b9c4b14,540955d26f7c0f98eba86bf31b80b5259b2b9ded0a0679f26536d7c0375e207c
smooth,zero_covariance_dependence,198,621061103,746bcd44e6604c6633d2dd227a661b6605571b39e0b621b149c7f48e9eb0d115,9df515181d3428620c34ee2bb3143a378789b7af98f0eb1dd4a3f2f5bacb4175
smooth,zero_covariance_dependence,199,621061104,4c353899b78416c4139256bf3f219263ba4c02ced678a1dae92975bd038f50d1,ef81a91b2e7fab5e622383e466d2145a9cba9f702ca7998cc57793cf024baa18
smooth,zero_covariance_dependence,200,621061105,dbab4a558ee7a81af3f792a4f77fb87c9fe9cfd4b680ce72b28eaa7db6a09034,d211fd0cc945ace5711d3d5533ecb49c76db03eafba78fbd6dfd590d01ef943e
smooth,zero_covariance_dependence,201,621061106,24825055db229cc119ff0f0fe39b3d4fafaea2673678ea5de2009a2e53eb6498,f1ad0edc1ed7ea5e36012a01a47efe86483926846e988f75d1962ef1f80e3e99
smooth,zero_covariance_dependence,202,621061107,3f51fc69c91453b67372c9bd12d522749610f068ff956b3c96549ff37c329dd2,198c1883f0cd36dedd49fd203732322e2dfb3e8337b26ddad9759ead8875a014
smooth,zero_covariance_dependence,203,621061108,287e595d25bd68796efa7ce6b9d8486ebdaa236d44e5959e9fc901c39ede9c62,380e02f27731506168d6e879f6ba3c82444a2f9960c8bd70a03e4a6c0b9d923b
smooth,zero_covariance_dependence,204,621061109,54de451b7de2e5fb6c6dfe14b56a6ce2ca1449704b8ca69e72100b64b06db70c,0c1feab2a34375b2ffb27d32dee2adab57db6713a978e4b7c9aad27beefcc4c7
smooth,zero_covariance_dependence,205,621061110,864640c4b9aea0991396d49b80aa561a7a54cb5ad9e80ffe84c79b90906f327c,d86c3ce2134d02199fb1dd4ced535d09a6acb64e675cab87265ed2993212abe5
smooth,zero_covariance_dependence,206,621061111,7853bea2b38745353e093355beecbef605282aedd85cbd0742697778a56b0590,046c11036a9b7454a44fbcfa97f921ea1cf9a1bcc5d95df43394a0adf4e2171d
smooth,zero_covariance_dependence,207,621061112,00a6c2cabcb41303db83c6b7817d4062b40661150293250a90fa7f0eb6ab5154,4c1d757defc0b900e33f2c79736bcdf72c26c0d29ff6a9883ca551572cdbe051
smooth,zero_covariance_dependence,208,621061113,f3eb9fcc5d9288cccf19cf29f4a6c313c6251782dbea78db5ff75c6f30e5b473,71b0fc83069213b8d0843ba19c0ff6b3778c6ed4207a65012d102c1646e2db59
smooth,zero_covariance_dependence,209,621061114,57f99e3a4cde37f0e597465faf3722f4e0300bb7cff7d125d74b3d24e5e511ae,473f54a5c7955480552ee66e50a7662aee4eae97c267143836c74d4eea96362b
smooth,zero_covariance_dependence,210,621061115,738e0a00d4ecccffd0aa9b91d6864fa15b55639cbc8f3ea2f8204241eb07ae06,65fc02330883c2b9b05fb2f2ecd2eb779a57b0acbeb3083ab43542f47a6b8138
smooth,zero_covariance_dependence,211,621061116,821b0afb6615c99e8c56e22fea90a80fc09cb520f141846f3628d1510c544f14,6bb1f45df8bb59db13b74f37bd33b2ef587034ffa1c35c6c9cc2ab9c9e5c3479
smooth,zero_covariance_dependence,212,621061117,0cdd11d5349cd5838945a50e306eb6e2bf0ffb3a68a7d7e46effbeee311dc5e5,887bbf2bbd4908acaf43b655ccba1747db024f791fbb5f25b6a6c51cceb5ae04
smooth,zero_covariance_dependence,213,621061118,ca2df64d1732ef21241844d7d7ec6f86fe025814000446e4fd4ff60e4c343e5e,5946f04b5241b30286f3e1d86fabe185c728cd8319c820829b1a5e405ef7e6c2
smooth,zero_covariance_dependence,214,621061119,987eb9ba4727cbea729b78632f574b03ce67a71e40bc1ff15a181d6cfc158c38,fa4fe65bcd4bf7904a6a362cda1e553e45389d6504483a6b2d735c708c272cfb
smooth,zero_covariance_dependence,215,621061120,e07c8d0c1260e243865c80f3ed6a306874860d2178c7e2b9c9544d18c876af17,5e9a961f5ba5de7bfe3c4e481ada03d4cc3cd22f6162c810f8bd34ecf3b9d24d
smooth,zero_covariance_dependence,216,621061121,e9c498a85141e7b3898a834be1f539587ce3aa340b26c11fe26163eaf6c86dcc,df5a3c6b3b7e13d093793f61599e20a952927f6b9d5c7696145a47c2b813e691
smooth,zero_covariance_dependence,217,621061122,3aa48f3a10b38c5f3666b9090e84f778e414553525620a42d15d9602d592b8a0,af3f5a5295465e482a27a63a5a92f8e4385e316be32d7378c999f99d3970e741
smooth,zero_covariance_dependence,218,621061123,bf8bf3c3a9220ac8ae8639ec701a45e30f4b324274ccfd63bf483cdada3afbf3,46b818cfcdb5f23f047481810a27ce6fabea5ec02f0c147a9a6a5b3c3fee8385
smooth,zero_covariance_dependence,219,621061124,656d0ca6006b138476dfedcb570634bd2fa559ef5cf611e75086b36aa18f596a,c9d27ef5c51aa4ab31a3be574b5aed351f505ebd6d6c496700ee9169aa10b5ce
smooth,zero_covariance_dependence,220,621061125,ca79bffca9abecdb4a76d24328409f96951cfcc69fc1e87a10bdde0650298ac3,dc35c4327390e2a27c55e6f0b674707c7aab64e2eade74521ab8448acda0e4d6
smooth,zero_covariance_dependence,221,621061126,b812b980607ebafc614b11157af004be4702ee35ee46677863e52d5c2c6587c7,59a1cffa8c4319e2817699bea321133f906cf9a35f00532e3e783ddfb35e6101
smooth,zero_covariance_dependence,222,621061127,f0d75eac4c9742ec23881692e9639ac7534da40ac79d438fe8fd5ebc46b5e215,cf8849015cfc6331b6c1d53bb6534f8994129d8e2a69a7735aca63eadd293547
smooth,zero_covariance_dependence,223,621061128,5a61ee68e0b5e0ed48d4344d0605601c8767a897b7b06d895b3f24a98d7c533f,c34284f9fdf30e0feb48e9e5fd55aa04ef64d6ee47abab48982cde75b1205429
smooth,zero_covariance_dependence,224,621061129,dfeda654847fa7551c2676aa6bd31cb3d393163d1ae95ec1725ac68b66b304c3,1620c7384e3fa7bf390c9c43d4066f2bcc6e510bd3616e891f1a8484f1f7dfb8
smooth,zero_covariance_dependence,225,621061130,82eaa04cabac741247379e20335f60a7e2b4e11bf0b9bc77b6630a94b7037907,1baf64932d8d8f1419a4667ec0c22c81448b10a151e4002bde56bfaaed0b67c2
smooth,zero_covariance_dependence,226,621061131,73af1ad8aa00ad541ba6c3ff341602d6b43bdb639483c1ebab792863a5188d4f,491ed532cc55319acf3000524cffb02642be1c0f0dc4c48f6a7ef39444a5a9d5
smooth,zero_covariance_dependence,227,621061132,8e2a655aecb7352e7ad4f964391a210030051b3845abf3a5f9ed790755595b22,45f7e32f8237dc0f4fcfd6340f6472ead46a535a4d1458c6b95ad02f104da4a7
smooth,zero_covariance_dependence,228,621061133,abc8589491b4293ca51b6205be5eb317a81f7b09b35cf8a20db44ec91d6d33a8,120b4e8243b8851932863b2304ad4bc5bae9015d9aebf8b2891c270263f0b8e3
smooth,zero_covariance_dependence,229,621061134,45f10affae296e840d8487d23f200b4b9fb81db96b5c3d5eb8703a20536c913a,538f2b6ba07ef5205e526f09c9469f2880f2bb47c25a4bb6da616413a7c99216
smooth,zero_covariance_dependence,230,621061135,a2a76461cdc0835bae8cb8ec4264697711db5414a64458e451d4336395eaa710,a85ca16274bad5785a82809c3796d1eb4cf68b0428572c06d6066d2cbe18f6b4
smooth,zero_covariance_dependence,231,621061136,62cbe1e265900274507797d13260a9bae1d62a16eb70853b3da651beda34c2d9,f3f7becc3a43729e4ebb87356321ad3d069cb4b27f342083b2baf6b7abfef128
smooth,zero_covariance_dependence,232,621061137,cfdf46b8a678f32d714866a036fc8ca2340e05b0cfd8a130b53a79ef51c04d22,9a036fc088b54a4ec1cd9dffac54bce68b8582777ecaf416acf0a4c8b029e9e0
smooth,zero_covariance_dependence,233,621061138,8f7ae3bf45b4f65b53599b29776e6a50e5b9b0bbf0e8cef02fd1fbd6281dd164,0ddd551f013fd81ece1935927e1b837a69fceae2672d9c3c5e24f756097f6579
smooth,zero_covariance_dependence,234,621061139,8766bf5c019f147c0e6a95ae6703f601f94bf8f44eec1c6826bf73be78d5d56c,359f91fdd70ef0f932c78dcbc464e5ac64ec980d0fbc1db33d72bd596e183f69
smooth,zero_covariance_dependence,235,621061140,5a10bad8c92e2c2fe6400b895a9ec78a4f53f3bd356910faf727100b21bb65e4,e088fd131d044e755f842ce8492899a52c1290f1ae04a7859a7f155dd06f4a53
smooth,zero_covariance_dependence,236,621061141,b7a9a196cda559f8768a0222029e5673c6a24653b27b0d182e16c72e65793779,97c0c0be16aef03868c863a8fc722bb6ccf7c77e6864cabd2e3aec9d13a3b0be
smooth,zero_covariance_dependence,237,621061142,cbf9e6a651597907d222751af18c9b9e4166b2de8d426149e6dc461d3ee35af2,19f066298c48bb4d48576233748dcfa0c810f86ec2294b076b801f4ba6bb73bb
smooth,zero_covariance_dependence,238,621061143,00744313577bc3c61775191d4218d1af35e90843b936fa2dd5f1a2e0e055c111,331a7c8d6bde128026f14cbb42b7f5c314ea94f0723c96ab0c8f3b883fdc9757
smooth,zero_covariance_dependence,239,621061144,fa36268b6be660d5d5444e6ff4f2063ed9ad8f1ca8ee10522013e919a2e75be9,50fc9d9bbddc5f2aeaec80423471e89d088469279f74d224256b87657f7022b0
smooth,zero_covariance_dependence,240,621061145,d6bf33fda4d41bd84e83e3bcb6deec749eab4a1f981ecd5aabef9422b31789ac,80b03acb2ae81e723bb8a23a856b3e726ba6d31ea24b6b6642b6ce373c6b1c88
smooth,zero_covariance_dependence,241,621061146,630492ceb04b8b1103942c4f0725423598c4b4cad41082c31f30333f379d4d93,a6c3b8710f7f794630077bcc840f2856acc485ef52aa17f08f994b2126682806
smooth,zero_covariance_dependence,242,621061147,ee9f70db990d866eaf0ab2ec0600e39a0dc8ac433b7fbc9913994689ceaa5c49,d127b9d13db179559ed1428a3fa8554360a9ce5725d15e5923ba951eca961e1f
smooth,zero_covariance_dependence,243,621061148,2e050baebb5d830cedf734677c5745b4d73fb53066715de6967ad797f308d537,34a58fe6b136492b11626e03bb4e4169c54773c0f6edcd8a76626b9d99062e4c
smooth,zero_covariance_dependence,244,621061149,4a86a60581f93de31333a9bc8519be6542bcedb942ace1de43f5eeae37df7ff1,c7b15cdd3a72288b2c1beea1725cc3c4e3a2b732f14526ba67ddb7795ad74627
smooth,zero_covariance_dependence,245,621061150,87ed8dae40f0cef4bd5ab5d8b5541f093cf081a4999672a677a03f7470c57045,a618efb8fa3dcad1aae18aca38b86135416ce689a5ad8d51f6db9ef3e396903c
smooth,zero_covariance_dependence,246,621061151,79712fe2efe4649d82a6abd658291e200f7135f513e455c7a150a819c350e1c2,388004d7e733f3433d0829717c8e768a86a7c652e10a5c475f5561b7482dd889
smooth,zero_covariance_dependence,247,621061152,c8ae7d654146f18c7e089812e9e1798acead98841e20fca601504c4058268ac8,c323c4b17b8ab9c48a9ac1ffff9d422d93d1a46d55628b9a3ea0e131ef3cf773
smooth,zero_covariance_dependence,248,621061153,aca5ab1f7dd3874ccd028e6b604e1b61abcda6cd291e7005e0f471c681ecde30,01d62c579b1e6af0c4d413b5cfcf0ca7ffd37110b7ac77d678a770fd0363e3a8
smooth,zero_covariance_dependence,249,621061154,e8c8fd805ed76fd9e2b71d5b4160d07ac95096480137d9d3f02925fc6966f172,c25d907d462db34871401249b8c55c67b8b493fd872fe4ae0bd39a71d500864d
smooth,zero_covariance_dependence,250,621061155,54b7809974ec3cfad8e80109f61cd829ba3b1a51716af1046b2ba5587223f16c,e8c68bd6eeb7e147ace976ca6eb5845f1f3f458dd7864132100cdb7a7184453f
smooth,zero_covariance_dependence,251,621061156,bc18d47655dd1bb61584beb8011c46ae076a713db45f32ce60aeb0aba50700b8,dcf69112f5004de41d86cdf07de8ab26e5ffa8bf1241e0dd02101f53b75f6e9c
smooth,zero_covariance_dependence,252,621061157,e4d03a4b8e0e6c5f5c6a0df66c0ee4ff724c52e85ffe9af6e015f870d50705d8,73e653ae6602dff73b5511297d3140dac84a967efbe2f598e71f5012882191fc
smooth,zero_covariance_dependence,253,621061158,14ec5f0d5909f5c8cb8c4b4ffa305dd04403bb007588dcf86f584932419bc87a,413dec2e59c59e5fa03c71d17f990281fbd9044317f9f52b2870afe2b122e7b8
smooth,zero_covariance_dependence,254,621061159,e17596a5d92b04d2b8fd24b2c33c911c5dcce78c27b7f12f8b5b025f10cfa4a5,0b21c7ad55a0033390ceafd7dcaac26d0e5c49e4d82a9b9c2dbdea54bed870ca
smooth,zero_covariance_dependence,255,621061160,92f79f7a9125331126dac39a7ef26de6b135ffd69349de7059f9ad209e0324e4,6f1724ef51e864bfdba0e057232d17b660308c9aaa43362d48cc2b3f7c2241ef
smooth,zero_covariance_dependence,256,621061161,a0dad48c0f63e2a848f0e9d26deeca1404c4da40745f0202d58b23e9bfcbf31c,f3db43867fef7f7f0bff2541ac6ebc4299891ab6f3d5a8e3bcf6ee9bddc03cec
smooth,zero_covariance_dependence,257,621061162,dab04005bff5e6b69d7c3327938ea68eedde3be3bce169b10860ca34318a994c,50ec43f6b8c93f4681e5839588e1203e9eeff84500ae72e30713114c6220e918
smooth,zero_covariance_dependence,258,621061163,f77a5e74df471ed5bdf5295f10a3790ca26da92196d4cf0bb906400ad24a7568,817ea6ca84cce7deb7b705989ffbb275795592737deeeb3930a0518d9a5abc77
smooth,zero_covariance_dependence,259,621061164,2549bb387f0468040afad9e7ad574a24ca7e67ea9458413b1e67f30a7139ceb9,e53e47d5b7e0f13ee2dddc5aed3ce10b6633eaed291ab10fe2c0f7506714240f
smooth,zero_covariance_dependence,260,621061165,4dc5024d4550933f95e612445d66408cc9e938180a79a3197e8a115f26b3c86f,0da945570b4fc6f82d61915f016424a1c3aa2137a3ef343a0c32d819f5231d42
smooth,zero_covariance_dependence,261,621061166,c3bccfec2f2d01af9e519a8eb97925f1802997a83c7321ac766b3932e2458fe6,484cf440ae73b6718244ac7ed1eab5600bff7cabe223b29a8fd890699561d0cb
smooth,zero_covariance_dependence,262,621061167,ba871e3ab59402a53c3840313a381ff0db24d79c63a601bd35d397a917671bba,8e10c63b22d3a3a8331c30c696c4224f11e6360f142457d888d92740601c72ae
smooth,zero_covariance_dependence,263,621061168,e96cc63ea7fdfae06ecfa9d35b774d26aea7c3002de3e95395df705ac8e1e088,d0ee408cdaadd508ab3e332870de8faf03362cd85b279562402e1072bea170e8
smooth,zero_covariance_dependence,264,621061169,d4c93d774dcad30c04e7d098bb22c675fbfefed4134d616af1c517db41e7648b,84539d157a26b955d5209bfcf41c52fc39a1684474e97ce3dec9d01d8e3ad035
smooth,zero_covariance_dependence,265,621061170,35c2d20c1fbde392e6d1645c190b28e156f9ce734fae9bf54948ba63c9459e8a,1db3d857f905dfab69dff88df7cb178952ba22e04bfc2a10b4bb355256ef73ba
smooth,zero_covariance_dependence,266,621061171,8dc280956a5e906b1c5bd4037a3ec1211c98fdd27d1359fe31c8eed599ae769e,c5f403a506fe24fe0d76d179a874bda0d88c294f57f3d1a41e276b4530c24140
smooth,zero_covariance_dependence,267,621061172,cb58011ced9d53a1d926385db264890c0fd664611152019d39ef2adeba42a7a0,3858a4bc395418f35019b5ba81beaf56c1a9eac7de9c159c941cdea3dab889a0
smooth,zero_covariance_dependence,268,621061173,82e066ecd3dcbca16a320f8eb3fefe76203fd9529015c11c4b95e4cbf855e787,2cc9f1fa6b0349fe4d6df1c3af8454328c0a2a7af2580ba9bcf2835a8ae11feb
smooth,zero_covariance_dependence,269,621061174,c1b6fc1dbf5079d9e9f529f887a3ee04bbc39d257c3e8b8130b1af68e6d03c1e,83732d3db98264c82eff68654cc3a7af47e878850ca08e3ab9302ea064cf9f55
smooth,zero_covariance_dependence,270,621061175,c8e6dd13bde8b0e1ce4688d351b510a2c5124a009b6b4060caaf0358a759b4cd,9512efc5342d3988bd924671d35a3b57e16eadc6dec98efbc34be827f099f002
smooth,zero_covariance_dependence,271,621061176,57336caf29515f4a6d6ab0ba2fa31c0e23d553384c72111b139fa22da6fcc7f1,558adaaee44d6d7c665be7f7cfc42036709b687e7c1fdd3d5935b9fd7b38202f
smooth,zero_covariance_dependence,272,621061177,989a352a1952ae7bf0cca8ff8a613ca3618c8fe4f26f1a3e3b10e633f43289d3,52d8b515656cf8c09c58668fd9adb2d1eddbb8b7ec467cc4ed7e99765878ad43
smooth,zero_covariance_dependence,273,621061178,f87885d16dcc900eae2844a5c18ee9ec6f8e38a857de17f65654847b1522d0bb,50658e1c9216f609ed26a261cf16c4c983a75b5417795c160d0b894da837b0e1
smooth,zero_covariance_dependence,274,621061179,68c8e1f617d1a4d0175518c250519423833b9761a7ae5c4d4b4fb4490e87be25,03a045823fc68c41fb80309407e0bf5b4528bfe26d016366b5dea20d7c1f3018
smooth,zero_covariance_dependence,275,621061180,902f96b3dc25b5525ad45092766ae4f61d13a05b3896627c04d02b9b29086ce4,42459e8c7b64b1260de9656cc253e5b0546537e6f03e9db738b2c968972c79f4
smooth,zero_covariance_dependence,276,621061181,139454c88e21adaa7ead9c5f127c3e803611ca5ba7864d3f919abb730f565b73,7234bff2d2a9047b6dcac8ecf47c561c0f1843168cd5c4bcfc7bfdd2eaedb0dd
smooth,zero_covariance_dependence,277,621061182,cba9a7f0b6c377f6cc137d431d7e7a0e279e083cd2bcd5a44bc23cf3dea86947,5fac90675fae0cbba2f1d42c41b5e4ff4028e7c3c6daff6e4060b3685b0a0e89
smooth,zero_covariance_dependence,278,621061183,c7f3b0ca923f5dd1912a29a646797045059e2e889b0b6c52a12fcc3b953b3a00,9a424d8a8f776902c63c06159ad2a058ad559306b542194fd03065edccb020f8
smooth,zero_covariance_dependence,279,621061184,13c3030cca73dc72e4c80c8095e48f4660a11dcf68afda189ae3d4d6384522b2,9f76bb768d12f7363e4d97f9800a6422509ad0cecf91ce7daf78f526316c9180
smooth,zero_covariance_dependence,280,621061185,3244f4e607780628bcf5b90c529324f5c2d3acf9df40e77724c5e1e9dca315b6,53de5d8204d21f8f0eefdef9eea9befcd4adb121c8c0c1ed20f7b4af5451dbf2
smooth,zero_covariance_dependence,281,621061186,6ca9f9ad89a459028e057eec863288002b354a4bad79e979fd75ef5a8086f76d,0db37726ab4864c86d7add01b5aa5e80cde22180ab7f1ab12b7183f2a37771f3
smooth,zero_covariance_dependence,282,621061187,919c17e966bb4d365d1d35dac22e5470ce8efbf8bc12905909be5c55f11acfd4,d496e924b5678ee341a321717d182c67452663d733bdbdadefd1d7eeddcc550b
smooth,zero_covariance_dependence,283,621061188,99a806f0eb3797b60a04bef03e746b0a9f1dfe326e56981e81b32ace2881d835,378e9b7731ba0095159cbd1e987467c33a74f6867c17eaef3c3deecb1c0a13d2
smooth,zero_covariance_dependence,284,621061189,2d8a0ac7fb2369d44f89a6e43de0279a182effbb92f7338d6b167f93971083ad,bbe2f767c690b52f1b2ee2129b2892c976372b0e97d78f4b195835982aa2b3ca
smooth,zero_covariance_dependence,285,621061190,8af78c8749f5ef08a7237c620a03f5fdc69e000c67a68b8571c4efc0d6e057b7,31dff225c9f21cc325fddad9bc5313c3b83db6b0bb67a08e5368edaa384b4e4b
smooth,zero_covariance_dependence,286,621061191,089712097c8b2bbc3ed0e21b98a6adf3cdaa0f116b54b8fa1a57b6d6271ff817,9970a6b6b4364351c42737d312146d821016624065ae6ca70f1d716d2fc3474e
smooth,zero_covariance_dependence,287,621061192,4997c889d03dc1c9945c47b265ca51420a98f37ee1e495cb876be0620a575452,88d0435d95e6dff002ebe4b33ea192326e7041cad4c2db6139c5b332d1acc7ac
smooth,zero_covariance_dependence,288,621061193,6b2a01ce34a556ad328bf336cf33c530ee0f30a64485a63297832e512ea63f2d,95ff514de23cd891586f2f0a4a554080d2aef437ff42c59f4d175e6f9782a3d0
smooth,zero_covariance_dependence,289,621061194,4f5a6735aed9a0ac887f0e451a50dc47779ba9ae3655d1bfbede9fdcb37286c6,838eeeba9d3634cf46ab83dd6c45378d7e4f37e7215d300cba1a739117b93e5d
smooth,zero_covariance_dependence,290,621061195,582f571bca5e8eb6e110d9739f0b0eac7634c7be9c2472d10ac098efbc92877f,a27e02354c2ef512d6829b08e2cf2e3fcede17c3d168aa52cc4eddf804e6dc2e
smooth,zero_covariance_dependence,291,621061196,d716d14eb7960465ded9934d9cd567290c19a7fd421a858c28fa7c298464f1e5,389ec136df30719b3eb60d9655313fd0f0bdfd319be047a61071e7c5c99cd1a4
smooth,zero_covariance_dependence,292,621061197,302f9b9fe0f1fc3f15b7a69ea0efd73dd1e9918bb07fc3cdd341f94ee15580c5,f9e77da9a220d1d9718575aba0cca8e8e55c44a126052fe7f3ed4d750d4050f5
smooth,zero_covariance_dependence,293,621061198,fc5862535597b4c08175bb176dfaa189a7904703b18faf285fe94df428c86efe,8d8922fea76e336818d505df47ad31bf91a62c0b2dfbaf22f0ae715ad3d580a9
smooth,zero_covariance_dependence,294,621061199,e579f7e82afaa5e6b11a7c43afba36fd31c06830e5a30445239fba9ed782ad1a,fd2753bb549e8a0f33d7d8dabb60566eba9feffb3790eb2d592e7d77619bdcd5
smooth,zero_covariance_dependence,295,621061200,55d0fcdc1f1f53e8dda187b93ed32c291cb204b471f126ecf504dd9cb9abbdcd,f5e3d9c1fc32241c8487b4b26999068036dac1e982a2a0937c62041c48305208
smooth,zero_covariance_dependence,296,621061201,96d4d8ae2d2a49dfed6fd4180deee1f2e4bc4afdaa93d35f261463851d35b276,20a39e921d482d02d2ed46a820b84b1248936a3bd5e1680a2007b04d90c02a89
smooth,zero_covariance_dependence,297,621061202,9a6ab890a405f140db499f20490ff652c00690686de92e7079abefed9b18712c,948dd4e5f424be8fbe10a6bc61a3f07250a14d492467df770c079784ddc0b9a3
smooth,zero_covariance_dependence,298,621061203,47d425f995f4ef03145356fdb3ade7bcc9c15f76922769c0a93e69527f4f8cc4,349dc550f795873eb5be67a39a9188bbbc8d265666840511fd6ee600604254eb
smooth,zero_covariance_dependence,299,621061204,b5b440492bf5388e40738a78ac8ff2ec4471760b30ab4b3706ed2c0320de9585,0ef206f9a0737ecb75c46bc415944bfd9b43816078e1fbdbe523cd13dbd502cc
