design,signal,fit,training_rows,validation_pairs,groups,peers,total_observations,method,replications,rejections,power,target,mean,bias,bias_allowance,absolute_allowance,signed_allowance,bias_width,radius,lower,coverage_failures,allowance_failures
eight_rare,-0.125,estimated,8192,512,25,64,10816,absolute_range,1000,0,0.0,-0.006827551020408163,-0.006785830700263391,-4.808773262243608e-06,0.1327376468419827,0.1327376468419827,0.1251419738848461,0.24433505828524232,0.03786894205451128,-0.1773924195967574,0,0
eight_rare,-0.125,estimated,8192,512,25,64,10816,independent_triples,1000,0,0.0,-0.006827551020408163,-0.006793337932607654,-4.808773262243608e-06,0.1251419738848461,0.1327376468419827,0.1251419738848461,0.24433505828524232,0.016173707754272616,-0.14810901957172637,0,0
eight_rare,-0.125,estimated,8192,512,25,64,10816,pooled_variance,1000,0,0.0,-0.006827551020408163,-0.006783139016561077,-4.808773262243608e-06,0.1251419738848461,0.1327376468419827,0.1251419738848461,0.24433505828524232,0.015950182977937426,-0.14787529587934461,0,0
eight_rare,-0.125,estimated,8192,512,25,64,10816,signed_range,1000,0,0.0,-0.006827551020408163,-0.006785830700263391,-4.808773262243608e-06,0.1251419738848461,0.1327376468419827,0.1251419738848461,0.24433505828524232,0.03786894205451128,-0.16979674663962077,0,0
eight_rare,-0.125,estimated,8192,512,25,64,10816,signed_variance,1000,0,0.0,-0.006827551020408163,-0.006785830700263391,-4.808773262243608e-06,0.1251419738848461,0.1327376468419827,0.1251419738848461,0.24433505828524232,0.01616102496655284,-0.14808882955166233,0,0
eight_rare,-0.125,estimated,8192,512,100,64,15616,absolute_range,1000,0,0.0,-0.006827551020408163,-0.0068104226505808566,-4.808773262243608e-06,0.1327376468419827,0.1327376468419827,0.1251419738848461,0.24433505828524232,0.01893447102725564,-0.1584825405198192,0,0
eight_rare,-0.125,estimated,8192,512,100,64,15616,independent_triples,1000,0,0.0,-0.006827551020408163,-0.006804165394236268,-4.808773262243608e-06,0.1251419738848461,0.1327376468419827,0.1251419738848461,0.24433505828524232,0.0051709103079399295,-0.1371170495870223,0,0
eight_rare,-0.125,estimated,8192,512,100,64,15616,pooled_variance,1000,0,0.0,-0.006827551020408163,-0.006813366896872974,-4.808773262243608e-06,0.1251419738848461,0.1327376468419827,0.1251419738848461,0.24433505828524232,0.005107639430317443,-0.1370629802120365,0,0
eight_rare,-0.125,estimated,8192,512,100,64,15616,signed_range,1000,0,0.0,-0.006827551020408163,-0.0068104226505808566,-4.808773262243608e-06,0.1251419738848461,0.1327376468419827,0.1251419738848461,0.24433505828524232,0.01893447102725564,-0.1508868675626826,0,0
eight_rare,-0.125,estimated,8192,512,100,64,15616,signed_variance,1000,0,0.0,-0.006827551020408163,-0.0068104226505808566,-4.808773262243608e-06,0.1251419738848461,0.1327376468419827,0.1251419738848461,0.24433505828524232,0.0051701189788355495,-0.13712251551426252,0,0
eight_rare,-0.125,estimated,8192,512,400,64,34816,absolute_range,1000,0,0.0,-0.006827551020408163,-0.006823672486993618,-4.808773262243608e-06,0.1327376468419827,0.1327376468419827,0.1251419738848461,0.24433505828524232,0.00946723551362782,-0.14902855484260413,0,0
eight_rare,-0.125,estimated,8192,512,400,64,34816,independent_triples,1000,0,0.0,-0.006827551020408163,-0.006820949578526052,-4.808773262243608e-06,0.1251419738848461,0.1327376468419827,0.1251419738848461,0.24433505828524232,0.0018592449405292952,-0.13382216840390146,0,0
eight_rare,-0.125,estimated,8192,512,400,64,34816,pooled_variance,1000,0,0.0,-0.006827551020408163,-0.006825046844172707,-4.808773262243608e-06,0.1251419738848461,0.1327376468419827,0.1251419738848461,0.24433505828524232,0.0018395493557632797,-0.13380657008478208,0,0
eight_rare,-0.125,estimated,8192,512,400,64,34816,signed_range,1000,0,0.0,-0.006827551020408163,-0.006823672486993618,-4.808773262243608e-06,0.1251419738848461,0.1327376468419827,0.1251419738848461,0.24433505828524232,0.00946723551362782,-0.14143288188546754,0,0
eight_rare,-0.125,estimated,8192,512,400,64,34816,signed_variance,1000,0,0.0,-0.006827551020408163,-0.006823672486993618,-4.808773262243608e-06,0.1251419738848461,0.1327376468419827,0.1251419738848461,0.24433505828524232,0.0018591955034374017,-0.13382484187527713,0,0
eight_rare,-0.125,estimated,8192,512,1600,64,111616,absolute_range,1000,0,0.0,-0.006827551020408163,-0.006825450289137848,-4.808773262243608e-06,0.1327376468419827,0.1327376468419827,0.1251419738848461,0.24433505828524232,0.00473361775681391,-0.14429671488793447,0,0
eight_rare,-0.125,estimated,8192,512,1600,64,111616,independent_triples,1000,0,0.0,-0.006827551020408163,-0.006830370772366389,-4.808773262243608e-06,0.1251419738848461,0.1327376468419827,0.1251419738848461,0.24433505828524232,0.0007481826197916576,-0.13272052727700415,0,0
eight_rare,-0.125,estimated,8192,512,1600,64,111616,pooled_variance,1000,0,0.0,-0.006827551020408163,-0.006825127369236785,-4.808773262243608e-06,0.1251419738848461,0.1327376468419827,0.1251419738848461,0.24433505828524232,0.0007409017907758048,-0.1327080030448587,0,0
eight_rare,-0.125,estimated,8192,512,1600,64,111616,signed_range,1000,0,0.0,-0.006827551020408163,-0.006825450289137848,-4.808773262243608e-06,0.1251419738848461,0.1327376468419827,0.1251419738848461,0.24433505828524232,0.00473361775681391,-0.13670104193079785,0,0
eight_rare,-0.125,estimated,8192,512,1600,64,111616,signed_variance,1000,0,0.0,-0.006827551020408163,-0.006825450289137848,-4.808773262243608e-06,0.1251419738848461,0.1327376468419827,0.1251419738848461,0.24433505828524232,0.000748179530301024,-0.13271560370428498,0,0
eight_rare,-0.125,estimated,8192,8192,25,64,26176,absolute_range,1000,0,0.0,-0.006827551020408163,-0.006785830700263391,-4.808773262243608e-06,0.008928006862450823,0.008928006862450823,0.008300654564678846,0.016571780170549364,0.03786894205451128,-0.05358277961722549,0,0
eight_rare,-0.125,estimated,8192,8192,25,64,26176,independent_triples,1000,0,0.0,-0.006827551020408163,-0.006793337932607654,-4.808773262243608e-06,0.008300654564678846,0.008928006862450823,0.008300654564678846,0.016571780170549364,0.016173707754272616,-0.031267700251559116,0,0
eight_rare,-0.125,estimated,8192,8192,25,64,26176,pooled_variance,1000,0,0.0,-0.006827551020408163,-0.006783139016561077,-4.808773262243608e-06,0.008300654564678846,0.008928006862450823,0.008300654564678846,0.016571780170549364,0.015950182977937426,-0.03103397655917735,0,0
eight_rare,-0.125,estimated,8192,8192,25,64,26176,signed_range,1000,0,0.0,-0.006827551020408163,-0.006785830700263391,-4.808773262243608e-06,0.008300654564678846,0.008928006862450823,0.008300654564678846,0.016571780170549364,0.03786894205451128,-0.05295542731945351,0,0
eight_rare,-0.125,estimated,8192,8192,25,64,26176,signed_variance,1000,0,0.0,-0.006827551020408163,-0.006785830700263391,-4.808773262243608e-06,0.008300654564678846,0.008928006862450823,0.008300654564678846,0.016571780170549364,0.01616102496655284,-0.031247510231495076,0,0
eight_rare,-0.125,estimated,8192,8192,100,64,30976,absolute_range,1000,0,0.0,-0.006827551020408163,-0.0068104226505808566,-4.808773262243608e-06,0.008928006862450823,0.008928006862450823,0.008300654564678846,0.016571780170549364,0.01893447102725564,-0.034672900540287314,0,0
eight_rare,-0.125,estimated,8192,8192,100,64,30976,independent_triples,1000,0,0.0,-0.006827551020408163,-0.006804165394236268,-4.808773262243608e-06,0.008300654564678846,0.008928006862450823,0.008300654564678846,0.016571780170549364,0.0051709103079399295,-0.020275730266855044,0,0
eight_rare,-0.125,estimated,8192,8192,100,64,30976,pooled_variance,1000,0,0.0,-0.006827551020408163,-0.006813366896872974,-4.808773262243608e-06,0.008300654564678846,0.008928006862450823,0.008300654564678846,0.016571780170549364,0.005107639430317443,-0.02022166089186926,0,0
eight_rare,-0.125,estimated,8192,8192,100,64,30976,signed_range,1000,0,0.0,-0.006827551020408163,-0.0068104226505808566,-4.808773262243608e-06,0.008300654564678846,0.008928006862450823,0.008300654564678846,0.016571780170549364,0.01893447102725564,-0.03404554824251534,0,0
eight_rare,-0.125,estimated,8192,8192,100,64,30976,signed_variance,1000,0,0.0,-0.006827551020408163,-0.0068104226505808566,-4.808773262243608e-06,0.008300654564678846,0.008928006862450823,0.008300654564678846,0.016571780170549364,0.0051701189788355495,-0.020281196194095255,0,0
eight_rare,-0.125,estimated,8192,8192,400,64,50176,absolute_range,1000,0,0.0,-0.006827551020408163,-0.006823672486993618,-4.808773262243608e-06,0.008928006862450823,0.008928006862450823,0.008300654564678846,0.016571780170549364,0.00946723551362782,-0.02521891486307226,0,0
eight_rare,-0.125,estimated,8192,8192,400,64,50176,independent_triples,1000,0,0.0,-0.006827551020408163,-0.006820949578526052,-4.808773262243608e-06,0.008300654564678846,0.008928006862450823,0.008300654564678846,0.016571780170549364,0.0018592449405292952,-0.016980849083734196,0,0
eight_rare,-0.125,estimated,8192,8192,400,64,50176,pooled_variance,1000,0,0.0,-0.006827551020408163,-0.006825046844172707,-4.808773262243608e-06,0.008300654564678846,0.008928006862450823,0.008300654564678846,0.016571780170549364,0.0018395493557632797,-0.016965250764614834,0,0
eight_rare,-0.125,estimated,8192,8192,400,64,50176,signed_range,1000,0,0.0,-0.006827551020408163,-0.006823672486993618,-4.808773262243608e-06,0.008300654564678846,0.008928006862450823,0.008300654564678846,0.016571780170549364,0.00946723551362782,-0.024591562565300283,0,0
eight_rare,-0.125,estimated,8192,8192,400,64,50176,signed_variance,1000,0,0.0,-0.006827551020408163,-0.006823672486993618,-4.808773262243608e-06,0.008300654564678846,0.008928006862450823,0.008300654564678846,0.016571780170549364,0.0018591955034374017,-0.01698352255510987,0,0
eight_rare,-0.125,estimated,8192,8192,1600,64,126976,absolute_range,1000,0,0.0,-0.006827551020408163,-0.006825450289137848,-4.808773262243608e-06,0.008928006862450823,0.008928006862450823,0.008300654564678846,0.016571780170549364,0.00473361775681391,-0.02048707490840258,0,0
eight_rare,-0.125,estimated,8192,8192,1600,64,126976,independent_triples,1000,0,0.0,-0.006827551020408163,-0.006830370772366389,-4.808773262243608e-06,0.008300654564678846,0.008928006862450823,0.008300654564678846,0.016571780170549364,0.0007481826197916576,-0.015879207956836894,0,0
eight_rare,-0.125,estimated,8192,8192,1600,64,126976,pooled_variance,1000,0,0.0,-0.006827551020408163,-0.006825127369236785,-4.808773262243608e-06,0.008300654564678846,0.008928006862450823,0.008300654564678846,0.016571780170549364,0.0007409017907758048,-0.015866683724691435,0,0
eight_rare,-0.125,estimated,8192,8192,1600,64,126976,signed_range,1000,0,0.0,-0.006827551020408163,-0.006825450289137848,-4.808773262243608e-06,0.008300654564678846,0.008928006862450823,0.008300654564678846,0.016571780170549364,0.00473361775681391,-0.0198597226106306,0,0
eight_rare,-0.125,estimated,8192,8192,1600,64,126976,signed_variance,1000,0,0.0,-0.006827551020408163,-0.006825450289137848,-4.808773262243608e-06,0.008300654564678846,0.008928006862450823,0.008300654564678846,0.016571780170549364,0.000748179530301024,-0.01587428438411772,0,0
eight_rare,0.0,estimated,8192,512,25,64,10816,absolute_range,1000,0,0.0,0.0,-2.8237084869017468e-05,9.381087504170656e-07,0.13279177318897056,0.13279177318897056,0.1265773461494745,0.2443095356939318,0.037808022329250415,-0.17062803260308995,0,0
eight_rare,0.0,estimated,8192,512,25,64,10816,independent_triples,1000,0,0.0,0.0,-3.295994619937618e-05,9.381087504170656e-07,0.1265773461494745,0.13279177318897056,0.1265773461494745,0.2443095356939318,0.01626165365333425,-0.14287195974900815,0,0
eight_rare,0.0,estimated,8192,512,25,64,10816,pooled_variance,1000,0,0.0,0.0,-2.1252536012275342e-05,9.381087504170656e-07,0.1265773461494745,0.13279177318897056,0.1265773461494745,0.2443095356939318,0.01604294463518184,-0.14264154332066864,0,0
eight_rare,0.0,estimated,8192,512,25,64,10816,signed_range,1000,0,0.0,0.0,-2.8237084869017468e-05,9.381087504170656e-07,0.1265773461494745,0.13279177318897056,0.1265773461494745,0.2443095356939318,0.037808022329250415,-0.16441360556359394,0,0
eight_rare,0.0,estimated,8192,512,25,64,10816,signed_variance,1000,0,0.0,0.0,-2.8237084869017468e-05,9.381087504170656e-07,0.1265773461494745,0.13279177318897056,0.1265773461494745,0.2443095356939318,0.01624899126840107,-0.1428545745027446,0,0
eight_rare,0.0,estimated,8192,512,100,64,15616,absolute_range,1000,0,0.0,0.0,-2.8802430540001355e-05,9.381087504170656e-07,0.13279177318897056,0.13279177318897056,0.1265773461494745,0.2443095356939318,0.018904011164625208,-0.15172458678413575,0,0
eight_rare,0.0,estimated,8192,512,100,64,15616,independent_triples,1000,0,0.0,0.0,-3.466862405147847e-05,9.381087504170656e-07,0.1265773461494745,0.13279177318897056,0.1265773461494745,0.2443095356939318,0.005223362387489096,-0.1318353771610151,0,0
eight_rare,0.0,estimated,8192,512,100,64,15616,pooled_variance,1000,0,0.0,0.0,-3.388150999166279e-05,9.381087504170656e-07,0.1265773461494745,0.13279177318897056,0.1265773461494745,0.2443095356939318,0.005158745708115783,-0.13176997336758198,0,0
eight_rare,0.0,estimated,8192,512,100,64,15616,signed_range,1000,0,0.0,0.0,-2.8802430540001355e-05,9.381087504170656e-07,0.1265773461494745,0.13279177318897056,0.1265773461494745,0.2443095356939318,0.018904011164625208,-0.1455101597446397,0,0
eight_rare,0.0,estimated,8192,512,100,64,15616,signed_variance,1000,0,0.0,0.0,-2.8802430540001355e-05,9.381087504170656e-07,0.1265773461494745,0.13279177318897056,0.1265773461494745,0.2443095356939318,0.005222572331394973,-0.13182872091140949,0,0
eight_rare,0.0,estimated,8192,512,400,64,34816,absolute_range,1000,0,0.0,0.0,6.0486468408356265e-06,9.381087504170656e-07,0.13279177318897056,0.13279177318897056,0.1265773461494745,0.2443095356939318,0.009452005582312604,-0.1422377301244423,0,0
eight_rare,0.0,estimated,8192,512,400,64,34816,independent_triples,1000,0,0.0,0.0,4.71982423280828e-06,9.381087504170656e-07,0.1265773461494745,0.13279177318897056,0.1265773461494745,0.2443095356939318,0.0018855052455634962,-0.12845813157080518,0,0
eight_rare,0.0,estimated,8192,512,400,64,34816,pooled_variance,1000,0,0.0,0.0,3.3420713589103057e-06,9.381087504170656e-07,0.1265773461494745,0.13279177318897056,0.1265773461494745,0.2443095356939318,0.0018646278733973059,-0.12843863195151292,0,0
eight_rare,0.0,estimated,8192,512,400,64,34816,signed_range,1000,0,0.0,0.0,6.0486468408356265e-06,9.381087504170656e-07,0.1265773461494745,0.13279177318897056,0.1265773461494745,0.2443095356939318,0.009452005582312604,-0.13602330308494626,0,0
eight_rare,0.0,estimated,8192,512,400,64,34816,signed_variance,1000,0,0.0,0.0,6.0486468408356265e-06,9.381087504170656e-07,0.1265773461494745,0.13279177318897056,0.1265773461494745,0.2443095356939318,0.001885455888000998,-0.12845675339063467,0,0
eight_rare,0.0,estimated,8192,512,1600,64,111616,absolute_range,1000,0,0.0,0.0,1.2843349789408295e-06,9.381087504170656e-07,0.13279177318897056,0.13279177318897056,0.1265773461494745,0.2443095356939318,0.004726002791156302,-0.1375164916451479,0,0
eight_rare,0.0,estimated,8192,512,1600,64,111616,independent_triples,1000,0,0.0,0.0,4.333850448344e-06,9.381087504170656e-07,0.1265773461494745,0.13279177318897056,0.1265773461494745,0.2443095356939318,0.0007612383818268951,-0.12733425068085305,0,0
eight_rare,0.0,estimated,8192,512,1600,64,111616,pooled_variance,1000,0,0.0,0.0,-1.1225795460671881e-07,9.381087504170656e-07,0.1265773461494745,0.13279177318897056,0.1265773461494745,0.2443095356939318,0.0007538812375876491,-0.12733133964501678,0,0
eight_rare,0.0,estimated,8192,512,1600,64,111616,signed_range,1000,0,0.0,0.0,1.2843349789408295e-06,9.381087504170656e-07,0.1265773461494745,0.13279177318897056,0.1265773461494745,0.2443095356939318,0.004726002791156302,-0.13130206460565189,0,0
eight_rare,0.0,estimated,8192,512,1600,64,111616,signed_variance,1000,0,0.0,0.0,1.2843349789408295e-06,9.381087504170656e-07,0.1265773461494745,0.13279177318897056,0.1265773461494745,0.2443095356939318,0.0007612352973063217,-0.1273372971118019,0,0
eight_rare,0.0,estimated,8192,8192,25,64,26176,absolute_range,1000,0,0.0,0.0,-2.8237084869017468e-05,9.381087504170656e-07,0.008934633943117153,0.008934633943117153,0.008413857289880656,0.016567163656346334,0.037808022329250415,-0.04677089335723658,0,0
eight_rare,0.0,estimated,8192,8192,25,64,26176,independent_triples,1000,0,0.0,0.0,-3.295994619937618e-05,9.381087504170656e-07,0.008413857289880656,0.008934633943117153,0.008413857289880656,0.016567163656346334,0.01626165365333425,-0.02470847088941428,0,0
eight_rare,0.0,estimated,8192,8192,25,64,26176,pooled_variance,1000,0,0.0,0.0,-2.1252536012275342e-05,9.381087504170656e-07,0.008413857289880656,0.008934633943117153,0.008413857289880656,0.016567163656346334,0.01604294463518184,-0.02447805446107477,0,0
eight_rare,0.0,estimated,8192,8192,25,64,26176,signed_range,1000,0,0.0,0.0,-2.8237084869017468e-05,9.381087504170656e-07,0.008413857289880656,0.008934633943117153,0.008413857289880656,0.016567163656346334,0.037808022329250415,-0.04625011670400009,0,0
eight_rare,0.0,estimated,8192,8192,25,64,26176,signed_variance,1000,0,0.0,0.0,-2.8237084869017468e-05,9.381087504170656e-07,0.008413857289880656,0.008934633943117153,0.008413857289880656,0.016567163656346334,0.01624899126840107,-0.024691085643150743,0,0
eight_rare,0.0,estimated,8192,8192,100,64,30976,absolute_range,1000,0,0.0,0.0,-2.8802430540001355e-05,9.381087504170656e-07,0.008934633943117153,0.008934633943117153,0.008413857289880656,0.016567163656346334,0.018904011164625208,-0.02786744753828236,0,0
eight_rare,0.0,estimated,8192,8192,100,64,30976,independent_triples,1000,0,0.0,0.0,-3.466862405147847e-05,9.381087504170656e-07,0.008413857289880656,0.008934633943117153,0.008413857289880656,0.016567163656346334,0.005223362387489096,-0.01367188830142123,0,0
eight_rare,0.0,estimated,8192,8192,100,64,30976,pooled_variance,1000,0,0.0,0.0,-3.388150999166279e-05,9.381087504170656e-07,0.008413857289880656,0.008934633943117153,0.008413857289880656,0.016567163656346334,0.005158745708115783,-0.013606484507988102,0,0
eight_rare,0.0,estimated,8192,8192,100,64,30976,signed_range,1000,0,0.0,0.0,-2.8802430540001355e-05,9.381087504170656e-07,0.008413857289880656,0.008934633943117153,0.008413857289880656,0.016567163656346334,0.018904011164625208,-0.027346670885045863,0,0
eight_rare,0.0,estimated,8192,8192,100,64,30976,signed_variance,1000,0,0.0,0.0,-2.8802430540001355e-05,9.381087504170656e-07,0.008413857289880656,0.008934633943117153,0.008413857289880656,0.016567163656346334,0.005222572331394973,-0.013665232051815631,0,0
eight_rare,0.0,estimated,8192,8192,400,64,50176,absolute_range,1000,0,0.0,0.0,6.0486468408356265e-06,9.381087504170656e-07,0.008934633943117153,0.008934633943117153,0.008413857289880656,0.016567163656346334,0.009452005582312604,-0.01838059087858892,0,0
eight_rare,0.0,estimated,8192,8192,400,64,50176,independent_triples,1000,0,0.0,0.0,4.71982423280828e-06,9.381087504170656e-07,0.008413857289880656,0.008934633943117153,0.008413857289880656,0.016567163656346334,0.0018855052455634962,-0.010294642711211343,0,0
eight_rare,0.0,estimated,8192,8192,400,64,50176,pooled_variance,1000,0,0.0,0.0,3.3420713589103057e-06,9.381087504170656e-07,0.008413857289880656,0.008934633943117153,0.008413857289880656,0.016567163656346334,0.0018646278733973059,-0.010275143091919053,0,0
eight_rare,0.0,estimated,8192,8192,400,64,50176,signed_range,1000,0,0.0,0.0,6.0486468408356265e-06,9.381087504170656e-07,0.008413857289880656,0.008934633943117153,0.008413857289880656,0.016567163656346334,0.009452005582312604,-0.017859814225352422,0,0
eight_rare,0.0,estimated,8192,8192,400,64,50176,signed_variance,1000,0,0.0,0.0,6.0486468408356265e-06,9.381087504170656e-07,0.008413857289880656,0.008934633943117153,0.008413857289880656,0.016567163656346334,0.001885455888000998,-0.010293264531040817,0,0
eight_rare,0.0,estimated,8192,8192,1600,64,126976,absolute_range,1000,0,0.0,0.0,1.2843349789408295e-06,9.381087504170656e-07,0.008934633943117153,0.008934633943117153,0.008413857289880656,0.016567163656346334,0.004726002791156302,-0.013659352399294512,0,0
eight_rare,0.0,estimated,8192,8192,1600,64,126976,independent_triples,1000,0,0.0,0.0,4.333850448344e-06,9.381087504170656e-07,0.008413857289880656,0.008934633943117153,0.008413857289880656,0.016567163656346334,0.0007612383818268951,-0.009170761821259208,0,0
eight_rare,0.0,estimated,8192,8192,1600,64,126976,pooled_variance,1000,0,0.0,0.0,-1.1225795460671881e-07,9.381087504170656e-07,0.008413857289880656,0.008934633943117153,0.008413857289880656,0.016567163656346334,0.0007538812375876491,-0.009167850785422912,0,0
eight_rare,0.0,estimated,8192,8192,1600,64,126976,signed_range,1000,0,0.0,0.0,1.2843349789408295e-06,9.381087504170656e-07,0.008413857289880656,0.008934633943117153,0.008413857289880656,0.016567163656346334,0.004726002791156302,-0.013138575746058017,0,0
eight_rare,0.0,estimated,8192,8192,1600,64,126976,signed_variance,1000,0,0.0,0.0,1.2843349789408295e-06,9.381087504170656e-07,0.008413857289880656,0.008934633943117153,0.008413857289880656,0.016567163656346334,0.0007612352973063217,-0.009173808252208036,0,0
eight_rare,0.125,estimated,8192,512,25,64,10816,absolute_range,1000,0,0.0,0.006827551020408163,0.006825218417682551,6.573795557980216e-06,0.1329454752528695,0.1329454752528695,0.12767818663542607,0.24438097511640997,0.03785187565442632,-0.16397213248961326,0,0
eight_rare,0.125,estimated,8192,512,25,64,10816,independent_triples,1000,0,0.0,0.006827551020408163,0.006826492792439251,6.573795557980216e-06,0.12767818663542607,0.1329454752528695,0.12767818663542607,0.24438097511640997,0.016366235901660222,-0.13721792974464705,0,0
eight_rare,0.125,estimated,8192,512,25,64,10816,pooled_variance,1000,0,0.0,0.006827551020408163,0.006820212128126434,6.573795557980216e-06,0.12767818663542607,0.1329454752528695,0.12767818663542607,0.24438097511640997,0.01613753333546974,-0.13699550784276937,0,0
eight_rare,0.125,estimated,8192,512,25,64,10816,signed_range,1000,0,0.0,0.006827551020408163,0.006825218417682551,6.573795557980216e-06,0.12767818663542607,0.1329454752528695,0.12767818663542607,0.24438097511640997,0.03785187565442632,-0.15870484387216985,0,0
eight_rare,0.125,estimated,8192,512,25,64,10816,signed_variance,1000,0,0.0,0.006827551020408163,0.006825218417682551,6.573795557980216e-06,0.12767818663542607,0.1329454752528695,0.12767818663542607,0.24438097511640997,0.016353558829693714,-0.13720652704743724,0,0
eight_rare,0.125,estimated,8192,512,100,64,15616,absolute_range,1000,0,0.0,0.006827551020408163,0.006880913824570723,6.573795557980216e-06,0.1329454752528695,0.1329454752528695,0.12767818663542607,0.24438097511640997,0.01892593782721316,-0.14499049925551194,0,0
eight_rare,0.125,estimated,8192,512,100,64,15616,independent_triples,1000,0,0.0,0.006827551020408163,0.0068434998067974625,6.573795557980216e-06,0.12767818663542607,0.1329454752528695,0.12767818663542607,0.24438097511640997,0.00526853922344212,-0.12610322605207075,0,0
eight_rare,0.125,estimated,8192,512,100,64,15616,pooled_variance,1000,0,0.0,0.006827551020408163,0.006877735251349759,6.573795557980216e-06,0.12767818663542607,0.1329454752528695,0.12767818663542607,0.24438097511640997,0.005202030508313407,-0.12600248189238972,0,0
eight_rare,0.125,estimated,8192,512,100,64,15616,signed_range,1000,0,0.0,0.006827551020408163,0.006880913824570723,6.573795557980216e-06,0.12767818663542607,0.1329454752528695,0.12767818663542607,0.24438097511640997,0.01892593782721316,-0.1397232106380685,0,0
eight_rare,0.125,estimated,8192,512,100,64,15616,signed_variance,1000,0,0.0,0.006827551020408163,0.006880913824570723,6.573795557980216e-06,0.12767818663542607,0.1329454752528695,0.12767818663542607,0.24438097511640997,0.005267748250966111,-0.12606502106182146,0,0
eight_rare,0.125,estimated,8192,512,400,64,34816,absolute_range,1000,0,0.0,0.006827551020408163,0.006863932712422387,6.573795557980216e-06,0.1329454752528695,0.1329454752528695,0.12767818663542607,0.24438097511640997,0.00946296891360658,-0.1355445114540537,0,0
eight_rare,0.125,estimated,8192,512,400,64,34816,independent_triples,1000,0,0.0,0.006827551020408163,0.006847774187537891,6.573795557980216e-06,0.12767818663542607,0.1329454752528695,0.12767818663542607,0.24438097511640997,0.001907498848857763,-0.12273791129674595,0,0
eight_rare,0.125,estimated,8192,512,400,64,34816,pooled_variance,1000,0,0.0,0.006827551020408163,0.006863664827436661,6.573795557980216e-06,0.12767818663542607,0.1329454752528695,0.12767818663542607,0.24438097511640997,0.001886313621061855,-0.12270083542905126,0,0
eight_rare,0.125,estimated,8192,512,400,64,34816,signed_range,1000,0,0.0,0.006827551020408163,0.006863932712422387,6.573795557980216e-06,0.12767818663542607,0.1329454752528695,0.12767818663542607,0.24438097511640997,0.00946296891360658,-0.13027722283661025,0,0
eight_rare,0.125,estimated,8192,512,400,64,34816,signed_variance,1000,0,0.0,0.006827551020408163,0.006863932712422387,6.573795557980216e-06,0.12767818663542607,0.1329454752528695,0.12767818663542607,0.24438097511640997,0.001907449434045689,-0.12272170335704938,0,0
eight_rare,0.125,estimated,8192,512,1600,64,111616,absolute_range,1000,0,0.0,0.006827551020408163,0.006837502554173678,6.573795557980216e-06,0.1329454752528695,0.1329454752528695,0.12767818663542607,0.24438097511640997,0.00473148445680329,-0.1308394571554991,0,0
eight_rare,0.125,estimated,8192,512,1600,64,111616,independent_triples,1000,0,0.0,0.006827551020408163,0.0068368688907294185,6.573795557980216e-06,0.12767818663542607,0.1329454752528695,0.12767818663542607,0.24438097511640997,0.0007718933565906944,-0.12161321110128735,0,0
eight_rare,0.125,estimated,8192,512,1600,64,111616,pooled_variance,1000,0,0.0,0.006827551020408163,0.006837264345099157,6.573795557980216e-06,0.12767818663542607,0.1329454752528695,0.12767818663542607,0.24438097511640997,0.0007643212090742986,-0.12160524349940122,0,0
eight_rare,0.125,estimated,8192,512,1600,64,111616,signed_range,1000,0,0.0,0.006827551020408163,0.006837502554173678,6.573795557980216e-06,0.12767818663542607,0.1329454752528695,0.12767818663542607,0.24438097511640997,0.00473148445680329,-0.12557216853805567,0,0
eight_rare,0.125,estimated,8192,512,1600,64,111616,signed_variance,1000,0,0.0,0.006827551020408163,0.006837502554173678,6.573795557980216e-06,0.12767818663542607,0.1329454752528695,0.12767818663542607,0.24438097511640997,0.0007718902684924019,-0.1216125743497448,0,0
eight_rare,0.125,estimated,8192,8192,25,64,26176,absolute_range,1000,0,0.0,0.006827551020408163,0.006825218417682551,6.573795557980216e-06,0.00895121679112197,0.00895121679112197,0.008518618289065402,0.016585955447956265,0.03785187565442632,-0.03997787402786574,0,0
eight_rare,0.125,estimated,8192,8192,25,64,26176,independent_triples,1000,0,0.0,0.006827551020408163,0.006826492792439251,6.573795557980216e-06,0.008518618289065402,0.00895121679112197,0.008518618289065402,0.016585955447956265,0.016366235901660222,-0.01805836139828637,0,0
eight_rare,0.125,estimated,8192,8192,25,64,26176,pooled_variance,1000,0,0.0,0.006827551020408163,0.006820212128126434,6.573795557980216e-06,0.008518618289065402,0.00895121679112197,0.008518618289065402,0.016585955447956265,0.01613753333546974,-0.017835939496408704,0,0
eight_rare,0.125,estimated,8192,8192,25,64,26176,signed_range,1000,0,0.0,0.006827551020408163,0.006825218417682551,6.573795557980216e-06,0.008518618289065402,0.00895121679112197,0.008518618289065402,0.016585955447956265,0.03785187565442632,-0.039545275525809165,0,0
eight_rare,0.125,estimated,8192,8192,25,64,26176,signed_variance,1000,0,0.0,0.006827551020408163,0.006825218417682551,6.573795557980216e-06,0.008518618289065402,0.00895121679112197,0.008518618289065402,0.016585955447956265,0.016353558829693714,-0.018046958701076567,0,0
eight_rare,0.125,estimated,8192,8192,100,64,30976,absolute_range,1000,0,0.0,0.006827551020408163,0.006880913824570723,6.573795557980216e-06,0.00895121679112197,0.00895121679112197,0.008518618289065402,0.016585955447956265,0.01892593782721316,-0.020996240793764404,0,0
eight_rare,0.125,estimated,8192,8192,100,64,30976,independent_triples,1000,0,0.0,0.006827551020408163,0.0068434998067974625,6.573795557980216e-06,0.008518618289065402,0.00895121679112197,0.008518618289065402,0.016585955447956265,0.00526853922344212,-0.0069436577057100605,0,0
eight_rare,0.125,estimated,8192,8192,100,64,30976,pooled_variance,1000,0,0.0,0.006827551020408163,0.006877735251349759,6.573795557980216e-06,0.008518618289065402,0.00895121679112197,0.008518618289065402,0.016585955447956265,0.005202030508313407,-0.006842913546029051,0,0
eight_rare,0.125,estimated,8192,8192,100,64,30976,signed_range,1000,0,0.0,0.006827551020408163,0.006880913824570723,6.573795557980216e-06,0.008518618289065402,0.00895121679112197,0.008518618289065402,0.016585955447956265,0.01892593782721316,-0.020563642291707835,0,0
eight_rare,0.125,estimated,8192,8192,100,64,30976,signed_variance,1000,0,0.0,0.006827551020408163,0.006880913824570723,6.573795557980216e-06,0.008518618289065402,0.00895121679112197,0.008518618289065402,0.016585955447956265,0.005267748250966111,-0.00690545271546079,0,0
eight_rare,0.125,estimated,8192,8192,400,64,50176,absolute_range,1000,0,0.0,0.006827551020408163,0.006863932712422387,6.573795557980216e-06,0.00895121679112197,0.00895121679112197,0.008518618289065402,0.016585955447956265,0.00946296891360658,-0.011550252992306163,0,0
eight_rare,0.125,estimated,8192,8192,400,64,50176,independent_triples,1000,0,0.0,0.006827551020408163,0.006847774187537891,6.573795557980216e-06,0.008518618289065402,0.00895121679112197,0.008518618289065402,0.016585955447956265,0.001907498848857763,-0.0035783429503852757,0,0
eight_rare,0.125,estimated,8192,8192,400,64,50176,pooled_variance,1000,0,0.0,0.006827551020408163,0.006863664827436661,6.573795557980216e-06,0.008518618289065402,0.00895121679112197,0.008518618289065402,0.016585955447956265,0.001886313621061855,-0.0035412670826905955,0,0
eight_rare,0.125,estimated,8192,8192,400,64,50176,signed_range,1000,0,0.0,0.006827551020408163,0.006863932712422387,6.573795557980216e-06,0.008518618289065402,0.00895121679112197,0.008518618289065402,0.016585955447956265,0.00946296891360658,-0.011117654490249596,0,0
eight_rare,0.125,estimated,8192,8192,400,64,50176,signed_variance,1000,0,0.0,0.006827551020408163,0.006863932712422387,6.573795557980216e-06,0.008518618289065402,0.00895121679112197,0.008518618289065402,0.016585955447956265,0.001907449434045689,-0.003562135010688705,0,0
eight_rare,0.125,estimated,8192,8192,1600,64,126976,absolute_range,1000,0,0.0,0.006827551020408163,0.006837502554173678,6.573795557980216e-06,0.00895121679112197,0.00895121679112197,0.008518618289065402,0.016585955447956265,0.00473148445680329,-0.006845198693751582,0,0
eight_rare,0.125,estimated,8192,8192,1600,64,126976,independent_triples,1000,0,0.0,0.006827551020408163,0.0068368688907294185,6.573795557980216e-06,0.008518618289065402,0.00895121679112197,0.008518618289065402,0.016585955447956265,0.0007718933565906944,-0.0024536427549266787,0,0
eight_rare,0.125,estimated,8192,8192,1600,64,126976,pooled_variance,1000,0,0.0,0.006827551020408163,0.006837264345099157,6.573795557980216e-06,0.008518618289065402,0.00895121679112197,0.008518618289065402,0.016585955447956265,0.0007643212090742986,-0.0024456751530405442,0,0
eight_rare,0.125,estimated,8192,8192,1600,64,126976,signed_range,1000,0,0.0,0.006827551020408163,0.006837502554173678,6.573795557980216e-06,0.008518618289065402,0.00895121679112197,0.008518618289065402,0.016585955447956265,0.00473148445680329,-0.006412600191695014,0,0
eight_rare,0.125,estimated,8192,8192,1600,64,126976,signed_variance,1000,0,0.0,0.006827551020408163,0.006837502554173678,6.573795557980216e-06,0.008518618289065402,0.00895121679112197,0.008518618289065402,0.016585955447956265,0.0007718902684924019,-0.002453006003384126,0,0
eight_rare,0.25,estimated,8192,512,25,64,10816,absolute_range,1000,0,0.0,0.013655102040816327,0.01365006916249787,1.2628641121814317e-05,0.13295930103442347,0.13295930103442347,0.12873132000908166,0.24424584439669203,0.037676004817625834,-0.15698523668955144,0,0
eight_rare,0.25,estimated,8192,512,25,64,10816,independent_triples,1000,0,0.0,0.013655102040816327,0.013683583418500333,1.2628641121814317e-05,0.12873132000908166,0.13295930103442347,0.12873132000908166,0.24424584439669203,0.01637061617803852,-0.13141835276861982,0,0
eight_rare,0.25,estimated,8192,512,25,64,10816,pooled_variance,1000,0,0.0,0.013655102040816327,0.01365244985225626,1.2628641121814317e-05,0.12873132000908166,0.13295930103442347,0.12873132000908166,0.24424584439669203,0.01613759634045382,-0.13121646649727922,0,0
eight_rare,0.25,estimated,8192,512,25,64,10816,signed_range,1000,0,0.0,0.013655102040816327,0.01365006916249787,1.2628641121814317e-05,0.12873132000908166,0.13295930103442347,0.12873132000908166,0.24424584439669203,0.037676004817625834,-0.1527572556642096,0,0
eight_rare,0.25,estimated,8192,512,25,64,10816,signed_variance,1000,0,0.0,0.013655102040816327,0.01365006916249787,1.2628641121814317e-05,0.12873132000908166,0.13295930103442347,0.12873132000908166,0.24424584439669203,0.016357998007439947,-0.13143924885402372,0,0
eight_rare,0.25,estimated,8192,512,100,64,15616,absolute_range,1000,0,0.0,0.013655102040816327,0.01364947823739646,1.2628641121814317e-05,0.13295930103442347,0.13295930103442347,0.12873132000908166,0.24424584439669203,0.018838002408812917,-0.13814782520583993,0,0
eight_rare,0.25,estimated,8192,512,100,64,15616,independent_triples,1000,0,0.0,0.013655102040816327,0.013648260812459248,1.2628641121814317e-05,0.12873132000908166,0.13295930103442347,0.12873132000908166,0.24424584439669203,0.005281703959040638,-0.12036476315566304,0,0
eight_rare,0.25,estimated,8192,512,100,64,15616,pooled_variance,1000,0,0.0,0.013655102040816327,0.013651018991233931,1.2628641121814317e-05,0.12873132000908166,0.13295930103442347,0.12873132000908166,0.24424584439669203,0.005218488815829485,-0.1202987898336772,0,0
eight_rare,0.25,estimated,8192,512,100,64,15616,signed_range,1000,0,0.0,0.013655102040816327,0.01364947823739646,1.2628641121814317e-05,0.12873132000908166,0.13295930103442347,0.12873132000908166,0.24424584439669203,0.018838002408812917,-0.1339198441804981,0,0
eight_rare,0.25,estimated,8192,512,100,64,15616,signed_variance,1000,0,0.0,0.013655102040816327,0.01364947823739646,1.2628641121814317e-05,0.12873132000908166,0.13295930103442347,0.12873132000908166,0.24424584439669203,0.005280916661653086,-0.12036275843333827,0,0
eight_rare,0.25,estimated,8192,512,400,64,34816,absolute_range,1000,0,0.0,0.013655102040816327,0.01364994300866021,1.2628641121814317e-05,0.13295930103442347,0.13295930103442347,0.12873132000908166,0.24424584439669203,0.009419001204406459,-0.12872835923016973,0,0
eight_rare,0.25,estimated,8192,512,400,64,34816,independent_triples,1000,0,0.0,0.013655102040816327,0.013648860602344118,1.2628641121814317e-05,0.12873132000908166,0.13295930103442347,0.12873132000908166,0.24424584439669203,0.0019180931051830741,-0.1170005525119206,0,0
eight_rare,0.25,estimated,8192,512,400,64,34816,pooled_variance,1000,0,0.0,0.013655102040816327,0.013652011596217343,1.2628641121814317e-05,0.12873132000908166,0.13295930103442347,0.12873132000908166,0.24424584439669203,0.0018976161866221409,-0.11697692459948646,0,0
eight_rare,0.25,estimated,8192,512,400,64,34816,signed_range,1000,0,0.0,0.013655102040816327,0.01364994300866021,1.2628641121814317e-05,0.12873132000908166,0.13295930103442347,0.12873132000908166,0.24424584439669203,0.009419001204406459,-0.1245003782048279,0,0
eight_rare,0.25,estimated,8192,512,400,64,34816,signed_variance,1000,0,0.0,0.013655102040816327,0.01364994300866021,1.2628641121814317e-05,0.12873132000908166,0.13295930103442347,0.12873132000908166,0.24424584439669203,0.001918043919966607,-0.11699942092038805,0,0
eight_rare,0.25,estimated,8192,512,1600,64,111616,absolute_range,1000,0,0.0,0.013655102040816327,0.013662332429454142,1.2628641121814317e-05,0.13295930103442347,0.13295930103442347,0.12873132000908166,0.24424584439669203,0.004709500602203229,-0.12400646920717256,0,0
eight_rare,0.25,estimated,8192,512,1600,64,111616,independent_triples,1000,0,0.0,0.013655102040816327,0.013665861743972389,1.2628641121814317e-05,0.12873132000908166,0.13295930103442347,0.12873132000908166,0.24424584439669203,0.0007782981376998015,-0.11584375640280907,0,0
eight_rare,0.25,estimated,8192,512,1600,64,111616,pooled_variance,1000,0,0.0,0.013655102040816327,0.01366282880870799,1.2628641121814317e-05,0.12873132000908166,0.13295930103442347,0.12873132000908166,0.24424584439669203,0.0007707743066126645,-0.11583926550698632,0,0
eight_rare,0.25,estimated,8192,512,1600,64,111616,signed_range,1000,0,0.0,0.013655102040816327,0.013662332429454142,1.2628641121814317e-05,0.12873132000908166,0.13295930103442347,0.12873132000908166,0.24424584439669203,0.004709500602203229,-0.11977848818183073,0,0
eight_rare,0.25,estimated,8192,512,1600,64,111616,signed_variance,1000,0,0.0,0.013655102040816327,0.013662332429454142,1.2628641121814317e-05,0.12873132000908166,0.13295930103442347,0.12873132000908166,0.24424584439669203,0.000778295063949713,-0.11584728264357723,0,0
eight_rare,0.25,estimated,8192,8192,25,64,26176,absolute_range,1000,0,0.0,0.013655102040816327,0.01365006916249787,1.2628641121814317e-05,0.008918307963507876,0.008918307963507876,0.008564058533564784,0.01651230839057451,0.037676004817625834,-0.032944243618635835,0,0
eight_rare,0.25,estimated,8192,8192,25,64,26176,independent_triples,1000,0,0.0,0.013655102040816327,0.013683583418500333,1.2628641121814317e-05,0.008564058533564784,0.008918307963507876,0.008564058533564784,0.01651230839057451,0.01637061617803852,-0.01125109129310297,0,0
eight_rare,0.25,estimated,8192,8192,25,64,26176,pooled_variance,1000,0,0.0,0.013655102040816327,0.01365244985225626,1.2628641121814317e-05,0.008564058533564784,0.008918307963507876,0.008564058533564784,0.01651230839057451,0.01613759634045382,-0.011049205021762343,0,0
eight_rare,0.25,estimated,8192,8192,25,64,26176,signed_range,1000,0,0.0,0.013655102040816327,0.01365006916249787,1.2628641121814317e-05,0.008564058533564784,0.008918307963507876,0.008564058533564784,0.01651230839057451,0.037676004817625834,-0.03258999418869274,0,0
eight_rare,0.25,estimated,8192,8192,25,64,26176,signed_variance,1000,0,0.0,0.013655102040816327,0.01365006916249787,1.2628641121814317e-05,0.008564058533564784,0.008918307963507876,0.008564058533564784,0.01651230839057451,0.016357998007439947,-0.01127198737850686,0,0
eight_rare,0.25,estimated,8192,8192,100,64,30976,absolute_range,1000,0,0.0,0.013655102040816327,0.01364947823739646,1.2628641121814317e-05,0.008918307963507876,0.008918307963507876,0.008564058533564784,0.01651230839057451,0.018838002408812917,-0.014106832134924328,0,0
eight_rare,0.25,estimated,8192,8192,100,64,30976,independent_triples,1000,433,0.433,0.013655102040816327,0.013648260812459248,1.2628641121814317e-05,0.008564058533564784,0.008918307963507876,0.008564058533564784,0.01651230839057451,0.005281703959040638,-0.0001975016801461743,0,0
eight_rare,0.25,estimated,8192,8192,100,64,30976,pooled_variance,1000,461,0.461,0.013655102040816327,0.013651018991233931,1.2628641121814317e-05,0.008564058533564784,0.008918307963507876,0.008564058533564784,0.01651230839057451,0.005218488815829485,-0.00013152835816033817,0,0
eight_rare,0.25,estimated,8192,8192,100,64,30976,signed_range,1000,0,0.0,0.013655102040816327,0.01364947823739646,1.2628641121814317e-05,0.008564058533564784,0.008918307963507876,0.008564058533564784,0.01651230839057451,0.018838002408812917,-0.013752582704981238,0,0
eight_rare,0.25,estimated,8192,8192,100,64,30976,signed_variance,1000,435,0.435,0.013655102040816327,0.01364947823739646,1.2628641121814317e-05,0.008564058533564784,0.008918307963507876,0.008564058533564784,0.01651230839057451,0.005280916661653086,-0.0001954969578214103,0,0
eight_rare,0.25,estimated,8192,8192,400,64,50176,absolute_range,1000,0,0.0,0.013655102040816327,0.01364994300866021,1.2628641121814317e-05,0.008918307963507876,0.008918307963507876,0.008564058533564784,0.01651230839057451,0.009419001204406459,-0.004687366159254124,0,0
eight_rare,0.25,estimated,8192,8192,400,64,50176,independent_triples,1000,1000,1.0,0.013655102040816327,0.013648860602344118,1.2628641121814317e-05,0.008564058533564784,0.008918307963507876,0.008564058533564784,0.01651230839057451,0.0019180931051830741,0.0031667089635962595,0,0
eight_rare,0.25,estimated,8192,8192,400,64,50176,pooled_variance,1000,1000,1.0,0.013655102040816327,0.013652011596217343,1.2628641121814317e-05,0.008564058533564784,0.008918307963507876,0.008564058533564784,0.01651230839057451,0.0018976161866221409,0.0031903368760304177,0,0
eight_rare,0.25,estimated,8192,8192,400,64,50176,signed_range,1000,0,0.0,0.013655102040816327,0.01364994300866021,1.2628641121814317e-05,0.008564058533564784,0.008918307963507876,0.008564058533564784,0.01651230839057451,0.009419001204406459,-0.004333116729311033,0,0
eight_rare,0.25,estimated,8192,8192,400,64,50176,signed_variance,1000,1000,1.0,0.013655102040816327,0.01364994300866021,1.2628641121814317e-05,0.008564058533564784,0.008918307963507876,0.008564058533564784,0.01651230839057451,0.001918043919966607,0.003167840555128817,0,0
eight_rare,0.25,estimated,8192,8192,1600,64,126976,absolute_range,1000,559,0.559,0.013655102040816327,0.013662332429454142,1.2628641121814317e-05,0.008918307963507876,0.008918307963507876,0.008564058533564784,0.01651230839057451,0.004709500602203229,3.4523863743036514e-05,0,0
eight_rare,0.25,estimated,8192,8192,1600,64,126976,independent_triples,1000,1000,1.0,0.013655102040816327,0.013665861743972389,1.2628641121814317e-05,0.008564058533564784,0.008918307963507876,0.008564058533564784,0.01651230839057451,0.0007782981376998015,0.0043235050727078025,0,0
eight_rare,0.25,estimated,8192,8192,1600,64,126976,pooled_variance,1000,1000,1.0,0.013655102040816327,0.01366282880870799,1.2628641121814317e-05,0.008564058533564784,0.008918307963507876,0.008564058533564784,0.01651230839057451,0.0007707743066126645,0.00432799596853054,0,0
eight_rare,0.25,estimated,8192,8192,1600,64,126976,signed_range,1000,739,0.739,0.013655102040816327,0.013662332429454142,1.2628641121814317e-05,0.008564058533564784,0.008918307963507876,0.008564058533564784,0.01651230839057451,0.004709500602203229,0.00038877329368612704,0,0
eight_rare,0.25,estimated,8192,8192,1600,64,126976,signed_variance,1000,1000,1.0,0.013655102040816327,0.013662332429454142,1.2628641121814317e-05,0.008564058533564784,0.008918307963507876,0.008564058533564784,0.01651230839057451,0.000778295063949713,0.0043199788319396425,0,0
eight_rare,0.5,estimated,8192,512,25,64,10816,absolute_range,1000,0,0.0,0.027310204081632653,0.027324151235893813,2.231239585288305e-05,0.132930103060603,0.132930103060603,0.13061852771895321,0.24256994277413135,0.03778516274491928,-0.14339111456962847,0,0
eight_rare,0.5,estimated,8192,512,25,64,10816,independent_triples,1000,0,0.0,0.027310204081632653,0.027367316822760425,2.231239585288305e-05,0.13061852771895321,0.132930103060603,0.13061852771895321,0.24256994277413135,0.016450151137375014,-0.11970136203356779,0,0
eight_rare,0.5,estimated,8192,512,25,64,10816,pooled_variance,1000,0,0.0,0.027310204081632653,0.027325120924574134,2.231239585288305e-05,0.13061852771895321,0.132930103060603,0.13061852771895321,0.24256994277413135,0.01622540845917209,-0.11951881525355117,0,0
eight_rare,0.5,estimated,8192,512,25,64,10816,signed_range,1000,0,0.0,0.027310204081632653,0.027324151235893813,2.231239585288305e-05,0.13061852771895321,0.132930103060603,0.13061852771895321,0.24256994277413135,0.03778516274491928,-0.14107953922797867,0,0
eight_rare,0.5,estimated,8192,512,25,64,10816,signed_variance,1000,0,0.0,0.027310204081632653,0.027324151235893813,2.231239585288305e-05,0.13061852771895321,0.132930103060603,0.13061852771895321,0.24256994277413135,0.01643749640840579,-0.11973187289146518,0,0
eight_rare,0.5,estimated,8192,512,100,64,15616,absolute_range,1000,0,0.0,0.027310204081632653,0.02733382066677815,2.231239585288305e-05,0.132930103060603,0.132930103060603,0.13061852771895321,0.24256994277413135,0.01889258137245964,-0.12448886376628449,0,0
eight_rare,0.5,estimated,8192,512,100,64,15616,independent_triples,1000,0,0.0,0.027310204081632653,0.027363308369572143,2.231239585288305e-05,0.13061852771895321,0.132930103060603,0.13061852771895321,0.24256994277413135,0.005314581230722253,-0.10856980058010332,0,0
eight_rare,0.5,estimated,8192,512,100,64,15616,pooled_variance,1000,0,0.0,0.027310204081632653,0.027334646447452315,2.231239585288305e-05,0.13061852771895321,0.132930103060603,0.13061852771895321,0.24256994277413135,0.005251302747388443,-0.10853518401888934,0,0
eight_rare,0.5,estimated,8192,512,100,64,15616,signed_range,1000,0,0.0,0.027310204081632653,0.02733382066677815,2.231239585288305e-05,0.13061852771895321,0.132930103060603,0.13061852771895321,0.24256994277413135,0.01889258137245964,-0.1221772884246347,0,0
eight_rare,0.5,estimated,8192,512,100,64,15616,signed_variance,1000,0,0.0,0.027310204081632653,0.02733382066677815,2.231239585288305e-05,0.13061852771895321,0.132930103060603,0.13061852771895321,0.24256994277413135,0.00531379165231389,-0.10859849870448894,0,0
eight_rare,0.5,estimated,8192,512,400,64,34816,absolute_range,1000,0,0.0,0.027310204081632653,0.027338102047195206,2.231239585288305e-05,0.132930103060603,0.132930103060603,0.13061852771895321,0.24256994277413135,0.00944629068622982,-0.11503829169963761,0,0
eight_rare,0.5,estimated,8192,512,400,64,34816,independent_triples,1000,0,0.0,0.027310204081632653,0.02733836496466537,2.231239585288305e-05,0.13061852771895321,0.132930103060603,0.13061852771895321,0.24256994277413135,0.0019324789978510217,-0.10521264175213886,0,0
eight_rare,0.5,estimated,8192,512,400,64,34816,pooled_variance,1000,0,0.0,0.027310204081632653,0.027336611899430534,2.231239585288305e-05,0.13061852771895321,0.132930103060603,0.13061852771895321,0.24256994277413135,0.0019119697142891158,-0.1051938855338118,0,0
eight_rare,0.5,estimated,8192,512,400,64,34816,signed_range,1000,0,0.0,0.027310204081632653,0.027338102047195206,2.231239585288305e-05,0.13061852771895321,0.132930103060603,0.13061852771895321,0.24256994277413135,0.00944629068622982,-0.11272671635798782,0,0
eight_rare,0.5,estimated,8192,512,400,64,34816,signed_variance,1000,0,0.0,0.027310204081632653,0.027338102047195206,2.231239585288305e-05,0.13061852771895321,0.132930103060603,0.13061852771895321,0.24256994277413135,0.0019324296701312207,-0.10521285534188922,0,0
eight_rare,0.5,estimated,8192,512,1600,64,111616,absolute_range,1000,0,0.0,0.027310204081632653,0.02733296493601025,2.231239585288305e-05,0.132930103060603,0.132930103060603,0.13061852771895321,0.24256994277413135,0.00472314534311491,-0.11032028346770766,0,0
eight_rare,0.5,estimated,8192,512,1600,64,111616,independent_triples,1000,0,0.0,0.027310204081632653,0.027332991063796417,2.231239585288305e-05,0.13061852771895321,0.132930103060603,0.13061852771895321,0.24256994277413135,0.0007848792198146616,-0.10407041587497146,0,0
eight_rare,0.5,estimated,8192,512,1600,64,111616,pooled_variance,1000,0,0.0,0.027310204081632653,0.027333032862301387,2.231239585288305e-05,0.13061852771895321,0.132930103060603,0.13061852771895321,0.24256994277413135,0.0007772909972531425,-0.10406278585390497,0,0
eight_rare,0.5,estimated,8192,512,1600,64,111616,signed_range,1000,0,0.0,0.027310204081632653,0.02733296493601025,2.231239585288305e-05,0.13061852771895321,0.132930103060603,0.13061852771895321,0.24256994277413135,0.00472314534311491,-0.10800870812605787,0,0
eight_rare,0.5,estimated,8192,512,1600,64,111616,signed_variance,1000,0,0.0,0.027310204081632653,0.02733296493601025,2.231239585288305e-05,0.13061852771895321,0.132930103060603,0.13061852771895321,0.24256994277413135,0.0007848761371590592,-0.10407043892010202,0,0
eight_rare,0.5,estimated,8192,8192,25,64,26176,absolute_range,1000,0,0.0,0.027310204081632653,0.027324151235893813,2.231239585288305e-05,0.00895877961630789,0.00895877961630789,0.008738579457089711,0.016480889756848464,0.03778516274491928,-0.01941979112533336,0,0
eight_rare,0.5,estimated,8192,8192,25,64,26176,independent_triples,1000,867,0.867,0.027310204081632653,0.027367316822760425,2.231239585288305e-05,0.008738579457089711,0.00895877961630789,0.008738579457089711,0.016480889756848464,0.016450151137375014,0.002178586228295701,0,0
eight_rare,0.5,estimated,8192,8192,25,64,26176,pooled_variance,1000,933,0.933,0.027310204081632653,0.027325120924574134,2.231239585288305e-05,0.008738579457089711,0.00895877961630789,0.008738579457089711,0.016480889756848464,0.01622540845917209,0.00236113300831233,0,0
eight_rare,0.5,estimated,8192,8192,25,64,26176,signed_range,1000,0,0.0,0.027310204081632653,0.027324151235893813,2.231239585288305e-05,0.008738579457089711,0.00895877961630789,0.008738579457089711,0.016480889756848464,0.03778516274491928,-0.019199590966115183,0,0
eight_rare,0.5,estimated,8192,8192,25,64,26176,signed_variance,1000,916,0.916,0.027310204081632653,0.027324151235893813,2.231239585288305e-05,0.008738579457089711,0.00895877961630789,0.008738579457089711,0.016480889756848464,0.01643749640840579,0.0021480753703983072,0,0
eight_rare,0.5,estimated,8192,8192,100,64,30976,absolute_range,1000,356,0.356,0.027310204081632653,0.02733382066677815,2.231239585288305e-05,0.00895877961630789,0.00895877961630789,0.008738579457089711,0.016480889756848464,0.01889258137245964,-0.0005175403219893812,0,0
eight_rare,0.5,estimated,8192,8192,100,64,30976,independent_triples,1000,1000,1.0,0.027310204081632653,0.027363308369572143,2.231239585288305e-05,0.008738579457089711,0.00895877961630789,0.008738579457089711,0.016480889756848464,0.005314581230722253,0.013310147681760176,0,0
eight_rare,0.5,estimated,8192,8192,100,64,30976,pooled_variance,1000,1000,1.0,0.027310204081632653,0.027334646447452315,2.231239585288305e-05,0.008738579457089711,0.00895877961630789,0.008738579457089711,0.016480889756848464,0.005251302747388443,0.013344764242974162,0,0
eight_rare,0.5,estimated,8192,8192,100,64,30976,signed_range,1000,421,0.421,0.027310204081632653,0.02733382066677815,2.231239585288305e-05,0.008738579457089711,0.00895877961630789,0.008738579457089711,0.016480889756848464,0.01889258137245964,-0.00029734016277120363,0,0
eight_rare,0.5,estimated,8192,8192,100,64,30976,signed_variance,1000,1000,1.0,0.027310204081632653,0.02733382066677815,2.231239585288305e-05,0.008738579457089711,0.00895877961630789,0.008738579457089711,0.016480889756848464,0.00531379165231389,0.013281449557374547,0,0
eight_rare,0.5,estimated,8192,8192,400,64,50176,absolute_range,1000,1000,1.0,0.027310204081632653,0.027338102047195206,2.231239585288305e-05,0.00895877961630789,0.00895877961630789,0.008738579457089711,0.016480889756848464,0.00944629068622982,0.008933031744657498,0,0
eight_rare,0.5,estimated,8192,8192,400,64,50176,independent_triples,1000,1000,1.0,0.027310204081632653,0.02733836496466537,2.231239585288305e-05,0.008738579457089711,0.00895877961630789,0.008738579457089711,0.016480889756848464,0.0019324789978510217,0.016667306509724637,0,0
eight_rare,0.5,estimated,8192,8192,400,64,50176,pooled_variance,1000,1000,1.0,0.027310204081632653,0.027336611899430534,2.231239585288305e-05,0.008738579457089711,0.00895877961630789,0.008738579457089711,0.016480889756848464,0.0019119697142891158,0.016686062728051707,0,0
eight_rare,0.5,estimated,8192,8192,400,64,50176,signed_range,1000,1000,1.0,0.027310204081632653,0.027338102047195206,2.231239585288305e-05,0.008738579457089711,0.00895877961630789,0.008738579457089711,0.016480889756848464,0.00944629068622982,0.009153231903875675,0,0
eight_rare,0.5,estimated,8192,8192,400,64,50176,signed_variance,1000,1000,1.0,0.027310204081632653,0.027338102047195206,2.231239585288305e-05,0.008738579457089711,0.00895877961630789,0.008738579457089711,0.016480889756848464,0.0019324296701312207,0.016667092919974275,0,0
eight_rare,0.5,estimated,8192,8192,1600,64,126976,absolute_range,1000,1000,1.0,0.027310204081632653,0.02733296493601025,2.231239585288305e-05,0.00895877961630789,0.00895877961630789,0.008738579457089711,0.016480889756848464,0.00472314534311491,0.01365103997658745,0,0
eight_rare,0.5,estimated,8192,8192,1600,64,126976,independent_triples,1000,1000,1.0,0.027310204081632653,0.027332991063796417,2.231239585288305e-05,0.008738579457089711,0.00895877961630789,0.008738579457089711,0.016480889756848464,0.0007848792198146616,0.017809532386892042,0,0
eight_rare,0.5,estimated,8192,8192,1600,64,126976,pooled_variance,1000,1000,1.0,0.027310204081632653,0.027333032862301387,2.231239585288305e-05,0.008738579457089711,0.00895877961630789,0.008738579457089711,0.016480889756848464,0.0007772909972531425,0.017817162407958533,0,0
eight_rare,0.5,estimated,8192,8192,1600,64,126976,signed_range,1000,1000,1.0,0.027310204081632653,0.02733296493601025,2.231239585288305e-05,0.008738579457089711,0.00895877961630789,0.008738579457089711,0.016480889756848464,0.00472314534311491,0.013871240135805627,0,0
eight_rare,0.5,estimated,8192,8192,1600,64,126976,signed_variance,1000,1000,1.0,0.027310204081632653,0.02733296493601025,2.231239585288305e-05,0.008738579457089711,0.00895877961630789,0.008738579457089711,0.016480889756848464,0.0007848761371590592,0.01780950934176148,0,0
two_balanced,-0.125,estimated,8192,512,25,64,10816,absolute_range,1000,0,0.0,-0.005,-0.0050035360138051465,2.176257474266842e-06,0.028872415468745867,0.028872415468745867,0.02741218291141425,0.0543011779843504,0.034911927779282204,-0.06878787926183323,0,0
two_balanced,-0.125,estimated,8192,512,25,64,10816,independent_triples,1000,0,0.0,-0.005,-0.0050034925623176785,2.176257474266842e-06,0.02741218291141425,0.028872415468745867,0.02741218291141425,0.0543011779843504,0.014118508587019442,-0.04653418406075137,0,0
two_balanced,-0.125,estimated,8192,512,25,64,10816,pooled_variance,1000,0,0.0,-0.005,-0.005004896924270407,2.176257474266842e-06,0.02741218291141425,0.028872415468745867,0.02741218291141425,0.0543011779843504,0.01392271416366789,-0.04633979399935254,0,0
two_balanced,-0.125,estimated,8192,512,25,64,10816,signed_range,1000,0,0.0,-0.005,-0.0050035360138051465,2.176257474266842e-06,0.02741218291141425,0.028872415468745867,0.02741218291141425,0.0543011779843504,0.034911927779282204,-0.0673276467045016,0,0
two_balanced,-0.125,estimated,8192,512,25,64,10816,signed_variance,1000,0,0.0,-0.005,-0.0050035360138051465,2.176257474266842e-06,0.02741218291141425,0.028872415468745867,0.02741218291141425,0.0543011779843504,0.01410681614078539,-0.04652253506600478,0,0
two_balanced,-0.125,estimated,8192,512,100,64,15616,absolute_range,1000,0,0.0,-0.005,-0.004996087939148269,2.176257474266842e-06,0.028872415468745867,0.028872415468745867,0.02741218291141425,0.0543011779843504,0.017455963889641102,-0.051324467297535245,0,0
two_balanced,-0.125,estimated,8192,512,100,64,15616,independent_triples,1000,0,0.0,-0.005,-0.004980717135355407,2.176257474266842e-06,0.02741218291141425,0.028872415468745867,0.02741218291141425,0.0543011779843504,0.004371253964587255,-0.03676415401135691,0,0
two_balanced,-0.125,estimated,8192,512,100,64,15616,pooled_variance,1000,0,0.0,-0.005,-0.004998449617392698,2.176257474266842e-06,0.02741218291141425,0.028872415468745867,0.02741218291141425,0.0543011779843504,0.004316837472017331,-0.036727470000824276,0,0
two_balanced,-0.125,estimated,8192,512,100,64,15616,signed_range,1000,0,0.0,-0.005,-0.004996087939148269,2.176257474266842e-06,0.02741218291141425,0.028872415468745867,0.02741218291141425,0.0543011779843504,0.017455963889641102,-0.04986423474020362,0,0
two_balanced,-0.125,estimated,8192,512,100,64,15616,signed_variance,1000,0,0.0,-0.005,-0.004996087939148269,2.176257474266842e-06,0.02741218291141425,0.028872415468745867,0.02741218291141425,0.0543011779843504,0.004370524426790768,-0.03677879527735329,0,0
two_balanced,-0.125,estimated,8192,512,400,64,34816,absolute_range,1000,0,0.0,-0.005,-0.004985243549519767,2.176257474266842e-06,0.028872415468745867,0.028872415468745867,0.02741218291141425,0.0543011779843504,0.008727981944820551,-0.04258564096308619,0,0
two_balanced,-0.125,estimated,8192,512,400,64,34816,independent_triples,1000,0,0.0,-0.005,-0.004974247916957785,2.176257474266842e-06,0.02741218291141425,0.028872415468745867,0.02741218291141425,0.0543011779843504,0.001516038465254121,-0.033902469293626156,0,0
two_balanced,-0.125,estimated,8192,512,400,64,34816,pooled_variance,1000,0,0.0,-0.005,-0.00498593677614426,2.176257474266842e-06,0.02741218291141425,0.028872415468745867,0.02741218291141425,0.0543011779843504,0.0014992425769926848,-0.033897362264551194,0,0
two_balanced,-0.125,estimated,8192,512,400,64,34816,signed_range,1000,0,0.0,-0.005,-0.004985243549519767,2.176257474266842e-06,0.02741218291141425,0.028872415468745867,0.02741218291141425,0.0543011779843504,0.008727981944820551,-0.04112540840575457,0,0
two_balanced,-0.125,estimated,8192,512,400,64,34816,signed_variance,1000,0,0.0,-0.005,-0.004985243549519767,2.176257474266842e-06,0.02741218291141425,0.028872415468745867,0.02741218291141425,0.0543011779843504,0.0015159928884809616,-0.03391341934941498,0,0
two_balanced,-0.125,estimated,8192,512,1600,64,111616,absolute_range,1000,0,0.0,-0.005,-0.0049948159563675066,2.176257474266842e-06,0.028872415468745867,0.028872415468745867,0.02741218291141425,0.0543011779843504,0.0043639909724102754,-0.038231222397523655,0,0
two_balanced,-0.125,estimated,8192,512,1600,64,111616,independent_triples,1000,0,0.0,-0.005,-0.004988923397670459,2.176257474266842e-06,0.02741218291141425,0.028872415468745867,0.02741218291141425,0.0543011779843504,0.0005905847855504364,-0.032991691094635144,0,0
two_balanced,-0.125,estimated,8192,512,1600,64,111616,pooled_variance,1000,0,0.0,-0.005,-0.00499565698262282,2.176257474266842e-06,0.02741218291141425,0.028872415468745867,0.02741218291141425,0.0543011779843504,0.0005846942575158929,-0.03299253415155296,0,0
two_balanced,-0.125,estimated,8192,512,1600,64,111616,signed_range,1000,0,0.0,-0.005,-0.0049948159563675066,2.176257474266842e-06,0.02741218291141425,0.028872415468745867,0.02741218291141425,0.0543011779843504,0.0043639909724102754,-0.03677098984019203,0,0
two_balanced,-0.125,estimated,8192,512,1600,64,111616,signed_variance,1000,0,0.0,-0.005,-0.0049948159563675066,2.176257474266842e-06,0.02741218291141425,0.028872415468745867,0.02741218291141425,0.0543011779843504,0.0005905819373041422,-0.0329975808050859,0,0
two_balanced,-0.125,estimated,8192,8192,25,64,26176,absolute_range,1000,0,0.0,-0.005,-0.0050035360138051465,2.176257474266842e-06,0.0018306987960881997,0.0018306987960881997,0.0017301866937780737,0.003415310036893932,0.034911927779282204,-0.041746162589175545,0,0
two_balanced,-0.125,estimated,8192,8192,25,64,26176,independent_triples,1000,0,0.0,-0.005,-0.0050034925623176785,2.176257474266842e-06,0.0017301866937780737,0.0018306987960881997,0.0017301866937780737,0.003415310036893932,0.014118508587019442,-0.020852187843115193,0,0
two_balanced,-0.125,estimated,8192,8192,25,64,26176,pooled_variance,1000,0,0.0,-0.005,-0.005004896924270407,2.176257474266842e-06,0.0017301866937780737,0.0018306987960881997,0.0017301866937780737,0.003415310036893932,0.01392271416366789,-0.020657797781716367,0,0
two_balanced,-0.125,estimated,8192,8192,25,64,26176,signed_range,1000,0,0.0,-0.005,-0.0050035360138051465,2.176257474266842e-06,0.0017301866937780737,0.0018306987960881997,0.0017301866937780737,0.003415310036893932,0.034911927779282204,-0.04164565048686542,0,0
two_balanced,-0.125,estimated,8192,8192,25,64,26176,signed_variance,1000,0,0.0,-0.005,-0.0050035360138051465,2.176257474266842e-06,0.0017301866937780737,0.0018306987960881997,0.0017301866937780737,0.003415310036893932,0.01410681614078539,-0.02084053884836861,0,0
two_balanced,-0.125,estimated,8192,8192,100,64,30976,absolute_range,1000,0,0.0,-0.005,-0.004996087939148269,2.176257474266842e-06,0.0018306987960881997,0.0018306987960881997,0.0017301866937780737,0.003415310036893932,0.017455963889641102,-0.024282750624877572,0,0
two_balanced,-0.125,estimated,8192,8192,100,64,30976,independent_triples,1000,0,0.0,-0.005,-0.004980717135355407,2.176257474266842e-06,0.0017301866937780737,0.0018306987960881997,0.0017301866937780737,0.003415310036893932,0.004371253964587255,-0.011082157793720735,0,0
two_balanced,-0.125,estimated,8192,8192,100,64,30976,pooled_variance,1000,0,0.0,-0.005,-0.004998449617392698,2.176257474266842e-06,0.0017301866937780737,0.0018306987960881997,0.0017301866937780737,0.003415310036893932,0.004316837472017331,-0.011045473783188103,0,0
two_balanced,-0.125,estimated,8192,8192,100,64,30976,signed_range,1000,0,0.0,-0.005,-0.004996087939148269,2.176257474266842e-06,0.0017301866937780737,0.0018306987960881997,0.0017301866937780737,0.003415310036893932,0.017455963889641102,-0.024182238522567446,0,0
two_balanced,-0.125,estimated,8192,8192,100,64,30976,signed_variance,1000,0,0.0,-0.005,-0.004996087939148269,2.176257474266842e-06,0.0017301866937780737,0.0018306987960881997,0.0017301866937780737,0.003415310036893932,0.004370524426790768,-0.011096799059717112,0,0
two_balanced,-0.125,estimated,8192,8192,400,64,50176,absolute_range,1000,0,0.0,-0.005,-0.004985243549519767,2.176257474266842e-06,0.0018306987960881997,0.0018306987960881997,0.0017301866937780737,0.003415310036893932,0.008727981944820551,-0.015543924290428519,0,0
two_balanced,-0.125,estimated,8192,8192,400,64,50176,independent_triples,1000,0,0.0,-0.005,-0.004974247916957785,2.176257474266842e-06,0.0017301866937780737,0.0018306987960881997,0.0017301866937780737,0.003415310036893932,0.001516038465254121,-0.00822047307598998,0,0
two_balanced,-0.125,estimated,8192,8192,400,64,50176,pooled_variance,1000,0,0.0,-0.005,-0.00498593677614426,2.176257474266842e-06,0.0017301866937780737,0.0018306987960881997,0.0017301866937780737,0.003415310036893932,0.0014992425769926848,-0.008215366046915019,0,0
two_balanced,-0.125,estimated,8192,8192,400,64,50176,signed_range,1000,0,0.0,-0.005,-0.004985243549519767,2.176257474266842e-06,0.0017301866937780737,0.0018306987960881997,0.0017301866937780737,0.003415310036893932,0.008727981944820551,-0.015443412188118393,0,0
two_balanced,-0.125,estimated,8192,8192,400,64,50176,signed_variance,1000,0,0.0,-0.005,-0.004985243549519767,2.176257474266842e-06,0.0017301866937780737,0.0018306987960881997,0.0017301866937780737,0.003415310036893932,0.0015159928884809616,-0.008231423131778803,0,0
two_balanced,-0.125,estimated,8192,8192,1600,64,126976,absolute_range,1000,0,0.0,-0.005,-0.0049948159563675066,2.176257474266842e-06,0.0018306987960881997,0.0018306987960881997,0.0017301866937780737,0.003415310036893932,0.0043639909724102754,-0.01118950572486598,0,0
two_balanced,-0.125,estimated,8192,8192,1600,64,126976,independent_triples,1000,0,0.0,-0.005,-0.004988923397670459,2.176257474266842e-06,0.0017301866937780737,0.0018306987960881997,0.0017301866937780737,0.003415310036893932,0.0005905847855504364,-0.00730969487699897,0,0
two_balanced,-0.125,estimated,8192,8192,1600,64,126976,pooled_variance,1000,0,0.0,-0.005,-0.00499565698262282,2.176257474266842e-06,0.0017301866937780737,0.0018306987960881997,0.0017301866937780737,0.003415310036893932,0.0005846942575158929,-0.007310537933916786,0,0
two_balanced,-0.125,estimated,8192,8192,1600,64,126976,signed_range,1000,0,0.0,-0.005,-0.0049948159563675066,2.176257474266842e-06,0.0017301866937780737,0.0018306987960881997,0.0017301866937780737,0.003415310036893932,0.0043639909724102754,-0.011088993622555856,0,0
two_balanced,-0.125,estimated,8192,8192,1600,64,126976,signed_variance,1000,0,0.0,-0.005,-0.0049948159563675066,2.176257474266842e-06,0.0017301866937780737,0.0018306987960881997,0.0017301866937780737,0.003415310036893932,0.0005905819373041422,-0.007315584587449722,0,0
two_balanced,-0.125,opposed_shifts,8192,8192,25,64,26176,absolute_range,1000,0,0.0,-0.005,-0.027503191108721473,-0.022497732224501025,0.03549968291784415,0.03549968291784415,-0.012480938440950646,0.023018744476893508,0.04293354215245524,-0.10593641617902087,0,0
two_balanced,-0.125,opposed_shifts,8192,8192,25,64,26176,independent_triples,1000,0,0.0,-0.005,-0.027503122540466104,-0.022497732224501025,-0.012480938440950646,0.03549968291784415,-0.012480938440950646,0.023018744476893508,0.016586137911833693,-0.03160832201134915,0,0
two_balanced,-0.125,opposed_shifts,8192,8192,25,64,26176,pooled_variance,1000,0,0.0,-0.005,-0.027504552019186734,-0.022497732224501025,-0.012480938440950646,0.03549968291784415,-0.012480938440950646,0.023018744476893508,0.016350669473978372,-0.03137428305221446,0,0
two_balanced,-0.125,opposed_shifts,8192,8192,25,64,26176,signed_range,1000,0,0.0,-0.005,-0.027503191108721473,-0.022497732224501025,-0.012480938440950646,0.03549968291784415,-0.012480938440950646,0.023018744476893508,0.04293354215245524,-0.05795579482022606,0,0
two_balanced,-0.125,opposed_shifts,8192,8192,25,64,26176,signed_variance,1000,0,0.0,-0.005,-0.027503191108721473,-0.022497732224501025,-0.012480938440950646,0.03549968291784415,-0.012480938440950646,0.023018744476893508,0.01657175892547612,-0.03159401159324694,0,0
two_balanced,-0.125,opposed_shifts,8192,8192,100,64,30976,absolute_range,1000,0,0.0,-0.005,-0.027495962891177023,-0.022497732224501025,0.03549968291784415,0.03549968291784415,-0.012480938440950646,0.023018744476893508,0.02146677107622762,-0.0844624168852488,0,0
two_balanced,-0.125,opposed_shifts,8192,8192,100,64,30976,independent_triples,1000,0,0.0,-0.005,-0.027480590898164525,-0.022497732224501025,-0.012480938440950646,0.03549968291784415,-0.012480938440950646,0.023018744476893508,0.004987316361980829,-0.01998696881919471,0,0
two_balanced,-0.125,opposed_shifts,8192,8192,100,64,30976,pooled_variance,1000,0,0.0,-0.005,-0.027498324569421452,-0.022497732224501025,-0.012480938440950646,0.03549968291784415,-0.012480938440950646,0.023018744476893508,0.004923198722157903,-0.019940584850628707,0,0
two_balanced,-0.125,opposed_shifts,8192,8192,100,64,30976,signed_range,1000,0,0.0,-0.005,-0.027495962891177023,-0.022497732224501025,-0.012480938440950646,0.03549968291784415,-0.012480938440950646,0.023018744476893508,0.02146677107622762,-0.036481795526453996,0,0
two_balanced,-0.125,opposed_shifts,8192,8192,100,64,30976,signed_variance,1000,0,0.0,-0.005,-0.027495962891177023,-0.022497732224501025,-0.012480938440950646,0.03549968291784415,-0.012480938440950646,0.023018744476893508,0.004986419200359297,-0.020001443650585673,0,0
two_balanced,-0.125,opposed_shifts,8192,8192,400,64,50176,absolute_range,1000,0,0.0,-0.005,-0.027485260984519453,-0.022497732224501025,0.03549968291784415,0.03549968291784415,-0.012480938440950646,0.023018744476893508,0.01073338553811381,-0.07371832944047742,0,0
two_balanced,-0.125,opposed_shifts,8192,8192,400,64,50176,independent_triples,1000,0,0.0,-0.005,-0.027474251240427565,-0.022497732224501025,-0.012480938440950646,0.03549968291784415,-0.012480938440950646,0.023018744476893508,0.0016700170148771071,-0.01666332981435403,0,0
two_balanced,-0.125,opposed_shifts,8192,8192,400,64,50176,pooled_variance,1000,0,0.0,-0.005,-0.027485954211143946,-0.022497732224501025,-0.012480938440950646,0.03549968291784415,-0.012480938440950646,0.023018744476893508,0.0016508082191355243,-0.01665582398932882,0,0
two_balanced,-0.125,opposed_shifts,8192,8192,400,64,50176,signed_range,1000,0,0.0,-0.005,-0.027485260984519453,-0.022497732224501025,-0.012480938440950646,0.03549968291784415,-0.012480938440950646,0.023018744476893508,0.01073338553811381,-0.025737708081682617,0,0
two_balanced,-0.125,opposed_shifts,8192,8192,400,64,50176,signed_variance,1000,0,0.0,-0.005,-0.027485260984519453,-0.022497732224501025,-0.012480938440950646,0.03549968291784415,-0.012480938440950646,0.023018744476893508,0.0016699609660583775,-0.01667428350962718,0,0
two_balanced,-0.125,opposed_shifts,8192,8192,1600,64,126976,absolute_range,1000,0,0.0,-0.005,-0.027494787871173553,-0.022497732224501025,0.03549968291784415,0.03549968291784415,-0.012480938440950646,0.023018744476893508,0.005366692769056905,-0.0683611635580746,0,0
two_balanced,-0.125,opposed_shifts,8192,8192,1600,64,126976,independent_triples,1000,0,0.0,-0.005,-0.027488894440284378,-0.022497732224501025,-0.012480938440950646,0.03549968291784415,-0.012480938440950646,0.023018744476893508,0.0006290859319890474,-0.01563704193132278,0,0
two_balanced,-0.125,opposed_shifts,8192,8192,1600,64,126976,pooled_variance,1000,0,0.0,-0.005,-0.027495628897428865,-0.022497732224501025,-0.012480938440950646,0.03549968291784415,-0.012480938440950646,0.023018744476893508,0.0006225947210598033,-0.015637285177538023,0,0
two_balanced,-0.125,opposed_shifts,8192,8192,1600,64,126976,signed_range,1000,0,0.0,-0.005,-0.027494787871173553,-0.022497732224501025,-0.012480938440950646,0.03549968291784415,-0.012480938440950646,0.023018744476893508,0.005366692769056905,-0.02038054219927981,0,0
two_balanced,-0.125,opposed_shifts,8192,8192,1600,64,126976,signed_variance,1000,0,0.0,-0.005,-0.027494787871173553,-0.022497732224501025,-0.012480938440950646,0.03549968291784415,-0.012480938440950646,0.023018744476893508,0.0006290824293093011,-0.015642931859532205,0,0
two_balanced,0.0,estimated,8192,512,25,64,10816,absolute_range,1000,0,0.0,0.0,-2.6570499384567035e-05,2.6950382976367557e-06,0.029030323821161986,0.029030323821161986,0.027805601898528598,0.05454134504360489,0.0349109757812337,-0.06396787010178026,0,0
two_balanced,0.0,estimated,8192,512,25,64,10816,independent_triples,1000,0,0.0,0.0,-4.3315361521483486e-05,2.6950382976367557e-06,0.027805601898528598,0.029030323821161986,0.027805601898528598,0.05454134504360489,0.014425466087289495,-0.04227438334733957,0,0
two_balanced,0.0,estimated,8192,512,25,64,10816,pooled_variance,1000,0,0.0,0.0,-2.2018083771014402e-05,2.6950382976367557e-06,0.027805601898528598,0.029030323821161986,0.027805601898528598,0.05454134504360489,0.014226904498108034,-0.04205452448040764,0,0
two_balanced,0.0,estimated,8192,512,25,64,10816,signed_range,1000,0,0.0,0.0,-2.6570499384567035e-05,2.6950382976367557e-06,0.027805601898528598,0.029030323821161986,0.027805601898528598,0.05454134504360489,0.0349109757812337,-0.06274314817914686,0,0
two_balanced,0.0,estimated,8192,512,25,64,10816,signed_variance,1000,0,0.0,0.0,-2.6570499384567035e-05,2.6950382976367557e-06,0.027805601898528598,0.029030323821161986,0.027805601898528598,0.05454134504360489,0.014413773959891631,-0.04224594635780479,0,0
two_balanced,0.0,estimated,8192,512,100,64,15616,absolute_range,1000,0,0.0,0.0,1.5237600466453432e-05,2.6950382976367557e-06,0.029030323821161986,0.029030323821161986,0.027805601898528598,0.05454134504360489,0.01745548789061685,-0.04647057411131239,0,0
two_balanced,0.0,estimated,8192,512,100,64,15616,independent_triples,1000,0,0.0,0.0,1.5621977905356493e-05,2.6950382976367557e-06,0.027805601898528598,0.029030323821161986,0.027805601898528598,0.05454134504360489,0.004526417323159999,-0.03231639724378323,0,0
two_balanced,0.0,estimated,8192,512,100,64,15616,pooled_variance,1000,0,0.0,0.0,1.5051204149680041e-05,2.6950382976367557e-06,0.027805601898528598,0.029030323821161986,0.027805601898528598,0.05454134504360489,0.004471134737897913,-0.03226168543227683,0,0
two_balanced,0.0,estimated,8192,512,100,64,15616,signed_range,1000,0,0.0,0.0,1.5237600466453432e-05,2.6950382976367557e-06,0.027805601898528598,0.029030323821161986,0.027805601898528598,0.05454134504360489,0.01745548789061685,-0.04524585218867899,0,0
two_balanced,0.0,estimated,8192,512,100,64,15616,signed_variance,1000,0,0.0,0.0,1.5237600466453432e-05,2.6950382976367557e-06,0.027805601898528598,0.029030323821161986,0.027805601898528598,0.05454134504360489,0.00452568780525696,-0.0323160521033191,0,0
two_balanced,0.0,estimated,8192,512,400,64,34816,absolute_range,1000,0,0.0,0.0,6.837426698960143e-06,2.6950382976367557e-06,0.029030323821161986,0.029030323821161986,0.027805601898528598,0.05454134504360489,0.008727743945308425,-0.03775123033977145,0,0
two_balanced,0.0,estimated,8192,512,400,64,34816,independent_triples,1000,0,0.0,0.0,3.0690925629452353e-06,2.6950382976367557e-06,0.027805601898528598,0.029030323821161986,0.027805601898528598,0.05454134504360489,0.0015928603085404057,-0.029395393114506056,0,0
two_balanced,0.0,estimated,8192,512,400,64,34816,pooled_variance,1000,0,0.0,0.0,6.734656467164581e-06,2.6950382976367557e-06,0.027805601898528598,0.029030323821161986,0.027805601898528598,0.05454134504360489,0.0015753492756183168,-0.029374216517679748,0,0
two_balanced,0.0,estimated,8192,512,400,64,34816,signed_range,1000,0,0.0,0.0,6.837426698960143e-06,2.6950382976367557e-06,0.027805601898528598,0.029030323821161986,0.027805601898528598,0.05454134504360489,0.008727743945308425,-0.03652650841713806,0,0
two_balanced,0.0,estimated,8192,512,400,64,34816,signed_variance,1000,0,0.0,0.0,6.837426698960143e-06,2.6950382976367557e-06,0.027805601898528598,0.029030323821161986,0.027805601898528598,0.05454134504360489,0.0015928147330100595,-0.029391579204839695,0,0
two_balanced,0.0,estimated,8192,512,1600,64,111616,absolute_range,1000,0,0.0,0.0,3.462426926252872e-06,2.6950382976367557e-06,0.029030323821161986,0.029030323821161986,0.027805601898528598,0.05454134504360489,0.0043638719726542124,-0.03339073336688995,0,0
two_balanced,0.0,estimated,8192,512,1600,64,111616,independent_triples,1000,0,0.0,0.0,7.085009562681707e-06,2.6950382976367557e-06,0.027805601898528598,0.029030323821161986,0.027805601898528598,0.05454134504360489,0.0006288551789764833,-0.028427372067942398,0,0
two_balanced,0.0,estimated,8192,512,1600,64,111616,pooled_variance,1000,0,0.0,0.0,3.0409329657543036e-06,2.6950382976367557e-06,0.027805601898528598,0.029030323821161986,0.027805601898528598,0.05454134504360489,0.0006225598454542891,-0.02842512081101713,0,0
two_balanced,0.0,estimated,8192,512,1600,64,111616,signed_range,1000,0,0.0,0.0,3.462426926252872e-06,2.6950382976367557e-06,0.027805601898528598,0.029030323821161986,0.027805601898528598,0.05454134504360489,0.0043638719726542124,-0.032166011444256556,0,0
two_balanced,0.0,estimated,8192,512,1600,64,111616,signed_variance,1000,0,0.0,0.0,3.462426926252872e-06,2.6950382976367557e-06,0.027805601898528598,0.029030323821161986,0.027805601898528598,0.05454134504360489,0.0006288523308078565,-0.028430991802410197,0,0
two_balanced,0.0,estimated,8192,8192,25,64,26176,absolute_range,1000,0,0.0,0.0,-2.6570499384567035e-05,2.6950382976367557e-06,0.001838736082994431,0.001838736082994431,0.0017548016369829042,0.0034263749526779602,0.0349109757812337,-0.0367762823636127,0,0
two_balanced,0.0,estimated,8192,8192,25,64,26176,independent_triples,1000,0,0.0,0.0,-4.3315361521483486e-05,2.6950382976367557e-06,0.0017548016369829042,0.001838736082994431,0.0017548016369829042,0.0034263749526779602,0.014425466087289495,-0.016223583085793882,0,0
two_balanced,0.0,estimated,8192,8192,25,64,26176,pooled_variance,1000,0,0.0,0.0,-2.2018083771014402e-05,2.6950382976367557e-06,0.0017548016369829042,0.001838736082994431,0.0017548016369829042,0.0034263749526779602,0.014226904498108034,-0.01600372421886195,0,0
two_balanced,0.0,estimated,8192,8192,25,64,26176,signed_range,1000,0,0.0,0.0,-2.6570499384567035e-05,2.6950382976367557e-06,0.0017548016369829042,0.001838736082994431,0.0017548016369829042,0.0034263749526779602,0.0349109757812337,-0.036692347917601176,0,0
two_balanced,0.0,estimated,8192,8192,25,64,26176,signed_variance,1000,0,0.0,0.0,-2.6570499384567035e-05,2.6950382976367557e-06,0.0017548016369829042,0.001838736082994431,0.0017548016369829042,0.0034263749526779602,0.014413773959891631,-0.016195146096259102,0,0
two_balanced,0.0,estimated,8192,8192,100,64,30976,absolute_range,1000,0,0.0,0.0,1.5237600466453432e-05,2.6950382976367557e-06,0.001838736082994431,0.001838736082994431,0.0017548016369829042,0.0034263749526779602,0.01745548789061685,-0.01927898637314483,0,0
two_balanced,0.0,estimated,8192,8192,100,64,30976,independent_triples,1000,0,0.0,0.0,1.5621977905356493e-05,2.6950382976367557e-06,0.0017548016369829042,0.001838736082994431,0.0017548016369829042,0.0034263749526779602,0.004526417323159999,-0.006265596982237547,0,0
two_balanced,0.0,estimated,8192,8192,100,64,30976,pooled_variance,1000,0,0.0,0.0,1.5051204149680041e-05,2.6950382976367557e-06,0.0017548016369829042,0.001838736082994431,0.0017548016369829042,0.0034263749526779602,0.004471134737897913,-0.006210885170731137,0,0
two_balanced,0.0,estimated,8192,8192,100,64,30976,signed_range,1000,0,0.0,0.0,1.5237600466453432e-05,2.6950382976367557e-06,0.0017548016369829042,0.001838736082994431,0.0017548016369829042,0.0034263749526779602,0.01745548789061685,-0.019195051927133302,0,0
two_balanced,0.0,estimated,8192,8192,100,64,30976,signed_variance,1000,0,0.0,0.0,1.5237600466453432e-05,2.6950382976367557e-06,0.0017548016369829042,0.001838736082994431,0.0017548016369829042,0.0034263749526779602,0.00452568780525696,-0.00626525184177341,0,0
two_balanced,0.0,estimated,8192,8192,400,64,50176,absolute_range,1000,0,0.0,0.0,6.837426698960143e-06,2.6950382976367557e-06,0.001838736082994431,0.001838736082994431,0.0017548016369829042,0.0034263749526779602,0.008727743945308425,-0.010559642601603898,0,0
two_balanced,0.0,estimated,8192,8192,400,64,50176,independent_triples,1000,0,0.0,0.0,3.0690925629452353e-06,2.6950382976367557e-06,0.0017548016369829042,0.001838736082994431,0.0017548016369829042,0.0034263749526779602,0.0015928603085404057,-0.0033445928529603646,0,0
two_balanced,0.0,estimated,8192,8192,400,64,50176,pooled_variance,1000,0,0.0,0.0,6.734656467164581e-06,2.6950382976367557e-06,0.0017548016369829042,0.001838736082994431,0.0017548016369829042,0.0034263749526779602,0.0015753492756183168,-0.0033234162561340567,0,0
two_balanced,0.0,estimated,8192,8192,400,64,50176,signed_range,1000,0,0.0,0.0,6.837426698960143e-06,2.6950382976367557e-06,0.0017548016369829042,0.001838736082994431,0.0017548016369829042,0.0034263749526779602,0.008727743945308425,-0.01047570815559237,0,0
two_balanced,0.0,estimated,8192,8192,400,64,50176,signed_variance,1000,0,0.0,0.0,6.837426698960143e-06,2.6950382976367557e-06,0.0017548016369829042,0.001838736082994431,0.0017548016369829042,0.0034263749526779602,0.0015928147330100595,-0.0033407789432940036,0,0
two_balanced,0.0,estimated,8192,8192,1600,64,126976,absolute_range,1000,0,0.0,0.0,3.462426926252872e-06,2.6950382976367557e-06,0.001838736082994431,0.001838736082994431,0.0017548016369829042,0.0034263749526779602,0.0043638719726542124,-0.0061991456287223915,0,0
two_balanced,0.0,estimated,8192,8192,1600,64,126976,independent_triples,1000,0,0.0,0.0,7.085009562681707e-06,2.6950382976367557e-06,0.0017548016369829042,0.001838736082994431,0.0017548016369829042,0.0034263749526779602,0.0006288551789764833,-0.0023765718063967056,0,0
two_balanced,0.0,estimated,8192,8192,1600,64,126976,pooled_variance,1000,0,0.0,0.0,3.0409329657543036e-06,2.6950382976367557e-06,0.0017548016369829042,0.001838736082994431,0.0017548016369829042,0.0034263749526779602,0.0006225598454542891,-0.002374320549471439,0,0
two_balanced,0.0,estimated,8192,8192,1600,64,126976,signed_range,1000,0,0.0,0.0,3.462426926252872e-06,2.6950382976367557e-06,0.0017548016369829042,0.001838736082994431,0.0017548016369829042,0.0034263749526779602,0.0043638719726542124,-0.006115211182710864,0,0
two_balanced,0.0,estimated,8192,8192,1600,64,126976,signed_variance,1000,0,0.0,0.0,3.462426926252872e-06,2.6950382976367557e-06,0.0017548016369829042,0.001838736082994431,0.0017548016369829042,0.0034263749526779602,0.0006288523308078565,-0.002380191540864508,0,0
two_balanced,0.0,opposed_shifts,8192,8192,25,64,26176,absolute_range,1000,0,0.0,0.0,-0.02252647050211034,-0.02249737279518843,0.035476905656360545,0.035476905656360545,-0.012465656636186836,0.023011249020173707,0.04292956063847558,-0.10093293679694647,0,0
two_balanced,0.0,opposed_shifts,8192,8192,25,64,26176,independent_triples,1000,0,0.0,0.0,-0.022543246947477627,-0.02249737279518843,-0.012465656636186836,0.035476905656360545,-0.012465656636186836,0.023011249020173707,0.016892081927043355,-0.026969672238334144,0,0
two_balanced,0.0,opposed_shifts,8192,8192,25,64,26176,pooled_variance,1000,0,0.0,0.0,-0.022521918086496787,-0.02249737279518843,-0.012465656636186836,0.035476905656360545,-0.012465656636186836,0.023011249020173707,0.016653838376158418,-0.02671009982646837,0,0
two_balanced,0.0,opposed_shifts,8192,8192,25,64,26176,signed_range,1000,0,0.0,0.0,-0.02252647050211034,-0.02249737279518843,-0.012465656636186836,0.035476905656360545,-0.012465656636186836,0.023011249020173707,0.04292956063847558,-0.052990374504399085,0,0
two_balanced,0.0,opposed_shifts,8192,8192,25,64,26176,signed_variance,1000,0,0.0,0.0,-0.02252647050211034,-0.02249737279518843,-0.012465656636186836,0.035476905656360545,-0.012465656636186836,0.023011249020173707,0.01687770427414517,-0.026938518140068674,0,0
two_balanced,0.0,opposed_shifts,8192,8192,100,64,30976,absolute_range,1000,0,0.0,0.0,-0.022484751475761615,-0.02249737279518843,0.035476905656360545,0.035476905656360545,-0.012465656636186836,0.023011249020173707,0.02146478031923779,-0.07942643745135997,0,0
two_balanced,0.0,opposed_shifts,8192,8192,100,64,30976,independent_triples,1000,0,0.0,0.0,-0.022484376649083326,-0.02249737279518843,-0.012465656636186836,0.035476905656360545,-0.012465656636186836,0.023011249020173707,0.005142225475105464,-0.015160945488001957,0,0
two_balanced,0.0,opposed_shifts,8192,8192,100,64,30976,pooled_variance,1000,0,0.0,0.0,-0.02248493787207839,-0.02249737279518843,-0.012465656636186836,0.035476905656360545,-0.012465656636186836,0.023011249020173707,0.005077264194785602,-0.015096545430677157,0,0
two_balanced,0.0,opposed_shifts,8192,8192,100,64,30976,signed_range,1000,0,0.0,0.0,-0.022484751475761615,-0.02249737279518843,-0.012465656636186836,0.035476905656360545,-0.012465656636186836,0.023011249020173707,0.02146478031923779,-0.031483875158812576,0,0
two_balanced,0.0,opposed_shifts,8192,8192,100,64,30976,signed_variance,1000,0,0.0,0.0,-0.022484751475761615,-0.02249737279518843,-0.012465656636186836,0.035476905656360545,-0.012465656636186836,0.023011249020173707,0.005141328396683719,-0.0151604232362585,0,0
two_balanced,0.0,opposed_shifts,8192,8192,400,64,50176,absolute_range,1000,0,0.0,0.0,-0.022493243638512992,-0.02249737279518843,0.035476905656360545,0.035476905656360545,-0.012465656636186836,0.023011249020173707,0.010732390159618896,-0.06870253945449244,0,0
two_balanced,0.0,opposed_shifts,8192,8192,400,64,50176,independent_triples,1000,0,0.0,0.0,-0.02249701107409865,-0.02249737279518843,-0.012465656636186836,0.035476905656360545,-0.012465656636186836,0.023011249020173707,0.0017467763726429874,-0.011778130810554805,0,0
two_balanced,0.0,opposed_shifts,8192,8192,400,64,50176,pooled_variance,1000,0,0.0,0.0,-0.02249334640874479,-0.02249737279518843,-0.012465656636186836,0.035476905656360545,-0.012465656636186836,0.023011249020173707,0.0017268578505921159,-0.011754547623150069,0,0
two_balanced,0.0,opposed_shifts,8192,8192,400,64,50176,signed_range,1000,0,0.0,0.0,-0.022493243638512992,-0.02249737279518843,-0.012465656636186836,0.035476905656360545,-0.012465656636186836,0.023011249020173707,0.010732390159618896,-0.020759977161945057,0,0
two_balanced,0.0,opposed_shifts,8192,8192,400,64,50176,signed_variance,1000,0,0.0,0.0,-0.022493243638512992,-0.02249737279518843,-0.012465656636186836,0.035476905656360545,-0.012465656636186836,0.023011249020173707,0.001746720329022039,-0.011774307331348197,0,0
two_balanced,0.0,opposed_shifts,8192,8192,1600,64,126976,absolute_range,1000,0,0.0,0.0,-0.022496595138161997,-0.02249737279518843,0.035476905656360545,0.035476905656360545,-0.012465656636186836,0.023011249020173707,0.005366195079809448,-0.06333969587433198,0,0
two_balanced,0.0,opposed_shifts,8192,8192,1600,64,126976,independent_triples,1000,0,0.0,0.0,-0.02249295886677102,-0.02249737279518843,-0.012465656636186836,0.035476905656360545,-0.012465656636186836,0.023011249020173707,0.0006673407499099381,-0.010694642980494122,0,0
two_balanced,0.0,opposed_shifts,8192,8192,1600,64,126976,pooled_variance,1000,0,0.0,0.0,-0.022497016632122495,-0.02249737279518843,-0.012465656636186836,0.035476905656360545,-0.012465656636186836,0.023011249020173707,0.0006604430806458739,-0.010691803076581534,0,0
two_balanced,0.0,opposed_shifts,8192,8192,1600,64,126976,signed_range,1000,0,0.0,0.0,-0.022496595138161997,-0.02249737279518843,-0.012465656636186836,0.035476905656360545,-0.012465656636186836,0.023011249020173707,0.005366195079809448,-0.01539713358178461,0,0
two_balanced,0.0,opposed_shifts,8192,8192,1600,64,126976,signed_variance,1000,0,0.0,0.0,-0.022496595138161997,-0.02249737279518843,-0.012465656636186836,0.035476905656360545,-0.012465656636186836,0.023011249020173707,0.0006673372475550187,-0.010698275749530181,0,0
two_balanced,0.125,estimated,8192,512,25,64,10816,absolute_range,1000,0,0.0,0.005,0.005005363029886424,3.224010094074096e-06,0.028941901194034995,0.028941901194034995,0.02789242851887889,0.05434400803419702,0.03490618862911894,-0.05884272679326752,0,0
two_balanced,0.125,estimated,8192,512,25,64,10816,independent_triples,1000,0,0.0,0.005,0.004988891770687021,3.224010094074096e-06,0.02789242851887889,0.028941901194034995,0.02789242851887889,0.05434400803419702,0.014695174896458862,-0.037598711644650736,0,0
two_balanced,0.125,estimated,8192,512,25,64,10816,pooled_variance,1000,0,0.0,0.005,0.005014685278667865,3.224010094074096e-06,0.02789242851887889,0.028941901194034995,0.02789242851887889,0.05434400803419702,0.01448403994399867,-0.0373617831842097,0,0
two_balanced,0.125,estimated,8192,512,25,64,10816,signed_range,1000,0,0.0,0.005,0.005005363029886424,3.224010094074096e-06,0.02789242851887889,0.028941901194034995,0.02789242851887889,0.05434400803419702,0.03490618862911894,-0.05779325411811141,0,0
two_balanced,0.125,estimated,8192,512,25,64,10816,signed_variance,1000,0,0.0,0.005,0.005005363029886424,3.224010094074096e-06,0.02789242851887889,0.028941901194034995,0.02789242851887889,0.05434400803419702,0.014683484372338797,-0.037570549861331265,0,0
two_balanced,0.125,estimated,8192,512,100,64,15616,absolute_range,1000,0,0.0,0.005,0.0049957605132305944,3.224010094074096e-06,0.028941901194034995,0.028941901194034995,0.02789242851887889,0.05434400803419702,0.01745309431455947,-0.04139923499536387,0,0
two_balanced,0.125,estimated,8192,512,100,64,15616,independent_triples,1000,0,0.0,0.005,0.004972267061823547,3.224010094074096e-06,0.02789242851887889,0.028941901194034995,0.02789242851887889,0.05434400803419702,0.004658396783597642,-0.027578558240652987,0,0
two_balanced,0.125,estimated,8192,512,100,64,15616,pooled_variance,1000,0,0.0,0.005,0.004999095840777009,3.224010094074096e-06,0.02789242851887889,0.028941901194034995,0.02789242851887889,0.05434400803419702,0.0046003407719480425,-0.027493673450049924,0,0
two_balanced,0.125,estimated,8192,512,100,64,15616,signed_range,1000,0,0.0,0.005,0.0049957605132305944,3.224010094074096e-06,0.02789242851887889,0.028941901194034995,0.02789242851887889,0.05434400803419702,0.01745309431455947,-0.04034976232020777,0,0
two_balanced,0.125,estimated,8192,512,100,64,15616,signed_variance,1000,0,0.0,0.005,0.0049957605132305944,3.224010094074096e-06,0.02789242851887889,0.028941901194034995,0.02789242851887889,0.05434400803419702,0.0046576673657294215,-0.02755433537137772,0,0
two_balanced,0.125,estimated,8192,512,400,64,34816,absolute_range,1000,0,0.0,0.005,0.0050107148395641034,3.224010094074096e-06,0.028941901194034995,0.028941901194034995,0.02789242851887889,0.05434400803419702,0.008726547157279736,-0.03265773351175063,0,0
two_balanced,0.125,estimated,8192,512,400,64,34816,independent_triples,1000,0,0.0,0.005,0.005007411144055599,3.224010094074096e-06,0.02789242851887889,0.028941901194034995,0.02789242851887889,0.05434400803419702,0.0016597135167293717,-0.024544730891552666,0,0
two_balanced,0.125,estimated,8192,512,400,64,34816,pooled_variance,1000,0,0.0,0.005,0.005010662308839546,3.224010094074096e-06,0.02789242851887889,0.028941901194034995,0.02789242851887889,0.05434400803419702,0.0016412329378402157,-0.02452299914787956,0,0
two_balanced,0.125,estimated,8192,512,400,64,34816,signed_range,1000,0,0.0,0.005,0.0050107148395641034,3.224010094074096e-06,0.02789242851887889,0.028941901194034995,0.02789242851887889,0.05434400803419702,0.008726547157279736,-0.03160826083659452,0,0
two_balanced,0.125,estimated,8192,512,400,64,34816,signed_variance,1000,0,0.0,0.005,0.0050107148395641034,3.224010094074096e-06,0.02789242851887889,0.028941901194034995,0.02789242851887889,0.05434400803419702,0.00165966794744855,-0.02454138162676334,0,0
two_balanced,0.125,estimated,8192,512,1600,64,111616,absolute_range,1000,0,0.0,0.005,0.0050045260507582895,3.224010094074096e-06,0.028941901194034995,0.028941901194034995,0.02789242851887889,0.05434400803419702,0.004363273578639868,-0.028300648721916573,0,0
two_balanced,0.125,estimated,8192,512,1600,64,111616,independent_triples,1000,0,0.0,0.005,0.005003463990636636,3.224010094074096e-06,0.02789242851887889,0.028941901194034995,0.02789242851887889,0.05434400803419702,0.0006622857198888894,-0.023551250248131143,0,0
two_balanced,0.125,estimated,8192,512,1600,64,111616,pooled_variance,1000,0,0.0,0.005,0.005004504044253874,3.224010094074096e-06,0.02789242851887889,0.028941901194034995,0.02789242851887889,0.05434400803419702,0.0006558416331997929,-0.023543766107824812,0,0
two_balanced,0.125,estimated,8192,512,1600,64,111616,signed_range,1000,0,0.0,0.005,0.0050045260507582895,3.224010094074096e-06,0.02789242851887889,0.028941901194034995,0.02789242851887889,0.05434400803419702,0.004363273578639868,-0.02725117604676047,0,0
two_balanced,0.125,estimated,8192,512,1600,64,111616,signed_variance,1000,0,0.0,0.005,0.0050045260507582895,3.224010094074096e-06,0.02789242851887889,0.028941901194034995,0.02789242851887889,0.05434400803419702,0.0006622828721108167,-0.02355018534023142,0,0
two_balanced,0.125,estimated,8192,8192,25,64,26176,absolute_range,1000,0,0.0,0.005,0.005005363029886424,3.224010094074096e-06,0.0018374674739031493,0.0018374674739031493,0.0017611043490048644,0.003418468438421441,0.03490618862911894,-0.03173829307313567,0,0
two_balanced,0.125,estimated,8192,8192,25,64,26176,independent_triples,1000,0,0.0,0.005,0.004988891770687021,3.224010094074096e-06,0.0017611043490048644,0.0018374674739031493,0.0017611043490048644,0.003418468438421441,0.014695174896458862,-0.011467387474776705,0,0
two_balanced,0.125,estimated,8192,8192,25,64,26176,pooled_variance,1000,0,0.0,0.005,0.005014685278667865,3.224010094074096e-06,0.0017611043490048644,0.0018374674739031493,0.0017611043490048644,0.003418468438421441,0.01448403994399867,-0.011230459014335668,0,0
two_balanced,0.125,estimated,8192,8192,25,64,26176,signed_range,1000,0,0.0,0.005,0.005005363029886424,3.224010094074096e-06,0.0017611043490048644,0.0018374674739031493,0.0017611043490048644,0.003418468438421441,0.03490618862911894,-0.03166192994823738,0,0
two_balanced,0.125,estimated,8192,8192,25,64,26176,signed_variance,1000,0,0.0,0.005,0.005005363029886424,3.224010094074096e-06,0.0017611043490048644,0.0018374674739031493,0.0017611043490048644,0.003418468438421441,0.014683484372338797,-0.011439225691457236,0,0
two_balanced,0.125,estimated,8192,8192,100,64,30976,absolute_range,1000,0,0.0,0.005,0.0049957605132305944,3.224010094074096e-06,0.0018374674739031493,0.0018374674739031493,0.0017611043490048644,0.003418468438421441,0.01745309431455947,-0.014294801275232026,0,0
two_balanced,0.125,estimated,8192,8192,100,64,30976,independent_triples,1000,24,0.024,0.005,0.004972267061823547,3.224010094074096e-06,0.0017611043490048644,0.0018374674739031493,0.0017611043490048644,0.003418468438421441,0.004658396783597642,-0.0014472340707789592,0,0
two_balanced,0.125,estimated,8192,8192,100,64,30976,pooled_variance,1000,6,0.006,0.005,0.004999095840777009,3.224010094074096e-06,0.0017611043490048644,0.0018374674739031493,0.0017611043490048644,0.003418468438421441,0.0046003407719480425,-0.001362349280175897,0,0
two_balanced,0.125,estimated,8192,8192,100,64,30976,signed_range,1000,0,0.0,0.005,0.0049957605132305944,3.224010094074096e-06,0.0017611043490048644,0.0018374674739031493,0.0017611043490048644,0.003418468438421441,0.01745309431455947,-0.01421843815033374,0,0
two_balanced,0.125,estimated,8192,8192,100,64,30976,signed_variance,1000,6,0.006,0.005,0.0049957605132305944,3.224010094074096e-06,0.0017611043490048644,0.0018374674739031493,0.0017611043490048644,0.003418468438421441,0.0046576673657294215,-0.001423011201503691,0,0
two_balanced,0.125,estimated,8192,8192,400,64,50176,absolute_range,1000,0,0.0,0.005,0.0050107148395641034,3.224010094074096e-06,0.0018374674739031493,0.0018374674739031493,0.0017611043490048644,0.003418468438421441,0.008726547157279736,-0.005553299791618781,0,0
two_balanced,0.125,estimated,8192,8192,400,64,50176,independent_triples,1000,1000,1.0,0.005,0.005007411144055599,3.224010094074096e-06,0.0017611043490048644,0.0018374674739031493,0.0017611043490048644,0.003418468438421441,0.0016597135167293717,0.0015865932783213628,0,0
two_balanced,0.125,estimated,8192,8192,400,64,50176,pooled_variance,1000,1000,1.0,0.005,0.005010662308839546,3.224010094074096e-06,0.0017611043490048644,0.0018374674739031493,0.0017611043490048644,0.003418468438421441,0.0016412329378402157,0.0016083250219944662,0,0
two_balanced,0.125,estimated,8192,8192,400,64,50176,signed_range,1000,0,0.0,0.005,0.0050107148395641034,3.224010094074096e-06,0.0017611043490048644,0.0018374674739031493,0.0017611043490048644,0.003418468438421441,0.008726547157279736,-0.0054769366667204965,0,0
two_balanced,0.125,estimated,8192,8192,400,64,50176,signed_variance,1000,1000,1.0,0.005,0.0050107148395641034,3.224010094074096e-06,0.0017611043490048644,0.0018374674739031493,0.0017611043490048644,0.003418468438421441,0.00165966794744855,0.0015899425431106892,0,0
two_balanced,0.125,estimated,8192,8192,1600,64,126976,absolute_range,1000,0,0.0,0.005,0.0050045260507582895,3.224010094074096e-06,0.0018374674739031493,0.0018374674739031493,0.0017611043490048644,0.003418468438421441,0.004363273578639868,-0.0011962150017847276,0,0
two_balanced,0.125,estimated,8192,8192,1600,64,126976,independent_triples,1000,1000,1.0,0.005,0.005003463990636636,3.224010094074096e-06,0.0017611043490048644,0.0018374674739031493,0.0017611043490048644,0.003418468438421441,0.0006622857198888894,0.0025800739217428825,0,0
two_balanced,0.125,estimated,8192,8192,1600,64,126976,pooled_variance,1000,1000,1.0,0.005,0.005004504044253874,3.224010094074096e-06,0.0017611043490048644,0.0018374674739031493,0.0017611043490048644,0.003418468438421441,0.0006558416331997929,0.002587558062049217,0,0
two_balanced,0.125,estimated,8192,8192,1600,64,126976,signed_range,1000,0,0.0,0.005,0.0050045260507582895,3.224010094074096e-06,0.0017611043490048644,0.0018374674739031493,0.0017611043490048644,0.003418468438421441,0.004363273578639868,-0.0011198518768864424,0,0
two_balanced,0.125,estimated,8192,8192,1600,64,126976,signed_variance,1000,1000,1.0,0.005,0.0050045260507582895,3.224010094074096e-06,0.0017611043490048644,0.0018374674739031493,0.0017611043490048644,0.003418468438421441,0.0006622828721108167,0.002581138829642609,0,0
two_balanced,0.125,opposed_shifts,8192,8192,25,64,26176,absolute_range,1000,0,0.0,0.005,-0.01749526046209063,-0.02249679426533852,0.035411893811857206,0.035411893811857206,-0.012428989724828025,0.022982904087029184,0.04292461436744561,-0.09583176864139344,0,0
two_balanced,0.125,opposed_shifts,8192,8192,25,64,26176,independent_triples,1000,0,0.0,0.005,-0.017511703289602203,-0.02249679426533852,-0.012428989724828025,0.035411893811857206,-0.012428989724828025,0.022982904087029184,0.017161601279199308,-0.022244314843973483,0,0
two_balanced,0.125,opposed_shifts,8192,8192,25,64,26176,pooled_variance,1000,0,0.0,0.005,-0.01748593821330919,-0.02249679426533852,-0.012428989724828025,0.035411893811857206,-0.012428989724828025,0.022982904087029184,0.016910770218723933,-0.021967718707205097,0,0
two_balanced,0.125,opposed_shifts,8192,8192,25,64,26176,signed_range,1000,0,0.0,0.005,-0.01749526046209063,-0.02249679426533852,-0.012428989724828025,0.035411893811857206,-0.012428989724828025,0.022982904087029184,0.04292461436744561,-0.04799088510470821,0,0
two_balanced,0.125,opposed_shifts,8192,8192,25,64,26176,signed_variance,1000,0,0.0,0.005,-0.01749526046209063,-0.02249679426533852,-0.012428989724828025,0.035411893811857206,-0.012428989724828025,0.022982904087029184,0.01714722528286986,-0.022213496020132468,0,0
two_balanced,0.125,opposed_shifts,8192,8192,100,64,30976,absolute_range,1000,0,0.0,0.005,-0.017504525239199938,-0.02249679426533852,0.035411893811857206,0.035411893811857206,-0.012428989724828025,0.022982904087029184,0.021462307183722804,-0.07437872623477995,0,0
two_balanced,0.125,opposed_shifts,8192,8192,100,64,30976,independent_triples,1000,0,0.0,0.005,-0.017527978948806987,-0.02249679426533852,-0.012428989724828025,0.035411893811857206,-0.012428989724828025,0.022982904087029184,0.005274157808634727,-0.010373147032613687,0,0
two_balanced,0.125,opposed_shifts,8192,8192,100,64,30976,pooled_variance,1000,0,0.0,0.005,-0.017501189911653527,-0.02249679426533852,-0.012428989724828025,0.035411893811857206,-0.012428989724828025,0.022982904087029184,0.005206411732410587,-0.010278611919236088,0,0
two_balanced,0.125,opposed_shifts,8192,8192,100,64,30976,signed_range,1000,0,0.0,0.005,-0.017504525239199938,-0.02249679426533852,-0.012428989724828025,0.035411893811857206,-0.012428989724828025,0.022982904087029184,0.021462307183722804,-0.026537842698094716,0,0
two_balanced,0.125,opposed_shifts,8192,8192,100,64,30976,signed_variance,1000,0,0.0,0.005,-0.017504525239199938,-0.02249679426533852,-0.012428989724828025,0.035411893811857206,-0.012428989724828025,0.022982904087029184,0.005273260833572833,-0.010348796347944748,0,0
two_balanced,0.125,opposed_shifts,8192,8192,400,64,50176,absolute_range,1000,0,0.0,0.005,-0.017489376290281626,-0.02249679426533852,0.035411893811857206,0.035411893811857206,-0.012428989724828025,0.022982904087029184,0.010731153591861402,-0.06363242369400024,0,0
two_balanced,0.125,opposed_shifts,8192,8192,400,64,50176,independent_triples,1000,0,0.0,0.005,-0.017492682693992682,-0.02249679426533852,-0.012428989724828025,0.035411893811857206,-0.012428989724828025,0.022982904087029184,0.0018136133641287293,-0.0068773063332933865,0,0
two_balanced,0.125,opposed_shifts,8192,8192,400,64,50176,pooled_variance,1000,0,0.0,0.005,-0.01748942882100618,-0.02249679426533852,-0.012428989724828025,0.035411893811857206,-0.012428989724828025,0.022982904087029184,0.0017927278211665389,-0.006853166917344697,0,0
two_balanced,0.125,opposed_shifts,8192,8192,400,64,50176,signed_range,1000,0,0.0,0.005,-0.017489376290281626,-0.02249679426533852,-0.012428989724828025,0.035411893811857206,-0.012428989724828025,0.022982904087029184,0.010731153591861402,-0.015791540157315,0,0
two_balanced,0.125,opposed_shifts,8192,8192,400,64,50176,signed_variance,1000,0,0.0,0.005,-0.017489376290281626,-0.02249679426533852,-0.012428989724828025,0.035411893811857206,-0.012428989724828025,0.022982904087029184,0.0018135573269650314,-0.006873943892418632,0,0
two_balanced,0.125,opposed_shifts,8192,8192,1600,64,126976,absolute_range,1000,0,0.0,0.005,-0.017495483186659267,-0.02249679426533852,0.035411893811857206,0.035411893811857206,-0.012428989724828025,0.022982904087029184,0.005365576795930701,-0.05827295379444718,0,0
two_balanced,0.125,opposed_shifts,8192,8192,1600,64,126976,independent_triples,1000,0,0.0,0.005,-0.01749653938969801,-0.02249679426533852,-0.012428989724828025,0.035411893811857206,-0.012428989724828025,0.022982904087029184,0.0007007652437532561,-0.005768314908623239,0,0
two_balanced,0.125,opposed_shifts,8192,8192,1600,64,126976,pooled_variance,1000,0,0.0,0.005,-0.017495505193163684,-0.02249679426533852,-0.012428989724828025,0.035411893811857206,-0.012428989724828025,0.022982904087029184,0.0006937210680330147,-0.0057602365363686745,0,0
two_balanced,0.125,opposed_shifts,8192,8192,1600,64,126976,signed_range,1000,0,0.0,0.005,-0.017495483186659267,-0.02249679426533852,-0.012428989724828025,0.035411893811857206,-0.012428989724828025,0.022982904087029184,0.005365576795930701,-0.010432070257761945,0,0
two_balanced,0.125,opposed_shifts,8192,8192,1600,64,126976,signed_variance,1000,0,0.0,0.005,-0.017495483186659267,-0.02249679426533852,-0.012428989724828025,0.035411893811857206,-0.012428989724828025,0.022982904087029184,0.0007007617418018721,-0.005767255203633116,0,0
two_balanced,0.25,estimated,8192,512,25,64,10816,absolute_range,1000,0,0.0,0.01,0.010003048848213444,4.423065529943698e-06,0.02909096050241992,0.02909096050241992,0.028226911011691395,0.05439567354331837,0.03490578160040203,-0.0539936932546085,0,0
two_balanced,0.25,estimated,8192,512,25,64,10816,independent_triples,1000,0,0.0,0.01,0.010003452583989351,4.423065529943698e-06,0.028226911011691395,0.02909096050241992,0.028226911011691395,0.05439567354331837,0.014931090772227004,-0.03315454919992905,0,0
two_balanced,0.25,estimated,8192,512,25,64,10816,pooled_variance,1000,0,0.0,0.01,0.010005252595756508,4.423065529943698e-06,0.028226911011691395,0.02909096050241992,0.028226911011691395,0.05439567354331837,0.014727768025676859,-0.03294942644161175,0,0
two_balanced,0.25,estimated,8192,512,25,64,10816,signed_range,1000,0,0.0,0.01,0.010003048848213444,4.423065529943698e-06,0.028226911011691395,0.02909096050241992,0.028226911011691395,0.05439567354331837,0.03490578160040203,-0.05312964376387998,0,0
two_balanced,0.25,estimated,8192,512,25,64,10816,signed_variance,1000,0,0.0,0.01,0.010003048848213444,4.423065529943698e-06,0.028226911011691395,0.02909096050241992,0.028226911011691395,0.05439567354331837,0.014919400384426006,-0.03314326254790396,0,0
two_balanced,0.25,estimated,8192,512,100,64,15616,absolute_range,1000,0,0.0,0.01,0.010000654361996663,4.423065529943698e-06,0.02909096050241992,0.02909096050241992,0.028226911011691395,0.05439567354331837,0.017452890800201015,-0.03654319694062427,0,0
two_balanced,0.25,estimated,8192,512,100,64,15616,independent_triples,1000,0,0.0,0.01,0.010007167123063406,4.423065529943698e-06,0.028226911011691395,0.02909096050241992,0.028226911011691395,0.05439567354331837,0.004779833354221303,-0.022999577242849296,0,0
two_balanced,0.25,estimated,8192,512,100,64,15616,pooled_variance,1000,0,0.0,0.01,0.01000148518982763,4.423065529943698e-06,0.028226911011691395,0.02909096050241992,0.028226911011691395,0.05439567354331837,0.004719613342859607,-0.02294503916472337,0,0
two_balanced,0.25,estimated,8192,512,100,64,15616,signed_range,1000,0,0.0,0.01,0.010000654361996663,4.423065529943698e-06,0.028226911011691395,0.02909096050241992,0.028226911011691395,0.05439567354331837,0.017452890800201015,-0.03567914744989575,0,0
two_balanced,0.25,estimated,8192,512,100,64,15616,signed_variance,1000,0,0.0,0.01,0.010000654361996663,4.423065529943698e-06,0.028226911011691395,0.02909096050241992,0.028226911011691395,0.05439567354331837,0.004779103944858566,-0.023005360594553298,0,0
two_balanced,0.25,estimated,8192,512,400,64,34816,absolute_range,1000,0,0.0,0.01,0.01000319065051332,4.423065529943698e-06,0.02909096050241992,0.02909096050241992,0.028226911011691395,0.05439567354331837,0.008726445400100508,-0.027814215252007106,0,0
two_balanced,0.25,estimated,8192,512,400,64,34816,independent_triples,1000,0,0.0,0.01,0.009999485465651083,4.423065529943698e-06,0.028226911011691395,0.02909096050241992,0.028226911011691395,0.05439567354331837,0.0017191807249331119,-0.019946606270973426,0,0
two_balanced,0.25,estimated,8192,512,400,64,34816,pooled_variance,1000,0,0.0,0.01,0.010002937099207198,4.423065529943698e-06,0.028226911011691395,0.02909096050241992,0.028226911011691395,0.05439567354331837,0.0017003168813195997,-0.019924290793803794,0,0
two_balanced,0.25,estimated,8192,512,400,64,34816,signed_range,1000,0,0.0,0.01,0.01000319065051332,4.423065529943698e-06,0.028226911011691395,0.02909096050241992,0.028226911011691395,0.05439567354331837,0.008726445400100508,-0.02695016576127858,0,0
two_balanced,0.25,estimated,8192,512,400,64,34816,signed_variance,1000,0,0.0,0.01,0.01000319065051332,4.423065529943698e-06,0.028226911011691395,0.02909096050241992,0.028226911011691395,0.05439567354331837,0.0017191351561836575,-0.019942855517361732,0,0
two_balanced,0.25,estimated,8192,512,1600,64,111616,absolute_range,1000,0,0.0,0.01,0.010001459444346274,4.423065529943698e-06,0.02909096050241992,0.02909096050241992,0.028226911011691395,0.05439567354331837,0.004363222700050254,-0.0234527237581239,0,0
two_balanced,0.25,estimated,8192,512,1600,64,111616,independent_triples,1000,0,0.0,0.01,0.010000261375507318,4.423065529943698e-06,0.028226911011691395,0.02909096050241992,0.028226911011691395,0.05439567354331837,0.0006920993073425547,-0.018918748943526634,0,0
two_balanced,0.25,estimated,8192,512,1600,64,111616,pooled_variance,1000,0,0.0,0.01,0.010002027379143269,4.423065529943698e-06,0.028226911011691395,0.02909096050241992,0.028226911011691395,0.05439567354331837,0.000685336703157013,-0.01891022033570514,0,0
two_balanced,0.25,estimated,8192,512,1600,64,111616,signed_range,1000,0,0.0,0.01,0.010001459444346274,4.423065529943698e-06,0.028226911011691395,0.02909096050241992,0.028226911011691395,0.05439567354331837,0.004363222700050254,-0.022588674267395376,0,0
two_balanced,0.25,estimated,8192,512,1600,64,111616,signed_variance,1000,0,0.0,0.01,0.010001459444346274,4.423065529943698e-06,0.028226911011691395,0.02909096050241992,0.028226911011691395,0.05439567354331837,0.0006920964595976888,-0.018917548026942812,0,0
two_balanced,0.25,estimated,8192,8192,25,64,26176,absolute_range,1000,0,0.0,0.01,0.010003048848213444,4.423065529943698e-06,0.0018418881181725241,0.0018418881181725241,0.0017803327339621167,0.003416194449198652,0.03490578160040203,-0.026744620870361106,0,0
two_balanced,0.25,estimated,8192,8192,25,64,26176,independent_triples,1000,0,0.0,0.01,0.010003452583989351,4.423065529943698e-06,0.0017803327339621167,0.0018418881181725241,0.0017803327339621167,0.003416194449198652,0.014931090772227004,-0.00670797092219977,0,0
two_balanced,0.25,estimated,8192,8192,25,64,26176,pooled_variance,1000,0,0.0,0.01,0.010005252595756508,4.423065529943698e-06,0.0017803327339621167,0.0018418881181725241,0.0017803327339621167,0.003416194449198652,0.014727768025676859,-0.006502848163882469,0,0
two_balanced,0.25,estimated,8192,8192,25,64,26176,signed_range,1000,0,0.0,0.01,0.010003048848213444,4.423065529943698e-06,0.0017803327339621167,0.0018418881181725241,0.0017803327339621167,0.003416194449198652,0.03490578160040203,-0.0266830654861507,0,0
two_balanced,0.25,estimated,8192,8192,25,64,26176,signed_variance,1000,0,0.0,0.01,0.010003048848213444,4.423065529943698e-06,0.0017803327339621167,0.0018418881181725241,0.0017803327339621167,0.003416194449198652,0.014919400384426006,-0.006696684270174677,0,0
two_balanced,0.25,estimated,8192,8192,100,64,30976,absolute_range,1000,0,0.0,0.01,0.010000654361996663,4.423065529943698e-06,0.0018418881181725241,0.0018418881181725241,0.0017803327339621167,0.003416194449198652,0.017452890800201015,-0.009294124556376874,0,0
two_balanced,0.25,estimated,8192,8192,100,64,30976,independent_triples,1000,1000,1.0,0.01,0.010007167123063406,4.423065529943698e-06,0.0017803327339621167,0.0018418881181725241,0.0017803327339621167,0.003416194449198652,0.004779833354221303,0.003447001034879985,0,0
two_balanced,0.25,estimated,8192,8192,100,64,30976,pooled_variance,1000,1000,1.0,0.01,0.01000148518982763,4.423065529943698e-06,0.0017803327339621167,0.0018418881181725241,0.0017803327339621167,0.003416194449198652,0.004719613342859607,0.0035015391130059055,0,0
two_balanced,0.25,estimated,8192,8192,100,64,30976,signed_range,1000,0,0.0,0.01,0.010000654361996663,4.423065529943698e-06,0.0017803327339621167,0.0018418881181725241,0.0017803327339621167,0.003416194449198652,0.017452890800201015,-0.009232569172166466,0,0
two_balanced,0.25,estimated,8192,8192,100,64,30976,signed_variance,1000,1000,1.0,0.01,0.010000654361996663,4.423065529943698e-06,0.0017803327339621167,0.0018418881181725241,0.0017803327339621167,0.003416194449198652,0.004779103944858566,0.00344121768317598,0,0
two_balanced,0.25,estimated,8192,8192,400,64,50176,absolute_range,1000,58,0.058,0.01,0.01000319065051332,4.423065529943698e-06,0.0018418881181725241,0.0018418881181725241,0.0017803327339621167,0.003416194449198652,0.008726445400100508,-0.0005651428677597092,0,0
two_balanced,0.25,estimated,8192,8192,400,64,50176,independent_triples,1000,1000,1.0,0.01,0.009999485465651083,4.423065529943698e-06,0.0017803327339621167,0.0018418881181725241,0.0017803327339621167,0.003416194449198652,0.0017191807249331119,0.006499972006755853,0,0
two_balanced,0.25,estimated,8192,8192,400,64,50176,pooled_variance,1000,1000,1.0,0.01,0.010002937099207198,4.423065529943698e-06,0.0017803327339621167,0.0018418881181725241,0.0017803327339621167,0.003416194449198652,0.0017003168813195997,0.006522287483925482,0,0
two_balanced,0.25,estimated,8192,8192,400,64,50176,signed_range,1000,78,0.078,0.01,0.01000319065051332,4.423065529943698e-06,0.0017803327339621167,0.0018418881181725241,0.0017803327339621167,0.003416194449198652,0.008726445400100508,-0.0005035874835493015,0,0
two_balanced,0.25,estimated,8192,8192,400,64,50176,signed_variance,1000,1000,1.0,0.01,0.01000319065051332,4.423065529943698e-06,0.0017803327339621167,0.0018418881181725241,0.0017803327339621167,0.003416194449198652,0.0017191351561836575,0.0065037227603675475,0,0
two_balanced,0.25,estimated,8192,8192,1600,64,126976,absolute_range,1000,1000,1.0,0.01,0.010001459444346274,4.423065529943698e-06,0.0018418881181725241,0.0018418881181725241,0.0017803327339621167,0.003416194449198652,0.004363222700050254,0.0037963486261234965,0,0
two_balanced,0.25,estimated,8192,8192,1600,64,126976,independent_triples,1000,1000,1.0,0.01,0.010000261375507318,4.423065529943698e-06,0.0017803327339621167,0.0018418881181725241,0.0017803327339621167,0.003416194449198652,0.0006920993073425547,0.007527829334202646,0,0
two_balanced,0.25,estimated,8192,8192,1600,64,126976,pooled_variance,1000,1000,1.0,0.01,0.010002027379143269,4.423065529943698e-06,0.0017803327339621167,0.0018418881181725241,0.0017803327339621167,0.003416194449198652,0.000685336703157013,0.00753635794202414,0,0
two_balanced,0.25,estimated,8192,8192,1600,64,126976,signed_range,1000,1000,1.0,0.01,0.010001459444346274,4.423065529943698e-06,0.0017803327339621167,0.0018418881181725241,0.0017803327339621167,0.003416194449198652,0.004363222700050254,0.003857904010333904,0,0
two_balanced,0.25,estimated,8192,8192,1600,64,126976,signed_variance,1000,1000,1.0,0.01,0.010001459444346274,4.423065529943698e-06,0.0017803327339621167,0.0018418881181725241,0.0017803327339621167,0.003416194449198652,0.0006920964595976888,0.007529030250786469,0,0
two_balanced,0.25,opposed_shifts,8192,8192,25,64,26176,absolute_range,1000,0,0.0,0.01,-0.01249715517182097,-0.022495441290144018,0.0354302310717511,0.0354302310717511,-0.01244189029479198,0.02298834077695912,0.042921390519804,-0.09084877676337606,0,0
two_balanced,0.25,opposed_shifts,8192,8192,25,64,26176,independent_triples,1000,0,0.0,0.01,-0.012496769401295602,-0.022495441290144018,-0.01244189029479198,0.0354302310717511,-0.01244189029479198,0.02298834077695912,0.017396742245391908,-0.01745162135189553,0,0
two_balanced,0.25,opposed_shifts,8192,8192,25,64,26176,pooled_variance,1000,0,0.0,0.01,-0.012494951424277905,-0.022495441290144018,-0.01244189029479198,0.0354302310717511,-0.01244189029479198,0.02298834077695912,0.017153731459847922,-0.017206792589333848,0,0
two_balanced,0.25,opposed_shifts,8192,8192,25,64,26176,signed_range,1000,0,0.0,0.01,-0.01249715517182097,-0.022495441290144018,-0.01244189029479198,0.0354302310717511,-0.01244189029479198,0.02298834077695912,0.042921390519804,-0.04297665539683299,0,0
two_balanced,0.25,opposed_shifts,8192,8192,25,64,26176,signed_variance,1000,0,0.0,0.01,-0.01249715517182097,-0.022495441290144018,-0.01244189029479198,0.0354302310717511,-0.01244189029479198,0.02298834077695912,0.01738236732876982,-0.01743763220579881,0,0
two_balanced,0.25,opposed_shifts,8192,8192,100,64,30976,absolute_range,1000,0,0.0,0.01,-0.012499413729037668,-0.022495441290144018,0.0354302310717511,0.0354302310717511,-0.01244189029479198,0.02298834077695912,0.021460695259902,-0.06939034006069078,0,0
two_balanced,0.25,opposed_shifts,8192,8192,100,64,30976,independent_triples,1000,0,0.0,0.01,-0.012492907444789918,-0.022495441290144018,-0.01244189029479198,0.0354302310717511,-0.01244189029479198,0.02298834077695912,0.005395380020673196,-0.005446397170671132,0,0
two_balanced,0.25,opposed_shifts,8192,8192,100,64,30976,pooled_variance,1000,0,0.0,0.01,-0.012498582901206702,-0.022495441290144018,-0.01244189029479198,0.0354302310717511,-0.01244189029479198,0.02298834077695912,0.00532546684675083,-0.005382159453165553,0,0
two_balanced,0.25,opposed_shifts,8192,8192,100,64,30976,signed_range,1000,0,0.0,0.01,-0.012499413729037668,-0.022495441290144018,-0.01244189029479198,0.0354302310717511,-0.01244189029479198,0.02298834077695912,0.021460695259902,-0.021518218694147693,0,0
two_balanced,0.25,opposed_shifts,8192,8192,100,64,30976,signed_variance,1000,0,0.0,0.01,-0.012499413729037668,-0.022495441290144018,-0.01244189029479198,0.0354302310717511,-0.01244189029479198,0.02298834077695912,0.005394483112978498,-0.0054520065472241875,0,0
two_balanced,0.25,opposed_shifts,8192,8192,400,64,50176,absolute_range,1000,0,0.0,0.01,-0.012496703882051995,-0.022495441290144018,0.0354302310717511,0.0354302310717511,-0.01244189029479198,0.02298834077695912,0.010730347629951,-0.0586572825837541,0,0
two_balanced,0.25,opposed_shifts,8192,8192,400,64,50176,independent_triples,1000,0,0.0,0.01,-0.012500415345822531,-0.022495441290144018,-0.01244189029479198,0.0354302310717511,-0.01244189029479198,0.02298834077695912,0.0018730253389927238,-0.0019315503900232765,0,0
two_balanced,0.25,opposed_shifts,8192,8192,400,64,50176,pooled_variance,1000,0,0.0,0.01,-0.01249695743335812,-0.022495441290144018,-0.01244189029479198,0.0354302310717511,-0.01244189029479198,0.02298834077695912,0.001851752570355039,-0.0019068197089211775,0,0
two_balanced,0.25,opposed_shifts,8192,8192,400,64,50176,signed_range,1000,0,0.0,0.01,-0.012496703882051995,-0.022495441290144018,-0.01244189029479198,0.0354302310717511,-0.01244189029479198,0.02298834077695912,0.010730347629951,-0.010785161217211016,0,0
two_balanced,0.25,opposed_shifts,8192,8192,400,64,50176,signed_variance,1000,0,0.0,0.01,-0.012496703882051995,-0.022495441290144018,-0.01244189029479198,0.0354302310717511,-0.01244189029479198,0.02298834077695912,0.00187296930603769,-0.0019277828932977054,0,0
two_balanced,0.25,opposed_shifts,8192,8192,1600,64,126976,absolute_range,1000,0,0.0,0.01,-0.012498485752428127,-0.022495441290144018,0.0354302310717511,0.0354302310717511,-0.01244189029479198,0.02298834077695912,0.0053651738149755,-0.053293890639154726,0,0
two_balanced,0.25,opposed_shifts,8192,8192,1600,64,126976,independent_triples,1000,44,0.044,0.01,-0.012499691013891668,-0.022495441290144018,-0.01244189029479198,0.0354302310717511,-0.01244189029479198,0.02298834077695912,0.0007305627925170271,-0.0007883635116167142,0,0
two_balanced,0.25,opposed_shifts,8192,8192,1600,64,126976,pooled_variance,1000,38,0.038,0.01,-0.012497917817631132,-0.022495441290144018,-0.01244189029479198,0.0354302310717511,-0.01244189029479198,0.02298834077695912,0.0007231984455793812,-0.0007792259684185332,0,0
two_balanced,0.25,opposed_shifts,8192,8192,1600,64,126976,signed_range,1000,0,0.0,0.01,-0.012498485752428127,-0.022495441290144018,-0.01244189029479198,0.0354302310717511,-0.01244189029479198,0.02298834077695912,0.0053651738149755,-0.0054217692726116476,0,0
two_balanced,0.25,opposed_shifts,8192,8192,1600,64,126976,signed_variance,1000,36,0.036,0.01,-0.012498485752428127,-0.022495441290144018,-0.01244189029479198,0.0354302310717511,-0.01244189029479198,0.02298834077695912,0.0007305592908286567,-0.0007871547484648038,0,0
two_balanced,0.5,estimated,8192,512,25,64,10816,absolute_range,1000,0,0.0,0.02,0.020053481041363723,5.414276659596337e-06,0.029162453374008974,0.029162453374008974,0.028590060404742348,0.05417399852173052,0.03489457593434466,-0.04400354826698991,0,0
two_balanced,0.5,estimated,8192,512,25,64,10816,independent_triples,1000,0,0.0,0.02,0.020066098577022334,5.414276659596337e-06,0.028590060404742348,0.029162453374008974,0.028590060404742348,0.05417399852173052,0.015321375228322536,-0.023845337056042554,0,0
two_balanced,0.5,estimated,8192,512,25,64,10816,pooled_variance,1000,0,0.0,0.02,0.020052534090229796,5.414276659596337e-06,0.028590060404742348,0.029162453374008974,0.028590060404742348,0.05417399852173052,0.015114547980830808,-0.023652074295343363,0,0
two_balanced,0.5,estimated,8192,512,25,64,10816,signed_range,1000,0,0.0,0.02,0.020053481041363723,5.414276659596337e-06,0.028590060404742348,0.029162453374008974,0.028590060404742348,0.05417399852173052,0.03489457593434466,-0.04343115529772328,0,0
two_balanced,0.5,estimated,8192,512,25,64,10816,signed_variance,1000,0,0.0,0.02,0.020053481041363723,5.414276659596337e-06,0.028590060404742348,0.029162453374008974,0.028590060404742348,0.05417399852173052,0.015309688593440845,-0.02384626795681947,0,0
two_balanced,0.5,estimated,8192,512,100,64,15616,absolute_range,1000,0,0.0,0.02,0.020007280924430503,5.414276659596337e-06,0.029162453374008974,0.029162453374008974,0.028590060404742348,0.05417399852173052,0.01744728796717233,-0.0266024604167508,0,0
two_balanced,0.5,estimated,8192,512,100,64,15616,independent_triples,1000,0,0.0,0.02,0.020018878551462737,5.414276659596337e-06,0.028590060404742348,0.029162453374008974,0.028590060404742348,0.05417399852173052,0.004974698888195931,-0.01354588074147554,0,0
two_balanced,0.5,estimated,8192,512,100,64,15616,pooled_variance,1000,0,0.0,0.02,0.020006090331652484,5.414276659596337e-06,0.028590060404742348,0.029162453374008974,0.028590060404742348,0.05417399852173052,0.004913770009163834,-0.0134977400822537,0,0
two_balanced,0.5,estimated,8192,512,100,64,15616,signed_range,1000,0,0.0,0.02,0.020007280924430503,5.414276659596337e-06,0.028590060404742348,0.029162453374008974,0.028590060404742348,0.05417399852173052,0.01744728796717233,-0.02603006744748417,0,0
two_balanced,0.5,estimated,8192,512,100,64,15616,signed_variance,1000,0,0.0,0.02,0.020007280924430503,5.414276659596337e-06,0.028590060404742348,0.029162453374008974,0.028590060404742348,0.05417399852173052,0.004973969712992619,-0.013556749193304464,0,0
two_balanced,0.5,estimated,8192,512,400,64,34816,absolute_range,1000,0,0.0,0.02,0.020016350646614566,5.414276659596337e-06,0.029162453374008974,0.029162453374008974,0.028590060404742348,0.05417399852173052,0.008723643983586165,-0.017869746710980572,0,0
two_balanced,0.5,estimated,8192,512,400,64,34816,independent_triples,1000,0,0.0,0.02,0.02001429127621856,5.414276659596337e-06,0.028590060404742348,0.029162453374008974,0.028590060404742348,0.05417399852173052,0.0018182203421878488,-0.010393989470711639,0,0
two_balanced,0.5,estimated,8192,512,400,64,34816,pooled_variance,1000,0,0.0,0.02,0.020017403194376837,5.414276659596337e-06,0.028590060404742348,0.029162453374008974,0.028590060404742348,0.05417399852173052,0.0017989427896919685,-0.01037160000005748,0,0
two_balanced,0.5,estimated,8192,512,400,64,34816,signed_range,1000,0,0.0,0.02,0.020016350646614566,5.414276659596337e-06,0.028590060404742348,0.029162453374008974,0.028590060404742348,0.05417399852173052,0.008723643983586165,-0.017297353741713945,0,0
two_balanced,0.5,estimated,8192,512,400,64,34816,signed_variance,1000,0,0.0,0.02,0.020016350646614566,5.414276659596337e-06,0.028590060404742348,0.029162453374008974,0.028590060404742348,0.05417399852173052,0.001818174788067151,-0.010391884546194932,0,0
two_balanced,0.5,estimated,8192,512,1600,64,111616,absolute_range,1000,0,0.0,0.02,0.020002055310827823,5.414276659596337e-06,0.029162453374008974,0.029162453374008974,0.028590060404742348,0.05417399852173052,0.004361821991793083,-0.013522220054974233,0,0
two_balanced,0.5,estimated,8192,512,1600,64,111616,independent_triples,1000,0,0.0,0.02,0.02000229153048174,5.414276659596337e-06,0.028590060404742348,0.029162453374008974,0.028590060404742348,0.05417399852173052,0.0007417596273579829,-0.00932952850161859,0,0
two_balanced,0.5,estimated,8192,512,1600,64,111616,pooled_variance,1000,0,0.0,0.02,0.02000364814918102,5.414276659596337e-06,0.028590060404742348,0.029162453374008974,0.028590060404742348,0.05417399852173052,0.0007346443589671659,-0.009321056614528494,0,0
two_balanced,0.5,estimated,8192,512,1600,64,111616,signed_range,1000,0,0.0,0.02,0.020002055310827823,5.414276659596337e-06,0.028590060404742348,0.029162453374008974,0.028590060404742348,0.05417399852173052,0.004361821991793083,-0.012949827085707607,0,0
two_balanced,0.5,estimated,8192,512,1600,64,111616,signed_variance,1000,0,0.0,0.02,0.020002055310827823,5.414276659596337e-06,0.028590060404742348,0.029162453374008974,0.028590060404742348,0.05417399852173052,0.0007417567805273175,-0.009329761874441843,0,0
two_balanced,0.5,estimated,8192,8192,25,64,26176,absolute_range,1000,0,0.0,0.02,0.020053481041363723,5.414276659596337e-06,0.0018441689714783238,0.0018441689714783238,0.0018042368651054075,0.003404411500686427,0.03489457593434466,-0.016685263864459256,0,0
two_balanced,0.5,estimated,8192,8192,25,64,26176,independent_triples,1000,972,0.972,0.02,0.020066098577022334,5.414276659596337e-06,0.0018042368651054075,0.0018441689714783238,0.0018042368651054075,0.003404411500686427,0.015321375228322536,0.0029404864835943898,0,0
two_balanced,0.5,estimated,8192,8192,25,64,26176,pooled_variance,1000,991,0.991,0.02,0.020052534090229796,5.414276659596337e-06,0.0018042368651054075,0.0018441689714783238,0.0018042368651054075,0.003404411500686427,0.015114547980830808,0.0031337492442935783,0,0
two_balanced,0.5,estimated,8192,8192,25,64,26176,signed_range,1000,0,0.0,0.02,0.020053481041363723,5.414276659596337e-06,0.0018042368651054075,0.0018441689714783238,0.0018042368651054075,0.003404411500686427,0.03489457593434466,-0.01664533175808634,0,0
two_balanced,0.5,estimated,8192,8192,25,64,26176,signed_variance,1000,985,0.985,0.02,0.020053481041363723,5.414276659596337e-06,0.0018042368651054075,0.0018441689714783238,0.0018042368651054075,0.003404411500686427,0.015309688593440845,0.002939555582817471,0,0
two_balanced,0.5,estimated,8192,8192,100,64,30976,absolute_range,1000,840,0.84,0.02,0.020007280924430503,5.414276659596337e-06,0.0018441689714783238,0.0018441689714783238,0.0018042368651054075,0.003404411500686427,0.01744728796717233,0.0007158239857798526,0,0
two_balanced,0.5,estimated,8192,8192,100,64,30976,independent_triples,1000,1000,1.0,0.02,0.020018878551462737,5.414276659596337e-06,0.0018042368651054075,0.0018441689714783238,0.0018042368651054075,0.003404411500686427,0.004974698888195931,0.013239942798161401,0,0
two_balanced,0.5,estimated,8192,8192,100,64,30976,pooled_variance,1000,1000,1.0,0.02,0.020006090331652484,5.414276659596337e-06,0.0018042368651054075,0.0018441689714783238,0.0018042368651054075,0.003404411500686427,0.004913770009163834,0.013288083457383242,0,0
two_balanced,0.5,estimated,8192,8192,100,64,30976,signed_range,1000,853,0.853,0.02,0.020007280924430503,5.414276659596337e-06,0.0018042368651054075,0.0018441689714783238,0.0018042368651054075,0.003404411500686427,0.01744728796717233,0.0007557560921527689,0,0
two_balanced,0.5,estimated,8192,8192,100,64,30976,signed_variance,1000,1000,1.0,0.02,0.020007280924430503,5.414276659596337e-06,0.0018042368651054075,0.0018441689714783238,0.0018042368651054075,0.003404411500686427,0.004973969712992619,0.013229074346332479,0,0
two_balanced,0.5,estimated,8192,8192,400,64,50176,absolute_range,1000,1000,1.0,0.02,0.020016350646614566,5.414276659596337e-06,0.0018441689714783238,0.0018441689714783238,0.0018042368651054075,0.003404411500686427,0.008723643983586165,0.00944853769155008,0,0
two_balanced,0.5,estimated,8192,8192,400,64,50176,independent_triples,1000,1000,1.0,0.02,0.02001429127621856,5.414276659596337e-06,0.0018042368651054075,0.0018441689714783238,0.0018042368651054075,0.003404411500686427,0.0018182203421878488,0.0163918340689253,0,0
two_balanced,0.5,estimated,8192,8192,400,64,50176,pooled_variance,1000,1000,1.0,0.02,0.020017403194376837,5.414276659596337e-06,0.0018042368651054075,0.0018441689714783238,0.0018042368651054075,0.003404411500686427,0.0017989427896919685,0.01641422353957946,0,0
two_balanced,0.5,estimated,8192,8192,400,64,50176,signed_range,1000,1000,1.0,0.02,0.020016350646614566,5.414276659596337e-06,0.0018042368651054075,0.0018441689714783238,0.0018042368651054075,0.003404411500686427,0.008723643983586165,0.009488469797922996,0,0
two_balanced,0.5,estimated,8192,8192,400,64,50176,signed_variance,1000,1000,1.0,0.02,0.020016350646614566,5.414276659596337e-06,0.0018042368651054075,0.0018441689714783238,0.0018042368651054075,0.003404411500686427,0.001818174788067151,0.01639393899344201,0,0
two_balanced,0.5,estimated,8192,8192,1600,64,126976,absolute_range,1000,1000,1.0,0.02,0.020002055310827823,5.414276659596337e-06,0.0018441689714783238,0.0018441689714783238,0.0018042368651054075,0.003404411500686427,0.004361821991793083,0.013796064347556416,0,0
two_balanced,0.5,estimated,8192,8192,1600,64,126976,independent_triples,1000,1000,1.0,0.02,0.02000229153048174,5.414276659596337e-06,0.0018042368651054075,0.0018441689714783238,0.0018042368651054075,0.003404411500686427,0.0007417596273579829,0.01745629503801835,0,0
two_balanced,0.5,estimated,8192,8192,1600,64,126976,pooled_variance,1000,1000,1.0,0.02,0.02000364814918102,5.414276659596337e-06,0.0018042368651054075,0.0018441689714783238,0.0018042368651054075,0.003404411500686427,0.0007346443589671659,0.017464766925108444,0,0
two_balanced,0.5,estimated,8192,8192,1600,64,126976,signed_range,1000,1000,1.0,0.02,0.020002055310827823,5.414276659596337e-06,0.0018042368651054075,0.0018441689714783238,0.0018042368651054075,0.003404411500686427,0.004361821991793083,0.013835996453929333,0,0
two_balanced,0.5,estimated,8192,8192,1600,64,126976,signed_variance,1000,1000,1.0,0.02,0.020002055310827823,5.414276659596337e-06,0.0018042368651054075,0.0018441689714783238,0.0018042368651054075,0.003404411500686427,0.0007417567805273175,0.0174560616651951,0,0
two_balanced,0.5,opposed_shifts,8192,8192,25,64,26176,absolute_range,1000,0,0.0,0.02,-0.002446376395609854,-0.022494643923688242,0.03542995872961727,0.03542995872961727,-0.012446155950974773,0.022983802778642495,0.04290652597956407,-0.0807828611047912,0,0
two_balanced,0.5,opposed_shifts,8192,8192,25,64,26176,independent_triples,1000,0,0.0,0.02,-0.0024337598025604905,-0.022494643923688242,-0.012446155950974773,0.03542995872961727,-0.012446155950974773,0.022983802778642495,0.017785875473403,-0.007773479324988716,0,0
two_balanced,0.5,opposed_shifts,8192,8192,25,64,26176,pooled_variance,1000,0,0.0,0.02,-0.002447323346743783,-0.022494643923688242,-0.012446155950974773,0.03542995872961727,-0.012446155950974773,0.022983802778642495,0.017539353164038395,-0.0075405205598074055,0,0
two_balanced,0.5,opposed_shifts,8192,8192,25,64,26176,signed_range,1000,0,0.0,0.02,-0.002446376395609854,-0.022494643923688242,-0.012446155950974773,0.03542995872961727,-0.012446155950974773,0.022983802778642495,0.04290652597956407,-0.032906746424199156,0,0
two_balanced,0.5,opposed_shifts,8192,8192,25,64,26176,signed_variance,1000,0,0.0,0.02,-0.002446376395609854,-0.022494643923688242,-0.012446155950974773,0.03542995872961727,-0.012446155950974773,0.022983802778642495,0.017771505535103465,-0.007771725979738547,0,0
two_balanced,0.5,opposed_shifts,8192,8192,100,64,30976,absolute_range,1000,0,0.0,0.02,-0.00249269885090611,-0.022494643923688242,0.03542995872961727,0.03542995872961727,-0.012446155950974773,0.022983802778642495,0.021453262989782035,-0.05937592057030541,0,0
two_balanced,0.5,opposed_shifts,8192,8192,100,64,30976,independent_triples,1000,1000,1.0,0.02,-0.0024810844329423106,-0.022494643923688242,-0.012446155950974773,0.03542995872961727,-0.012446155950974773,0.022983802778642495,0.0055899492224215286,0.0043751222956109346,0,0
two_balanced,0.5,opposed_shifts,8192,8192,100,64,30976,pooled_variance,1000,1000,1.0,0.02,-0.0024938894436841302,-0.022494643923688242,-0.012446155950974773,0.03542995872961727,-0.012446155950974773,0.022983802778642495,0.0055193349239110855,0.004432931583379557,0,0
two_balanced,0.5,opposed_shifts,8192,8192,100,64,30976,signed_range,1000,0,0.0,0.02,-0.00249269885090611,-0.022494643923688242,-0.012446155950974773,0.03542995872961727,-0.012446155950974773,0.022983802778642495,0.021453262989782035,-0.011499805889713374,0,0
two_balanced,0.5,opposed_shifts,8192,8192,100,64,30976,signed_variance,1000,1000,1.0,0.02,-0.00249269885090611,-0.022494643923688242,-0.012446155950974773,0.03542995872961727,-0.012446155950974773,0.022983802778642495,0.005589052625343993,0.00436440447472467,0,0
two_balanced,0.5,opposed_shifts,8192,8192,400,64,50176,absolute_range,1000,0,0.0,0.02,-0.002483634973116162,-0.022494643923688242,0.03542995872961727,0.03542995872961727,-0.012446155950974773,0.022983802778642495,0.010726631494891017,-0.04864022519762445,0,0
two_balanced,0.5,opposed_shifts,8192,8192,400,64,50176,independent_triples,1000,1000,1.0,0.02,-0.0024856867093827084,-0.022494643923688242,-0.012446155950974773,0.03542995872961727,-0.012446155950974773,0.022983802778642495,0.001971986150291002,0.007988483091301062,0,0
two_balanced,0.5,opposed_shifts,8192,8192,400,64,50176,pooled_variance,1000,1000,1.0,0.02,-0.0024825824253538924,-0.022494643923688242,-0.012446155950974773,0.03542995872961727,-0.012446155950974773,0.022983802778642495,0.0019503035400978788,0.008013269985523002,0,0
two_balanced,0.5,opposed_shifts,8192,8192,400,64,50176,signed_range,1000,70,0.07,0.02,-0.002483634973116162,-0.022494643923688242,-0.012446155950974773,0.03542995872961727,-0.012446155950974773,0.022983802778642495,0.010726631494891017,-0.000764110517032407,0,0
two_balanced,0.5,opposed_shifts,8192,8192,400,64,50176,signed_variance,1000,1000,1.0,0.02,-0.002483634973116162,-0.022494643923688242,-0.012446155950974773,0.03542995872961727,-0.012446155950974773,0.022983802778642495,0.001971930136741307,0.007990590841117305,0,0
two_balanced,0.5,opposed_shifts,8192,8192,1600,64,126976,absolute_range,1000,0,0.0,0.02,-0.002497984832302246,-0.022494643923688242,0.03542995872961727,0.03542995872961727,-0.012446155950974773,0.022983802778642495,0.005363315747445509,-0.043291259309365025,0,0
two_balanced,0.5,opposed_shifts,8192,8192,1600,64,126976,independent_triples,1000,1000,1.0,0.02,-0.0024977464932535343,-0.022494643923688242,-0.012446155950974773,0.03542995872961727,-0.012446155950974773,0.022983802778642495,0.0007802018720067669,0.009168207585714471,0,0
two_balanced,0.5,opposed_shifts,8192,8192,1600,64,126976,pooled_variance,1000,1000,1.0,0.02,-0.00249639199394905,-0.022494643923688242,-0.012446155950974773,0.03542995872961727,-0.012446155950974773,0.022983802778642495,0.0007724858613217576,0.009177278095703966,0,0
two_balanced,0.5,opposed_shifts,8192,8192,1600,64,126976,signed_range,1000,1000,1.0,0.02,-0.002497984832302246,-0.022494643923688242,-0.012446155950974773,0.03542995872961727,-0.012446155950974773,0.022983802778642495,0.005363315747445509,0.004584855371227018,0,0
two_balanced,0.5,opposed_shifts,8192,8192,1600,64,126976,signed_variance,1000,1000,1.0,0.02,-0.002497984832302246,-0.022494643923688242,-0.012446155950974773,0.03542995872961727,-0.012446155950974773,0.022983802778642495,0.0007801983715311016,0.009167972747141425,0,0
