design,signal,fit,training_rows,validation_pairs,groups,peers,total_observations,contrast,before,after,replications,before_rejections,after_rejections,after_only,before_only,both,neither,delta,ci_lower,ci_upper,confidence,ci_method
eight_rare,-0.125,estimated,8192,512,25,64,10816,learning_at_range,absolute_range,signed_range,1000,0,0,0,0,0,1000,0,-0.0043724395646712729,0.0043724395646712729,0.94999999999999996,paired discordant multinomial; Bonferroni of two 97.5% exact CP marginals; pointwise
eight_rare,-0.125,estimated,8192,512,25,64,10816,sampling_at_absolute,absolute_range,absolute_variance,1000,0,0,0,0,0,1000,0,-0.0043724395646712729,0.0043724395646712729,0.94999999999999996,paired discordant multinomial; Bonferroni of two 97.5% exact CP marginals; pointwise
eight_rare,-0.125,estimated,8192,512,25,64,10816,total_upgrade,absolute_range,signed_variance,1000,0,0,0,0,0,1000,0,-0.0043724395646712729,0.0043724395646712729,0.94999999999999996,paired discordant multinomial; Bonferroni of two 97.5% exact CP marginals; pointwise
eight_rare,-0.125,estimated,8192,512,25,64,10816,crossed_comparison,signed_range,absolute_variance,1000,0,0,0,0,0,1000,0,-0.0043724395646712729,0.0043724395646712729,0.94999999999999996,paired discordant multinomial; Bonferroni of two 97.5% exact CP marginals; pointwise
eight_rare,-0.125,estimated,8192,512,25,64,10816,sampling_at_signed,signed_range,signed_variance,1000,0,0,0,0,0,1000,0,-0.0043724395646712729,0.0043724395646712729,0.94999999999999996,paired discordant multinomial; Bonferroni of two 97.5% exact CP marginals; pointwise
eight_rare,-0.125,estimated,8192,512,25,64,10816,learning_at_variance,absolute_variance,signed_variance,1000,0,0,0,0,0,1000,0,-0.0043724395646712729,0.0043724395646712729,0.94999999999999996,paired discordant multinomial; Bonferroni of two 97.5% exact CP marginals; pointwise
eight_rare,-0.125,estimated,8192,512,100,64,15616,learning_at_range,absolute_range,signed_range,1000,0,0,0,0,0,1000,0,-0.0043724395646712729,0.0043724395646712729,0.94999999999999996,paired discordant multinomial; Bonferroni of two 97.5% exact CP marginals; pointwise
eight_rare,-0.125,estimated,8192,512,100,64,15616,sampling_at_absolute,absolute_range,absolute_variance,1000,0,0,0,0,0,1000,0,-0.0043724395646712729,0.0043724395646712729,0.94999999999999996,paired discordant multinomial; Bonferroni of two 97.5% exact CP marginals; pointwise
eight_rare,-0.125,estimated,8192,512,100,64,15616,total_upgrade,absolute_range,signed_variance,1000,0,0,0,0,0,1000,0,-0.0043724395646712729,0.0043724395646712729,0.94999999999999996,paired discordant multinomial; Bonferroni of two 97.5% exact CP marginals; pointwise
eight_rare,-0.125,estimated,8192,512,100,64,15616,crossed_comparison,signed_range,absolute_variance,1000,0,0,0,0,0,1000,0,-0.0043724395646712729,0.0043724395646712729,0.94999999999999996,paired discordant multinomial; Bonferroni of two 97.5% exact CP marginals; pointwise
eight_rare,-0.125,estimated,8192,512,100,64,15616,sampling_at_signed,signed_range,signed_variance,1000,0,0,0,0,0,1000,0,-0.0043724395646712729,0.0043724395646712729,0.94999999999999996,paired discordant multinomial; Bonferroni of two 97.5% exact CP marginals; pointwise
eight_rare,-0.125,estimated,8192,512,100,64,15616,learning_at_variance,absolute_variance,signed_variance,1000,0,0,0,0,0,1000,0,-0.0043724395646712729,0.0043724395646712729,0.94999999999999996,paired discordant multinomial; Bonferroni of two 97.5% exact CP marginals; pointwise
eight_rare,-0.125,estimated,8192,512,400,64,34816,learning_at_range,absolute_range,signed_range,1000,0,0,0,0,0,1000,0,-0.0043724395646712729,0.0043724395646712729,0.94999999999999996,paired discordant multinomial; Bonferroni of two 97.5% exact CP marginals; pointwise
eight_rare,-0.125,estimated,8192,512,400,64,34816,sampling_at_absolute,absolute_range,absolute_variance,1000,0,0,0,0,0,1000,0,-0.0043724395646712729,0.0043724395646712729,0.94999999999999996,paired discordant multinomial; Bonferroni of two 97.5% exact CP marginals; pointwise
eight_rare,-0.125,estimated,8192,512,400,64,34816,total_upgrade,absolute_range,signed_variance,1000,0,0,0,0,0,1000,0,-0.0043724395646712729,0.0043724395646712729,0.94999999999999996,paired discordant multinomial; Bonferroni of two 97.5% exact CP marginals; pointwise
eight_rare,-0.125,estimated,8192,512,400,64,34816,crossed_comparison,signed_range,absolute_variance,1000,0,0,0,0,0,1000,0,-0.0043724395646712729,0.0043724395646712729,0.94999999999999996,paired discordant multinomial; Bonferroni of two 97.5% exact CP marginals; pointwise
eight_rare,-0.125,estimated,8192,512,400,64,34816,sampling_at_signed,signed_range,signed_variance,1000,0,0,0,0,0,1000,0,-0.0043724395646712729,0.0043724395646712729,0.94999999999999996,paired discordant multinomial; Bonferroni of two 97.5% exact CP marginals; pointwise
eight_rare,-0.125,estimated,8192,512,400,64,34816,learning_at_variance,absolute_variance,signed_variance,1000,0,0,0,0,0,1000,0,-0.0043724395646712729,0.0043724395646712729,0.94999999999999996,paired discordant multinomial; Bonferroni of two 97.5% exact CP marginals; pointwise
eight_rare,-0.125,estimated,8192,512,1600,64,111616,learning_at_range,absolute_range,signed_range,1000,0,0,0,0,0,1000,0,-0.0043724395646712729,0.0043724395646712729,0.94999999999999996,paired discordant multinomial; Bonferroni of two 97.5% exact CP marginals; pointwise
eight_rare,-0.125,estimated,8192,512,1600,64,111616,sampling_at_absolute,absolute_range,absolute_variance,1000,0,0,0,0,0,1000,0,-0.0043724395646712729,0.0043724395646712729,0.94999999999999996,paired discordant multinomial; Bonferroni of two 97.5% exact CP marginals; pointwise
eight_rare,-0.125,estimated,8192,512,1600,64,111616,total_upgrade,absolute_range,signed_variance,1000,0,0,0,0,0,1000,0,-0.0043724395646712729,0.0043724395646712729,0.94999999999999996,paired discordant multinomial; Bonferroni of two 97.5% exact CP marginals; pointwise
eight_rare,-0.125,estimated,8192,512,1600,64,111616,crossed_comparison,signed_range,absolute_variance,1000,0,0,0,0,0,1000,0,-0.0043724395646712729,0.0043724395646712729,0.94999999999999996,paired discordant multinomial; Bonferroni of two 97.5% exact CP marginals; pointwise
eight_rare,-0.125,estimated,8192,512,1600,64,111616,sampling_at_signed,signed_range,signed_variance,1000,0,0,0,0,0,1000,0,-0.0043724395646712729,0.0043724395646712729,0.94999999999999996,paired discordant multinomial; Bonferroni of two 97.5% exact CP marginals; pointwise
eight_rare,-0.125,estimated,8192,512,1600,64,111616,learning_at_variance,absolute_variance,signed_variance,1000,0,0,0,0,0,1000,0,-0.0043724395646712729,0.0043724395646712729,0.94999999999999996,paired discordant multinomial; Bonferroni of two 97.5% exact CP marginals; pointwise
eight_rare,-0.125,estimated,8192,8192,25,64,26176,learning_at_range,absolute_range,signed_range,1000,0,0,0,0,0,1000,0,-0.0043724395646712729,0.0043724395646712729,0.94999999999999996,paired discordant multinomial; Bonferroni of two 97.5% exact CP marginals; pointwise
eight_rare,-0.125,estimated,8192,8192,25,64,26176,sampling_at_absolute,absolute_range,absolute_variance,1000,0,0,0,0,0,1000,0,-0.0043724395646712729,0.0043724395646712729,0.94999999999999996,paired discordant multinomial; Bonferroni of two 97.5% exact CP marginals; pointwise
eight_rare,-0.125,estimated,8192,8192,25,64,26176,total_upgrade,absolute_range,signed_variance,1000,0,0,0,0,0,1000,0,-0.0043724395646712729,0.0043724395646712729,0.94999999999999996,paired discordant multinomial; Bonferroni of two 97.5% exact CP marginals; pointwise
eight_rare,-0.125,estimated,8192,8192,25,64,26176,crossed_comparison,signed_range,absolute_variance,1000,0,0,0,0,0,1000,0,-0.0043724395646712729,0.0043724395646712729,0.94999999999999996,paired discordant multinomial; Bonferroni of two 97.5% exact CP marginals; pointwise
eight_rare,-0.125,estimated,8192,8192,25,64,26176,sampling_at_signed,signed_range,signed_variance,1000,0,0,0,0,0,1000,0,-0.0043724395646712729,0.0043724395646712729,0.94999999999999996,paired discordant multinomial; Bonferroni of two 97.5% exact CP marginals; pointwise
eight_rare,-0.125,estimated,8192,8192,25,64,26176,learning_at_variance,absolute_variance,signed_variance,1000,0,0,0,0,0,1000,0,-0.0043724395646712729,0.0043724395646712729,0.94999999999999996,paired discordant multinomial; Bonferroni of two 97.5% exact CP marginals; pointwise
eight_rare,-0.125,estimated,8192,8192,100,64,30976,learning_at_range,absolute_range,signed_range,1000,0,0,0,0,0,1000,0,-0.0043724395646712729,0.0043724395646712729,0.94999999999999996,paired discordant multinomial; Bonferroni of two 97.5% exact CP marginals; pointwise
eight_rare,-0.125,estimated,8192,8192,100,64,30976,sampling_at_absolute,absolute_range,absolute_variance,1000,0,0,0,0,0,1000,0,-0.0043724395646712729,0.0043724395646712729,0.94999999999999996,paired discordant multinomial; Bonferroni of two 97.5% exact CP marginals; pointwise
eight_rare,-0.125,estimated,8192,8192,100,64,30976,total_upgrade,absolute_range,signed_variance,1000,0,0,0,0,0,1000,0,-0.0043724395646712729,0.0043724395646712729,0.94999999999999996,paired discordant multinomial; Bonferroni of two 97.5% exact CP marginals; pointwise
eight_rare,-0.125,estimated,8192,8192,100,64,30976,crossed_comparison,signed_range,absolute_variance,1000,0,0,0,0,0,1000,0,-0.0043724395646712729,0.0043724395646712729,0.94999999999999996,paired discordant multinomial; Bonferroni of two 97.5% exact CP marginals; pointwise
eight_rare,-0.125,estimated,8192,8192,100,64,30976,sampling_at_signed,signed_range,signed_variance,1000,0,0,0,0,0,1000,0,-0.0043724395646712729,0.0043724395646712729,0.94999999999999996,paired discordant multinomial; Bonferroni of two 97.5% exact CP marginals; pointwise
eight_rare,-0.125,estimated,8192,8192,100,64,30976,learning_at_variance,absolute_variance,signed_variance,1000,0,0,0,0,0,1000,0,-0.0043724395646712729,0.0043724395646712729,0.94999999999999996,paired discordant multinomial; Bonferroni of two 97.5% exact CP marginals; pointwise
eight_rare,-0.125,estimated,8192,8192,400,64,50176,learning_at_range,absolute_range,signed_range,1000,0,0,0,0,0,1000,0,-0.0043724395646712729,0.0043724395646712729,0.94999999999999996,paired discordant multinomial; Bonferroni of two 97.5% exact CP marginals; pointwise
eight_rare,-0.125,estimated,8192,8192,400,64,50176,sampling_at_absolute,absolute_range,absolute_variance,1000,0,0,0,0,0,1000,0,-0.0043724395646712729,0.0043724395646712729,0.94999999999999996,paired discordant multinomial; Bonferroni of two 97.5% exact CP marginals; pointwise
eight_rare,-0.125,estimated,8192,8192,400,64,50176,total_upgrade,absolute_range,signed_variance,1000,0,0,0,0,0,1000,0,-0.0043724395646712729,0.0043724395646712729,0.94999999999999996,paired discordant multinomial; Bonferroni of two 97.5% exact CP marginals; pointwise
eight_rare,-0.125,estimated,8192,8192,400,64,50176,crossed_comparison,signed_range,absolute_variance,1000,0,0,0,0,0,1000,0,-0.0043724395646712729,0.0043724395646712729,0.94999999999999996,paired discordant multinomial; Bonferroni of two 97.5% exact CP marginals; pointwise
eight_rare,-0.125,estimated,8192,8192,400,64,50176,sampling_at_signed,signed_range,signed_variance,1000,0,0,0,0,0,1000,0,-0.0043724395646712729,0.0043724395646712729,0.94999999999999996,paired discordant multinomial; Bonferroni of two 97.5% exact CP marginals; pointwise
eight_rare,-0.125,estimated,8192,8192,400,64,50176,learning_at_variance,absolute_variance,signed_variance,1000,0,0,0,0,0,1000,0,-0.0043724395646712729,0.0043724395646712729,0.94999999999999996,paired discordant multinomial; Bonferroni of two 97.5% exact CP marginals; pointwise
eight_rare,-0.125,estimated,8192,8192,1600,64,126976,learning_at_range,absolute_range,signed_range,1000,0,0,0,0,0,1000,0,-0.0043724395646712729,0.0043724395646712729,0.94999999999999996,paired discordant multinomial; Bonferroni of two 97.5% exact CP marginals; pointwise
eight_rare,-0.125,estimated,8192,8192,1600,64,126976,sampling_at_absolute,absolute_range,absolute_variance,1000,0,0,0,0,0,1000,0,-0.0043724395646712729,0.0043724395646712729,0.94999999999999996,paired discordant multinomial; Bonferroni of two 97.5% exact CP marginals; pointwise
eight_rare,-0.125,estimated,8192,8192,1600,64,126976,total_upgrade,absolute_range,signed_variance,1000,0,0,0,0,0,1000,0,-0.0043724395646712729,0.0043724395646712729,0.94999999999999996,paired discordant multinomial; Bonferroni of two 97.5% exact CP marginals; pointwise
eight_rare,-0.125,estimated,8192,8192,1600,64,126976,crossed_comparison,signed_range,absolute_variance,1000,0,0,0,0,0,1000,0,-0.0043724395646712729,0.0043724395646712729,0.94999999999999996,paired discordant multinomial; Bonferroni of two 97.5% exact CP marginals; pointwise
eight_rare,-0.125,estimated,8192,8192,1600,64,126976,sampling_at_signed,signed_range,signed_variance,1000,0,0,0,0,0,1000,0,-0.0043724395646712729,0.0043724395646712729,0.94999999999999996,paired discordant multinomial; Bonferroni of two 97.5% exact CP marginals; pointwise
eight_rare,-0.125,estimated,8192,8192,1600,64,126976,learning_at_variance,absolute_variance,signed_variance,1000,0,0,0,0,0,1000,0,-0.0043724395646712729,0.0043724395646712729,0.94999999999999996,paired discordant multinomial; Bonferroni of two 97.5% exact CP marginals; pointwise
eight_rare,0,estimated,8192,512,25,64,10816,learning_at_range,absolute_range,signed_range,1000,0,0,0,0,0,1000,0,-0.0043724395646712729,0.0043724395646712729,0.94999999999999996,paired discordant multinomial; Bonferroni of two 97.5% exact CP marginals; pointwise
eight_rare,0,estimated,8192,512,25,64,10816,sampling_at_absolute,absolute_range,absolute_variance,1000,0,0,0,0,0,1000,0,-0.0043724395646712729,0.0043724395646712729,0.94999999999999996,paired discordant multinomial; Bonferroni of two 97.5% exact CP marginals; pointwise
eight_rare,0,estimated,8192,512,25,64,10816,total_upgrade,absolute_range,signed_variance,1000,0,0,0,0,0,1000,0,-0.0043724395646712729,0.0043724395646712729,0.94999999999999996,paired discordant multinomial; Bonferroni of two 97.5% exact CP marginals; pointwise
eight_rare,0,estimated,8192,512,25,64,10816,crossed_comparison,signed_range,absolute_variance,1000,0,0,0,0,0,1000,0,-0.0043724395646712729,0.0043724395646712729,0.94999999999999996,paired discordant multinomial; Bonferroni of two 97.5% exact CP marginals; pointwise
eight_rare,0,estimated,8192,512,25,64,10816,sampling_at_signed,signed_range,signed_variance,1000,0,0,0,0,0,1000,0,-0.0043724395646712729,0.0043724395646712729,0.94999999999999996,paired discordant multinomial; Bonferroni of two 97.5% exact CP marginals; pointwise
eight_rare,0,estimated,8192,512,25,64,10816,learning_at_variance,absolute_variance,signed_variance,1000,0,0,0,0,0,1000,0,-0.0043724395646712729,0.0043724395646712729,0.94999999999999996,paired discordant multinomial; Bonferroni of two 97.5% exact CP marginals; pointwise
eight_rare,0,estimated,8192,512,100,64,15616,learning_at_range,absolute_range,signed_range,1000,0,0,0,0,0,1000,0,-0.0043724395646712729,0.0043724395646712729,0.94999999999999996,paired discordant multinomial; Bonferroni of two 97.5% exact CP marginals; pointwise
eight_rare,0,estimated,8192,512,100,64,15616,sampling_at_absolute,absolute_range,absolute_variance,1000,0,0,0,0,0,1000,0,-0.0043724395646712729,0.0043724395646712729,0.94999999999999996,paired discordant multinomial; Bonferroni of two 97.5% exact CP marginals; pointwise
eight_rare,0,estimated,8192,512,100,64,15616,total_upgrade,absolute_range,signed_variance,1000,0,0,0,0,0,1000,0,-0.0043724395646712729,0.0043724395646712729,0.94999999999999996,paired discordant multinomial; Bonferroni of two 97.5% exact CP marginals; pointwise
eight_rare,0,estimated,8192,512,100,64,15616,crossed_comparison,signed_range,absolute_variance,1000,0,0,0,0,0,1000,0,-0.0043724395646712729,0.0043724395646712729,0.94999999999999996,paired discordant multinomial; Bonferroni of two 97.5% exact CP marginals; pointwise
eight_rare,0,estimated,8192,512,100,64,15616,sampling_at_signed,signed_range,signed_variance,1000,0,0,0,0,0,1000,0,-0.0043724395646712729,0.0043724395646712729,0.94999999999999996,paired discordant multinomial; Bonferroni of two 97.5% exact CP marginals; pointwise
eight_rare,0,estimated,8192,512,100,64,15616,learning_at_variance,absolute_variance,signed_variance,1000,0,0,0,0,0,1000,0,-0.0043724395646712729,0.0043724395646712729,0.94999999999999996,paired discordant multinomial; Bonferroni of two 97.5% exact CP marginals; pointwise
eight_rare,0,estimated,8192,512,400,64,34816,learning_at_range,absolute_range,signed_range,1000,0,0,0,0,0,1000,0,-0.0043724395646712729,0.0043724395646712729,0.94999999999999996,paired discordant multinomial; Bonferroni of two 97.5% exact CP marginals; pointwise
eight_rare,0,estimated,8192,512,400,64,34816,sampling_at_absolute,absolute_range,absolute_variance,1000,0,0,0,0,0,1000,0,-0.0043724395646712729,0.0043724395646712729,0.94999999999999996,paired discordant multinomial; Bonferroni of two 97.5% exact CP marginals; pointwise
eight_rare,0,estimated,8192,512,400,64,34816,total_upgrade,absolute_range,signed_variance,1000,0,0,0,0,0,1000,0,-0.0043724395646712729,0.0043724395646712729,0.94999999999999996,paired discordant multinomial; Bonferroni of two 97.5% exact CP marginals; pointwise
eight_rare,0,estimated,8192,512,400,64,34816,crossed_comparison,signed_range,absolute_variance,1000,0,0,0,0,0,1000,0,-0.0043724395646712729,0.0043724395646712729,0.94999999999999996,paired discordant multinomial; Bonferroni of two 97.5% exact CP marginals; pointwise
eight_rare,0,estimated,8192,512,400,64,34816,sampling_at_signed,signed_range,signed_variance,1000,0,0,0,0,0,1000,0,-0.0043724395646712729,0.0043724395646712729,0.94999999999999996,paired discordant multinomial; Bonferroni of two 97.5% exact CP marginals; pointwise
eight_rare,0,estimated,8192,512,400,64,34816,learning_at_variance,absolute_variance,signed_variance,1000,0,0,0,0,0,1000,0,-0.0043724395646712729,0.0043724395646712729,0.94999999999999996,paired discordant multinomial; Bonferroni of two 97.5% exact CP marginals; pointwise
eight_rare,0,estimated,8192,512,1600,64,111616,learning_at_range,absolute_range,signed_range,1000,0,0,0,0,0,1000,0,-0.0043724395646712729,0.0043724395646712729,0.94999999999999996,paired discordant multinomial; Bonferroni of two 97.5% exact CP marginals; pointwise
eight_rare,0,estimated,8192,512,1600,64,111616,sampling_at_absolute,absolute_range,absolute_variance,1000,0,0,0,0,0,1000,0,-0.0043724395646712729,0.0043724395646712729,0.94999999999999996,paired discordant multinomial; Bonferroni of two 97.5% exact CP marginals; pointwise
eight_rare,0,estimated,8192,512,1600,64,111616,total_upgrade,absolute_range,signed_variance,1000,0,0,0,0,0,1000,0,-0.0043724395646712729,0.0043724395646712729,0.94999999999999996,paired discordant multinomial; Bonferroni of two 97.5% exact CP marginals; pointwise
eight_rare,0,estimated,8192,512,1600,64,111616,crossed_comparison,signed_range,absolute_variance,1000,0,0,0,0,0,1000,0,-0.0043724395646712729,0.0043724395646712729,0.94999999999999996,paired discordant multinomial; Bonferroni of two 97.5% exact CP marginals; pointwise
eight_rare,0,estimated,8192,512,1600,64,111616,sampling_at_signed,signed_range,signed_variance,1000,0,0,0,0,0,1000,0,-0.0043724395646712729,0.0043724395646712729,0.94999999999999996,paired discordant multinomial; Bonferroni of two 97.5% exact CP marginals; pointwise
eight_rare,0,estimated,8192,512,1600,64,111616,learning_at_variance,absolute_variance,signed_variance,1000,0,0,0,0,0,1000,0,-0.0043724395646712729,0.0043724395646712729,0.94999999999999996,paired discordant multinomial; Bonferroni of two 97.5% exact CP marginals; pointwise
eight_rare,0,estimated,8192,8192,25,64,26176,learning_at_range,absolute_range,signed_range,1000,0,0,0,0,0,1000,0,-0.0043724395646712729,0.0043724395646712729,0.94999999999999996,paired discordant multinomial; Bonferroni of two 97.5% exact CP marginals; pointwise
eight_rare,0,estimated,8192,8192,25,64,26176,sampling_at_absolute,absolute_range,absolute_variance,1000,0,0,0,0,0,1000,0,-0.0043724395646712729,0.0043724395646712729,0.94999999999999996,paired discordant multinomial; Bonferroni of two 97.5% exact CP marginals; pointwise
eight_rare,0,estimated,8192,8192,25,64,26176,total_upgrade,absolute_range,signed_variance,1000,0,0,0,0,0,1000,0,-0.0043724395646712729,0.0043724395646712729,0.94999999999999996,paired discordant multinomial; Bonferroni of two 97.5% exact CP marginals; pointwise
eight_rare,0,estimated,8192,8192,25,64,26176,crossed_comparison,signed_range,absolute_variance,1000,0,0,0,0,0,1000,0,-0.0043724395646712729,0.0043724395646712729,0.94999999999999996,paired discordant multinomial; Bonferroni of two 97.5% exact CP marginals; pointwise
eight_rare,0,estimated,8192,8192,25,64,26176,sampling_at_signed,signed_range,signed_variance,1000,0,0,0,0,0,1000,0,-0.0043724395646712729,0.0043724395646712729,0.94999999999999996,paired discordant multinomial; Bonferroni of two 97.5% exact CP marginals; pointwise
eight_rare,0,estimated,8192,8192,25,64,26176,learning_at_variance,absolute_variance,signed_variance,1000,0,0,0,0,0,1000,0,-0.0043724395646712729,0.0043724395646712729,0.94999999999999996,paired discordant multinomial; Bonferroni of two 97.5% exact CP marginals; pointwise
eight_rare,0,estimated,8192,8192,100,64,30976,learning_at_range,absolute_range,signed_range,1000,0,0,0,0,0,1000,0,-0.0043724395646712729,0.0043724395646712729,0.94999999999999996,paired discordant multinomial; Bonferroni of two 97.5% exact CP marginals; pointwise
eight_rare,0,estimated,8192,8192,100,64,30976,sampling_at_absolute,absolute_range,absolute_variance,1000,0,0,0,0,0,1000,0,-0.0043724395646712729,0.0043724395646712729,0.94999999999999996,paired discordant multinomial; Bonferroni of two 97.5% exact CP marginals; pointwise
eight_rare,0,estimated,8192,8192,100,64,30976,total_upgrade,absolute_range,signed_variance,1000,0,0,0,0,0,1000,0,-0.0043724395646712729,0.0043724395646712729,0.94999999999999996,paired discordant multinomial; Bonferroni of two 97.5% exact CP marginals; pointwise
eight_rare,0,estimated,8192,8192,100,64,30976,crossed_comparison,signed_range,absolute_variance,1000,0,0,0,0,0,1000,0,-0.0043724395646712729,0.0043724395646712729,0.94999999999999996,paired discordant multinomial; Bonferroni of two 97.5% exact CP marginals; pointwise
eight_rare,0,estimated,8192,8192,100,64,30976,sampling_at_signed,signed_range,signed_variance,1000,0,0,0,0,0,1000,0,-0.0043724395646712729,0.0043724395646712729,0.94999999999999996,paired discordant multinomial; Bonferroni of two 97.5% exact CP marginals; pointwise
eight_rare,0,estimated,8192,8192,100,64,30976,learning_at_variance,absolute_variance,signed_variance,1000,0,0,0,0,0,1000,0,-0.0043724395646712729,0.0043724395646712729,0.94999999999999996,paired discordant multinomial; Bonferroni of two 97.5% exact CP marginals; pointwise
eight_rare,0,estimated,8192,8192,400,64,50176,learning_at_range,absolute_range,signed_range,1000,0,0,0,0,0,1000,0,-0.0043724395646712729,0.0043724395646712729,0.94999999999999996,paired discordant multinomial; Bonferroni of two 97.5% exact CP marginals; pointwise
eight_rare,0,estimated,8192,8192,400,64,50176,sampling_at_absolute,absolute_range,absolute_variance,1000,0,0,0,0,0,1000,0,-0.0043724395646712729,0.0043724395646712729,0.94999999999999996,paired discordant multinomial; Bonferroni of two 97.5% exact CP marginals; pointwise
eight_rare,0,estimated,8192,8192,400,64,50176,total_upgrade,absolute_range,signed_variance,1000,0,0,0,0,0,1000,0,-0.0043724395646712729,0.0043724395646712729,0.94999999999999996,paired discordant multinomial; Bonferroni of two 97.5% exact CP marginals; pointwise
eight_rare,0,estimated,8192,8192,400,64,50176,crossed_comparison,signed_range,absolute_variance,1000,0,0,0,0,0,1000,0,-0.0043724395646712729,0.0043724395646712729,0.94999999999999996,paired discordant multinomial; Bonferroni of two 97.5% exact CP marginals; pointwise
eight_rare,0,estimated,8192,8192,400,64,50176,sampling_at_signed,signed_range,signed_variance,1000,0,0,0,0,0,1000,0,-0.0043724395646712729,0.0043724395646712729,0.94999999999999996,paired discordant multinomial; Bonferroni of two 97.5% exact CP marginals; pointwise
eight_rare,0,estimated,8192,8192,400,64,50176,learning_at_variance,absolute_variance,signed_variance,1000,0,0,0,0,0,1000,0,-0.0043724395646712729,0.0043724395646712729,0.94999999999999996,paired discordant multinomial; Bonferroni of two 97.5% exact CP marginals; pointwise
eight_rare,0,estimated,8192,8192,1600,64,126976,learning_at_range,absolute_range,signed_range,1000,0,0,0,0,0,1000,0,-0.0043724395646712729,0.0043724395646712729,0.94999999999999996,paired discordant multinomial; Bonferroni of two 97.5% exact CP marginals; pointwise
eight_rare,0,estimated,8192,8192,1600,64,126976,sampling_at_absolute,absolute_range,absolute_variance,1000,0,0,0,0,0,1000,0,-0.0043724395646712729,0.0043724395646712729,0.94999999999999996,paired discordant multinomial; Bonferroni of two 97.5% exact CP marginals; pointwise
eight_rare,0,estimated,8192,8192,1600,64,126976,total_upgrade,absolute_range,signed_variance,1000,0,0,0,0,0,1000,0,-0.0043724395646712729,0.0043724395646712729,0.94999999999999996,paired discordant multinomial; Bonferroni of two 97.5% exact CP marginals; pointwise
eight_rare,0,estimated,8192,8192,1600,64,126976,crossed_comparison,signed_range,absolute_variance,1000,0,0,0,0,0,1000,0,-0.0043724395646712729,0.0043724395646712729,0.94999999999999996,paired discordant multinomial; Bonferroni of two 97.5% exact CP marginals; pointwise
eight_rare,0,estimated,8192,8192,1600,64,126976,sampling_at_signed,signed_range,signed_variance,1000,0,0,0,0,0,1000,0,-0.0043724395646712729,0.0043724395646712729,0.94999999999999996,paired discordant multinomial; Bonferroni of two 97.5% exact CP marginals; pointwise
eight_rare,0,estimated,8192,8192,1600,64,126976,learning_at_variance,absolute_variance,signed_variance,1000,0,0,0,0,0,1000,0,-0.0043724395646712729,0.0043724395646712729,0.94999999999999996,paired discordant multinomial; Bonferroni of two 97.5% exact CP marginals; pointwise
eight_rare,0.125,estimated,8192,512,25,64,10816,learning_at_range,absolute_range,signed_range,1000,0,0,0,0,0,1000,0,-0.0043724395646712729,0.0043724395646712729,0.94999999999999996,paired discordant multinomial; Bonferroni of two 97.5% exact CP marginals; pointwise
eight_rare,0.125,estimated,8192,512,25,64,10816,sampling_at_absolute,absolute_range,absolute_variance,1000,0,0,0,0,0,1000,0,-0.0043724395646712729,0.0043724395646712729,0.94999999999999996,paired discordant multinomial; Bonferroni of two 97.5% exact CP marginals; pointwise
eight_rare,0.125,estimated,8192,512,25,64,10816,total_upgrade,absolute_range,signed_variance,1000,0,0,0,0,0,1000,0,-0.0043724395646712729,0.0043724395646712729,0.94999999999999996,paired discordant multinomial; Bonferroni of two 97.5% exact CP marginals; pointwise
eight_rare,0.125,estimated,8192,512,25,64,10816,crossed_comparison,signed_range,absolute_variance,1000,0,0,0,0,0,1000,0,-0.0043724395646712729,0.0043724395646712729,0.94999999999999996,paired discordant multinomial; Bonferroni of two 97.5% exact CP marginals; pointwise
eight_rare,0.125,estimated,8192,512,25,64,10816,sampling_at_signed,signed_range,signed_variance,1000,0,0,0,0,0,1000,0,-0.0043724395646712729,0.0043724395646712729,0.94999999999999996,paired discordant multinomial; Bonferroni of two 97.5% exact CP marginals; pointwise
eight_rare,0.125,estimated,8192,512,25,64,10816,learning_at_variance,absolute_variance,signed_variance,1000,0,0,0,0,0,1000,0,-0.0043724395646712729,0.0043724395646712729,0.94999999999999996,paired discordant multinomial; Bonferroni of two 97.5% exact CP marginals; pointwise
eight_rare,0.125,estimated,8192,512,100,64,15616,learning_at_range,absolute_range,signed_range,1000,0,0,0,0,0,1000,0,-0.0043724395646712729,0.0043724395646712729,0.94999999999999996,paired discordant multinomial; Bonferroni of two 97.5% exact CP marginals; pointwise
eight_rare,0.125,estimated,8192,512,100,64,15616,sampling_at_absolute,absolute_range,absolute_variance,1000,0,0,0,0,0,1000,0,-0.0043724395646712729,0.0043724395646712729,0.94999999999999996,paired discordant multinomial; Bonferroni of two 97.5% exact CP marginals; pointwise
eight_rare,0.125,estimated,8192,512,100,64,15616,total_upgrade,absolute_range,signed_variance,1000,0,0,0,0,0,1000,0,-0.0043724395646712729,0.0043724395646712729,0.94999999999999996,paired discordant multinomial; Bonferroni of two 97.5% exact CP marginals; pointwise
eight_rare,0.125,estimated,8192,512,100,64,15616,crossed_comparison,signed_range,absolute_variance,1000,0,0,0,0,0,1000,0,-0.0043724395646712729,0.0043724395646712729,0.94999999999999996,paired discordant multinomial; Bonferroni of two 97.5% exact CP marginals; pointwise
eight_rare,0.125,estimated,8192,512,100,64,15616,sampling_at_signed,signed_range,signed_variance,1000,0,0,0,0,0,1000,0,-0.0043724395646712729,0.0043724395646712729,0.94999999999999996,paired discordant multinomial; Bonferroni of two 97.5% exact CP marginals; pointwise
eight_rare,0.125,estimated,8192,512,100,64,15616,learning_at_variance,absolute_variance,signed_variance,1000,0,0,0,0,0,1000,0,-0.0043724395646712729,0.0043724395646712729,0.94999999999999996,paired discordant multinomial; Bonferroni of two 97.5% exact CP marginals; pointwise
eight_rare,0.125,estimated,8192,512,400,64,34816,learning_at_range,absolute_range,signed_range,1000,0,0,0,0,0,1000,0,-0.0043724395646712729,0.0043724395646712729,0.94999999999999996,paired discordant multinomial; Bonferroni of two 97.5% exact CP marginals; pointwise
eight_rare,0.125,estimated,8192,512,400,64,34816,sampling_at_absolute,absolute_range,absolute_variance,1000,0,0,0,0,0,1000,0,-0.0043724395646712729,0.0043724395646712729,0.94999999999999996,paired discordant multinomial; Bonferroni of two 97.5% exact CP marginals; pointwise
eight_rare,0.125,estimated,8192,512,400,64,34816,total_upgrade,absolute_range,signed_variance,1000,0,0,0,0,0,1000,0,-0.0043724395646712729,0.0043724395646712729,0.94999999999999996,paired discordant multinomial; Bonferroni of two 97.5% exact CP marginals; pointwise
eight_rare,0.125,estimated,8192,512,400,64,34816,crossed_comparison,signed_range,absolute_variance,1000,0,0,0,0,0,1000,0,-0.0043724395646712729,0.0043724395646712729,0.94999999999999996,paired discordant multinomial; Bonferroni of two 97.5% exact CP marginals; pointwise
eight_rare,0.125,estimated,8192,512,400,64,34816,sampling_at_signed,signed_range,signed_variance,1000,0,0,0,0,0,1000,0,-0.0043724395646712729,0.0043724395646712729,0.94999999999999996,paired discordant multinomial; Bonferroni of two 97.5% exact CP marginals; pointwise
eight_rare,0.125,estimated,8192,512,400,64,34816,learning_at_variance,absolute_variance,signed_variance,1000,0,0,0,0,0,1000,0,-0.0043724395646712729,0.0043724395646712729,0.94999999999999996,paired discordant multinomial; Bonferroni of two 97.5% exact CP marginals; pointwise
eight_rare,0.125,estimated,8192,512,1600,64,111616,learning_at_range,absolute_range,signed_range,1000,0,0,0,0,0,1000,0,-0.0043724395646712729,0.0043724395646712729,0.94999999999999996,paired discordant multinomial; Bonferroni of two 97.5% exact CP marginals; pointwise
eight_rare,0.125,estimated,8192,512,1600,64,111616,sampling_at_absolute,absolute_range,absolute_variance,1000,0,0,0,0,0,1000,0,-0.0043724395646712729,0.0043724395646712729,0.94999999999999996,paired discordant multinomial; Bonferroni of two 97.5% exact CP marginals; pointwise
eight_rare,0.125,estimated,8192,512,1600,64,111616,total_upgrade,absolute_range,signed_variance,1000,0,0,0,0,0,1000,0,-0.0043724395646712729,0.0043724395646712729,0.94999999999999996,paired discordant multinomial; Bonferroni of two 97.5% exact CP marginals; pointwise
eight_rare,0.125,estimated,8192,512,1600,64,111616,crossed_comparison,signed_range,absolute_variance,1000,0,0,0,0,0,1000,0,-0.0043724395646712729,0.0043724395646712729,0.94999999999999996,paired discordant multinomial; Bonferroni of two 97.5% exact CP marginals; pointwise
eight_rare,0.125,estimated,8192,512,1600,64,111616,sampling_at_signed,signed_range,signed_variance,1000,0,0,0,0,0,1000,0,-0.0043724395646712729,0.0043724395646712729,0.94999999999999996,paired discordant multinomial; Bonferroni of two 97.5% exact CP marginals; pointwise
eight_rare,0.125,estimated,8192,512,1600,64,111616,learning_at_variance,absolute_variance,signed_variance,1000,0,0,0,0,0,1000,0,-0.0043724395646712729,0.0043724395646712729,0.94999999999999996,paired discordant multinomial; Bonferroni of two 97.5% exact CP marginals; pointwise
eight_rare,0.125,estimated,8192,8192,25,64,26176,learning_at_range,absolute_range,signed_range,1000,0,0,0,0,0,1000,0,-0.0043724395646712729,0.0043724395646712729,0.94999999999999996,paired discordant multinomial; Bonferroni of two 97.5% exact CP marginals; pointwise
eight_rare,0.125,estimated,8192,8192,25,64,26176,sampling_at_absolute,absolute_range,absolute_variance,1000,0,0,0,0,0,1000,0,-0.0043724395646712729,0.0043724395646712729,0.94999999999999996,paired discordant multinomial; Bonferroni of two 97.5% exact CP marginals; pointwise
eight_rare,0.125,estimated,8192,8192,25,64,26176,total_upgrade,absolute_range,signed_variance,1000,0,0,0,0,0,1000,0,-0.0043724395646712729,0.0043724395646712729,0.94999999999999996,paired discordant multinomial; Bonferroni of two 97.5% exact CP marginals; pointwise
eight_rare,0.125,estimated,8192,8192,25,64,26176,crossed_comparison,signed_range,absolute_variance,1000,0,0,0,0,0,1000,0,-0.0043724395646712729,0.0043724395646712729,0.94999999999999996,paired discordant multinomial; Bonferroni of two 97.5% exact CP marginals; pointwise
eight_rare,0.125,estimated,8192,8192,25,64,26176,sampling_at_signed,signed_range,signed_variance,1000,0,0,0,0,0,1000,0,-0.0043724395646712729,0.0043724395646712729,0.94999999999999996,paired discordant multinomial; Bonferroni of two 97.5% exact CP marginals; pointwise
eight_rare,0.125,estimated,8192,8192,25,64,26176,learning_at_variance,absolute_variance,signed_variance,1000,0,0,0,0,0,1000,0,-0.0043724395646712729,0.0043724395646712729,0.94999999999999996,paired discordant multinomial; Bonferroni of two 97.5% exact CP marginals; pointwise
eight_rare,0.125,estimated,8192,8192,100,64,30976,learning_at_range,absolute_range,signed_range,1000,0,0,0,0,0,1000,0,-0.0043724395646712729,0.0043724395646712729,0.94999999999999996,paired discordant multinomial; Bonferroni of two 97.5% exact CP marginals; pointwise
eight_rare,0.125,estimated,8192,8192,100,64,30976,sampling_at_absolute,absolute_range,absolute_variance,1000,0,0,0,0,0,1000,0,-0.0043724395646712729,0.0043724395646712729,0.94999999999999996,paired discordant multinomial; Bonferroni of two 97.5% exact CP marginals; pointwise
eight_rare,0.125,estimated,8192,8192,100,64,30976,total_upgrade,absolute_range,signed_variance,1000,0,0,0,0,0,1000,0,-0.0043724395646712729,0.0043724395646712729,0.94999999999999996,paired discordant multinomial; Bonferroni of two 97.5% exact CP marginals; pointwise
eight_rare,0.125,estimated,8192,8192,100,64,30976,crossed_comparison,signed_range,absolute_variance,1000,0,0,0,0,0,1000,0,-0.0043724395646712729,0.0043724395646712729,0.94999999999999996,paired discordant multinomial; Bonferroni of two 97.5% exact CP marginals; pointwise
eight_rare,0.125,estimated,8192,8192,100,64,30976,sampling_at_signed,signed_range,signed_variance,1000,0,0,0,0,0,1000,0,-0.0043724395646712729,0.0043724395646712729,0.94999999999999996,paired discordant multinomial; Bonferroni of two 97.5% exact CP marginals; pointwise
eight_rare,0.125,estimated,8192,8192,100,64,30976,learning_at_variance,absolute_variance,signed_variance,1000,0,0,0,0,0,1000,0,-0.0043724395646712729,0.0043724395646712729,0.94999999999999996,paired discordant multinomial; Bonferroni of two 97.5% exact CP marginals; pointwise
eight_rare,0.125,estimated,8192,8192,400,64,50176,learning_at_range,absolute_range,signed_range,1000,0,0,0,0,0,1000,0,-0.0043724395646712729,0.0043724395646712729,0.94999999999999996,paired discordant multinomial; Bonferroni of two 97.5% exact CP marginals; pointwise
eight_rare,0.125,estimated,8192,8192,400,64,50176,sampling_at_absolute,absolute_range,absolute_variance,1000,0,0,0,0,0,1000,0,-0.0043724395646712729,0.0043724395646712729,0.94999999999999996,paired discordant multinomial; Bonferroni of two 97.5% exact CP marginals; pointwise
eight_rare,0.125,estimated,8192,8192,400,64,50176,total_upgrade,absolute_range,signed_variance,1000,0,0,0,0,0,1000,0,-0.0043724395646712729,0.0043724395646712729,0.94999999999999996,paired discordant multinomial; Bonferroni of two 97.5% exact CP marginals; pointwise
eight_rare,0.125,estimated,8192,8192,400,64,50176,crossed_comparison,signed_range,absolute_variance,1000,0,0,0,0,0,1000,0,-0.0043724395646712729,0.0043724395646712729,0.94999999999999996,paired discordant multinomial; Bonferroni of two 97.5% exact CP marginals; pointwise
eight_rare,0.125,estimated,8192,8192,400,64,50176,sampling_at_signed,signed_range,signed_variance,1000,0,0,0,0,0,1000,0,-0.0043724395646712729,0.0043724395646712729,0.94999999999999996,paired discordant multinomial; Bonferroni of two 97.5% exact CP marginals; pointwise
eight_rare,0.125,estimated,8192,8192,400,64,50176,learning_at_variance,absolute_variance,signed_variance,1000,0,0,0,0,0,1000,0,-0.0043724395646712729,0.0043724395646712729,0.94999999999999996,paired discordant multinomial; Bonferroni of two 97.5% exact CP marginals; pointwise
eight_rare,0.125,estimated,8192,8192,1600,64,126976,learning_at_range,absolute_range,signed_range,1000,0,0,0,0,0,1000,0,-0.0043724395646712729,0.0043724395646712729,0.94999999999999996,paired discordant multinomial; Bonferroni of two 97.5% exact CP marginals; pointwise
eight_rare,0.125,estimated,8192,8192,1600,64,126976,sampling_at_absolute,absolute_range,absolute_variance,1000,0,0,0,0,0,1000,0,-0.0043724395646712729,0.0043724395646712729,0.94999999999999996,paired discordant multinomial; Bonferroni of two 97.5% exact CP marginals; pointwise
eight_rare,0.125,estimated,8192,8192,1600,64,126976,total_upgrade,absolute_range,signed_variance,1000,0,0,0,0,0,1000,0,-0.0043724395646712729,0.0043724395646712729,0.94999999999999996,paired discordant multinomial; Bonferroni of two 97.5% exact CP marginals; pointwise
eight_rare,0.125,estimated,8192,8192,1600,64,126976,crossed_comparison,signed_range,absolute_variance,1000,0,0,0,0,0,1000,0,-0.0043724395646712729,0.0043724395646712729,0.94999999999999996,paired discordant multinomial; Bonferroni of two 97.5% exact CP marginals; pointwise
eight_rare,0.125,estimated,8192,8192,1600,64,126976,sampling_at_signed,signed_range,signed_variance,1000,0,0,0,0,0,1000,0,-0.0043724395646712729,0.0043724395646712729,0.94999999999999996,paired discordant multinomial; Bonferroni of two 97.5% exact CP marginals; pointwise
eight_rare,0.125,estimated,8192,8192,1600,64,126976,learning_at_variance,absolute_variance,signed_variance,1000,0,0,0,0,0,1000,0,-0.0043724395646712729,0.0043724395646712729,0.94999999999999996,paired discordant multinomial; Bonferroni of two 97.5% exact CP marginals; pointwise
eight_rare,0.25,estimated,8192,512,25,64,10816,learning_at_range,absolute_range,signed_range,1000,0,0,0,0,0,1000,0,-0.0043724395646712729,0.0043724395646712729,0.94999999999999996,paired discordant multinomial; Bonferroni of two 97.5% exact CP marginals; pointwise
eight_rare,0.25,estimated,8192,512,25,64,10816,sampling_at_absolute,absolute_range,absolute_variance,1000,0,0,0,0,0,1000,0,-0.0043724395646712729,0.0043724395646712729,0.94999999999999996,paired discordant multinomial; Bonferroni of two 97.5% exact CP marginals; pointwise
eight_rare,0.25,estimated,8192,512,25,64,10816,total_upgrade,absolute_range,signed_variance,1000,0,0,0,0,0,1000,0,-0.0043724395646712729,0.0043724395646712729,0.94999999999999996,paired discordant multinomial; Bonferroni of two 97.5% exact CP marginals; pointwise
eight_rare,0.25,estimated,8192,512,25,64,10816,crossed_comparison,signed_range,absolute_variance,1000,0,0,0,0,0,1000,0,-0.0043724395646712729,0.0043724395646712729,0.94999999999999996,paired discordant multinomial; Bonferroni of two 97.5% exact CP marginals; pointwise
eight_rare,0.25,estimated,8192,512,25,64,10816,sampling_at_signed,signed_range,signed_variance,1000,0,0,0,0,0,1000,0,-0.0043724395646712729,0.0043724395646712729,0.94999999999999996,paired discordant multinomial; Bonferroni of two 97.5% exact CP marginals; pointwise
eight_rare,0.25,estimated,8192,512,25,64,10816,learning_at_variance,absolute_variance,signed_variance,1000,0,0,0,0,0,1000,0,-0.0043724395646712729,0.0043724395646712729,0.94999999999999996,paired discordant multinomial; Bonferroni of two 97.5% exact CP marginals; pointwise
eight_rare,0.25,estimated,8192,512,100,64,15616,learning_at_range,absolute_range,signed_range,1000,0,0,0,0,0,1000,0,-0.0043724395646712729,0.0043724395646712729,0.94999999999999996,paired discordant multinomial; Bonferroni of two 97.5% exact CP marginals; pointwise
eight_rare,0.25,estimated,8192,512,100,64,15616,sampling_at_absolute,absolute_range,absolute_variance,1000,0,0,0,0,0,1000,0,-0.0043724395646712729,0.0043724395646712729,0.94999999999999996,paired discordant multinomial; Bonferroni of two 97.5% exact CP marginals; pointwise
eight_rare,0.25,estimated,8192,512,100,64,15616,total_upgrade,absolute_range,signed_variance,1000,0,0,0,0,0,1000,0,-0.0043724395646712729,0.0043724395646712729,0.94999999999999996,paired discordant multinomial; Bonferroni of two 97.5% exact CP marginals; pointwise
eight_rare,0.25,estimated,8192,512,100,64,15616,crossed_comparison,signed_range,absolute_variance,1000,0,0,0,0,0,1000,0,-0.0043724395646712729,0.0043724395646712729,0.94999999999999996,paired discordant multinomial; Bonferroni of two 97.5% exact CP marginals; pointwise
eight_rare,0.25,estimated,8192,512,100,64,15616,sampling_at_signed,signed_range,signed_variance,1000,0,0,0,0,0,1000,0,-0.0043724395646712729,0.0043724395646712729,0.94999999999999996,paired discordant multinomial; Bonferroni of two 97.5% exact CP marginals; pointwise
eight_rare,0.25,estimated,8192,512,100,64,15616,learning_at_variance,absolute_variance,signed_variance,1000,0,0,0,0,0,1000,0,-0.0043724395646712729,0.0043724395646712729,0.94999999999999996,paired discordant multinomial; Bonferroni of two 97.5% exact CP marginals; pointwise
eight_rare,0.25,estimated,8192,512,400,64,34816,learning_at_range,absolute_range,signed_range,1000,0,0,0,0,0,1000,0,-0.0043724395646712729,0.0043724395646712729,0.94999999999999996,paired discordant multinomial; Bonferroni of two 97.5% exact CP marginals; pointwise
eight_rare,0.25,estimated,8192,512,400,64,34816,sampling_at_absolute,absolute_range,absolute_variance,1000,0,0,0,0,0,1000,0,-0.0043724395646712729,0.0043724395646712729,0.94999999999999996,paired discordant multinomial; Bonferroni of two 97.5% exact CP marginals; pointwise
eight_rare,0.25,estimated,8192,512,400,64,34816,total_upgrade,absolute_range,signed_variance,1000,0,0,0,0,0,1000,0,-0.0043724395646712729,0.0043724395646712729,0.94999999999999996,paired discordant multinomial; Bonferroni of two 97.5% exact CP marginals; pointwise
eight_rare,0.25,estimated,8192,512,400,64,34816,crossed_comparison,signed_range,absolute_variance,1000,0,0,0,0,0,1000,0,-0.0043724395646712729,0.0043724395646712729,0.94999999999999996,paired discordant multinomial; Bonferroni of two 97.5% exact CP marginals; pointwise
eight_rare,0.25,estimated,8192,512,400,64,34816,sampling_at_signed,signed_range,signed_variance,1000,0,0,0,0,0,1000,0,-0.0043724395646712729,0.0043724395646712729,0.94999999999999996,paired discordant multinomial; Bonferroni of two 97.5% exact CP marginals; pointwise
eight_rare,0.25,estimated,8192,512,400,64,34816,learning_at_variance,absolute_variance,signed_variance,1000,0,0,0,0,0,1000,0,-0.0043724395646712729,0.0043724395646712729,0.94999999999999996,paired discordant multinomial; Bonferroni of two 97.5% exact CP marginals; pointwise
eight_rare,0.25,estimated,8192,512,1600,64,111616,learning_at_range,absolute_range,signed_range,1000,0,0,0,0,0,1000,0,-0.0043724395646712729,0.0043724395646712729,0.94999999999999996,paired discordant multinomial; Bonferroni of two 97.5% exact CP marginals; pointwise
eight_rare,0.25,estimated,8192,512,1600,64,111616,sampling_at_absolute,absolute_range,absolute_variance,1000,0,0,0,0,0,1000,0,-0.0043724395646712729,0.0043724395646712729,0.94999999999999996,paired discordant multinomial; Bonferroni of two 97.5% exact CP marginals; pointwise
eight_rare,0.25,estimated,8192,512,1600,64,111616,total_upgrade,absolute_range,signed_variance,1000,0,0,0,0,0,1000,0,-0.0043724395646712729,0.0043724395646712729,0.94999999999999996,paired discordant multinomial; Bonferroni of two 97.5% exact CP marginals; pointwise
eight_rare,0.25,estimated,8192,512,1600,64,111616,crossed_comparison,signed_range,absolute_variance,1000,0,0,0,0,0,1000,0,-0.0043724395646712729,0.0043724395646712729,0.94999999999999996,paired discordant multinomial; Bonferroni of two 97.5% exact CP marginals; pointwise
eight_rare,0.25,estimated,8192,512,1600,64,111616,sampling_at_signed,signed_range,signed_variance,1000,0,0,0,0,0,1000,0,-0.0043724395646712729,0.0043724395646712729,0.94999999999999996,paired discordant multinomial; Bonferroni of two 97.5% exact CP marginals; pointwise
eight_rare,0.25,estimated,8192,512,1600,64,111616,learning_at_variance,absolute_variance,signed_variance,1000,0,0,0,0,0,1000,0,-0.0043724395646712729,0.0043724395646712729,0.94999999999999996,paired discordant multinomial; Bonferroni of two 97.5% exact CP marginals; pointwise
eight_rare,0.25,estimated,8192,8192,25,64,26176,learning_at_range,absolute_range,signed_range,1000,0,0,0,0,0,1000,0,-0.0043724395646712729,0.0043724395646712729,0.94999999999999996,paired discordant multinomial; Bonferroni of two 97.5% exact CP marginals; pointwise
eight_rare,0.25,estimated,8192,8192,25,64,26176,sampling_at_absolute,absolute_range,absolute_variance,1000,0,0,0,0,0,1000,0,-0.0043724395646712729,0.0043724395646712729,0.94999999999999996,paired discordant multinomial; Bonferroni of two 97.5% exact CP marginals; pointwise
eight_rare,0.25,estimated,8192,8192,25,64,26176,total_upgrade,absolute_range,signed_variance,1000,0,0,0,0,0,1000,0,-0.0043724395646712729,0.0043724395646712729,0.94999999999999996,paired discordant multinomial; Bonferroni of two 97.5% exact CP marginals; pointwise
eight_rare,0.25,estimated,8192,8192,25,64,26176,crossed_comparison,signed_range,absolute_variance,1000,0,0,0,0,0,1000,0,-0.0043724395646712729,0.0043724395646712729,0.94999999999999996,paired discordant multinomial; Bonferroni of two 97.5% exact CP marginals; pointwise
eight_rare,0.25,estimated,8192,8192,25,64,26176,sampling_at_signed,signed_range,signed_variance,1000,0,0,0,0,0,1000,0,-0.0043724395646712729,0.0043724395646712729,0.94999999999999996,paired discordant multinomial; Bonferroni of two 97.5% exact CP marginals; pointwise
eight_rare,0.25,estimated,8192,8192,25,64,26176,learning_at_variance,absolute_variance,signed_variance,1000,0,0,0,0,0,1000,0,-0.0043724395646712729,0.0043724395646712729,0.94999999999999996,paired discordant multinomial; Bonferroni of two 97.5% exact CP marginals; pointwise
eight_rare,0.25,estimated,8192,8192,100,64,30976,learning_at_range,absolute_range,signed_range,1000,0,0,0,0,0,1000,0,-0.0043724395646712729,0.0043724395646712729,0.94999999999999996,paired discordant multinomial; Bonferroni of two 97.5% exact CP marginals; pointwise
eight_rare,0.25,estimated,8192,8192,100,64,30976,sampling_at_absolute,absolute_range,absolute_variance,1000,0,274,274,0,0,726,0.27400000000000002,0.23840625285617398,0.30691822159302889,0.94999999999999996,paired discordant multinomial; Bonferroni of two 97.5% exact CP marginals; pointwise
eight_rare,0.25,estimated,8192,8192,100,64,30976,total_upgrade,absolute_range,signed_variance,1000,0,435,435,0,0,565,0.435,0.39528636355850594,0.4708282450371799,0.94999999999999996,paired discordant multinomial; Bonferroni of two 97.5% exact CP marginals; pointwise
eight_rare,0.25,estimated,8192,8192,100,64,30976,crossed_comparison,signed_range,absolute_variance,1000,0,274,274,0,0,726,0.27400000000000002,0.23840625285617398,0.30691822159302889,0.94999999999999996,paired discordant multinomial; Bonferroni of two 97.5% exact CP marginals; pointwise
eight_rare,0.25,estimated,8192,8192,100,64,30976,sampling_at_signed,signed_range,signed_variance,1000,0,435,435,0,0,565,0.435,0.39528636355850594,0.4708282450371799,0.94999999999999996,paired discordant multinomial; Bonferroni of two 97.5% exact CP marginals; pointwise
eight_rare,0.25,estimated,8192,8192,100,64,30976,learning_at_variance,absolute_variance,signed_variance,1000,274,435,161,0,274,565,0.161,0.13137918569005935,0.18880480515553338,0.94999999999999996,paired discordant multinomial; Bonferroni of two 97.5% exact CP marginals; pointwise
eight_rare,0.25,estimated,8192,8192,400,64,50176,learning_at_range,absolute_range,signed_range,1000,0,0,0,0,0,1000,0,-0.0043724395646712729,0.0043724395646712729,0.94999999999999996,paired discordant multinomial; Bonferroni of two 97.5% exact CP marginals; pointwise
eight_rare,0.25,estimated,8192,8192,400,64,50176,sampling_at_absolute,absolute_range,absolute_variance,1000,0,1000,1000,0,0,0,1,0.99125512087065748,1,0.94999999999999996,paired discordant multinomial; Bonferroni of two 97.5% exact CP marginals; pointwise
eight_rare,0.25,estimated,8192,8192,400,64,50176,total_upgrade,absolute_range,signed_variance,1000,0,1000,1000,0,0,0,1,0.99125512087065748,1,0.94999999999999996,paired discordant multinomial; Bonferroni of two 97.5% exact CP marginals; pointwise
eight_rare,0.25,estimated,8192,8192,400,64,50176,crossed_comparison,signed_range,absolute_variance,1000,0,1000,1000,0,0,0,1,0.99125512087065748,1,0.94999999999999996,paired discordant multinomial; Bonferroni of two 97.5% exact CP marginals; pointwise
eight_rare,0.25,estimated,8192,8192,400,64,50176,sampling_at_signed,signed_range,signed_variance,1000,0,1000,1000,0,0,0,1,0.99125512087065748,1,0.94999999999999996,paired discordant multinomial; Bonferroni of two 97.5% exact CP marginals; pointwise
eight_rare,0.25,estimated,8192,8192,400,64,50176,learning_at_variance,absolute_variance,signed_variance,1000,1000,1000,0,0,1000,0,0,-0.0043724395646712729,0.0043724395646712729,0.94999999999999996,paired discordant multinomial; Bonferroni of two 97.5% exact CP marginals; pointwise
eight_rare,0.25,estimated,8192,8192,1600,64,126976,learning_at_range,absolute_range,signed_range,1000,559,739,180,0,559,261,0.17999999999999999,0.14912998142038528,0.20890816414558025,0.94999999999999996,paired discordant multinomial; Bonferroni of two 97.5% exact CP marginals; pointwise
eight_rare,0.25,estimated,8192,8192,1600,64,126976,sampling_at_absolute,absolute_range,absolute_variance,1000,559,1000,441,0,559,0,0.441,0.40121089618797101,0.47685874177540449,0.94999999999999996,paired discordant multinomial; Bonferroni of two 97.5% exact CP marginals; pointwise
eight_rare,0.25,estimated,8192,8192,1600,64,126976,total_upgrade,absolute_range,signed_variance,1000,559,1000,441,0,559,0,0.441,0.40121089618797101,0.47685874177540449,0.94999999999999996,paired discordant multinomial; Bonferroni of two 97.5% exact CP marginals; pointwise
eight_rare,0.25,estimated,8192,8192,1600,64,126976,crossed_comparison,signed_range,absolute_variance,1000,739,1000,261,0,739,0,0.26100000000000001,0.22593779594933278,0.29348485848609757,0.94999999999999996,paired discordant multinomial; Bonferroni of two 97.5% exact CP marginals; pointwise
eight_rare,0.25,estimated,8192,8192,1600,64,126976,sampling_at_signed,signed_range,signed_variance,1000,739,1000,261,0,739,0,0.26100000000000001,0.22593779594933278,0.29348485848609757,0.94999999999999996,paired discordant multinomial; Bonferroni of two 97.5% exact CP marginals; pointwise
eight_rare,0.25,estimated,8192,8192,1600,64,126976,learning_at_variance,absolute_variance,signed_variance,1000,1000,1000,0,0,1000,0,0,-0.0043724395646712729,0.0043724395646712729,0.94999999999999996,paired discordant multinomial; Bonferroni of two 97.5% exact CP marginals; pointwise
eight_rare,0.5,estimated,8192,512,25,64,10816,learning_at_range,absolute_range,signed_range,1000,0,0,0,0,0,1000,0,-0.0043724395646712729,0.0043724395646712729,0.94999999999999996,paired discordant multinomial; Bonferroni of two 97.5% exact CP marginals; pointwise
eight_rare,0.5,estimated,8192,512,25,64,10816,sampling_at_absolute,absolute_range,absolute_variance,1000,0,0,0,0,0,1000,0,-0.0043724395646712729,0.0043724395646712729,0.94999999999999996,paired discordant multinomial; Bonferroni of two 97.5% exact CP marginals; pointwise
eight_rare,0.5,estimated,8192,512,25,64,10816,total_upgrade,absolute_range,signed_variance,1000,0,0,0,0,0,1000,0,-0.0043724395646712729,0.0043724395646712729,0.94999999999999996,paired discordant multinomial; Bonferroni of two 97.5% exact CP marginals; pointwise
eight_rare,0.5,estimated,8192,512,25,64,10816,crossed_comparison,signed_range,absolute_variance,1000,0,0,0,0,0,1000,0,-0.0043724395646712729,0.0043724395646712729,0.94999999999999996,paired discordant multinomial; Bonferroni of two 97.5% exact CP marginals; pointwise
eight_rare,0.5,estimated,8192,512,25,64,10816,sampling_at_signed,signed_range,signed_variance,1000,0,0,0,0,0,1000,0,-0.0043724395646712729,0.0043724395646712729,0.94999999999999996,paired discordant multinomial; Bonferroni of two 97.5% exact CP marginals; pointwise
eight_rare,0.5,estimated,8192,512,25,64,10816,learning_at_variance,absolute_variance,signed_variance,1000,0,0,0,0,0,1000,0,-0.0043724395646712729,0.0043724395646712729,0.94999999999999996,paired discordant multinomial; Bonferroni of two 97.5% exact CP marginals; pointwise
eight_rare,0.5,estimated,8192,512,100,64,15616,learning_at_range,absolute_range,signed_range,1000,0,0,0,0,0,1000,0,-0.0043724395646712729,0.0043724395646712729,0.94999999999999996,paired discordant multinomial; Bonferroni of two 97.5% exact CP marginals; pointwise
eight_rare,0.5,estimated,8192,512,100,64,15616,sampling_at_absolute,absolute_range,absolute_variance,1000,0,0,0,0,0,1000,0,-0.0043724395646712729,0.0043724395646712729,0.94999999999999996,paired discordant multinomial; Bonferroni of two 97.5% exact CP marginals; pointwise
eight_rare,0.5,estimated,8192,512,100,64,15616,total_upgrade,absolute_range,signed_variance,1000,0,0,0,0,0,1000,0,-0.0043724395646712729,0.0043724395646712729,0.94999999999999996,paired discordant multinomial; Bonferroni of two 97.5% exact CP marginals; pointwise
eight_rare,0.5,estimated,8192,512,100,64,15616,crossed_comparison,signed_range,absolute_variance,1000,0,0,0,0,0,1000,0,-0.0043724395646712729,0.0043724395646712729,0.94999999999999996,paired discordant multinomial; Bonferroni of two 97.5% exact CP marginals; pointwise
eight_rare,0.5,estimated,8192,512,100,64,15616,sampling_at_signed,signed_range,signed_variance,1000,0,0,0,0,0,1000,0,-0.0043724395646712729,0.0043724395646712729,0.94999999999999996,paired discordant multinomial; Bonferroni of two 97.5% exact CP marginals; pointwise
eight_rare,0.5,estimated,8192,512,100,64,15616,learning_at_variance,absolute_variance,signed_variance,1000,0,0,0,0,0,1000,0,-0.0043724395646712729,0.0043724395646712729,0.94999999999999996,paired discordant multinomial; Bonferroni of two 97.5% exact CP marginals; pointwise
eight_rare,0.5,estimated,8192,512,400,64,34816,learning_at_range,absolute_range,signed_range,1000,0,0,0,0,0,1000,0,-0.0043724395646712729,0.0043724395646712729,0.94999999999999996,paired discordant multinomial; Bonferroni of two 97.5% exact CP marginals; pointwise
eight_rare,0.5,estimated,8192,512,400,64,34816,sampling_at_absolute,absolute_range,absolute_variance,1000,0,0,0,0,0,1000,0,-0.0043724395646712729,0.0043724395646712729,0.94999999999999996,paired discordant multinomial; Bonferroni of two 97.5% exact CP marginals; pointwise
eight_rare,0.5,estimated,8192,512,400,64,34816,total_upgrade,absolute_range,signed_variance,1000,0,0,0,0,0,1000,0,-0.0043724395646712729,0.0043724395646712729,0.94999999999999996,paired discordant multinomial; Bonferroni of two 97.5% exact CP marginals; pointwise
eight_rare,0.5,estimated,8192,512,400,64,34816,crossed_comparison,signed_range,absolute_variance,1000,0,0,0,0,0,1000,0,-0.0043724395646712729,0.0043724395646712729,0.94999999999999996,paired discordant multinomial; Bonferroni of two 97.5% exact CP marginals; pointwise
eight_rare,0.5,estimated,8192,512,400,64,34816,sampling_at_signed,signed_range,signed_variance,1000,0,0,0,0,0,1000,0,-0.0043724395646712729,0.0043724395646712729,0.94999999999999996,paired discordant multinomial; Bonferroni of two 97.5% exact CP marginals; pointwise
eight_rare,0.5,estimated,8192,512,400,64,34816,learning_at_variance,absolute_variance,signed_variance,1000,0,0,0,0,0,1000,0,-0.0043724395646712729,0.0043724395646712729,0.94999999999999996,paired discordant multinomial; Bonferroni of two 97.5% exact CP marginals; pointwise
eight_rare,0.5,estimated,8192,512,1600,64,111616,learning_at_range,absolute_range,signed_range,1000,0,0,0,0,0,1000,0,-0.0043724395646712729,0.0043724395646712729,0.94999999999999996,paired discordant multinomial; Bonferroni of two 97.5% exact CP marginals; pointwise
eight_rare,0.5,estimated,8192,512,1600,64,111616,sampling_at_absolute,absolute_range,absolute_variance,1000,0,0,0,0,0,1000,0,-0.0043724395646712729,0.0043724395646712729,0.94999999999999996,paired discordant multinomial; Bonferroni of two 97.5% exact CP marginals; pointwise
eight_rare,0.5,estimated,8192,512,1600,64,111616,total_upgrade,absolute_range,signed_variance,1000,0,0,0,0,0,1000,0,-0.0043724395646712729,0.0043724395646712729,0.94999999999999996,paired discordant multinomial; Bonferroni of two 97.5% exact CP marginals; pointwise
eight_rare,0.5,estimated,8192,512,1600,64,111616,crossed_comparison,signed_range,absolute_variance,1000,0,0,0,0,0,1000,0,-0.0043724395646712729,0.0043724395646712729,0.94999999999999996,paired discordant multinomial; Bonferroni of two 97.5% exact CP marginals; pointwise
eight_rare,0.5,estimated,8192,512,1600,64,111616,sampling_at_signed,signed_range,signed_variance,1000,0,0,0,0,0,1000,0,-0.0043724395646712729,0.0043724395646712729,0.94999999999999996,paired discordant multinomial; Bonferroni of two 97.5% exact CP marginals; pointwise
eight_rare,0.5,estimated,8192,512,1600,64,111616,learning_at_variance,absolute_variance,signed_variance,1000,0,0,0,0,0,1000,0,-0.0043724395646712729,0.0043724395646712729,0.94999999999999996,paired discordant multinomial; Bonferroni of two 97.5% exact CP marginals; pointwise
eight_rare,0.5,estimated,8192,8192,25,64,26176,learning_at_range,absolute_range,signed_range,1000,0,0,0,0,0,1000,0,-0.0043724395646712729,0.0043724395646712729,0.94999999999999996,paired discordant multinomial; Bonferroni of two 97.5% exact CP marginals; pointwise
eight_rare,0.5,estimated,8192,8192,25,64,26176,sampling_at_absolute,absolute_range,absolute_variance,1000,0,890,890,0,0,110,0.89000000000000001,0.86148174143309342,0.91119226732068026,0.94999999999999996,paired discordant multinomial; Bonferroni of two 97.5% exact CP marginals; pointwise
eight_rare,0.5,estimated,8192,8192,25,64,26176,total_upgrade,absolute_range,signed_variance,1000,0,916,916,0,0,84,0.91600000000000004,0.88988256369364482,0.9345831293634983,0.94999999999999996,paired discordant multinomial; Bonferroni of two 97.5% exact CP marginals; pointwise
eight_rare,0.5,estimated,8192,8192,25,64,26176,crossed_comparison,signed_range,absolute_variance,1000,0,890,890,0,0,110,0.89000000000000001,0.86148174143309342,0.91119226732068026,0.94999999999999996,paired discordant multinomial; Bonferroni of two 97.5% exact CP marginals; pointwise
eight_rare,0.5,estimated,8192,8192,25,64,26176,sampling_at_signed,signed_range,signed_variance,1000,0,916,916,0,0,84,0.91600000000000004,0.88988256369364482,0.9345831293634983,0.94999999999999996,paired discordant multinomial; Bonferroni of two 97.5% exact CP marginals; pointwise
eight_rare,0.5,estimated,8192,8192,25,64,26176,learning_at_variance,absolute_variance,signed_variance,1000,890,916,26,0,890,84,0.025999999999999999,0.011631942609534346,0.039680975050937241,0.94999999999999996,paired discordant multinomial; Bonferroni of two 97.5% exact CP marginals; pointwise
eight_rare,0.5,estimated,8192,8192,100,64,30976,learning_at_range,absolute_range,signed_range,1000,356,421,65,0,356,579,0.065000000000000002,0.044299443018158226,0.084647460075097269,0.94999999999999996,paired discordant multinomial; Bonferroni of two 97.5% exact CP marginals; pointwise
eight_rare,0.5,estimated,8192,8192,100,64,30976,sampling_at_absolute,absolute_range,absolute_variance,1000,356,1000,644,0,356,0,0.64400000000000002,0.60470008519797414,0.67784777096208793,0.94999999999999996,paired discordant multinomial; Bonferroni of two 97.5% exact CP marginals; pointwise
eight_rare,0.5,estimated,8192,8192,100,64,30976,total_upgrade,absolute_range,signed_variance,1000,356,1000,644,0,356,0,0.64400000000000002,0.60470008519797414,0.67784777096208793,0.94999999999999996,paired discordant multinomial; Bonferroni of two 97.5% exact CP marginals; pointwise
eight_rare,0.5,estimated,8192,8192,100,64,30976,crossed_comparison,signed_range,absolute_variance,1000,421,1000,579,0,421,0,0.57899999999999996,0.53889080951965485,0.61414475492487131,0.94999999999999996,paired discordant multinomial; Bonferroni of two 97.5% exact CP marginals; pointwise
eight_rare,0.5,estimated,8192,8192,100,64,30976,sampling_at_signed,signed_range,signed_variance,1000,421,1000,579,0,421,0,0.57899999999999996,0.53889080951965485,0.61414475492487131,0.94999999999999996,paired discordant multinomial; Bonferroni of two 97.5% exact CP marginals; pointwise
eight_rare,0.5,estimated,8192,8192,100,64,30976,learning_at_variance,absolute_variance,signed_variance,1000,1000,1000,0,0,1000,0,0,-0.0043724395646712729,0.0043724395646712729,0.94999999999999996,paired discordant multinomial; Bonferroni of two 97.5% exact CP marginals; pointwise
eight_rare,0.5,estimated,8192,8192,400,64,50176,learning_at_range,absolute_range,signed_range,1000,1000,1000,0,0,1000,0,0,-0.0043724395646712729,0.0043724395646712729,0.94999999999999996,paired discordant multinomial; Bonferroni of two 97.5% exact CP marginals; pointwise
eight_rare,0.5,estimated,8192,8192,400,64,50176,sampling_at_absolute,absolute_range,absolute_variance,1000,1000,1000,0,0,1000,0,0,-0.0043724395646712729,0.0043724395646712729,0.94999999999999996,paired discordant multinomial; Bonferroni of two 97.5% exact CP marginals; pointwise
eight_rare,0.5,estimated,8192,8192,400,64,50176,total_upgrade,absolute_range,signed_variance,1000,1000,1000,0,0,1000,0,0,-0.0043724395646712729,0.0043724395646712729,0.94999999999999996,paired discordant multinomial; Bonferroni of two 97.5% exact CP marginals; pointwise
eight_rare,0.5,estimated,8192,8192,400,64,50176,crossed_comparison,signed_range,absolute_variance,1000,1000,1000,0,0,1000,0,0,-0.0043724395646712729,0.0043724395646712729,0.94999999999999996,paired discordant multinomial; Bonferroni of two 97.5% exact CP marginals; pointwise
eight_rare,0.5,estimated,8192,8192,400,64,50176,sampling_at_signed,signed_range,signed_variance,1000,1000,1000,0,0,1000,0,0,-0.0043724395646712729,0.0043724395646712729,0.94999999999999996,paired discordant multinomial; Bonferroni of two 97.5% exact CP marginals; pointwise
eight_rare,0.5,estimated,8192,8192,400,64,50176,learning_at_variance,absolute_variance,signed_variance,1000,1000,1000,0,0,1000,0,0,-0.0043724395646712729,0.0043724395646712729,0.94999999999999996,paired discordant multinomial; Bonferroni of two 97.5% exact CP marginals; pointwise
eight_rare,0.5,estimated,8192,8192,1600,64,126976,learning_at_range,absolute_range,signed_range,1000,1000,1000,0,0,1000,0,0,-0.0043724395646712729,0.0043724395646712729,0.94999999999999996,paired discordant multinomial; Bonferroni of two 97.5% exact CP marginals; pointwise
eight_rare,0.5,estimated,8192,8192,1600,64,126976,sampling_at_absolute,absolute_range,absolute_variance,1000,1000,1000,0,0,1000,0,0,-0.0043724395646712729,0.0043724395646712729,0.94999999999999996,paired discordant multinomial; Bonferroni of two 97.5% exact CP marginals; pointwise
eight_rare,0.5,estimated,8192,8192,1600,64,126976,total_upgrade,absolute_range,signed_variance,1000,1000,1000,0,0,1000,0,0,-0.0043724395646712729,0.0043724395646712729,0.94999999999999996,paired discordant multinomial; Bonferroni of two 97.5% exact CP marginals; pointwise
eight_rare,0.5,estimated,8192,8192,1600,64,126976,crossed_comparison,signed_range,absolute_variance,1000,1000,1000,0,0,1000,0,0,-0.0043724395646712729,0.0043724395646712729,0.94999999999999996,paired discordant multinomial; Bonferroni of two 97.5% exact CP marginals; pointwise
eight_rare,0.5,estimated,8192,8192,1600,64,126976,sampling_at_signed,signed_range,signed_variance,1000,1000,1000,0,0,1000,0,0,-0.0043724395646712729,0.0043724395646712729,0.94999999999999996,paired discordant multinomial; Bonferroni of two 97.5% exact CP marginals; pointwise
eight_rare,0.5,estimated,8192,8192,1600,64,126976,learning_at_variance,absolute_variance,signed_variance,1000,1000,1000,0,0,1000,0,0,-0.0043724395646712729,0.0043724395646712729,0.94999999999999996,paired discordant multinomial; Bonferroni of two 97.5% exact CP marginals; pointwise
two_balanced,-0.125,estimated,8192,512,25,64,10816,learning_at_range,absolute_range,signed_range,1000,0,0,0,0,0,1000,0,-0.0043724395646712729,0.0043724395646712729,0.94999999999999996,paired discordant multinomial; Bonferroni of two 97.5% exact CP marginals; pointwise
two_balanced,-0.125,estimated,8192,512,25,64,10816,sampling_at_absolute,absolute_range,absolute_variance,1000,0,0,0,0,0,1000,0,-0.0043724395646712729,0.0043724395646712729,0.94999999999999996,paired discordant multinomial; Bonferroni of two 97.5% exact CP marginals; pointwise
two_balanced,-0.125,estimated,8192,512,25,64,10816,total_upgrade,absolute_range,signed_variance,1000,0,0,0,0,0,1000,0,-0.0043724395646712729,0.0043724395646712729,0.94999999999999996,paired discordant multinomial; Bonferroni of two 97.5% exact CP marginals; pointwise
two_balanced,-0.125,estimated,8192,512,25,64,10816,crossed_comparison,signed_range,absolute_variance,1000,0,0,0,0,0,1000,0,-0.0043724395646712729,0.0043724395646712729,0.94999999999999996,paired discordant multinomial; Bonferroni of two 97.5% exact CP marginals; pointwise
two_balanced,-0.125,estimated,8192,512,25,64,10816,sampling_at_signed,signed_range,signed_variance,1000,0,0,0,0,0,1000,0,-0.0043724395646712729,0.0043724395646712729,0.94999999999999996,paired discordant multinomial; Bonferroni of two 97.5% exact CP marginals; pointwise
two_balanced,-0.125,estimated,8192,512,25,64,10816,learning_at_variance,absolute_variance,signed_variance,1000,0,0,0,0,0,1000,0,-0.0043724395646712729,0.0043724395646712729,0.94999999999999996,paired discordant multinomial; Bonferroni of two 97.5% exact CP marginals; pointwise
two_balanced,-0.125,estimated,8192,512,100,64,15616,learning_at_range,absolute_range,signed_range,1000,0,0,0,0,0,1000,0,-0.0043724395646712729,0.0043724395646712729,0.94999999999999996,paired discordant multinomial; Bonferroni of two 97.5% exact CP marginals; pointwise
two_balanced,-0.125,estimated,8192,512,100,64,15616,sampling_at_absolute,absolute_range,absolute_variance,1000,0,0,0,0,0,1000,0,-0.0043724395646712729,0.0043724395646712729,0.94999999999999996,paired discordant multinomial; Bonferroni of two 97.5% exact CP marginals; pointwise
two_balanced,-0.125,estimated,8192,512,100,64,15616,total_upgrade,absolute_range,signed_variance,1000,0,0,0,0,0,1000,0,-0.0043724395646712729,0.0043724395646712729,0.94999999999999996,paired discordant multinomial; Bonferroni of two 97.5% exact CP marginals; pointwise
two_balanced,-0.125,estimated,8192,512,100,64,15616,crossed_comparison,signed_range,absolute_variance,1000,0,0,0,0,0,1000,0,-0.0043724395646712729,0.0043724395646712729,0.94999999999999996,paired discordant multinomial; Bonferroni of two 97.5% exact CP marginals; pointwise
two_balanced,-0.125,estimated,8192,512,100,64,15616,sampling_at_signed,signed_range,signed_variance,1000,0,0,0,0,0,1000,0,-0.0043724395646712729,0.0043724395646712729,0.94999999999999996,paired discordant multinomial; Bonferroni of two 97.5% exact CP marginals; pointwise
two_balanced,-0.125,estimated,8192,512,100,64,15616,learning_at_variance,absolute_variance,signed_variance,1000,0,0,0,0,0,1000,0,-0.0043724395646712729,0.0043724395646712729,0.94999999999999996,paired discordant multinomial; Bonferroni of two 97.5% exact CP marginals; pointwise
two_balanced,-0.125,estimated,8192,512,400,64,34816,learning_at_range,absolute_range,signed_range,1000,0,0,0,0,0,1000,0,-0.0043724395646712729,0.0043724395646712729,0.94999999999999996,paired discordant multinomial; Bonferroni of two 97.5% exact CP marginals; pointwise
two_balanced,-0.125,estimated,8192,512,400,64,34816,sampling_at_absolute,absolute_range,absolute_variance,1000,0,0,0,0,0,1000,0,-0.0043724395646712729,0.0043724395646712729,0.94999999999999996,paired discordant multinomial; Bonferroni of two 97.5% exact CP marginals; pointwise
two_balanced,-0.125,estimated,8192,512,400,64,34816,total_upgrade,absolute_range,signed_variance,1000,0,0,0,0,0,1000,0,-0.0043724395646712729,0.0043724395646712729,0.94999999999999996,paired discordant multinomial; Bonferroni of two 97.5% exact CP marginals; pointwise
two_balanced,-0.125,estimated,8192,512,400,64,34816,crossed_comparison,signed_range,absolute_variance,1000,0,0,0,0,0,1000,0,-0.0043724395646712729,0.0043724395646712729,0.94999999999999996,paired discordant multinomial; Bonferroni of two 97.5% exact CP marginals; pointwise
two_balanced,-0.125,estimated,8192,512,400,64,34816,sampling_at_signed,signed_range,signed_variance,1000,0,0,0,0,0,1000,0,-0.0043724395646712729,0.0043724395646712729,0.94999999999999996,paired discordant multinomial; Bonferroni of two 97.5% exact CP marginals; pointwise
two_balanced,-0.125,estimated,8192,512,400,64,34816,learning_at_variance,absolute_variance,signed_variance,1000,0,0,0,0,0,1000,0,-0.0043724395646712729,0.0043724395646712729,0.94999999999999996,paired discordant multinomial; Bonferroni of two 97.5% exact CP marginals; pointwise
two_balanced,-0.125,estimated,8192,512,1600,64,111616,learning_at_range,absolute_range,signed_range,1000,0,0,0,0,0,1000,0,-0.0043724395646712729,0.0043724395646712729,0.94999999999999996,paired discordant multinomial; Bonferroni of two 97.5% exact CP marginals; pointwise
two_balanced,-0.125,estimated,8192,512,1600,64,111616,sampling_at_absolute,absolute_range,absolute_variance,1000,0,0,0,0,0,1000,0,-0.0043724395646712729,0.0043724395646712729,0.94999999999999996,paired discordant multinomial; Bonferroni of two 97.5% exact CP marginals; pointwise
two_balanced,-0.125,estimated,8192,512,1600,64,111616,total_upgrade,absolute_range,signed_variance,1000,0,0,0,0,0,1000,0,-0.0043724395646712729,0.0043724395646712729,0.94999999999999996,paired discordant multinomial; Bonferroni of two 97.5% exact CP marginals; pointwise
two_balanced,-0.125,estimated,8192,512,1600,64,111616,crossed_comparison,signed_range,absolute_variance,1000,0,0,0,0,0,1000,0,-0.0043724395646712729,0.0043724395646712729,0.94999999999999996,paired discordant multinomial; Bonferroni of two 97.5% exact CP marginals; pointwise
two_balanced,-0.125,estimated,8192,512,1600,64,111616,sampling_at_signed,signed_range,signed_variance,1000,0,0,0,0,0,1000,0,-0.0043724395646712729,0.0043724395646712729,0.94999999999999996,paired discordant multinomial; Bonferroni of two 97.5% exact CP marginals; pointwise
two_balanced,-0.125,estimated,8192,512,1600,64,111616,learning_at_variance,absolute_variance,signed_variance,1000,0,0,0,0,0,1000,0,-0.0043724395646712729,0.0043724395646712729,0.94999999999999996,paired discordant multinomial; Bonferroni of two 97.5% exact CP marginals; pointwise
two_balanced,-0.125,estimated,8192,8192,25,64,26176,learning_at_range,absolute_range,signed_range,1000,0,0,0,0,0,1000,0,-0.0043724395646712729,0.0043724395646712729,0.94999999999999996,paired discordant multinomial; Bonferroni of two 97.5% exact CP marginals; pointwise
two_balanced,-0.125,estimated,8192,8192,25,64,26176,sampling_at_absolute,absolute_range,absolute_variance,1000,0,0,0,0,0,1000,0,-0.0043724395646712729,0.0043724395646712729,0.94999999999999996,paired discordant multinomial; Bonferroni of two 97.5% exact CP marginals; pointwise
two_balanced,-0.125,estimated,8192,8192,25,64,26176,total_upgrade,absolute_range,signed_variance,1000,0,0,0,0,0,1000,0,-0.0043724395646712729,0.0043724395646712729,0.94999999999999996,paired discordant multinomial; Bonferroni of two 97.5% exact CP marginals; pointwise
two_balanced,-0.125,estimated,8192,8192,25,64,26176,crossed_comparison,signed_range,absolute_variance,1000,0,0,0,0,0,1000,0,-0.0043724395646712729,0.0043724395646712729,0.94999999999999996,paired discordant multinomial; Bonferroni of two 97.5% exact CP marginals; pointwise
two_balanced,-0.125,estimated,8192,8192,25,64,26176,sampling_at_signed,signed_range,signed_variance,1000,0,0,0,0,0,1000,0,-0.0043724395646712729,0.0043724395646712729,0.94999999999999996,paired discordant multinomial; Bonferroni of two 97.5% exact CP marginals; pointwise
two_balanced,-0.125,estimated,8192,8192,25,64,26176,learning_at_variance,absolute_variance,signed_variance,1000,0,0,0,0,0,1000,0,-0.0043724395646712729,0.0043724395646712729,0.94999999999999996,paired discordant multinomial; Bonferroni of two 97.5% exact CP marginals; pointwise
two_balanced,-0.125,estimated,8192,8192,100,64,30976,learning_at_range,absolute_range,signed_range,1000,0,0,0,0,0,1000,0,-0.0043724395646712729,0.0043724395646712729,0.94999999999999996,paired discordant multinomial; Bonferroni of two 97.5% exact CP marginals; pointwise
two_balanced,-0.125,estimated,8192,8192,100,64,30976,sampling_at_absolute,absolute_range,absolute_variance,1000,0,0,0,0,0,1000,0,-0.0043724395646712729,0.0043724395646712729,0.94999999999999996,paired discordant multinomial; Bonferroni of two 97.5% exact CP marginals; pointwise
two_balanced,-0.125,estimated,8192,8192,100,64,30976,total_upgrade,absolute_range,signed_variance,1000,0,0,0,0,0,1000,0,-0.0043724395646712729,0.0043724395646712729,0.94999999999999996,paired discordant multinomial; Bonferroni of two 97.5% exact CP marginals; pointwise
two_balanced,-0.125,estimated,8192,8192,100,64,30976,crossed_comparison,signed_range,absolute_variance,1000,0,0,0,0,0,1000,0,-0.0043724395646712729,0.0043724395646712729,0.94999999999999996,paired discordant multinomial; Bonferroni of two 97.5% exact CP marginals; pointwise
two_balanced,-0.125,estimated,8192,8192,100,64,30976,sampling_at_signed,signed_range,signed_variance,1000,0,0,0,0,0,1000,0,-0.0043724395646712729,0.0043724395646712729,0.94999999999999996,paired discordant multinomial; Bonferroni of two 97.5% exact CP marginals; pointwise
two_balanced,-0.125,estimated,8192,8192,100,64,30976,learning_at_variance,absolute_variance,signed_variance,1000,0,0,0,0,0,1000,0,-0.0043724395646712729,0.0043724395646712729,0.94999999999999996,paired discordant multinomial; Bonferroni of two 97.5% exact CP marginals; pointwise
two_balanced,-0.125,estimated,8192,8192,400,64,50176,learning_at_range,absolute_range,signed_range,1000,0,0,0,0,0,1000,0,-0.0043724395646712729,0.0043724395646712729,0.94999999999999996,paired discordant multinomial; Bonferroni of two 97.5% exact CP marginals; pointwise
two_balanced,-0.125,estimated,8192,8192,400,64,50176,sampling_at_absolute,absolute_range,absolute_variance,1000,0,0,0,0,0,1000,0,-0.0043724395646712729,0.0043724395646712729,0.94999999999999996,paired discordant multinomial; Bonferroni of two 97.5% exact CP marginals; pointwise
two_balanced,-0.125,estimated,8192,8192,400,64,50176,total_upgrade,absolute_range,signed_variance,1000,0,0,0,0,0,1000,0,-0.0043724395646712729,0.0043724395646712729,0.94999999999999996,paired discordant multinomial; Bonferroni of two 97.5% exact CP marginals; pointwise
two_balanced,-0.125,estimated,8192,8192,400,64,50176,crossed_comparison,signed_range,absolute_variance,1000,0,0,0,0,0,1000,0,-0.0043724395646712729,0.0043724395646712729,0.94999999999999996,paired discordant multinomial; Bonferroni of two 97.5% exact CP marginals; pointwise
two_balanced,-0.125,estimated,8192,8192,400,64,50176,sampling_at_signed,signed_range,signed_variance,1000,0,0,0,0,0,1000,0,-0.0043724395646712729,0.0043724395646712729,0.94999999999999996,paired discordant multinomial; Bonferroni of two 97.5% exact CP marginals; pointwise
two_balanced,-0.125,estimated,8192,8192,400,64,50176,learning_at_variance,absolute_variance,signed_variance,1000,0,0,0,0,0,1000,0,-0.0043724395646712729,0.0043724395646712729,0.94999999999999996,paired discordant multinomial; Bonferroni of two 97.5% exact CP marginals; pointwise
two_balanced,-0.125,estimated,8192,8192,1600,64,126976,learning_at_range,absolute_range,signed_range,1000,0,0,0,0,0,1000,0,-0.0043724395646712729,0.0043724395646712729,0.94999999999999996,paired discordant multinomial; Bonferroni of two 97.5% exact CP marginals; pointwise
two_balanced,-0.125,estimated,8192,8192,1600,64,126976,sampling_at_absolute,absolute_range,absolute_variance,1000,0,0,0,0,0,1000,0,-0.0043724395646712729,0.0043724395646712729,0.94999999999999996,paired discordant multinomial; Bonferroni of two 97.5% exact CP marginals; pointwise
two_balanced,-0.125,estimated,8192,8192,1600,64,126976,total_upgrade,absolute_range,signed_variance,1000,0,0,0,0,0,1000,0,-0.0043724395646712729,0.0043724395646712729,0.94999999999999996,paired discordant multinomial; Bonferroni of two 97.5% exact CP marginals; pointwise
two_balanced,-0.125,estimated,8192,8192,1600,64,126976,crossed_comparison,signed_range,absolute_variance,1000,0,0,0,0,0,1000,0,-0.0043724395646712729,0.0043724395646712729,0.94999999999999996,paired discordant multinomial; Bonferroni of two 97.5% exact CP marginals; pointwise
two_balanced,-0.125,estimated,8192,8192,1600,64,126976,sampling_at_signed,signed_range,signed_variance,1000,0,0,0,0,0,1000,0,-0.0043724395646712729,0.0043724395646712729,0.94999999999999996,paired discordant multinomial; Bonferroni of two 97.5% exact CP marginals; pointwise
two_balanced,-0.125,estimated,8192,8192,1600,64,126976,learning_at_variance,absolute_variance,signed_variance,1000,0,0,0,0,0,1000,0,-0.0043724395646712729,0.0043724395646712729,0.94999999999999996,paired discordant multinomial; Bonferroni of two 97.5% exact CP marginals; pointwise
two_balanced,-0.125,opposed_shifts,8192,8192,25,64,26176,learning_at_range,absolute_range,signed_range,1000,0,0,0,0,0,1000,0,-0.0043724395646712729,0.0043724395646712729,0.94999999999999996,paired discordant multinomial; Bonferroni of two 97.5% exact CP marginals; pointwise
two_balanced,-0.125,opposed_shifts,8192,8192,25,64,26176,sampling_at_absolute,absolute_range,absolute_variance,1000,0,0,0,0,0,1000,0,-0.0043724395646712729,0.0043724395646712729,0.94999999999999996,paired discordant multinomial; Bonferroni of two 97.5% exact CP marginals; pointwise
two_balanced,-0.125,opposed_shifts,8192,8192,25,64,26176,total_upgrade,absolute_range,signed_variance,1000,0,0,0,0,0,1000,0,-0.0043724395646712729,0.0043724395646712729,0.94999999999999996,paired discordant multinomial; Bonferroni of two 97.5% exact CP marginals; pointwise
two_balanced,-0.125,opposed_shifts,8192,8192,25,64,26176,crossed_comparison,signed_range,absolute_variance,1000,0,0,0,0,0,1000,0,-0.0043724395646712729,0.0043724395646712729,0.94999999999999996,paired discordant multinomial; Bonferroni of two 97.5% exact CP marginals; pointwise
two_balanced,-0.125,opposed_shifts,8192,8192,25,64,26176,sampling_at_signed,signed_range,signed_variance,1000,0,0,0,0,0,1000,0,-0.0043724395646712729,0.0043724395646712729,0.94999999999999996,paired discordant multinomial; Bonferroni of two 97.5% exact CP marginals; pointwise
two_balanced,-0.125,opposed_shifts,8192,8192,25,64,26176,learning_at_variance,absolute_variance,signed_variance,1000,0,0,0,0,0,1000,0,-0.0043724395646712729,0.0043724395646712729,0.94999999999999996,paired discordant multinomial; Bonferroni of two 97.5% exact CP marginals; pointwise
two_balanced,-0.125,opposed_shifts,8192,8192,100,64,30976,learning_at_range,absolute_range,signed_range,1000,0,0,0,0,0,1000,0,-0.0043724395646712729,0.0043724395646712729,0.94999999999999996,paired discordant multinomial; Bonferroni of two 97.5% exact CP marginals; pointwise
two_balanced,-0.125,opposed_shifts,8192,8192,100,64,30976,sampling_at_absolute,absolute_range,absolute_variance,1000,0,0,0,0,0,1000,0,-0.0043724395646712729,0.0043724395646712729,0.94999999999999996,paired discordant multinomial; Bonferroni of two 97.5% exact CP marginals; pointwise
two_balanced,-0.125,opposed_shifts,8192,8192,100,64,30976,total_upgrade,absolute_range,signed_variance,1000,0,0,0,0,0,1000,0,-0.0043724395646712729,0.0043724395646712729,0.94999999999999996,paired discordant multinomial; Bonferroni of two 97.5% exact CP marginals; pointwise
two_balanced,-0.125,opposed_shifts,8192,8192,100,64,30976,crossed_comparison,signed_range,absolute_variance,1000,0,0,0,0,0,1000,0,-0.0043724395646712729,0.0043724395646712729,0.94999999999999996,paired discordant multinomial; Bonferroni of two 97.5% exact CP marginals; pointwise
two_balanced,-0.125,opposed_shifts,8192,8192,100,64,30976,sampling_at_signed,signed_range,signed_variance,1000,0,0,0,0,0,1000,0,-0.0043724395646712729,0.0043724395646712729,0.94999999999999996,paired discordant multinomial; Bonferroni of two 97.5% exact CP marginals; pointwise
two_balanced,-0.125,opposed_shifts,8192,8192,100,64,30976,learning_at_variance,absolute_variance,signed_variance,1000,0,0,0,0,0,1000,0,-0.0043724395646712729,0.0043724395646712729,0.94999999999999996,paired discordant multinomial; Bonferroni of two 97.5% exact CP marginals; pointwise
two_balanced,-0.125,opposed_shifts,8192,8192,400,64,50176,learning_at_range,absolute_range,signed_range,1000,0,0,0,0,0,1000,0,-0.0043724395646712729,0.0043724395646712729,0.94999999999999996,paired discordant multinomial; Bonferroni of two 97.5% exact CP marginals; pointwise
two_balanced,-0.125,opposed_shifts,8192,8192,400,64,50176,sampling_at_absolute,absolute_range,absolute_variance,1000,0,0,0,0,0,1000,0,-0.0043724395646712729,0.0043724395646712729,0.94999999999999996,paired discordant multinomial; Bonferroni of two 97.5% exact CP marginals; pointwise
two_balanced,-0.125,opposed_shifts,8192,8192,400,64,50176,total_upgrade,absolute_range,signed_variance,1000,0,0,0,0,0,1000,0,-0.0043724395646712729,0.0043724395646712729,0.94999999999999996,paired discordant multinomial; Bonferroni of two 97.5% exact CP marginals; pointwise
two_balanced,-0.125,opposed_shifts,8192,8192,400,64,50176,crossed_comparison,signed_range,absolute_variance,1000,0,0,0,0,0,1000,0,-0.0043724395646712729,0.0043724395646712729,0.94999999999999996,paired discordant multinomial; Bonferroni of two 97.5% exact CP marginals; pointwise
two_balanced,-0.125,opposed_shifts,8192,8192,400,64,50176,sampling_at_signed,signed_range,signed_variance,1000,0,0,0,0,0,1000,0,-0.0043724395646712729,0.0043724395646712729,0.94999999999999996,paired discordant multinomial; Bonferroni of two 97.5% exact CP marginals; pointwise
two_balanced,-0.125,opposed_shifts,8192,8192,400,64,50176,learning_at_variance,absolute_variance,signed_variance,1000,0,0,0,0,0,1000,0,-0.0043724395646712729,0.0043724395646712729,0.94999999999999996,paired discordant multinomial; Bonferroni of two 97.5% exact CP marginals; pointwise
two_balanced,-0.125,opposed_shifts,8192,8192,1600,64,126976,learning_at_range,absolute_range,signed_range,1000,0,0,0,0,0,1000,0,-0.0043724395646712729,0.0043724395646712729,0.94999999999999996,paired discordant multinomial; Bonferroni of two 97.5% exact CP marginals; pointwise
two_balanced,-0.125,opposed_shifts,8192,8192,1600,64,126976,sampling_at_absolute,absolute_range,absolute_variance,1000,0,0,0,0,0,1000,0,-0.0043724395646712729,0.0043724395646712729,0.94999999999999996,paired discordant multinomial; Bonferroni of two 97.5% exact CP marginals; pointwise
two_balanced,-0.125,opposed_shifts,8192,8192,1600,64,126976,total_upgrade,absolute_range,signed_variance,1000,0,0,0,0,0,1000,0,-0.0043724395646712729,0.0043724395646712729,0.94999999999999996,paired discordant multinomial; Bonferroni of two 97.5% exact CP marginals; pointwise
two_balanced,-0.125,opposed_shifts,8192,8192,1600,64,126976,crossed_comparison,signed_range,absolute_variance,1000,0,0,0,0,0,1000,0,-0.0043724395646712729,0.0043724395646712729,0.94999999999999996,paired discordant multinomial; Bonferroni of two 97.5% exact CP marginals; pointwise
two_balanced,-0.125,opposed_shifts,8192,8192,1600,64,126976,sampling_at_signed,signed_range,signed_variance,1000,0,0,0,0,0,1000,0,-0.0043724395646712729,0.0043724395646712729,0.94999999999999996,paired discordant multinomial; Bonferroni of two 97.5% exact CP marginals; pointwise
two_balanced,-0.125,opposed_shifts,8192,8192,1600,64,126976,learning_at_variance,absolute_variance,signed_variance,1000,0,0,0,0,0,1000,0,-0.0043724395646712729,0.0043724395646712729,0.94999999999999996,paired discordant multinomial; Bonferroni of two 97.5% exact CP marginals; pointwise
two_balanced,0,estimated,8192,512,25,64,10816,learning_at_range,absolute_range,signed_range,1000,0,0,0,0,0,1000,0,-0.0043724395646712729,0.0043724395646712729,0.94999999999999996,paired discordant multinomial; Bonferroni of two 97.5% exact CP marginals; pointwise
two_balanced,0,estimated,8192,512,25,64,10816,sampling_at_absolute,absolute_range,absolute_variance,1000,0,0,0,0,0,1000,0,-0.0043724395646712729,0.0043724395646712729,0.94999999999999996,paired discordant multinomial; Bonferroni of two 97.5% exact CP marginals; pointwise
two_balanced,0,estimated,8192,512,25,64,10816,total_upgrade,absolute_range,signed_variance,1000,0,0,0,0,0,1000,0,-0.0043724395646712729,0.0043724395646712729,0.94999999999999996,paired discordant multinomial; Bonferroni of two 97.5% exact CP marginals; pointwise
two_balanced,0,estimated,8192,512,25,64,10816,crossed_comparison,signed_range,absolute_variance,1000,0,0,0,0,0,1000,0,-0.0043724395646712729,0.0043724395646712729,0.94999999999999996,paired discordant multinomial; Bonferroni of two 97.5% exact CP marginals; pointwise
two_balanced,0,estimated,8192,512,25,64,10816,sampling_at_signed,signed_range,signed_variance,1000,0,0,0,0,0,1000,0,-0.0043724395646712729,0.0043724395646712729,0.94999999999999996,paired discordant multinomial; Bonferroni of two 97.5% exact CP marginals; pointwise
two_balanced,0,estimated,8192,512,25,64,10816,learning_at_variance,absolute_variance,signed_variance,1000,0,0,0,0,0,1000,0,-0.0043724395646712729,0.0043724395646712729,0.94999999999999996,paired discordant multinomial; Bonferroni of two 97.5% exact CP marginals; pointwise
two_balanced,0,estimated,8192,512,100,64,15616,learning_at_range,absolute_range,signed_range,1000,0,0,0,0,0,1000,0,-0.0043724395646712729,0.0043724395646712729,0.94999999999999996,paired discordant multinomial; Bonferroni of two 97.5% exact CP marginals; pointwise
two_balanced,0,estimated,8192,512,100,64,15616,sampling_at_absolute,absolute_range,absolute_variance,1000,0,0,0,0,0,1000,0,-0.0043724395646712729,0.0043724395646712729,0.94999999999999996,paired discordant multinomial; Bonferroni of two 97.5% exact CP marginals; pointwise
two_balanced,0,estimated,8192,512,100,64,15616,total_upgrade,absolute_range,signed_variance,1000,0,0,0,0,0,1000,0,-0.0043724395646712729,0.0043724395646712729,0.94999999999999996,paired discordant multinomial; Bonferroni of two 97.5% exact CP marginals; pointwise
two_balanced,0,estimated,8192,512,100,64,15616,crossed_comparison,signed_range,absolute_variance,1000,0,0,0,0,0,1000,0,-0.0043724395646712729,0.0043724395646712729,0.94999999999999996,paired discordant multinomial; Bonferroni of two 97.5% exact CP marginals; pointwise
two_balanced,0,estimated,8192,512,100,64,15616,sampling_at_signed,signed_range,signed_variance,1000,0,0,0,0,0,1000,0,-0.0043724395646712729,0.0043724395646712729,0.94999999999999996,paired discordant multinomial; Bonferroni of two 97.5% exact CP marginals; pointwise
two_balanced,0,estimated,8192,512,100,64,15616,learning_at_variance,absolute_variance,signed_variance,1000,0,0,0,0,0,1000,0,-0.0043724395646712729,0.0043724395646712729,0.94999999999999996,paired discordant multinomial; Bonferroni of two 97.5% exact CP marginals; pointwise
two_balanced,0,estimated,8192,512,400,64,34816,learning_at_range,absolute_range,signed_range,1000,0,0,0,0,0,1000,0,-0.0043724395646712729,0.0043724395646712729,0.94999999999999996,paired discordant multinomial; Bonferroni of two 97.5% exact CP marginals; pointwise
two_balanced,0,estimated,8192,512,400,64,34816,sampling_at_absolute,absolute_range,absolute_variance,1000,0,0,0,0,0,1000,0,-0.0043724395646712729,0.0043724395646712729,0.94999999999999996,paired discordant multinomial; Bonferroni of two 97.5% exact CP marginals; pointwise
two_balanced,0,estimated,8192,512,400,64,34816,total_upgrade,absolute_range,signed_variance,1000,0,0,0,0,0,1000,0,-0.0043724395646712729,0.0043724395646712729,0.94999999999999996,paired discordant multinomial; Bonferroni of two 97.5% exact CP marginals; pointwise
two_balanced,0,estimated,8192,512,400,64,34816,crossed_comparison,signed_range,absolute_variance,1000,0,0,0,0,0,1000,0,-0.0043724395646712729,0.0043724395646712729,0.94999999999999996,paired discordant multinomial; Bonferroni of two 97.5% exact CP marginals; pointwise
two_balanced,0,estimated,8192,512,400,64,34816,sampling_at_signed,signed_range,signed_variance,1000,0,0,0,0,0,1000,0,-0.0043724395646712729,0.0043724395646712729,0.94999999999999996,paired discordant multinomial; Bonferroni of two 97.5% exact CP marginals; pointwise
two_balanced,0,estimated,8192,512,400,64,34816,learning_at_variance,absolute_variance,signed_variance,1000,0,0,0,0,0,1000,0,-0.0043724395646712729,0.0043724395646712729,0.94999999999999996,paired discordant multinomial; Bonferroni of two 97.5% exact CP marginals; pointwise
two_balanced,0,estimated,8192,512,1600,64,111616,learning_at_range,absolute_range,signed_range,1000,0,0,0,0,0,1000,0,-0.0043724395646712729,0.0043724395646712729,0.94999999999999996,paired discordant multinomial; Bonferroni of two 97.5% exact CP marginals; pointwise
two_balanced,0,estimated,8192,512,1600,64,111616,sampling_at_absolute,absolute_range,absolute_variance,1000,0,0,0,0,0,1000,0,-0.0043724395646712729,0.0043724395646712729,0.94999999999999996,paired discordant multinomial; Bonferroni of two 97.5% exact CP marginals; pointwise
two_balanced,0,estimated,8192,512,1600,64,111616,total_upgrade,absolute_range,signed_variance,1000,0,0,0,0,0,1000,0,-0.0043724395646712729,0.0043724395646712729,0.94999999999999996,paired discordant multinomial; Bonferroni of two 97.5% exact CP marginals; pointwise
two_balanced,0,estimated,8192,512,1600,64,111616,crossed_comparison,signed_range,absolute_variance,1000,0,0,0,0,0,1000,0,-0.0043724395646712729,0.0043724395646712729,0.94999999999999996,paired discordant multinomial; Bonferroni of two 97.5% exact CP marginals; pointwise
two_balanced,0,estimated,8192,512,1600,64,111616,sampling_at_signed,signed_range,signed_variance,1000,0,0,0,0,0,1000,0,-0.0043724395646712729,0.0043724395646712729,0.94999999999999996,paired discordant multinomial; Bonferroni of two 97.5% exact CP marginals; pointwise
two_balanced,0,estimated,8192,512,1600,64,111616,learning_at_variance,absolute_variance,signed_variance,1000,0,0,0,0,0,1000,0,-0.0043724395646712729,0.0043724395646712729,0.94999999999999996,paired discordant multinomial; Bonferroni of two 97.5% exact CP marginals; pointwise
two_balanced,0,estimated,8192,8192,25,64,26176,learning_at_range,absolute_range,signed_range,1000,0,0,0,0,0,1000,0,-0.0043724395646712729,0.0043724395646712729,0.94999999999999996,paired discordant multinomial; Bonferroni of two 97.5% exact CP marginals; pointwise
two_balanced,0,estimated,8192,8192,25,64,26176,sampling_at_absolute,absolute_range,absolute_variance,1000,0,0,0,0,0,1000,0,-0.0043724395646712729,0.0043724395646712729,0.94999999999999996,paired discordant multinomial; Bonferroni of two 97.5% exact CP marginals; pointwise
two_balanced,0,estimated,8192,8192,25,64,26176,total_upgrade,absolute_range,signed_variance,1000,0,0,0,0,0,1000,0,-0.0043724395646712729,0.0043724395646712729,0.94999999999999996,paired discordant multinomial; Bonferroni of two 97.5% exact CP marginals; pointwise
two_balanced,0,estimated,8192,8192,25,64,26176,crossed_comparison,signed_range,absolute_variance,1000,0,0,0,0,0,1000,0,-0.0043724395646712729,0.0043724395646712729,0.94999999999999996,paired discordant multinomial; Bonferroni of two 97.5% exact CP marginals; pointwise
two_balanced,0,estimated,8192,8192,25,64,26176,sampling_at_signed,signed_range,signed_variance,1000,0,0,0,0,0,1000,0,-0.0043724395646712729,0.0043724395646712729,0.94999999999999996,paired discordant multinomial; Bonferroni of two 97.5% exact CP marginals; pointwise
two_balanced,0,estimated,8192,8192,25,64,26176,learning_at_variance,absolute_variance,signed_variance,1000,0,0,0,0,0,1000,0,-0.0043724395646712729,0.0043724395646712729,0.94999999999999996,paired discordant multinomial; Bonferroni of two 97.5% exact CP marginals; pointwise
two_balanced,0,estimated,8192,8192,100,64,30976,learning_at_range,absolute_range,signed_range,1000,0,0,0,0,0,1000,0,-0.0043724395646712729,0.0043724395646712729,0.94999999999999996,paired discordant multinomial; Bonferroni of two 97.5% exact CP marginals; pointwise
two_balanced,0,estimated,8192,8192,100,64,30976,sampling_at_absolute,absolute_range,absolute_variance,1000,0,0,0,0,0,1000,0,-0.0043724395646712729,0.0043724395646712729,0.94999999999999996,paired discordant multinomial; Bonferroni of two 97.5% exact CP marginals; pointwise
two_balanced,0,estimated,8192,8192,100,64,30976,total_upgrade,absolute_range,signed_variance,1000,0,0,0,0,0,1000,0,-0.0043724395646712729,0.0043724395646712729,0.94999999999999996,paired discordant multinomial; Bonferroni of two 97.5% exact CP marginals; pointwise
two_balanced,0,estimated,8192,8192,100,64,30976,crossed_comparison,signed_range,absolute_variance,1000,0,0,0,0,0,1000,0,-0.0043724395646712729,0.0043724395646712729,0.94999999999999996,paired discordant multinomial; Bonferroni of two 97.5% exact CP marginals; pointwise
two_balanced,0,estimated,8192,8192,100,64,30976,sampling_at_signed,signed_range,signed_variance,1000,0,0,0,0,0,1000,0,-0.0043724395646712729,0.0043724395646712729,0.94999999999999996,paired discordant multinomial; Bonferroni of two 97.5% exact CP marginals; pointwise
two_balanced,0,estimated,8192,8192,100,64,30976,learning_at_variance,absolute_variance,signed_variance,1000,0,0,0,0,0,1000,0,-0.0043724395646712729,0.0043724395646712729,0.94999999999999996,paired discordant multinomial; Bonferroni of two 97.5% exact CP marginals; pointwise
two_balanced,0,estimated,8192,8192,400,64,50176,learning_at_range,absolute_range,signed_range,1000,0,0,0,0,0,1000,0,-0.0043724395646712729,0.0043724395646712729,0.94999999999999996,paired discordant multinomial; Bonferroni of two 97.5% exact CP marginals; pointwise
two_balanced,0,estimated,8192,8192,400,64,50176,sampling_at_absolute,absolute_range,absolute_variance,1000,0,0,0,0,0,1000,0,-0.0043724395646712729,0.0043724395646712729,0.94999999999999996,paired discordant multinomial; Bonferroni of two 97.5% exact CP marginals; pointwise
two_balanced,0,estimated,8192,8192,400,64,50176,total_upgrade,absolute_range,signed_variance,1000,0,0,0,0,0,1000,0,-0.0043724395646712729,0.0043724395646712729,0.94999999999999996,paired discordant multinomial; Bonferroni of two 97.5% exact CP marginals; pointwise
two_balanced,0,estimated,8192,8192,400,64,50176,crossed_comparison,signed_range,absolute_variance,1000,0,0,0,0,0,1000,0,-0.0043724395646712729,0.0043724395646712729,0.94999999999999996,paired discordant multinomial; Bonferroni of two 97.5% exact CP marginals; pointwise
two_balanced,0,estimated,8192,8192,400,64,50176,sampling_at_signed,signed_range,signed_variance,1000,0,0,0,0,0,1000,0,-0.0043724395646712729,0.0043724395646712729,0.94999999999999996,paired discordant multinomial; Bonferroni of two 97.5% exact CP marginals; pointwise
two_balanced,0,estimated,8192,8192,400,64,50176,learning_at_variance,absolute_variance,signed_variance,1000,0,0,0,0,0,1000,0,-0.0043724395646712729,0.0043724395646712729,0.94999999999999996,paired discordant multinomial; Bonferroni of two 97.5% exact CP marginals; pointwise
two_balanced,0,estimated,8192,8192,1600,64,126976,learning_at_range,absolute_range,signed_range,1000,0,0,0,0,0,1000,0,-0.0043724395646712729,0.0043724395646712729,0.94999999999999996,paired discordant multinomial; Bonferroni of two 97.5% exact CP marginals; pointwise
two_balanced,0,estimated,8192,8192,1600,64,126976,sampling_at_absolute,absolute_range,absolute_variance,1000,0,0,0,0,0,1000,0,-0.0043724395646712729,0.0043724395646712729,0.94999999999999996,paired discordant multinomial; Bonferroni of two 97.5% exact CP marginals; pointwise
two_balanced,0,estimated,8192,8192,1600,64,126976,total_upgrade,absolute_range,signed_variance,1000,0,0,0,0,0,1000,0,-0.0043724395646712729,0.0043724395646712729,0.94999999999999996,paired discordant multinomial; Bonferroni of two 97.5% exact CP marginals; pointwise
two_balanced,0,estimated,8192,8192,1600,64,126976,crossed_comparison,signed_range,absolute_variance,1000,0,0,0,0,0,1000,0,-0.0043724395646712729,0.0043724395646712729,0.94999999999999996,paired discordant multinomial; Bonferroni of two 97.5% exact CP marginals; pointwise
two_balanced,0,estimated,8192,8192,1600,64,126976,sampling_at_signed,signed_range,signed_variance,1000,0,0,0,0,0,1000,0,-0.0043724395646712729,0.0043724395646712729,0.94999999999999996,paired discordant multinomial; Bonferroni of two 97.5% exact CP marginals; pointwise
two_balanced,0,estimated,8192,8192,1600,64,126976,learning_at_variance,absolute_variance,signed_variance,1000,0,0,0,0,0,1000,0,-0.0043724395646712729,0.0043724395646712729,0.94999999999999996,paired discordant multinomial; Bonferroni of two 97.5% exact CP marginals; pointwise
two_balanced,0,opposed_shifts,8192,8192,25,64,26176,learning_at_range,absolute_range,signed_range,1000,0,0,0,0,0,1000,0,-0.0043724395646712729,0.0043724395646712729,0.94999999999999996,paired discordant multinomial; Bonferroni of two 97.5% exact CP marginals; pointwise
two_balanced,0,opposed_shifts,8192,8192,25,64,26176,sampling_at_absolute,absolute_range,absolute_variance,1000,0,0,0,0,0,1000,0,-0.0043724395646712729,0.0043724395646712729,0.94999999999999996,paired discordant multinomial; Bonferroni of two 97.5% exact CP marginals; pointwise
two_balanced,0,opposed_shifts,8192,8192,25,64,26176,total_upgrade,absolute_range,signed_variance,1000,0,0,0,0,0,1000,0,-0.0043724395646712729,0.0043724395646712729,0.94999999999999996,paired discordant multinomial; Bonferroni of two 97.5% exact CP marginals; pointwise
two_balanced,0,opposed_shifts,8192,8192,25,64,26176,crossed_comparison,signed_range,absolute_variance,1000,0,0,0,0,0,1000,0,-0.0043724395646712729,0.0043724395646712729,0.94999999999999996,paired discordant multinomial; Bonferroni of two 97.5% exact CP marginals; pointwise
two_balanced,0,opposed_shifts,8192,8192,25,64,26176,sampling_at_signed,signed_range,signed_variance,1000,0,0,0,0,0,1000,0,-0.0043724395646712729,0.0043724395646712729,0.94999999999999996,paired discordant multinomial; Bonferroni of two 97.5% exact CP marginals; pointwise
two_balanced,0,opposed_shifts,8192,8192,25,64,26176,learning_at_variance,absolute_variance,signed_variance,1000,0,0,0,0,0,1000,0,-0.0043724395646712729,0.0043724395646712729,0.94999999999999996,paired discordant multinomial; Bonferroni of two 97.5% exact CP marginals; pointwise
two_balanced,0,opposed_shifts,8192,8192,100,64,30976,learning_at_range,absolute_range,signed_range,1000,0,0,0,0,0,1000,0,-0.0043724395646712729,0.0043724395646712729,0.94999999999999996,paired discordant multinomial; Bonferroni of two 97.5% exact CP marginals; pointwise
two_balanced,0,opposed_shifts,8192,8192,100,64,30976,sampling_at_absolute,absolute_range,absolute_variance,1000,0,0,0,0,0,1000,0,-0.0043724395646712729,0.0043724395646712729,0.94999999999999996,paired discordant multinomial; Bonferroni of two 97.5% exact CP marginals; pointwise
two_balanced,0,opposed_shifts,8192,8192,100,64,30976,total_upgrade,absolute_range,signed_variance,1000,0,0,0,0,0,1000,0,-0.0043724395646712729,0.0043724395646712729,0.94999999999999996,paired discordant multinomial; Bonferroni of two 97.5% exact CP marginals; pointwise
two_balanced,0,opposed_shifts,8192,8192,100,64,30976,crossed_comparison,signed_range,absolute_variance,1000,0,0,0,0,0,1000,0,-0.0043724395646712729,0.0043724395646712729,0.94999999999999996,paired discordant multinomial; Bonferroni of two 97.5% exact CP marginals; pointwise
two_balanced,0,opposed_shifts,8192,8192,100,64,30976,sampling_at_signed,signed_range,signed_variance,1000,0,0,0,0,0,1000,0,-0.0043724395646712729,0.0043724395646712729,0.94999999999999996,paired discordant multinomial; Bonferroni of two 97.5% exact CP marginals; pointwise
two_balanced,0,opposed_shifts,8192,8192,100,64,30976,learning_at_variance,absolute_variance,signed_variance,1000,0,0,0,0,0,1000,0,-0.0043724395646712729,0.0043724395646712729,0.94999999999999996,paired discordant multinomial; Bonferroni of two 97.5% exact CP marginals; pointwise
two_balanced,0,opposed_shifts,8192,8192,400,64,50176,learning_at_range,absolute_range,signed_range,1000,0,0,0,0,0,1000,0,-0.0043724395646712729,0.0043724395646712729,0.94999999999999996,paired discordant multinomial; Bonferroni of two 97.5% exact CP marginals; pointwise
two_balanced,0,opposed_shifts,8192,8192,400,64,50176,sampling_at_absolute,absolute_range,absolute_variance,1000,0,0,0,0,0,1000,0,-0.0043724395646712729,0.0043724395646712729,0.94999999999999996,paired discordant multinomial; Bonferroni of two 97.5% exact CP marginals; pointwise
two_balanced,0,opposed_shifts,8192,8192,400,64,50176,total_upgrade,absolute_range,signed_variance,1000,0,0,0,0,0,1000,0,-0.0043724395646712729,0.0043724395646712729,0.94999999999999996,paired discordant multinomial; Bonferroni of two 97.5% exact CP marginals; pointwise
two_balanced,0,opposed_shifts,8192,8192,400,64,50176,crossed_comparison,signed_range,absolute_variance,1000,0,0,0,0,0,1000,0,-0.0043724395646712729,0.0043724395646712729,0.94999999999999996,paired discordant multinomial; Bonferroni of two 97.5% exact CP marginals; pointwise
two_balanced,0,opposed_shifts,8192,8192,400,64,50176,sampling_at_signed,signed_range,signed_variance,1000,0,0,0,0,0,1000,0,-0.0043724395646712729,0.0043724395646712729,0.94999999999999996,paired discordant multinomial; Bonferroni of two 97.5% exact CP marginals; pointwise
two_balanced,0,opposed_shifts,8192,8192,400,64,50176,learning_at_variance,absolute_variance,signed_variance,1000,0,0,0,0,0,1000,0,-0.0043724395646712729,0.0043724395646712729,0.94999999999999996,paired discordant multinomial; Bonferroni of two 97.5% exact CP marginals; pointwise
two_balanced,0,opposed_shifts,8192,8192,1600,64,126976,learning_at_range,absolute_range,signed_range,1000,0,0,0,0,0,1000,0,-0.0043724395646712729,0.0043724395646712729,0.94999999999999996,paired discordant multinomial; Bonferroni of two 97.5% exact CP marginals; pointwise
two_balanced,0,opposed_shifts,8192,8192,1600,64,126976,sampling_at_absolute,absolute_range,absolute_variance,1000,0,0,0,0,0,1000,0,-0.0043724395646712729,0.0043724395646712729,0.94999999999999996,paired discordant multinomial; Bonferroni of two 97.5% exact CP marginals; pointwise
two_balanced,0,opposed_shifts,8192,8192,1600,64,126976,total_upgrade,absolute_range,signed_variance,1000,0,0,0,0,0,1000,0,-0.0043724395646712729,0.0043724395646712729,0.94999999999999996,paired discordant multinomial; Bonferroni of two 97.5% exact CP marginals; pointwise
two_balanced,0,opposed_shifts,8192,8192,1600,64,126976,crossed_comparison,signed_range,absolute_variance,1000,0,0,0,0,0,1000,0,-0.0043724395646712729,0.0043724395646712729,0.94999999999999996,paired discordant multinomial; Bonferroni of two 97.5% exact CP marginals; pointwise
two_balanced,0,opposed_shifts,8192,8192,1600,64,126976,sampling_at_signed,signed_range,signed_variance,1000,0,0,0,0,0,1000,0,-0.0043724395646712729,0.0043724395646712729,0.94999999999999996,paired discordant multinomial; Bonferroni of two 97.5% exact CP marginals; pointwise
two_balanced,0,opposed_shifts,8192,8192,1600,64,126976,learning_at_variance,absolute_variance,signed_variance,1000,0,0,0,0,0,1000,0,-0.0043724395646712729,0.0043724395646712729,0.94999999999999996,paired discordant multinomial; Bonferroni of two 97.5% exact CP marginals; pointwise
two_balanced,0.125,estimated,8192,512,25,64,10816,learning_at_range,absolute_range,signed_range,1000,0,0,0,0,0,1000,0,-0.0043724395646712729,0.0043724395646712729,0.94999999999999996,paired discordant multinomial; Bonferroni of two 97.5% exact CP marginals; pointwise
two_balanced,0.125,estimated,8192,512,25,64,10816,sampling_at_absolute,absolute_range,absolute_variance,1000,0,0,0,0,0,1000,0,-0.0043724395646712729,0.0043724395646712729,0.94999999999999996,paired discordant multinomial; Bonferroni of two 97.5% exact CP marginals; pointwise
two_balanced,0.125,estimated,8192,512,25,64,10816,total_upgrade,absolute_range,signed_variance,1000,0,0,0,0,0,1000,0,-0.0043724395646712729,0.0043724395646712729,0.94999999999999996,paired discordant multinomial; Bonferroni of two 97.5% exact CP marginals; pointwise
two_balanced,0.125,estimated,8192,512,25,64,10816,crossed_comparison,signed_range,absolute_variance,1000,0,0,0,0,0,1000,0,-0.0043724395646712729,0.0043724395646712729,0.94999999999999996,paired discordant multinomial; Bonferroni of two 97.5% exact CP marginals; pointwise
two_balanced,0.125,estimated,8192,512,25,64,10816,sampling_at_signed,signed_range,signed_variance,1000,0,0,0,0,0,1000,0,-0.0043724395646712729,0.0043724395646712729,0.94999999999999996,paired discordant multinomial; Bonferroni of two 97.5% exact CP marginals; pointwise
two_balanced,0.125,estimated,8192,512,25,64,10816,learning_at_variance,absolute_variance,signed_variance,1000,0,0,0,0,0,1000,0,-0.0043724395646712729,0.0043724395646712729,0.94999999999999996,paired discordant multinomial; Bonferroni of two 97.5% exact CP marginals; pointwise
two_balanced,0.125,estimated,8192,512,100,64,15616,learning_at_range,absolute_range,signed_range,1000,0,0,0,0,0,1000,0,-0.0043724395646712729,0.0043724395646712729,0.94999999999999996,paired discordant multinomial; Bonferroni of two 97.5% exact CP marginals; pointwise
two_balanced,0.125,estimated,8192,512,100,64,15616,sampling_at_absolute,absolute_range,absolute_variance,1000,0,0,0,0,0,1000,0,-0.0043724395646712729,0.0043724395646712729,0.94999999999999996,paired discordant multinomial; Bonferroni of two 97.5% exact CP marginals; pointwise
two_balanced,0.125,estimated,8192,512,100,64,15616,total_upgrade,absolute_range,signed_variance,1000,0,0,0,0,0,1000,0,-0.0043724395646712729,0.0043724395646712729,0.94999999999999996,paired discordant multinomial; Bonferroni of two 97.5% exact CP marginals; pointwise
two_balanced,0.125,estimated,8192,512,100,64,15616,crossed_comparison,signed_range,absolute_variance,1000,0,0,0,0,0,1000,0,-0.0043724395646712729,0.0043724395646712729,0.94999999999999996,paired discordant multinomial; Bonferroni of two 97.5% exact CP marginals; pointwise
two_balanced,0.125,estimated,8192,512,100,64,15616,sampling_at_signed,signed_range,signed_variance,1000,0,0,0,0,0,1000,0,-0.0043724395646712729,0.0043724395646712729,0.94999999999999996,paired discordant multinomial; Bonferroni of two 97.5% exact CP marginals; pointwise
two_balanced,0.125,estimated,8192,512,100,64,15616,learning_at_variance,absolute_variance,signed_variance,1000,0,0,0,0,0,1000,0,-0.0043724395646712729,0.0043724395646712729,0.94999999999999996,paired discordant multinomial; Bonferroni of two 97.5% exact CP marginals; pointwise
two_balanced,0.125,estimated,8192,512,400,64,34816,learning_at_range,absolute_range,signed_range,1000,0,0,0,0,0,1000,0,-0.0043724395646712729,0.0043724395646712729,0.94999999999999996,paired discordant multinomial; Bonferroni of two 97.5% exact CP marginals; pointwise
two_balanced,0.125,estimated,8192,512,400,64,34816,sampling_at_absolute,absolute_range,absolute_variance,1000,0,0,0,0,0,1000,0,-0.0043724395646712729,0.0043724395646712729,0.94999999999999996,paired discordant multinomial; Bonferroni of two 97.5% exact CP marginals; pointwise
two_balanced,0.125,estimated,8192,512,400,64,34816,total_upgrade,absolute_range,signed_variance,1000,0,0,0,0,0,1000,0,-0.0043724395646712729,0.0043724395646712729,0.94999999999999996,paired discordant multinomial; Bonferroni of two 97.5% exact CP marginals; pointwise
two_balanced,0.125,estimated,8192,512,400,64,34816,crossed_comparison,signed_range,absolute_variance,1000,0,0,0,0,0,1000,0,-0.0043724395646712729,0.0043724395646712729,0.94999999999999996,paired discordant multinomial; Bonferroni of two 97.5% exact CP marginals; pointwise
two_balanced,0.125,estimated,8192,512,400,64,34816,sampling_at_signed,signed_range,signed_variance,1000,0,0,0,0,0,1000,0,-0.0043724395646712729,0.0043724395646712729,0.94999999999999996,paired discordant multinomial; Bonferroni of two 97.5% exact CP marginals; pointwise
two_balanced,0.125,estimated,8192,512,400,64,34816,learning_at_variance,absolute_variance,signed_variance,1000,0,0,0,0,0,1000,0,-0.0043724395646712729,0.0043724395646712729,0.94999999999999996,paired discordant multinomial; Bonferroni of two 97.5% exact CP marginals; pointwise
two_balanced,0.125,estimated,8192,512,1600,64,111616,learning_at_range,absolute_range,signed_range,1000,0,0,0,0,0,1000,0,-0.0043724395646712729,0.0043724395646712729,0.94999999999999996,paired discordant multinomial; Bonferroni of two 97.5% exact CP marginals; pointwise
two_balanced,0.125,estimated,8192,512,1600,64,111616,sampling_at_absolute,absolute_range,absolute_variance,1000,0,0,0,0,0,1000,0,-0.0043724395646712729,0.0043724395646712729,0.94999999999999996,paired discordant multinomial; Bonferroni of two 97.5% exact CP marginals; pointwise
two_balanced,0.125,estimated,8192,512,1600,64,111616,total_upgrade,absolute_range,signed_variance,1000,0,0,0,0,0,1000,0,-0.0043724395646712729,0.0043724395646712729,0.94999999999999996,paired discordant multinomial; Bonferroni of two 97.5% exact CP marginals; pointwise
two_balanced,0.125,estimated,8192,512,1600,64,111616,crossed_comparison,signed_range,absolute_variance,1000,0,0,0,0,0,1000,0,-0.0043724395646712729,0.0043724395646712729,0.94999999999999996,paired discordant multinomial; Bonferroni of two 97.5% exact CP marginals; pointwise
two_balanced,0.125,estimated,8192,512,1600,64,111616,sampling_at_signed,signed_range,signed_variance,1000,0,0,0,0,0,1000,0,-0.0043724395646712729,0.0043724395646712729,0.94999999999999996,paired discordant multinomial; Bonferroni of two 97.5% exact CP marginals; pointwise
two_balanced,0.125,estimated,8192,512,1600,64,111616,learning_at_variance,absolute_variance,signed_variance,1000,0,0,0,0,0,1000,0,-0.0043724395646712729,0.0043724395646712729,0.94999999999999996,paired discordant multinomial; Bonferroni of two 97.5% exact CP marginals; pointwise
two_balanced,0.125,estimated,8192,8192,25,64,26176,learning_at_range,absolute_range,signed_range,1000,0,0,0,0,0,1000,0,-0.0043724395646712729,0.0043724395646712729,0.94999999999999996,paired discordant multinomial; Bonferroni of two 97.5% exact CP marginals; pointwise
two_balanced,0.125,estimated,8192,8192,25,64,26176,sampling_at_absolute,absolute_range,absolute_variance,1000,0,0,0,0,0,1000,0,-0.0043724395646712729,0.0043724395646712729,0.94999999999999996,paired discordant multinomial; Bonferroni of two 97.5% exact CP marginals; pointwise
two_balanced,0.125,estimated,8192,8192,25,64,26176,total_upgrade,absolute_range,signed_variance,1000,0,0,0,0,0,1000,0,-0.0043724395646712729,0.0043724395646712729,0.94999999999999996,paired discordant multinomial; Bonferroni of two 97.5% exact CP marginals; pointwise
two_balanced,0.125,estimated,8192,8192,25,64,26176,crossed_comparison,signed_range,absolute_variance,1000,0,0,0,0,0,1000,0,-0.0043724395646712729,0.0043724395646712729,0.94999999999999996,paired discordant multinomial; Bonferroni of two 97.5% exact CP marginals; pointwise
two_balanced,0.125,estimated,8192,8192,25,64,26176,sampling_at_signed,signed_range,signed_variance,1000,0,0,0,0,0,1000,0,-0.0043724395646712729,0.0043724395646712729,0.94999999999999996,paired discordant multinomial; Bonferroni of two 97.5% exact CP marginals; pointwise
two_balanced,0.125,estimated,8192,8192,25,64,26176,learning_at_variance,absolute_variance,signed_variance,1000,0,0,0,0,0,1000,0,-0.0043724395646712729,0.0043724395646712729,0.94999999999999996,paired discordant multinomial; Bonferroni of two 97.5% exact CP marginals; pointwise
two_balanced,0.125,estimated,8192,8192,100,64,30976,learning_at_range,absolute_range,signed_range,1000,0,0,0,0,0,1000,0,-0.0043724395646712729,0.0043724395646712729,0.94999999999999996,paired discordant multinomial; Bonferroni of two 97.5% exact CP marginals; pointwise
two_balanced,0.125,estimated,8192,8192,100,64,30976,sampling_at_absolute,absolute_range,absolute_variance,1000,0,5,5,0,0,995,0.0050000000000000001,-0.0030170382300556903,0.012715718332631106,0.94999999999999996,paired discordant multinomial; Bonferroni of two 97.5% exact CP marginals; pointwise
two_balanced,0.125,estimated,8192,8192,100,64,30976,total_upgrade,absolute_range,signed_variance,1000,0,6,6,0,0,994,0.0060000000000000001,-0.0024932621210959445,0.014152705976363299,0.94999999999999996,paired discordant multinomial; Bonferroni of two 97.5% exact CP marginals; pointwise
two_balanced,0.125,estimated,8192,8192,100,64,30976,crossed_comparison,signed_range,absolute_variance,1000,0,5,5,0,0,995,0.0050000000000000001,-0.0030170382300556903,0.012715718332631106,0.94999999999999996,paired discordant multinomial; Bonferroni of two 97.5% exact CP marginals; pointwise
two_balanced,0.125,estimated,8192,8192,100,64,30976,sampling_at_signed,signed_range,signed_variance,1000,0,6,6,0,0,994,0.0060000000000000001,-0.0024932621210959445,0.014152705976363299,0.94999999999999996,paired discordant multinomial; Bonferroni of two 97.5% exact CP marginals; pointwise
two_balanced,0.125,estimated,8192,8192,100,64,30976,learning_at_variance,absolute_variance,signed_variance,1000,5,6,1,0,5,994,0.001,-0.0043598608615769618,0.0063637850570316097,0.94999999999999996,paired discordant multinomial; Bonferroni of two 97.5% exact CP marginals; pointwise
two_balanced,0.125,estimated,8192,8192,400,64,50176,learning_at_range,absolute_range,signed_range,1000,0,0,0,0,0,1000,0,-0.0043724395646712729,0.0043724395646712729,0.94999999999999996,paired discordant multinomial; Bonferroni of two 97.5% exact CP marginals; pointwise
two_balanced,0.125,estimated,8192,8192,400,64,50176,sampling_at_absolute,absolute_range,absolute_variance,1000,0,1000,1000,0,0,0,1,0.99125512087065748,1,0.94999999999999996,paired discordant multinomial; Bonferroni of two 97.5% exact CP marginals; pointwise
two_balanced,0.125,estimated,8192,8192,400,64,50176,total_upgrade,absolute_range,signed_variance,1000,0,1000,1000,0,0,0,1,0.99125512087065748,1,0.94999999999999996,paired discordant multinomial; Bonferroni of two 97.5% exact CP marginals; pointwise
two_balanced,0.125,estimated,8192,8192,400,64,50176,crossed_comparison,signed_range,absolute_variance,1000,0,1000,1000,0,0,0,1,0.99125512087065748,1,0.94999999999999996,paired discordant multinomial; Bonferroni of two 97.5% exact CP marginals; pointwise
two_balanced,0.125,estimated,8192,8192,400,64,50176,sampling_at_signed,signed_range,signed_variance,1000,0,1000,1000,0,0,0,1,0.99125512087065748,1,0.94999999999999996,paired discordant multinomial; Bonferroni of two 97.5% exact CP marginals; pointwise
two_balanced,0.125,estimated,8192,8192,400,64,50176,learning_at_variance,absolute_variance,signed_variance,1000,1000,1000,0,0,1000,0,0,-0.0043724395646712729,0.0043724395646712729,0.94999999999999996,paired discordant multinomial; Bonferroni of two 97.5% exact CP marginals; pointwise
two_balanced,0.125,estimated,8192,8192,1600,64,126976,learning_at_range,absolute_range,signed_range,1000,0,0,0,0,0,1000,0,-0.0043724395646712729,0.0043724395646712729,0.94999999999999996,paired discordant multinomial; Bonferroni of two 97.5% exact CP marginals; pointwise
two_balanced,0.125,estimated,8192,8192,1600,64,126976,sampling_at_absolute,absolute_range,absolute_variance,1000,0,1000,1000,0,0,0,1,0.99125512087065748,1,0.94999999999999996,paired discordant multinomial; Bonferroni of two 97.5% exact CP marginals; pointwise
two_balanced,0.125,estimated,8192,8192,1600,64,126976,total_upgrade,absolute_range,signed_variance,1000,0,1000,1000,0,0,0,1,0.99125512087065748,1,0.94999999999999996,paired discordant multinomial; Bonferroni of two 97.5% exact CP marginals; pointwise
two_balanced,0.125,estimated,8192,8192,1600,64,126976,crossed_comparison,signed_range,absolute_variance,1000,0,1000,1000,0,0,0,1,0.99125512087065748,1,0.94999999999999996,paired discordant multinomial; Bonferroni of two 97.5% exact CP marginals; pointwise
two_balanced,0.125,estimated,8192,8192,1600,64,126976,sampling_at_signed,signed_range,signed_variance,1000,0,1000,1000,0,0,0,1,0.99125512087065748,1,0.94999999999999996,paired discordant multinomial; Bonferroni of two 97.5% exact CP marginals; pointwise
two_balanced,0.125,estimated,8192,8192,1600,64,126976,learning_at_variance,absolute_variance,signed_variance,1000,1000,1000,0,0,1000,0,0,-0.0043724395646712729,0.0043724395646712729,0.94999999999999996,paired discordant multinomial; Bonferroni of two 97.5% exact CP marginals; pointwise
two_balanced,0.125,opposed_shifts,8192,8192,25,64,26176,learning_at_range,absolute_range,signed_range,1000,0,0,0,0,0,1000,0,-0.0043724395646712729,0.0043724395646712729,0.94999999999999996,paired discordant multinomial; Bonferroni of two 97.5% exact CP marginals; pointwise
two_balanced,0.125,opposed_shifts,8192,8192,25,64,26176,sampling_at_absolute,absolute_range,absolute_variance,1000,0,0,0,0,0,1000,0,-0.0043724395646712729,0.0043724395646712729,0.94999999999999996,paired discordant multinomial; Bonferroni of two 97.5% exact CP marginals; pointwise
two_balanced,0.125,opposed_shifts,8192,8192,25,64,26176,total_upgrade,absolute_range,signed_variance,1000,0,0,0,0,0,1000,0,-0.0043724395646712729,0.0043724395646712729,0.94999999999999996,paired discordant multinomial; Bonferroni of two 97.5% exact CP marginals; pointwise
two_balanced,0.125,opposed_shifts,8192,8192,25,64,26176,crossed_comparison,signed_range,absolute_variance,1000,0,0,0,0,0,1000,0,-0.0043724395646712729,0.0043724395646712729,0.94999999999999996,paired discordant multinomial; Bonferroni of two 97.5% exact CP marginals; pointwise
two_balanced,0.125,opposed_shifts,8192,8192,25,64,26176,sampling_at_signed,signed_range,signed_variance,1000,0,0,0,0,0,1000,0,-0.0043724395646712729,0.0043724395646712729,0.94999999999999996,paired discordant multinomial; Bonferroni of two 97.5% exact CP marginals; pointwise
two_balanced,0.125,opposed_shifts,8192,8192,25,64,26176,learning_at_variance,absolute_variance,signed_variance,1000,0,0,0,0,0,1000,0,-0.0043724395646712729,0.0043724395646712729,0.94999999999999996,paired discordant multinomial; Bonferroni of two 97.5% exact CP marginals; pointwise
two_balanced,0.125,opposed_shifts,8192,8192,100,64,30976,learning_at_range,absolute_range,signed_range,1000,0,0,0,0,0,1000,0,-0.0043724395646712729,0.0043724395646712729,0.94999999999999996,paired discordant multinomial; Bonferroni of two 97.5% exact CP marginals; pointwise
two_balanced,0.125,opposed_shifts,8192,8192,100,64,30976,sampling_at_absolute,absolute_range,absolute_variance,1000,0,0,0,0,0,1000,0,-0.0043724395646712729,0.0043724395646712729,0.94999999999999996,paired discordant multinomial; Bonferroni of two 97.5% exact CP marginals; pointwise
two_balanced,0.125,opposed_shifts,8192,8192,100,64,30976,total_upgrade,absolute_range,signed_variance,1000,0,0,0,0,0,1000,0,-0.0043724395646712729,0.0043724395646712729,0.94999999999999996,paired discordant multinomial; Bonferroni of two 97.5% exact CP marginals; pointwise
two_balanced,0.125,opposed_shifts,8192,8192,100,64,30976,crossed_comparison,signed_range,absolute_variance,1000,0,0,0,0,0,1000,0,-0.0043724395646712729,0.0043724395646712729,0.94999999999999996,paired discordant multinomial; Bonferroni of two 97.5% exact CP marginals; pointwise
two_balanced,0.125,opposed_shifts,8192,8192,100,64,30976,sampling_at_signed,signed_range,signed_variance,1000,0,0,0,0,0,1000,0,-0.0043724395646712729,0.0043724395646712729,0.94999999999999996,paired discordant multinomial; Bonferroni of two 97.5% exact CP marginals; pointwise
two_balanced,0.125,opposed_shifts,8192,8192,100,64,30976,learning_at_variance,absolute_variance,signed_variance,1000,0,0,0,0,0,1000,0,-0.0043724395646712729,0.0043724395646712729,0.94999999999999996,paired discordant multinomial; Bonferroni of two 97.5% exact CP marginals; pointwise
two_balanced,0.125,opposed_shifts,8192,8192,400,64,50176,learning_at_range,absolute_range,signed_range,1000,0,0,0,0,0,1000,0,-0.0043724395646712729,0.0043724395646712729,0.94999999999999996,paired discordant multinomial; Bonferroni of two 97.5% exact CP marginals; pointwise
two_balanced,0.125,opposed_shifts,8192,8192,400,64,50176,sampling_at_absolute,absolute_range,absolute_variance,1000,0,0,0,0,0,1000,0,-0.0043724395646712729,0.0043724395646712729,0.94999999999999996,paired discordant multinomial; Bonferroni of two 97.5% exact CP marginals; pointwise
two_balanced,0.125,opposed_shifts,8192,8192,400,64,50176,total_upgrade,absolute_range,signed_variance,1000,0,0,0,0,0,1000,0,-0.0043724395646712729,0.0043724395646712729,0.94999999999999996,paired discordant multinomial; Bonferroni of two 97.5% exact CP marginals; pointwise
two_balanced,0.125,opposed_shifts,8192,8192,400,64,50176,crossed_comparison,signed_range,absolute_variance,1000,0,0,0,0,0,1000,0,-0.0043724395646712729,0.0043724395646712729,0.94999999999999996,paired discordant multinomial; Bonferroni of two 97.5% exact CP marginals; pointwise
two_balanced,0.125,opposed_shifts,8192,8192,400,64,50176,sampling_at_signed,signed_range,signed_variance,1000,0,0,0,0,0,1000,0,-0.0043724395646712729,0.0043724395646712729,0.94999999999999996,paired discordant multinomial; Bonferroni of two 97.5% exact CP marginals; pointwise
two_balanced,0.125,opposed_shifts,8192,8192,400,64,50176,learning_at_variance,absolute_variance,signed_variance,1000,0,0,0,0,0,1000,0,-0.0043724395646712729,0.0043724395646712729,0.94999999999999996,paired discordant multinomial; Bonferroni of two 97.5% exact CP marginals; pointwise
two_balanced,0.125,opposed_shifts,8192,8192,1600,64,126976,learning_at_range,absolute_range,signed_range,1000,0,0,0,0,0,1000,0,-0.0043724395646712729,0.0043724395646712729,0.94999999999999996,paired discordant multinomial; Bonferroni of two 97.5% exact CP marginals; pointwise
two_balanced,0.125,opposed_shifts,8192,8192,1600,64,126976,sampling_at_absolute,absolute_range,absolute_variance,1000,0,0,0,0,0,1000,0,-0.0043724395646712729,0.0043724395646712729,0.94999999999999996,paired discordant multinomial; Bonferroni of two 97.5% exact CP marginals; pointwise
two_balanced,0.125,opposed_shifts,8192,8192,1600,64,126976,total_upgrade,absolute_range,signed_variance,1000,0,0,0,0,0,1000,0,-0.0043724395646712729,0.0043724395646712729,0.94999999999999996,paired discordant multinomial; Bonferroni of two 97.5% exact CP marginals; pointwise
two_balanced,0.125,opposed_shifts,8192,8192,1600,64,126976,crossed_comparison,signed_range,absolute_variance,1000,0,0,0,0,0,1000,0,-0.0043724395646712729,0.0043724395646712729,0.94999999999999996,paired discordant multinomial; Bonferroni of two 97.5% exact CP marginals; pointwise
two_balanced,0.125,opposed_shifts,8192,8192,1600,64,126976,sampling_at_signed,signed_range,signed_variance,1000,0,0,0,0,0,1000,0,-0.0043724395646712729,0.0043724395646712729,0.94999999999999996,paired discordant multinomial; Bonferroni of two 97.5% exact CP marginals; pointwise
two_balanced,0.125,opposed_shifts,8192,8192,1600,64,126976,learning_at_variance,absolute_variance,signed_variance,1000,0,0,0,0,0,1000,0,-0.0043724395646712729,0.0043724395646712729,0.94999999999999996,paired discordant multinomial; Bonferroni of two 97.5% exact CP marginals; pointwise
two_balanced,0.25,estimated,8192,512,25,64,10816,learning_at_range,absolute_range,signed_range,1000,0,0,0,0,0,1000,0,-0.0043724395646712729,0.0043724395646712729,0.94999999999999996,paired discordant multinomial; Bonferroni of two 97.5% exact CP marginals; pointwise
two_balanced,0.25,estimated,8192,512,25,64,10816,sampling_at_absolute,absolute_range,absolute_variance,1000,0,0,0,0,0,1000,0,-0.0043724395646712729,0.0043724395646712729,0.94999999999999996,paired discordant multinomial; Bonferroni of two 97.5% exact CP marginals; pointwise
two_balanced,0.25,estimated,8192,512,25,64,10816,total_upgrade,absolute_range,signed_variance,1000,0,0,0,0,0,1000,0,-0.0043724395646712729,0.0043724395646712729,0.94999999999999996,paired discordant multinomial; Bonferroni of two 97.5% exact CP marginals; pointwise
two_balanced,0.25,estimated,8192,512,25,64,10816,crossed_comparison,signed_range,absolute_variance,1000,0,0,0,0,0,1000,0,-0.0043724395646712729,0.0043724395646712729,0.94999999999999996,paired discordant multinomial; Bonferroni of two 97.5% exact CP marginals; pointwise
two_balanced,0.25,estimated,8192,512,25,64,10816,sampling_at_signed,signed_range,signed_variance,1000,0,0,0,0,0,1000,0,-0.0043724395646712729,0.0043724395646712729,0.94999999999999996,paired discordant multinomial; Bonferroni of two 97.5% exact CP marginals; pointwise
two_balanced,0.25,estimated,8192,512,25,64,10816,learning_at_variance,absolute_variance,signed_variance,1000,0,0,0,0,0,1000,0,-0.0043724395646712729,0.0043724395646712729,0.94999999999999996,paired discordant multinomial; Bonferroni of two 97.5% exact CP marginals; pointwise
two_balanced,0.25,estimated,8192,512,100,64,15616,learning_at_range,absolute_range,signed_range,1000,0,0,0,0,0,1000,0,-0.0043724395646712729,0.0043724395646712729,0.94999999999999996,paired discordant multinomial; Bonferroni of two 97.5% exact CP marginals; pointwise
two_balanced,0.25,estimated,8192,512,100,64,15616,sampling_at_absolute,absolute_range,absolute_variance,1000,0,0,0,0,0,1000,0,-0.0043724395646712729,0.0043724395646712729,0.94999999999999996,paired discordant multinomial; Bonferroni of two 97.5% exact CP marginals; pointwise
two_balanced,0.25,estimated,8192,512,100,64,15616,total_upgrade,absolute_range,signed_variance,1000,0,0,0,0,0,1000,0,-0.0043724395646712729,0.0043724395646712729,0.94999999999999996,paired discordant multinomial; Bonferroni of two 97.5% exact CP marginals; pointwise
two_balanced,0.25,estimated,8192,512,100,64,15616,crossed_comparison,signed_range,absolute_variance,1000,0,0,0,0,0,1000,0,-0.0043724395646712729,0.0043724395646712729,0.94999999999999996,paired discordant multinomial; Bonferroni of two 97.5% exact CP marginals; pointwise
two_balanced,0.25,estimated,8192,512,100,64,15616,sampling_at_signed,signed_range,signed_variance,1000,0,0,0,0,0,1000,0,-0.0043724395646712729,0.0043724395646712729,0.94999999999999996,paired discordant multinomial; Bonferroni of two 97.5% exact CP marginals; pointwise
two_balanced,0.25,estimated,8192,512,100,64,15616,learning_at_variance,absolute_variance,signed_variance,1000,0,0,0,0,0,1000,0,-0.0043724395646712729,0.0043724395646712729,0.94999999999999996,paired discordant multinomial; Bonferroni of two 97.5% exact CP marginals; pointwise
two_balanced,0.25,estimated,8192,512,400,64,34816,learning_at_range,absolute_range,signed_range,1000,0,0,0,0,0,1000,0,-0.0043724395646712729,0.0043724395646712729,0.94999999999999996,paired discordant multinomial; Bonferroni of two 97.5% exact CP marginals; pointwise
two_balanced,0.25,estimated,8192,512,400,64,34816,sampling_at_absolute,absolute_range,absolute_variance,1000,0,0,0,0,0,1000,0,-0.0043724395646712729,0.0043724395646712729,0.94999999999999996,paired discordant multinomial; Bonferroni of two 97.5% exact CP marginals; pointwise
two_balanced,0.25,estimated,8192,512,400,64,34816,total_upgrade,absolute_range,signed_variance,1000,0,0,0,0,0,1000,0,-0.0043724395646712729,0.0043724395646712729,0.94999999999999996,paired discordant multinomial; Bonferroni of two 97.5% exact CP marginals; pointwise
two_balanced,0.25,estimated,8192,512,400,64,34816,crossed_comparison,signed_range,absolute_variance,1000,0,0,0,0,0,1000,0,-0.0043724395646712729,0.0043724395646712729,0.94999999999999996,paired discordant multinomial; Bonferroni of two 97.5% exact CP marginals; pointwise
two_balanced,0.25,estimated,8192,512,400,64,34816,sampling_at_signed,signed_range,signed_variance,1000,0,0,0,0,0,1000,0,-0.0043724395646712729,0.0043724395646712729,0.94999999999999996,paired discordant multinomial; Bonferroni of two 97.5% exact CP marginals; pointwise
two_balanced,0.25,estimated,8192,512,400,64,34816,learning_at_variance,absolute_variance,signed_variance,1000,0,0,0,0,0,1000,0,-0.0043724395646712729,0.0043724395646712729,0.94999999999999996,paired discordant multinomial; Bonferroni of two 97.5% exact CP marginals; pointwise
two_balanced,0.25,estimated,8192,512,1600,64,111616,learning_at_range,absolute_range,signed_range,1000,0,0,0,0,0,1000,0,-0.0043724395646712729,0.0043724395646712729,0.94999999999999996,paired discordant multinomial; Bonferroni of two 97.5% exact CP marginals; pointwise
two_balanced,0.25,estimated,8192,512,1600,64,111616,sampling_at_absolute,absolute_range,absolute_variance,1000,0,0,0,0,0,1000,0,-0.0043724395646712729,0.0043724395646712729,0.94999999999999996,paired discordant multinomial; Bonferroni of two 97.5% exact CP marginals; pointwise
two_balanced,0.25,estimated,8192,512,1600,64,111616,total_upgrade,absolute_range,signed_variance,1000,0,0,0,0,0,1000,0,-0.0043724395646712729,0.0043724395646712729,0.94999999999999996,paired discordant multinomial; Bonferroni of two 97.5% exact CP marginals; pointwise
two_balanced,0.25,estimated,8192,512,1600,64,111616,crossed_comparison,signed_range,absolute_variance,1000,0,0,0,0,0,1000,0,-0.0043724395646712729,0.0043724395646712729,0.94999999999999996,paired discordant multinomial; Bonferroni of two 97.5% exact CP marginals; pointwise
two_balanced,0.25,estimated,8192,512,1600,64,111616,sampling_at_signed,signed_range,signed_variance,1000,0,0,0,0,0,1000,0,-0.0043724395646712729,0.0043724395646712729,0.94999999999999996,paired discordant multinomial; Bonferroni of two 97.5% exact CP marginals; pointwise
two_balanced,0.25,estimated,8192,512,1600,64,111616,learning_at_variance,absolute_variance,signed_variance,1000,0,0,0,0,0,1000,0,-0.0043724395646712729,0.0043724395646712729,0.94999999999999996,paired discordant multinomial; Bonferroni of two 97.5% exact CP marginals; pointwise
two_balanced,0.25,estimated,8192,8192,25,64,26176,learning_at_range,absolute_range,signed_range,1000,0,0,0,0,0,1000,0,-0.0043724395646712729,0.0043724395646712729,0.94999999999999996,paired discordant multinomial; Bonferroni of two 97.5% exact CP marginals; pointwise
two_balanced,0.25,estimated,8192,8192,25,64,26176,sampling_at_absolute,absolute_range,absolute_variance,1000,0,0,0,0,0,1000,0,-0.0043724395646712729,0.0043724395646712729,0.94999999999999996,paired discordant multinomial; Bonferroni of two 97.5% exact CP marginals; pointwise
two_balanced,0.25,estimated,8192,8192,25,64,26176,total_upgrade,absolute_range,signed_variance,1000,0,0,0,0,0,1000,0,-0.0043724395646712729,0.0043724395646712729,0.94999999999999996,paired discordant multinomial; Bonferroni of two 97.5% exact CP marginals; pointwise
two_balanced,0.25,estimated,8192,8192,25,64,26176,crossed_comparison,signed_range,absolute_variance,1000,0,0,0,0,0,1000,0,-0.0043724395646712729,0.0043724395646712729,0.94999999999999996,paired discordant multinomial; Bonferroni of two 97.5% exact CP marginals; pointwise
two_balanced,0.25,estimated,8192,8192,25,64,26176,sampling_at_signed,signed_range,signed_variance,1000,0,0,0,0,0,1000,0,-0.0043724395646712729,0.0043724395646712729,0.94999999999999996,paired discordant multinomial; Bonferroni of two 97.5% exact CP marginals; pointwise
two_balanced,0.25,estimated,8192,8192,25,64,26176,learning_at_variance,absolute_variance,signed_variance,1000,0,0,0,0,0,1000,0,-0.0043724395646712729,0.0043724395646712729,0.94999999999999996,paired discordant multinomial; Bonferroni of two 97.5% exact CP marginals; pointwise
two_balanced,0.25,estimated,8192,8192,100,64,30976,learning_at_range,absolute_range,signed_range,1000,0,0,0,0,0,1000,0,-0.0043724395646712729,0.0043724395646712729,0.94999999999999996,paired discordant multinomial; Bonferroni of two 97.5% exact CP marginals; pointwise
two_balanced,0.25,estimated,8192,8192,100,64,30976,sampling_at_absolute,absolute_range,absolute_variance,1000,0,1000,1000,0,0,0,1,0.99125512087065748,1,0.94999999999999996,paired discordant multinomial; Bonferroni of two 97.5% exact CP marginals; pointwise
two_balanced,0.25,estimated,8192,8192,100,64,30976,total_upgrade,absolute_range,signed_variance,1000,0,1000,1000,0,0,0,1,0.99125512087065748,1,0.94999999999999996,paired discordant multinomial; Bonferroni of two 97.5% exact CP marginals; pointwise
two_balanced,0.25,estimated,8192,8192,100,64,30976,crossed_comparison,signed_range,absolute_variance,1000,0,1000,1000,0,0,0,1,0.99125512087065748,1,0.94999999999999996,paired discordant multinomial; Bonferroni of two 97.5% exact CP marginals; pointwise
two_balanced,0.25,estimated,8192,8192,100,64,30976,sampling_at_signed,signed_range,signed_variance,1000,0,1000,1000,0,0,0,1,0.99125512087065748,1,0.94999999999999996,paired discordant multinomial; Bonferroni of two 97.5% exact CP marginals; pointwise
two_balanced,0.25,estimated,8192,8192,100,64,30976,learning_at_variance,absolute_variance,signed_variance,1000,1000,1000,0,0,1000,0,0,-0.0043724395646712729,0.0043724395646712729,0.94999999999999996,paired discordant multinomial; Bonferroni of two 97.5% exact CP marginals; pointwise
two_balanced,0.25,estimated,8192,8192,400,64,50176,learning_at_range,absolute_range,signed_range,1000,58,78,20,0,58,922,0.02,0.0070096255471257798,0.032375773182614545,0.94999999999999996,paired discordant multinomial; Bonferroni of two 97.5% exact CP marginals; pointwise
two_balanced,0.25,estimated,8192,8192,400,64,50176,sampling_at_absolute,absolute_range,absolute_variance,1000,58,1000,942,0,58,0,0.94199999999999995,0.91885104317544564,0.95739727715306289,0.94999999999999996,paired discordant multinomial; Bonferroni of two 97.5% exact CP marginals; pointwise
two_balanced,0.25,estimated,8192,8192,400,64,50176,total_upgrade,absolute_range,signed_variance,1000,58,1000,942,0,58,0,0.94199999999999995,0.91885104317544564,0.95739727715306289,0.94999999999999996,paired discordant multinomial; Bonferroni of two 97.5% exact CP marginals; pointwise
two_balanced,0.25,estimated,8192,8192,400,64,50176,crossed_comparison,signed_range,absolute_variance,1000,78,1000,922,0,78,0,0.92200000000000004,0.89650806150241846,0.93990853816116859,0.94999999999999996,paired discordant multinomial; Bonferroni of two 97.5% exact CP marginals; pointwise
two_balanced,0.25,estimated,8192,8192,400,64,50176,sampling_at_signed,signed_range,signed_variance,1000,78,1000,922,0,78,0,0.92200000000000004,0.89650806150241846,0.93990853816116859,0.94999999999999996,paired discordant multinomial; Bonferroni of two 97.5% exact CP marginals; pointwise
two_balanced,0.25,estimated,8192,8192,400,64,50176,learning_at_variance,absolute_variance,signed_variance,1000,1000,1000,0,0,1000,0,0,-0.0043724395646712729,0.0043724395646712729,0.94999999999999996,paired discordant multinomial; Bonferroni of two 97.5% exact CP marginals; pointwise
two_balanced,0.25,estimated,8192,8192,1600,64,126976,learning_at_range,absolute_range,signed_range,1000,1000,1000,0,0,1000,0,0,-0.0043724395646712729,0.0043724395646712729,0.94999999999999996,paired discordant multinomial; Bonferroni of two 97.5% exact CP marginals; pointwise
two_balanced,0.25,estimated,8192,8192,1600,64,126976,sampling_at_absolute,absolute_range,absolute_variance,1000,1000,1000,0,0,1000,0,0,-0.0043724395646712729,0.0043724395646712729,0.94999999999999996,paired discordant multinomial; Bonferroni of two 97.5% exact CP marginals; pointwise
two_balanced,0.25,estimated,8192,8192,1600,64,126976,total_upgrade,absolute_range,signed_variance,1000,1000,1000,0,0,1000,0,0,-0.0043724395646712729,0.0043724395646712729,0.94999999999999996,paired discordant multinomial; Bonferroni of two 97.5% exact CP marginals; pointwise
two_balanced,0.25,estimated,8192,8192,1600,64,126976,crossed_comparison,signed_range,absolute_variance,1000,1000,1000,0,0,1000,0,0,-0.0043724395646712729,0.0043724395646712729,0.94999999999999996,paired discordant multinomial; Bonferroni of two 97.5% exact CP marginals; pointwise
two_balanced,0.25,estimated,8192,8192,1600,64,126976,sampling_at_signed,signed_range,signed_variance,1000,1000,1000,0,0,1000,0,0,-0.0043724395646712729,0.0043724395646712729,0.94999999999999996,paired discordant multinomial; Bonferroni of two 97.5% exact CP marginals; pointwise
two_balanced,0.25,estimated,8192,8192,1600,64,126976,learning_at_variance,absolute_variance,signed_variance,1000,1000,1000,0,0,1000,0,0,-0.0043724395646712729,0.0043724395646712729,0.94999999999999996,paired discordant multinomial; Bonferroni of two 97.5% exact CP marginals; pointwise
two_balanced,0.25,opposed_shifts,8192,8192,25,64,26176,learning_at_range,absolute_range,signed_range,1000,0,0,0,0,0,1000,0,-0.0043724395646712729,0.0043724395646712729,0.94999999999999996,paired discordant multinomial; Bonferroni of two 97.5% exact CP marginals; pointwise
two_balanced,0.25,opposed_shifts,8192,8192,25,64,26176,sampling_at_absolute,absolute_range,absolute_variance,1000,0,0,0,0,0,1000,0,-0.0043724395646712729,0.0043724395646712729,0.94999999999999996,paired discordant multinomial; Bonferroni of two 97.5% exact CP marginals; pointwise
two_balanced,0.25,opposed_shifts,8192,8192,25,64,26176,total_upgrade,absolute_range,signed_variance,1000,0,0,0,0,0,1000,0,-0.0043724395646712729,0.0043724395646712729,0.94999999999999996,paired discordant multinomial; Bonferroni of two 97.5% exact CP marginals; pointwise
two_balanced,0.25,opposed_shifts,8192,8192,25,64,26176,crossed_comparison,signed_range,absolute_variance,1000,0,0,0,0,0,1000,0,-0.0043724395646712729,0.0043724395646712729,0.94999999999999996,paired discordant multinomial; Bonferroni of two 97.5% exact CP marginals; pointwise
two_balanced,0.25,opposed_shifts,8192,8192,25,64,26176,sampling_at_signed,signed_range,signed_variance,1000,0,0,0,0,0,1000,0,-0.0043724395646712729,0.0043724395646712729,0.94999999999999996,paired discordant multinomial; Bonferroni of two 97.5% exact CP marginals; pointwise
two_balanced,0.25,opposed_shifts,8192,8192,25,64,26176,learning_at_variance,absolute_variance,signed_variance,1000,0,0,0,0,0,1000,0,-0.0043724395646712729,0.0043724395646712729,0.94999999999999996,paired discordant multinomial; Bonferroni of two 97.5% exact CP marginals; pointwise
two_balanced,0.25,opposed_shifts,8192,8192,100,64,30976,learning_at_range,absolute_range,signed_range,1000,0,0,0,0,0,1000,0,-0.0043724395646712729,0.0043724395646712729,0.94999999999999996,paired discordant multinomial; Bonferroni of two 97.5% exact CP marginals; pointwise
two_balanced,0.25,opposed_shifts,8192,8192,100,64,30976,sampling_at_absolute,absolute_range,absolute_variance,1000,0,0,0,0,0,1000,0,-0.0043724395646712729,0.0043724395646712729,0.94999999999999996,paired discordant multinomial; Bonferroni of two 97.5% exact CP marginals; pointwise
two_balanced,0.25,opposed_shifts,8192,8192,100,64,30976,total_upgrade,absolute_range,signed_variance,1000,0,0,0,0,0,1000,0,-0.0043724395646712729,0.0043724395646712729,0.94999999999999996,paired discordant multinomial; Bonferroni of two 97.5% exact CP marginals; pointwise
two_balanced,0.25,opposed_shifts,8192,8192,100,64,30976,crossed_comparison,signed_range,absolute_variance,1000,0,0,0,0,0,1000,0,-0.0043724395646712729,0.0043724395646712729,0.94999999999999996,paired discordant multinomial; Bonferroni of two 97.5% exact CP marginals; pointwise
two_balanced,0.25,opposed_shifts,8192,8192,100,64,30976,sampling_at_signed,signed_range,signed_variance,1000,0,0,0,0,0,1000,0,-0.0043724395646712729,0.0043724395646712729,0.94999999999999996,paired discordant multinomial; Bonferroni of two 97.5% exact CP marginals; pointwise
two_balanced,0.25,opposed_shifts,8192,8192,100,64,30976,learning_at_variance,absolute_variance,signed_variance,1000,0,0,0,0,0,1000,0,-0.0043724395646712729,0.0043724395646712729,0.94999999999999996,paired discordant multinomial; Bonferroni of two 97.5% exact CP marginals; pointwise
two_balanced,0.25,opposed_shifts,8192,8192,400,64,50176,learning_at_range,absolute_range,signed_range,1000,0,0,0,0,0,1000,0,-0.0043724395646712729,0.0043724395646712729,0.94999999999999996,paired discordant multinomial; Bonferroni of two 97.5% exact CP marginals; pointwise
two_balanced,0.25,opposed_shifts,8192,8192,400,64,50176,sampling_at_absolute,absolute_range,absolute_variance,1000,0,0,0,0,0,1000,0,-0.0043724395646712729,0.0043724395646712729,0.94999999999999996,paired discordant multinomial; Bonferroni of two 97.5% exact CP marginals; pointwise
two_balanced,0.25,opposed_shifts,8192,8192,400,64,50176,total_upgrade,absolute_range,signed_variance,1000,0,0,0,0,0,1000,0,-0.0043724395646712729,0.0043724395646712729,0.94999999999999996,paired discordant multinomial; Bonferroni of two 97.5% exact CP marginals; pointwise
two_balanced,0.25,opposed_shifts,8192,8192,400,64,50176,crossed_comparison,signed_range,absolute_variance,1000,0,0,0,0,0,1000,0,-0.0043724395646712729,0.0043724395646712729,0.94999999999999996,paired discordant multinomial; Bonferroni of two 97.5% exact CP marginals; pointwise
two_balanced,0.25,opposed_shifts,8192,8192,400,64,50176,sampling_at_signed,signed_range,signed_variance,1000,0,0,0,0,0,1000,0,-0.0043724395646712729,0.0043724395646712729,0.94999999999999996,paired discordant multinomial; Bonferroni of two 97.5% exact CP marginals; pointwise
two_balanced,0.25,opposed_shifts,8192,8192,400,64,50176,learning_at_variance,absolute_variance,signed_variance,1000,0,0,0,0,0,1000,0,-0.0043724395646712729,0.0043724395646712729,0.94999999999999996,paired discordant multinomial; Bonferroni of two 97.5% exact CP marginals; pointwise
two_balanced,0.25,opposed_shifts,8192,8192,1600,64,126976,learning_at_range,absolute_range,signed_range,1000,0,0,0,0,0,1000,0,-0.0043724395646712729,0.0043724395646712729,0.94999999999999996,paired discordant multinomial; Bonferroni of two 97.5% exact CP marginals; pointwise
two_balanced,0.25,opposed_shifts,8192,8192,1600,64,126976,sampling_at_absolute,absolute_range,absolute_variance,1000,0,0,0,0,0,1000,0,-0.0043724395646712729,0.0043724395646712729,0.94999999999999996,paired discordant multinomial; Bonferroni of two 97.5% exact CP marginals; pointwise
two_balanced,0.25,opposed_shifts,8192,8192,1600,64,126976,total_upgrade,absolute_range,signed_variance,1000,0,36,36,0,0,964,0.035999999999999997,0.019671706512495356,0.051536295476822085,0.94999999999999996,paired discordant multinomial; Bonferroni of two 97.5% exact CP marginals; pointwise
two_balanced,0.25,opposed_shifts,8192,8192,1600,64,126976,crossed_comparison,signed_range,absolute_variance,1000,0,0,0,0,0,1000,0,-0.0043724395646712729,0.0043724395646712729,0.94999999999999996,paired discordant multinomial; Bonferroni of two 97.5% exact CP marginals; pointwise
two_balanced,0.25,opposed_shifts,8192,8192,1600,64,126976,sampling_at_signed,signed_range,signed_variance,1000,0,36,36,0,0,964,0.035999999999999997,0.019671706512495356,0.051536295476822085,0.94999999999999996,paired discordant multinomial; Bonferroni of two 97.5% exact CP marginals; pointwise
two_balanced,0.25,opposed_shifts,8192,8192,1600,64,126976,learning_at_variance,absolute_variance,signed_variance,1000,0,36,36,0,0,964,0.035999999999999997,0.019671706512495356,0.051536295476822085,0.94999999999999996,paired discordant multinomial; Bonferroni of two 97.5% exact CP marginals; pointwise
two_balanced,0.5,estimated,8192,512,25,64,10816,learning_at_range,absolute_range,signed_range,1000,0,0,0,0,0,1000,0,-0.0043724395646712729,0.0043724395646712729,0.94999999999999996,paired discordant multinomial; Bonferroni of two 97.5% exact CP marginals; pointwise
two_balanced,0.5,estimated,8192,512,25,64,10816,sampling_at_absolute,absolute_range,absolute_variance,1000,0,0,0,0,0,1000,0,-0.0043724395646712729,0.0043724395646712729,0.94999999999999996,paired discordant multinomial; Bonferroni of two 97.5% exact CP marginals; pointwise
two_balanced,0.5,estimated,8192,512,25,64,10816,total_upgrade,absolute_range,signed_variance,1000,0,0,0,0,0,1000,0,-0.0043724395646712729,0.0043724395646712729,0.94999999999999996,paired discordant multinomial; Bonferroni of two 97.5% exact CP marginals; pointwise
two_balanced,0.5,estimated,8192,512,25,64,10816,crossed_comparison,signed_range,absolute_variance,1000,0,0,0,0,0,1000,0,-0.0043724395646712729,0.0043724395646712729,0.94999999999999996,paired discordant multinomial; Bonferroni of two 97.5% exact CP marginals; pointwise
two_balanced,0.5,estimated,8192,512,25,64,10816,sampling_at_signed,signed_range,signed_variance,1000,0,0,0,0,0,1000,0,-0.0043724395646712729,0.0043724395646712729,0.94999999999999996,paired discordant multinomial; Bonferroni of two 97.5% exact CP marginals; pointwise
two_balanced,0.5,estimated,8192,512,25,64,10816,learning_at_variance,absolute_variance,signed_variance,1000,0,0,0,0,0,1000,0,-0.0043724395646712729,0.0043724395646712729,0.94999999999999996,paired discordant multinomial; Bonferroni of two 97.5% exact CP marginals; pointwise
two_balanced,0.5,estimated,8192,512,100,64,15616,learning_at_range,absolute_range,signed_range,1000,0,0,0,0,0,1000,0,-0.0043724395646712729,0.0043724395646712729,0.94999999999999996,paired discordant multinomial; Bonferroni of two 97.5% exact CP marginals; pointwise
two_balanced,0.5,estimated,8192,512,100,64,15616,sampling_at_absolute,absolute_range,absolute_variance,1000,0,0,0,0,0,1000,0,-0.0043724395646712729,0.0043724395646712729,0.94999999999999996,paired discordant multinomial; Bonferroni of two 97.5% exact CP marginals; pointwise
two_balanced,0.5,estimated,8192,512,100,64,15616,total_upgrade,absolute_range,signed_variance,1000,0,0,0,0,0,1000,0,-0.0043724395646712729,0.0043724395646712729,0.94999999999999996,paired discordant multinomial; Bonferroni of two 97.5% exact CP marginals; pointwise
two_balanced,0.5,estimated,8192,512,100,64,15616,crossed_comparison,signed_range,absolute_variance,1000,0,0,0,0,0,1000,0,-0.0043724395646712729,0.0043724395646712729,0.94999999999999996,paired discordant multinomial; Bonferroni of two 97.5% exact CP marginals; pointwise
two_balanced,0.5,estimated,8192,512,100,64,15616,sampling_at_signed,signed_range,signed_variance,1000,0,0,0,0,0,1000,0,-0.0043724395646712729,0.0043724395646712729,0.94999999999999996,paired discordant multinomial; Bonferroni of two 97.5% exact CP marginals; pointwise
two_balanced,0.5,estimated,8192,512,100,64,15616,learning_at_variance,absolute_variance,signed_variance,1000,0,0,0,0,0,1000,0,-0.0043724395646712729,0.0043724395646712729,0.94999999999999996,paired discordant multinomial; Bonferroni of two 97.5% exact CP marginals; pointwise
two_balanced,0.5,estimated,8192,512,400,64,34816,learning_at_range,absolute_range,signed_range,1000,0,0,0,0,0,1000,0,-0.0043724395646712729,0.0043724395646712729,0.94999999999999996,paired discordant multinomial; Bonferroni of two 97.5% exact CP marginals; pointwise
two_balanced,0.5,estimated,8192,512,400,64,34816,sampling_at_absolute,absolute_range,absolute_variance,1000,0,0,0,0,0,1000,0,-0.0043724395646712729,0.0043724395646712729,0.94999999999999996,paired discordant multinomial; Bonferroni of two 97.5% exact CP marginals; pointwise
two_balanced,0.5,estimated,8192,512,400,64,34816,total_upgrade,absolute_range,signed_variance,1000,0,0,0,0,0,1000,0,-0.0043724395646712729,0.0043724395646712729,0.94999999999999996,paired discordant multinomial; Bonferroni of two 97.5% exact CP marginals; pointwise
two_balanced,0.5,estimated,8192,512,400,64,34816,crossed_comparison,signed_range,absolute_variance,1000,0,0,0,0,0,1000,0,-0.0043724395646712729,0.0043724395646712729,0.94999999999999996,paired discordant multinomial; Bonferroni of two 97.5% exact CP marginals; pointwise
two_balanced,0.5,estimated,8192,512,400,64,34816,sampling_at_signed,signed_range,signed_variance,1000,0,0,0,0,0,1000,0,-0.0043724395646712729,0.0043724395646712729,0.94999999999999996,paired discordant multinomial; Bonferroni of two 97.5% exact CP marginals; pointwise
two_balanced,0.5,estimated,8192,512,400,64,34816,learning_at_variance,absolute_variance,signed_variance,1000,0,0,0,0,0,1000,0,-0.0043724395646712729,0.0043724395646712729,0.94999999999999996,paired discordant multinomial; Bonferroni of two 97.5% exact CP marginals; pointwise
two_balanced,0.5,estimated,8192,512,1600,64,111616,learning_at_range,absolute_range,signed_range,1000,0,0,0,0,0,1000,0,-0.0043724395646712729,0.0043724395646712729,0.94999999999999996,paired discordant multinomial; Bonferroni of two 97.5% exact CP marginals; pointwise
two_balanced,0.5,estimated,8192,512,1600,64,111616,sampling_at_absolute,absolute_range,absolute_variance,1000,0,0,0,0,0,1000,0,-0.0043724395646712729,0.0043724395646712729,0.94999999999999996,paired discordant multinomial; Bonferroni of two 97.5% exact CP marginals; pointwise
two_balanced,0.5,estimated,8192,512,1600,64,111616,total_upgrade,absolute_range,signed_variance,1000,0,0,0,0,0,1000,0,-0.0043724395646712729,0.0043724395646712729,0.94999999999999996,paired discordant multinomial; Bonferroni of two 97.5% exact CP marginals; pointwise
two_balanced,0.5,estimated,8192,512,1600,64,111616,crossed_comparison,signed_range,absolute_variance,1000,0,0,0,0,0,1000,0,-0.0043724395646712729,0.0043724395646712729,0.94999999999999996,paired discordant multinomial; Bonferroni of two 97.5% exact CP marginals; pointwise
two_balanced,0.5,estimated,8192,512,1600,64,111616,sampling_at_signed,signed_range,signed_variance,1000,0,0,0,0,0,1000,0,-0.0043724395646712729,0.0043724395646712729,0.94999999999999996,paired discordant multinomial; Bonferroni of two 97.5% exact CP marginals; pointwise
two_balanced,0.5,estimated,8192,512,1600,64,111616,learning_at_variance,absolute_variance,signed_variance,1000,0,0,0,0,0,1000,0,-0.0043724395646712729,0.0043724395646712729,0.94999999999999996,paired discordant multinomial; Bonferroni of two 97.5% exact CP marginals; pointwise
two_balanced,0.5,estimated,8192,8192,25,64,26176,learning_at_range,absolute_range,signed_range,1000,0,0,0,0,0,1000,0,-0.0043724395646712729,0.0043724395646712729,0.94999999999999996,paired discordant multinomial; Bonferroni of two 97.5% exact CP marginals; pointwise
two_balanced,0.5,estimated,8192,8192,25,64,26176,sampling_at_absolute,absolute_range,absolute_variance,1000,0,984,984,0,0,16,0.98399999999999999,0.96823971425700461,0.99157411773973181,0.94999999999999996,paired discordant multinomial; Bonferroni of two 97.5% exact CP marginals; pointwise
two_balanced,0.5,estimated,8192,8192,25,64,26176,total_upgrade,absolute_range,signed_variance,1000,0,985,985,0,0,15,0.98499999999999999,0.96950588613686495,0.99229250975975636,0.94999999999999996,paired discordant multinomial; Bonferroni of two 97.5% exact CP marginals; pointwise
two_balanced,0.5,estimated,8192,8192,25,64,26176,crossed_comparison,signed_range,absolute_variance,1000,0,984,984,0,0,16,0.98399999999999999,0.96823971425700461,0.99157411773973181,0.94999999999999996,paired discordant multinomial; Bonferroni of two 97.5% exact CP marginals; pointwise
two_balanced,0.5,estimated,8192,8192,25,64,26176,sampling_at_signed,signed_range,signed_variance,1000,0,985,985,0,0,15,0.98499999999999999,0.96950588613686495,0.99229250975975636,0.94999999999999996,paired discordant multinomial; Bonferroni of two 97.5% exact CP marginals; pointwise
two_balanced,0.5,estimated,8192,8192,25,64,26176,learning_at_variance,absolute_variance,signed_variance,1000,984,985,1,0,984,15,0.001,-0.0043598608615769618,0.0063637850570316097,0.94999999999999996,paired discordant multinomial; Bonferroni of two 97.5% exact CP marginals; pointwise
two_balanced,0.5,estimated,8192,8192,100,64,30976,learning_at_range,absolute_range,signed_range,1000,840,853,13,0,840,147,0.012999999999999999,0.0019289496612371945,0.023561106788460375,0.94999999999999996,paired discordant multinomial; Bonferroni of two 97.5% exact CP marginals; pointwise
two_balanced,0.5,estimated,8192,8192,100,64,30976,sampling_at_absolute,absolute_range,absolute_variance,1000,840,1000,160,0,840,0,0.16,0.13044834719513473,0.18774334313300725,0.94999999999999996,paired discordant multinomial; Bonferroni of two 97.5% exact CP marginals; pointwise
two_balanced,0.5,estimated,8192,8192,100,64,30976,total_upgrade,absolute_range,signed_variance,1000,840,1000,160,0,840,0,0.16,0.13044834719513473,0.18774334313300725,0.94999999999999996,paired discordant multinomial; Bonferroni of two 97.5% exact CP marginals; pointwise
two_balanced,0.5,estimated,8192,8192,100,64,30976,crossed_comparison,signed_range,absolute_variance,1000,853,1000,147,0,853,0,0.14699999999999999,0.11838117230820379,0.17391086303128894,0.94999999999999996,paired discordant multinomial; Bonferroni of two 97.5% exact CP marginals; pointwise
two_balanced,0.5,estimated,8192,8192,100,64,30976,sampling_at_signed,signed_range,signed_variance,1000,853,1000,147,0,853,0,0.14699999999999999,0.11838117230820379,0.17391086303128894,0.94999999999999996,paired discordant multinomial; Bonferroni of two 97.5% exact CP marginals; pointwise
two_balanced,0.5,estimated,8192,8192,100,64,30976,learning_at_variance,absolute_variance,signed_variance,1000,1000,1000,0,0,1000,0,0,-0.0043724395646712729,0.0043724395646712729,0.94999999999999996,paired discordant multinomial; Bonferroni of two 97.5% exact CP marginals; pointwise
two_balanced,0.5,estimated,8192,8192,400,64,50176,learning_at_range,absolute_range,signed_range,1000,1000,1000,0,0,1000,0,0,-0.0043724395646712729,0.0043724395646712729,0.94999999999999996,paired discordant multinomial; Bonferroni of two 97.5% exact CP marginals; pointwise
two_balanced,0.5,estimated,8192,8192,400,64,50176,sampling_at_absolute,absolute_range,absolute_variance,1000,1000,1000,0,0,1000,0,0,-0.0043724395646712729,0.0043724395646712729,0.94999999999999996,paired discordant multinomial; Bonferroni of two 97.5% exact CP marginals; pointwise
two_balanced,0.5,estimated,8192,8192,400,64,50176,total_upgrade,absolute_range,signed_variance,1000,1000,1000,0,0,1000,0,0,-0.0043724395646712729,0.0043724395646712729,0.94999999999999996,paired discordant multinomial; Bonferroni of two 97.5% exact CP marginals; pointwise
two_balanced,0.5,estimated,8192,8192,400,64,50176,crossed_comparison,signed_range,absolute_variance,1000,1000,1000,0,0,1000,0,0,-0.0043724395646712729,0.0043724395646712729,0.94999999999999996,paired discordant multinomial; Bonferroni of two 97.5% exact CP marginals; pointwise
two_balanced,0.5,estimated,8192,8192,400,64,50176,sampling_at_signed,signed_range,signed_variance,1000,1000,1000,0,0,1000,0,0,-0.0043724395646712729,0.0043724395646712729,0.94999999999999996,paired discordant multinomial; Bonferroni of two 97.5% exact CP marginals; pointwise
two_balanced,0.5,estimated,8192,8192,400,64,50176,learning_at_variance,absolute_variance,signed_variance,1000,1000,1000,0,0,1000,0,0,-0.0043724395646712729,0.0043724395646712729,0.94999999999999996,paired discordant multinomial; Bonferroni of two 97.5% exact CP marginals; pointwise
two_balanced,0.5,estimated,8192,8192,1600,64,126976,learning_at_range,absolute_range,signed_range,1000,1000,1000,0,0,1000,0,0,-0.0043724395646712729,0.0043724395646712729,0.94999999999999996,paired discordant multinomial; Bonferroni of two 97.5% exact CP marginals; pointwise
two_balanced,0.5,estimated,8192,8192,1600,64,126976,sampling_at_absolute,absolute_range,absolute_variance,1000,1000,1000,0,0,1000,0,0,-0.0043724395646712729,0.0043724395646712729,0.94999999999999996,paired discordant multinomial; Bonferroni of two 97.5% exact CP marginals; pointwise
two_balanced,0.5,estimated,8192,8192,1600,64,126976,total_upgrade,absolute_range,signed_variance,1000,1000,1000,0,0,1000,0,0,-0.0043724395646712729,0.0043724395646712729,0.94999999999999996,paired discordant multinomial; Bonferroni of two 97.5% exact CP marginals; pointwise
two_balanced,0.5,estimated,8192,8192,1600,64,126976,crossed_comparison,signed_range,absolute_variance,1000,1000,1000,0,0,1000,0,0,-0.0043724395646712729,0.0043724395646712729,0.94999999999999996,paired discordant multinomial; Bonferroni of two 97.5% exact CP marginals; pointwise
two_balanced,0.5,estimated,8192,8192,1600,64,126976,sampling_at_signed,signed_range,signed_variance,1000,1000,1000,0,0,1000,0,0,-0.0043724395646712729,0.0043724395646712729,0.94999999999999996,paired discordant multinomial; Bonferroni of two 97.5% exact CP marginals; pointwise
two_balanced,0.5,estimated,8192,8192,1600,64,126976,learning_at_variance,absolute_variance,signed_variance,1000,1000,1000,0,0,1000,0,0,-0.0043724395646712729,0.0043724395646712729,0.94999999999999996,paired discordant multinomial; Bonferroni of two 97.5% exact CP marginals; pointwise
two_balanced,0.5,opposed_shifts,8192,8192,25,64,26176,learning_at_range,absolute_range,signed_range,1000,0,0,0,0,0,1000,0,-0.0043724395646712729,0.0043724395646712729,0.94999999999999996,paired discordant multinomial; Bonferroni of two 97.5% exact CP marginals; pointwise
two_balanced,0.5,opposed_shifts,8192,8192,25,64,26176,sampling_at_absolute,absolute_range,absolute_variance,1000,0,0,0,0,0,1000,0,-0.0043724395646712729,0.0043724395646712729,0.94999999999999996,paired discordant multinomial; Bonferroni of two 97.5% exact CP marginals; pointwise
two_balanced,0.5,opposed_shifts,8192,8192,25,64,26176,total_upgrade,absolute_range,signed_variance,1000,0,0,0,0,0,1000,0,-0.0043724395646712729,0.0043724395646712729,0.94999999999999996,paired discordant multinomial; Bonferroni of two 97.5% exact CP marginals; pointwise
two_balanced,0.5,opposed_shifts,8192,8192,25,64,26176,crossed_comparison,signed_range,absolute_variance,1000,0,0,0,0,0,1000,0,-0.0043724395646712729,0.0043724395646712729,0.94999999999999996,paired discordant multinomial; Bonferroni of two 97.5% exact CP marginals; pointwise
two_balanced,0.5,opposed_shifts,8192,8192,25,64,26176,sampling_at_signed,signed_range,signed_variance,1000,0,0,0,0,0,1000,0,-0.0043724395646712729,0.0043724395646712729,0.94999999999999996,paired discordant multinomial; Bonferroni of two 97.5% exact CP marginals; pointwise
two_balanced,0.5,opposed_shifts,8192,8192,25,64,26176,learning_at_variance,absolute_variance,signed_variance,1000,0,0,0,0,0,1000,0,-0.0043724395646712729,0.0043724395646712729,0.94999999999999996,paired discordant multinomial; Bonferroni of two 97.5% exact CP marginals; pointwise
two_balanced,0.5,opposed_shifts,8192,8192,100,64,30976,learning_at_range,absolute_range,signed_range,1000,0,0,0,0,0,1000,0,-0.0043724395646712729,0.0043724395646712729,0.94999999999999996,paired discordant multinomial; Bonferroni of two 97.5% exact CP marginals; pointwise
two_balanced,0.5,opposed_shifts,8192,8192,100,64,30976,sampling_at_absolute,absolute_range,absolute_variance,1000,0,0,0,0,0,1000,0,-0.0043724395646712729,0.0043724395646712729,0.94999999999999996,paired discordant multinomial; Bonferroni of two 97.5% exact CP marginals; pointwise
two_balanced,0.5,opposed_shifts,8192,8192,100,64,30976,total_upgrade,absolute_range,signed_variance,1000,0,1000,1000,0,0,0,1,0.99125512087065748,1,0.94999999999999996,paired discordant multinomial; Bonferroni of two 97.5% exact CP marginals; pointwise
two_balanced,0.5,opposed_shifts,8192,8192,100,64,30976,crossed_comparison,signed_range,absolute_variance,1000,0,0,0,0,0,1000,0,-0.0043724395646712729,0.0043724395646712729,0.94999999999999996,paired discordant multinomial; Bonferroni of two 97.5% exact CP marginals; pointwise
two_balanced,0.5,opposed_shifts,8192,8192,100,64,30976,sampling_at_signed,signed_range,signed_variance,1000,0,1000,1000,0,0,0,1,0.99125512087065748,1,0.94999999999999996,paired discordant multinomial; Bonferroni of two 97.5% exact CP marginals; pointwise
two_balanced,0.5,opposed_shifts,8192,8192,100,64,30976,learning_at_variance,absolute_variance,signed_variance,1000,0,1000,1000,0,0,0,1,0.99125512087065748,1,0.94999999999999996,paired discordant multinomial; Bonferroni of two 97.5% exact CP marginals; pointwise
two_balanced,0.5,opposed_shifts,8192,8192,400,64,50176,learning_at_range,absolute_range,signed_range,1000,0,70,70,0,0,930,0.070000000000000007,0.048670628958771923,0.090234210671672685,0.94999999999999996,paired discordant multinomial; Bonferroni of two 97.5% exact CP marginals; pointwise
two_balanced,0.5,opposed_shifts,8192,8192,400,64,50176,sampling_at_absolute,absolute_range,absolute_variance,1000,0,0,0,0,0,1000,0,-0.0043724395646712729,0.0043724395646712729,0.94999999999999996,paired discordant multinomial; Bonferroni of two 97.5% exact CP marginals; pointwise
two_balanced,0.5,opposed_shifts,8192,8192,400,64,50176,total_upgrade,absolute_range,signed_variance,1000,0,1000,1000,0,0,0,1,0.99125512087065748,1,0.94999999999999996,paired discordant multinomial; Bonferroni of two 97.5% exact CP marginals; pointwise
two_balanced,0.5,opposed_shifts,8192,8192,400,64,50176,crossed_comparison,signed_range,absolute_variance,1000,70,0,0,70,0,930,-0.070000000000000007,-0.090234210671672685,-0.048670628958771923,0.94999999999999996,paired discordant multinomial; Bonferroni of two 97.5% exact CP marginals; pointwise
two_balanced,0.5,opposed_shifts,8192,8192,400,64,50176,sampling_at_signed,signed_range,signed_variance,1000,70,1000,930,0,70,0,0.93000000000000005,0.90539334976365604,0.9469569314765568,0.94999999999999996,paired discordant multinomial; Bonferroni of two 97.5% exact CP marginals; pointwise
two_balanced,0.5,opposed_shifts,8192,8192,400,64,50176,learning_at_variance,absolute_variance,signed_variance,1000,0,1000,1000,0,0,0,1,0.99125512087065748,1,0.94999999999999996,paired discordant multinomial; Bonferroni of two 97.5% exact CP marginals; pointwise
two_balanced,0.5,opposed_shifts,8192,8192,1600,64,126976,learning_at_range,absolute_range,signed_range,1000,0,1000,1000,0,0,0,1,0.99125512087065748,1,0.94999999999999996,paired discordant multinomial; Bonferroni of two 97.5% exact CP marginals; pointwise
two_balanced,0.5,opposed_shifts,8192,8192,1600,64,126976,sampling_at_absolute,absolute_range,absolute_variance,1000,0,0,0,0,0,1000,0,-0.0043724395646712729,0.0043724395646712729,0.94999999999999996,paired discordant multinomial; Bonferroni of two 97.5% exact CP marginals; pointwise
two_balanced,0.5,opposed_shifts,8192,8192,1600,64,126976,total_upgrade,absolute_range,signed_variance,1000,0,1000,1000,0,0,0,1,0.99125512087065748,1,0.94999999999999996,paired discordant multinomial; Bonferroni of two 97.5% exact CP marginals; pointwise
two_balanced,0.5,opposed_shifts,8192,8192,1600,64,126976,crossed_comparison,signed_range,absolute_variance,1000,1000,0,0,1000,0,0,-1,-1,-0.99125512087065748,0.94999999999999996,paired discordant multinomial; Bonferroni of two 97.5% exact CP marginals; pointwise
two_balanced,0.5,opposed_shifts,8192,8192,1600,64,126976,sampling_at_signed,signed_range,signed_variance,1000,1000,1000,0,0,1000,0,0,-0.0043724395646712729,0.0043724395646712729,0.94999999999999996,paired discordant multinomial; Bonferroni of two 97.5% exact CP marginals; pointwise
two_balanced,0.5,opposed_shifts,8192,8192,1600,64,126976,learning_at_variance,absolute_variance,signed_variance,1000,0,1000,1000,0,0,0,1,0.99125512087065748,1,0.94999999999999996,paired discordant multinomial; Bonferroni of two 97.5% exact CP marginals; pointwise
