design,signal,fit,training_rows,validation_pairs,groups,peers,total_observations,method,replications,rejections,power,power_ci_lower,power_ci_upper,target,mean,bias,bias_allowance,absolute_allowance,signed_allowance,radius,lower,coverage_failures,allowance_failures
eight_rare,-0.125,estimated,8192,512,25,64,10816,absolute_range,1000,0,0,0,0.0036820838968656712,-0.0068275510204081,-0.0067858307002633426,-4.8087732622436077e-06,0.13273764684198266,0.13273764684198266,0.12514197388484607,0.037868942054511225,-0.17739241959675736,0,0
eight_rare,-0.125,estimated,8192,512,25,64,10816,absolute_variance,1000,0,0,0,0.0036820838968656712,-0.0068275510204081,-0.0067858307002633426,-4.8087732622436077e-06,0.13273764684198266,0.13273764684198266,0.12514197388484607,0.016161024966552789,-0.15568450250879878,0,0
eight_rare,-0.125,estimated,8192,512,25,64,10816,signed_range,1000,0,0,0,0.0036820838968656712,-0.0068275510204081,-0.0067858307002633426,-4.8087732622436077e-06,0.12514197388484607,0.13273764684198266,0.12514197388484607,0.037868942054511225,-0.16979674663962072,0,0
eight_rare,-0.125,estimated,8192,512,25,64,10816,signed_variance,1000,0,0,0,0.0036820838968656712,-0.0068275510204081,-0.0067858307002633426,-4.8087732622436077e-06,0.12514197388484607,0.13273764684198266,0.12514197388484607,0.016161024966552789,-0.14808882955166228,0,0
eight_rare,-0.125,estimated,8192,512,100,64,15616,absolute_range,1000,0,0,0,0.0036820838968656712,-0.0068275510204081,-0.006810422650580808,-4.8087732622436077e-06,0.13273764684198266,0.13273764684198266,0.12514197388484607,0.018934471027255591,-0.15848254051981917,0,0
eight_rare,-0.125,estimated,8192,512,100,64,15616,absolute_variance,1000,0,0,0,0.0036820838968656712,-0.0068275510204081,-0.006810422650580808,-4.8087732622436077e-06,0.13273764684198266,0.13273764684198266,0.12514197388484607,0.0051701189788354992,-0.144718188471399,0,0
eight_rare,-0.125,estimated,8192,512,100,64,15616,signed_range,1000,0,0,0,0.0036820838968656712,-0.0068275510204081,-0.006810422650580808,-4.8087732622436077e-06,0.12514197388484607,0.13273764684198266,0.12514197388484607,0.018934471027255591,-0.15088686756268258,0,0
eight_rare,-0.125,estimated,8192,512,100,64,15616,signed_variance,1000,0,0,0,0.0036820838968656712,-0.0068275510204081,-0.006810422650580808,-4.8087732622436077e-06,0.12514197388484607,0.13273764684198266,0.12514197388484607,0.0051701189788354992,-0.13712251551426247,0,0
eight_rare,-0.125,estimated,8192,512,400,64,34816,absolute_range,1000,0,0,0,0.0036820838968656712,-0.0068275510204081,-0.006823672486993569,-4.8087732622436077e-06,0.13273764684198266,0.13273764684198266,0.12514197388484607,0.0094672355136277697,-0.14902855484260411,0,0
eight_rare,-0.125,estimated,8192,512,400,64,34816,absolute_variance,1000,0,0,0,0.0036820838968656712,-0.0068275510204081,-0.006823672486993569,-4.8087732622436077e-06,0.13273764684198266,0.13273764684198266,0.12514197388484607,0.0018591955034373527,-0.14142051483241364,0,0
eight_rare,-0.125,estimated,8192,512,400,64,34816,signed_range,1000,0,0,0,0.0036820838968656712,-0.0068275510204081,-0.006823672486993569,-4.8087732622436077e-06,0.12514197388484607,0.13273764684198266,0.12514197388484607,0.0094672355136277697,-0.14143288188546752,0,0
eight_rare,-0.125,estimated,8192,512,400,64,34816,signed_variance,1000,0,0,0,0.0036820838968656712,-0.0068275510204081,-0.006823672486993569,-4.8087732622436077e-06,0.12514197388484607,0.13273764684198266,0.12514197388484607,0.0018591955034373527,-0.1338248418752771,0,0
eight_rare,-0.125,estimated,8192,512,1600,64,111616,absolute_range,1000,0,0,0,0.0036820838968656712,-0.0068275510204081,-0.0068254502891377964,-4.8087732622436077e-06,0.13273764684198266,0.13273764684198266,0.12514197388484607,0.0047336177568138606,-0.14429671488793444,0,0
eight_rare,-0.125,estimated,8192,512,1600,64,111616,absolute_variance,1000,0,0,0,0.0036820838968656712,-0.0068275510204081,-0.0068254502891377964,-4.8087732622436077e-06,0.13273764684198266,0.13273764684198266,0.12514197388484607,0.000748179530300974,-0.14031127666142149,0,0
eight_rare,-0.125,estimated,8192,512,1600,64,111616,signed_range,1000,0,0,0,0.0036820838968656712,-0.0068275510204081,-0.0068254502891377964,-4.8087732622436077e-06,0.12514197388484607,0.13273764684198266,0.12514197388484607,0.0047336177568138606,-0.13670104193079782,0,0
eight_rare,-0.125,estimated,8192,512,1600,64,111616,signed_variance,1000,0,0,0,0.0036820838968656712,-0.0068275510204081,-0.0068254502891377964,-4.8087732622436077e-06,0.12514197388484607,0.13273764684198266,0.12514197388484607,0.000748179530300974,-0.13271560370428495,0,0
eight_rare,-0.125,estimated,8192,8192,25,64,26176,absolute_range,1000,0,0,0,0.0036820838968656712,-0.0068275510204081,-0.0067858307002633426,-4.8087732622436077e-06,0.0089280068624507727,0.0089280068624507727,0.0083006545646787978,0.037868942054511225,-0.053582779617225448,0,0
eight_rare,-0.125,estimated,8192,8192,25,64,26176,absolute_variance,1000,0,0,0,0.0036820838968656712,-0.0068275510204081,-0.0067858307002633426,-4.8087732622436077e-06,0.0089280068624507727,0.0089280068624507727,0.0083006545646787978,0.016161024966552789,-0.031874862529266877,0,0
eight_rare,-0.125,estimated,8192,8192,25,64,26176,signed_range,1000,0,0,0,0.0036820838968656712,-0.0068275510204081,-0.0067858307002633426,-4.8087732622436077e-06,0.0083006545646787978,0.0089280068624507727,0.0083006545646787978,0.037868942054511225,-0.052955427319453463,0,0
eight_rare,-0.125,estimated,8192,8192,25,64,26176,signed_variance,1000,0,0,0,0.0036820838968656712,-0.0068275510204081,-0.0067858307002633426,-4.8087732622436077e-06,0.0083006545646787978,0.0089280068624507727,0.0083006545646787978,0.016161024966552789,-0.031247510231495027,0,0
eight_rare,-0.125,estimated,8192,8192,100,64,30976,absolute_range,1000,0,0,0,0.0036820838968656712,-0.0068275510204081,-0.006810422650580808,-4.8087732622436077e-06,0.0089280068624507727,0.0089280068624507727,0.0083006545646787978,0.018934471027255591,-0.034672900540287273,0,0
eight_rare,-0.125,estimated,8192,8192,100,64,30976,absolute_variance,1000,0,0,0,0.0036820838968656712,-0.0068275510204081,-0.006810422650580808,-4.8087732622436077e-06,0.0089280068624507727,0.0089280068624507727,0.0083006545646787978,0.0051701189788354992,-0.020908548491867091,0,0
eight_rare,-0.125,estimated,8192,8192,100,64,30976,signed_range,1000,0,0,0,0.0036820838968656712,-0.0068275510204081,-0.006810422650580808,-4.8087732622436077e-06,0.0083006545646787978,0.0089280068624507727,0.0083006545646787978,0.018934471027255591,-0.034045548242515294,0,0
eight_rare,-0.125,estimated,8192,8192,100,64,30976,signed_variance,1000,0,0,0,0.0036820838968656712,-0.0068275510204081,-0.006810422650580808,-4.8087732622436077e-06,0.0083006545646787978,0.0089280068624507727,0.0083006545646787978,0.0051701189788354992,-0.02028119619409521,0,0
eight_rare,-0.125,estimated,8192,8192,400,64,50176,absolute_range,1000,0,0,0,0.0036820838968656712,-0.0068275510204081,-0.006823672486993569,-4.8087732622436077e-06,0.0089280068624507727,0.0089280068624507727,0.0083006545646787978,0.0094672355136277697,-0.025218914863072213,0,0
eight_rare,-0.125,estimated,8192,8192,400,64,50176,absolute_variance,1000,0,0,0,0.0036820838968656712,-0.0068275510204081,-0.006823672486993569,-4.8087732622436077e-06,0.0089280068624507727,0.0089280068624507727,0.0083006545646787978,0.0018591955034373527,-0.017610874852881726,0,0
eight_rare,-0.125,estimated,8192,8192,400,64,50176,signed_range,1000,0,0,0,0.0036820838968656712,-0.0068275510204081,-0.006823672486993569,-4.8087732622436077e-06,0.0083006545646787978,0.0089280068624507727,0.0083006545646787978,0.0094672355136277697,-0.024591562565300238,0,0
eight_rare,-0.125,estimated,8192,8192,400,64,50176,signed_variance,1000,0,0,0,0.0036820838968656712,-0.0068275510204081,-0.006823672486993569,-4.8087732622436077e-06,0.0083006545646787978,0.0089280068624507727,0.0083006545646787978,0.0018591955034373527,-0.016983522555109817,0,0
eight_rare,-0.125,estimated,8192,8192,1600,64,126976,absolute_range,1000,0,0,0,0.0036820838968656712,-0.0068275510204081,-0.0068254502891377964,-4.8087732622436077e-06,0.0089280068624507727,0.0089280068624507727,0.0083006545646787978,0.0047336177568138606,-0.020487074908402531,0,0
eight_rare,-0.125,estimated,8192,8192,1600,64,126976,absolute_variance,1000,0,0,0,0.0036820838968656712,-0.0068275510204081,-0.0068254502891377964,-4.8087732622436077e-06,0.0089280068624507727,0.0089280068624507727,0.0083006545646787978,0.000748179530300974,-0.016501636681889587,0,0
eight_rare,-0.125,estimated,8192,8192,1600,64,126976,signed_range,1000,0,0,0,0.0036820838968656712,-0.0068275510204081,-0.0068254502891377964,-4.8087732622436077e-06,0.0083006545646787978,0.0089280068624507727,0.0083006545646787978,0.0047336177568138606,-0.019859722610630556,0,0
eight_rare,-0.125,estimated,8192,8192,1600,64,126976,signed_variance,1000,0,0,0,0.0036820838968656712,-0.0068275510204081,-0.0068254502891377964,-4.8087732622436077e-06,0.0083006545646787978,0.0089280068624507727,0.0083006545646787978,0.000748179530300974,-0.015874284384117671,0,0
eight_rare,0,estimated,8192,512,25,64,10816,absolute_range,1000,0,0,0,0.0036820838968656712,0,-2.8237084869015896e-05,9.3810875041706562e-07,0.13279177318897051,0.13279177318897051,0.12657734614947447,0.037808022329250374,-0.17062803260308992,0,0
eight_rare,0,estimated,8192,512,25,64,10816,absolute_variance,1000,0,0,0,0.0036820838968656712,0,-2.8237084869015896e-05,9.3810875041706562e-07,0.13279177318897051,0.13279177318897051,0.12657734614947447,0.016248991268401024,-0.14906900154224051,0,0
eight_rare,0,estimated,8192,512,25,64,10816,signed_range,1000,0,0,0,0.0036820838968656712,0,-2.8237084869015896e-05,9.3810875041706562e-07,0.12657734614947447,0.13279177318897051,0.12657734614947447,0.037808022329250374,-0.16441360556359394,0,0
eight_rare,0,estimated,8192,512,25,64,10816,signed_variance,1000,0,0,0,0.0036820838968656712,0,-2.8237084869015896e-05,9.3810875041706562e-07,0.12657734614947447,0.13279177318897051,0.12657734614947447,0.016248991268401024,-0.14285457450274455,0,0
eight_rare,0,estimated,8192,512,100,64,15616,absolute_range,1000,0,0,0,0.0036820838968656712,0,-2.8802430540000169e-05,9.3810875041706562e-07,0.13279177318897051,0.13279177318897051,0.12657734614947447,0.018904011164625159,-0.15172458678413572,0,0
eight_rare,0,estimated,8192,512,100,64,15616,absolute_variance,1000,0,0,0,0.0036820838968656712,0,-2.8802430540000169e-05,9.3810875041706562e-07,0.13279177318897051,0.13279177318897051,0.12657734614947447,0.0052225723313949219,-0.13804314795090544,0,0
eight_rare,0,estimated,8192,512,100,64,15616,signed_range,1000,0,0,0,0.0036820838968656712,0,-2.8802430540000169e-05,9.3810875041706562e-07,0.12657734614947447,0.13279177318897051,0.12657734614947447,0.018904011164625159,-0.14551015974463968,0,0
eight_rare,0,estimated,8192,512,100,64,15616,signed_variance,1000,0,0,0,0.0036820838968656712,0,-2.8802430540000169e-05,9.3810875041706562e-07,0.12657734614947447,0.13279177318897051,0.12657734614947447,0.0052225723313949219,-0.13182872091140946,0,0
eight_rare,0,estimated,8192,512,400,64,34816,absolute_range,1000,0,0,0,0.0036820838968656712,0,6.0486468408356019e-06,9.3810875041706562e-07,0.13279177318897051,0.13279177318897051,0.12657734614947447,0.0094520055823125552,-0.14223773012444227,0,0
eight_rare,0,estimated,8192,512,400,64,34816,absolute_variance,1000,0,0,0,0.0036820838968656712,0,6.0486468408356019e-06,9.3810875041706562e-07,0.13279177318897051,0.13279177318897051,0.12657734614947447,0.0018854558880009474,-0.13467118043013065,0,0
eight_rare,0,estimated,8192,512,400,64,34816,signed_range,1000,0,0,0,0.0036820838968656712,0,6.0486468408356019e-06,9.3810875041706562e-07,0.12657734614947447,0.13279177318897051,0.12657734614947447,0.0094520055823125552,-0.13602330308494623,0,0
eight_rare,0,estimated,8192,512,400,64,34816,signed_variance,1000,0,0,0,0.0036820838968656712,0,6.0486468408356019e-06,9.3810875041706562e-07,0.12657734614947447,0.13279177318897051,0.12657734614947447,0.0018854558880009474,-0.12845675339063461,0,0
eight_rare,0,estimated,8192,512,1600,64,111616,absolute_range,1000,0,0,0,0.0036820838968656712,0,1.284334978940745e-06,9.3810875041706562e-07,0.13279177318897051,0.13279177318897051,0.12657734614947447,0.0047260027911562533,-0.13751649164514787,0,0
eight_rare,0,estimated,8192,512,1600,64,111616,absolute_variance,1000,0,0,0,0.0036820838968656712,0,1.284334978940745e-06,9.3810875041706562e-07,0.13279177318897051,0.13279177318897051,0.12657734614947447,0.00076123529730627094,-0.13355172415129787,0,0
eight_rare,0,estimated,8192,512,1600,64,111616,signed_range,1000,0,0,0,0.0036820838968656712,0,1.284334978940745e-06,9.3810875041706562e-07,0.12657734614947447,0.13279177318897051,0.12657734614947447,0.0047260027911562533,-0.13130206460565183,0,0
eight_rare,0,estimated,8192,512,1600,64,111616,signed_variance,1000,0,0,0,0.0036820838968656712,0,1.284334978940745e-06,9.3810875041706562e-07,0.12657734614947447,0.13279177318897051,0.12657734614947447,0.00076123529730627094,-0.12733729711180186,0,0
eight_rare,0,estimated,8192,8192,25,64,26176,absolute_range,1000,0,0,0,0.0036820838968656712,0,-2.8237084869015896e-05,9.3810875041706562e-07,0.0089346339431170992,0.0089346339431170992,0.0084138572898806059,0.037808022329250374,-0.046770893357236533,0,0
eight_rare,0,estimated,8192,8192,25,64,26176,absolute_variance,1000,0,0,0,0.0036820838968656712,0,-2.8237084869015896e-05,9.3810875041706562e-07,0.0089346339431170992,0.0089346339431170992,0.0084138572898806059,0.016248991268401024,-0.025211862296387111,0,0
eight_rare,0,estimated,8192,8192,25,64,26176,signed_range,1000,0,0,0,0.0036820838968656712,0,-2.8237084869015896e-05,9.3810875041706562e-07,0.0084138572898806059,0.0089346339431170992,0.0084138572898806059,0.037808022329250374,-0.046250116704000033,0,0
eight_rare,0,estimated,8192,8192,25,64,26176,signed_variance,1000,0,0,0,0.0036820838968656712,0,-2.8237084869015896e-05,9.3810875041706562e-07,0.0084138572898806059,0.0089346339431170992,0.0084138572898806059,0.016248991268401024,-0.024691085643150701,0,0
eight_rare,0,estimated,8192,8192,100,64,30976,absolute_range,1000,0,0,0,0.0036820838968656712,0,-2.8802430540000169e-05,9.3810875041706562e-07,0.0089346339431170992,0.0089346339431170992,0.0084138572898806059,0.018904011164625159,-0.027867447538282315,0,0
eight_rare,0,estimated,8192,8192,100,64,30976,absolute_variance,1000,0,0,0,0.0036820838968656712,0,-2.8802430540000169e-05,9.3810875041706562e-07,0.0089346339431170992,0.0089346339431170992,0.0084138572898806059,0.0052225723313949219,-0.014186008705052036,0,0
eight_rare,0,estimated,8192,8192,100,64,30976,signed_range,1000,0,0,0,0.0036820838968656712,0,-2.8802430540000169e-05,9.3810875041706562e-07,0.0084138572898806059,0.0089346339431170992,0.0084138572898806059,0.018904011164625159,-0.027346670885045818,0,0
eight_rare,0,estimated,8192,8192,100,64,30976,signed_variance,1000,0,0,0,0.0036820838968656712,0,-2.8802430540000169e-05,9.3810875041706562e-07,0.0084138572898806059,0.0089346339431170992,0.0084138572898806059,0.0052225723313949219,-0.013665232051815582,0,0
eight_rare,0,estimated,8192,8192,400,64,50176,absolute_range,1000,0,0,0,0.0036820838968656712,0,6.0486468408356019e-06,9.3810875041706562e-07,0.0089346339431170992,0.0089346339431170992,0.0084138572898806059,0.0094520055823125552,-0.018380590878588874,0,0
eight_rare,0,estimated,8192,8192,400,64,50176,absolute_variance,1000,0,0,0,0.0036820838968656712,0,6.0486468408356019e-06,9.3810875041706562e-07,0.0089346339431170992,0.0089346339431170992,0.0084138572898806059,0.0018854558880009474,-0.010814041184277244,0,0
eight_rare,0,estimated,8192,8192,400,64,50176,signed_range,1000,0,0,0,0.0036820838968656712,0,6.0486468408356019e-06,9.3810875041706562e-07,0.0084138572898806059,0.0089346339431170992,0.0084138572898806059,0.0094520055823125552,-0.017859814225352377,0,0
eight_rare,0,estimated,8192,8192,400,64,50176,signed_variance,1000,0,0,0,0.0036820838968656712,0,6.0486468408356019e-06,9.3810875041706562e-07,0.0084138572898806059,0.0089346339431170992,0.0084138572898806059,0.0018854558880009474,-0.010293264531040769,0,0
eight_rare,0,estimated,8192,8192,1600,64,126976,absolute_range,1000,0,0,0,0.0036820838968656712,0,1.284334978940745e-06,9.3810875041706562e-07,0.0089346339431170992,0.0089346339431170992,0.0084138572898806059,0.0047260027911562533,-0.013659352399294462,0,0
eight_rare,0,estimated,8192,8192,1600,64,126976,absolute_variance,1000,0,0,0,0.0036820838968656712,0,1.284334978940745e-06,9.3810875041706562e-07,0.0089346339431170992,0.0089346339431170992,0.0084138572898806059,0.00076123529730627094,-0.009694584905444472,0,0
eight_rare,0,estimated,8192,8192,1600,64,126976,signed_range,1000,0,0,0,0.0036820838968656712,0,1.284334978940745e-06,9.3810875041706562e-07,0.0084138572898806059,0.0089346339431170992,0.0084138572898806059,0.0047260027911562533,-0.013138575746057967,0,0
eight_rare,0,estimated,8192,8192,1600,64,126976,signed_variance,1000,0,0,0,0.0036820838968656712,0,1.284334978940745e-06,9.3810875041706562e-07,0.0084138572898806059,0.0089346339431170992,0.0084138572898806059,0.00076123529730627094,-0.0091738082522079857,0,0
eight_rare,0.125,estimated,8192,512,25,64,10816,absolute_range,1000,0,0,0,0.0036820838968656712,0.0068275510204081,0.0068252184176825015,6.5737955579802157e-06,0.13294547525286948,0.13294547525286948,0.12767818663542602,0.03785187565442627,-0.1639721324896132,0,0
eight_rare,0.125,estimated,8192,512,25,64,10816,absolute_variance,1000,0,0,0,0.0036820838968656712,0.0068275510204081,0.0068252184176825015,6.5737955579802157e-06,0.13294547525286948,0.13294547525286948,0.12767818663542602,0.016353558829693669,-0.1424738156648806,0,0
eight_rare,0.125,estimated,8192,512,25,64,10816,signed_range,1000,0,0,0,0.0036820838968656712,0.0068275510204081,0.0068252184176825015,6.5737955579802157e-06,0.12767818663542602,0.13294547525286948,0.12767818663542602,0.03785187565442627,-0.15870484387216982,0,0
eight_rare,0.125,estimated,8192,512,25,64,10816,signed_variance,1000,0,0,0,0.0036820838968656712,0.0068275510204081,0.0068252184176825015,6.5737955579802157e-06,0.12767818663542602,0.13294547525286948,0.12767818663542602,0.016353558829693669,-0.13720652704743719,0,0
eight_rare,0.125,estimated,8192,512,100,64,15616,absolute_range,1000,0,0,0,0.0036820838968656712,0.0068275510204081,0.0068809138245706745,6.5737955579802157e-06,0.13294547525286948,0.13294547525286948,0.12767818663542602,0.018925937827213111,-0.14499049925551191,0,0
eight_rare,0.125,estimated,8192,512,100,64,15616,absolute_variance,1000,0,0,0,0.0036820838968656712,0.0068275510204081,0.0068809138245706745,6.5737955579802157e-06,0.13294547525286948,0.13294547525286948,0.12767818663542602,0.0052677482509660613,-0.13133230967926485,0,0
eight_rare,0.125,estimated,8192,512,100,64,15616,signed_range,1000,0,0,0,0.0036820838968656712,0.0068275510204081,0.0068809138245706745,6.5737955579802157e-06,0.12767818663542602,0.13294547525286948,0.12767818663542602,0.018925937827213111,-0.13972321063806845,0,0
eight_rare,0.125,estimated,8192,512,100,64,15616,signed_variance,1000,0,0,0,0.0036820838968656712,0.0068275510204081,0.0068809138245706745,6.5737955579802157e-06,0.12767818663542602,0.13294547525286948,0.12767818663542602,0.0052677482509660613,-0.12606502106182141,0,0
eight_rare,0.125,estimated,8192,512,400,64,34816,absolute_range,1000,0,0,0,0.0036820838968656712,0.0068275510204081,0.0068639327124223352,6.5737955579802157e-06,0.13294547525286948,0.13294547525286948,0.12767818663542602,0.0094629689136065311,-0.13554451145405366,0,0
eight_rare,0.125,estimated,8192,512,400,64,34816,absolute_variance,1000,0,0,0,0.0036820838968656712,0.0068275510204081,0.0068639327124223352,6.5737955579802157e-06,0.13294547525286948,0.13294547525286948,0.12767818663542602,0.0019074494340456391,-0.12798899197449282,0,0
eight_rare,0.125,estimated,8192,512,400,64,34816,signed_range,1000,0,0,0,0.0036820838968656712,0.0068275510204081,0.0068639327124223352,6.5737955579802157e-06,0.12767818663542602,0.13294547525286948,0.12767818663542602,0.0094629689136065311,-0.13027722283661022,0,0
eight_rare,0.125,estimated,8192,512,400,64,34816,signed_variance,1000,0,0,0,0.0036820838968656712,0.0068275510204081,0.0068639327124223352,6.5737955579802157e-06,0.12767818663542602,0.13294547525286948,0.12767818663542602,0.0019074494340456391,-0.12272170335704934,0,0
eight_rare,0.125,estimated,8192,512,1600,64,111616,absolute_range,1000,0,0,0,0.0036820838968656712,0.0068275510204081,0.0068375025541736302,6.5737955579802157e-06,0.13294547525286948,0.13294547525286948,0.12767818663542602,0.0047314844568032387,-0.13083945715549908,0,0
eight_rare,0.125,estimated,8192,512,1600,64,111616,absolute_variance,1000,0,0,0,0.0036820838968656712,0.0068275510204081,0.0068375025541736302,6.5737955579802157e-06,0.13294547525286948,0.13294547525286948,0.12767818663542602,0.00077189026849235054,-0.12687986296718823,0,0
eight_rare,0.125,estimated,8192,512,1600,64,111616,signed_range,1000,0,0,0,0.0036820838968656712,0.0068275510204081,0.0068375025541736302,6.5737955579802157e-06,0.12767818663542602,0.13294547525286948,0.12767818663542602,0.0047314844568032387,-0.12557216853805564,0,0
eight_rare,0.125,estimated,8192,512,1600,64,111616,signed_variance,1000,0,0,0,0.0036820838968656712,0.0068275510204081,0.0068375025541736302,6.5737955579802157e-06,0.12767818663542602,0.13294547525286948,0.12767818663542602,0.00077189026849235054,-0.12161257434974476,0,0
eight_rare,0.125,estimated,8192,8192,25,64,26176,absolute_range,1000,0,0,0,0.0036820838968656712,0.0068275510204081,0.0068252184176825015,6.5737955579802157e-06,0.0089512167911219229,0.0089512167911219229,0.0085186182890653536,0.03785187565442627,-0.039977874027865692,0,0
eight_rare,0.125,estimated,8192,8192,25,64,26176,absolute_variance,1000,0,0,0,0.0036820838968656712,0.0068275510204081,0.0068252184176825015,6.5737955579802157e-06,0.0089512167911219229,0.0089512167911219229,0.0085186182890653536,0.016353558829693669,-0.018479557203133063,0,0
eight_rare,0.125,estimated,8192,8192,25,64,26176,signed_range,1000,0,0,0,0.0036820838968656712,0.0068275510204081,0.0068252184176825015,6.5737955579802157e-06,0.0085186182890653536,0.0089512167911219229,0.0085186182890653536,0.03785187565442627,-0.039545275525809123,0,0
eight_rare,0.125,estimated,8192,8192,25,64,26176,signed_variance,1000,0,0,0,0.0036820838968656712,0.0068275510204081,0.0068252184176825015,6.5737955579802157e-06,0.0085186182890653536,0.0089512167911219229,0.0085186182890653536,0.016353558829693669,-0.018046958701076518,0,0
eight_rare,0.125,estimated,8192,8192,100,64,30976,absolute_range,1000,0,0,0,0.0036820838968656712,0.0068275510204081,0.0068809138245706745,6.5737955579802157e-06,0.0089512167911219229,0.0089512167911219229,0.0085186182890653536,0.018925937827213111,-0.020996240793764359,0,0
eight_rare,0.125,estimated,8192,8192,100,64,30976,absolute_variance,1000,0,0,0,0.0036820838968656712,0.0068275510204081,0.0068809138245706745,6.5737955579802157e-06,0.0089512167911219229,0.0089512167911219229,0.0085186182890653536,0.0052677482509660613,-0.0073380512175173209,0,0
eight_rare,0.125,estimated,8192,8192,100,64,30976,signed_range,1000,0,0,0,0.0036820838968656712,0.0068275510204081,0.0068809138245706745,6.5737955579802157e-06,0.0085186182890653536,0.0089512167911219229,0.0085186182890653536,0.018925937827213111,-0.020563642291707786,0,0
eight_rare,0.125,estimated,8192,8192,100,64,30976,signed_variance,1000,0,0,0,0.0036820838968656712,0.0068275510204081,0.0068809138245706745,6.5737955579802157e-06,0.0085186182890653536,0.0089512167911219229,0.0085186182890653536,0.0052677482509660613,-0.0069054527154607396,0,0
eight_rare,0.125,estimated,8192,8192,400,64,50176,absolute_range,1000,0,0,0,0.0036820838968656712,0.0068275510204081,0.0068639327124223352,6.5737955579802157e-06,0.0089512167911219229,0.0089512167911219229,0.0085186182890653536,0.0094629689136065311,-0.011550252992306114,0,0
eight_rare,0.125,estimated,8192,8192,400,64,50176,absolute_variance,1000,0,0,0,0.0036820838968656712,0.0068275510204081,0.0068639327124223352,6.5737955579802157e-06,0.0089512167911219229,0.0089512167911219229,0.0085186182890653536,0.0019074494340456391,-0.0039947335127452554,0,0
eight_rare,0.125,estimated,8192,8192,400,64,50176,signed_range,1000,0,0,0,0.0036820838968656712,0.0068275510204081,0.0068639327124223352,6.5737955579802157e-06,0.0085186182890653536,0.0089512167911219229,0.0085186182890653536,0.0094629689136065311,-0.011117654490249545,0,0
eight_rare,0.125,estimated,8192,8192,400,64,50176,signed_variance,1000,0,0,0,0.0036820838968656712,0.0068275510204081,0.0068639327124223352,6.5737955579802157e-06,0.0085186182890653536,0.0089512167911219229,0.0085186182890653536,0.0019074494340456391,-0.0035621350106886541,0,0
eight_rare,0.125,estimated,8192,8192,1600,64,126976,absolute_range,1000,0,0,0,0.0036820838968656712,0.0068275510204081,0.0068375025541736302,6.5737955579802157e-06,0.0089512167911219229,0.0089512167911219229,0.0085186182890653536,0.0047314844568032387,-0.0068451986937515322,0,0
eight_rare,0.125,estimated,8192,8192,1600,64,126976,absolute_variance,1000,0,0,0,0.0036820838968656712,0.0068275510204081,0.0068375025541736302,6.5737955579802157e-06,0.0089512167911219229,0.0089512167911219229,0.0085186182890653536,0.00077189026849235054,-0.0028856045054406832,0,0
eight_rare,0.125,estimated,8192,8192,1600,64,126976,signed_range,1000,0,0,0,0.0036820838968656712,0.0068275510204081,0.0068375025541736302,6.5737955579802157e-06,0.0085186182890653536,0.0089512167911219229,0.0085186182890653536,0.0047314844568032387,-0.0064126001916949647,0,0
eight_rare,0.125,estimated,8192,8192,1600,64,126976,signed_variance,1000,0,0,0,0.0036820838968656712,0.0068275510204081,0.0068375025541736302,6.5737955579802157e-06,0.0085186182890653536,0.0089512167911219229,0.0085186182890653536,0.00077189026849235054,-0.0024530060033840771,0,0
eight_rare,0.25,estimated,8192,512,25,64,10816,absolute_range,1000,0,0,0,0.0036820838968656712,0.013655102040816301,0.013650069162497822,1.2628641121814319e-05,0.13295930103442344,0.13295930103442344,0.12873132000908161,0.037676004817625779,-0.15698523668955142,0,0
eight_rare,0.25,estimated,8192,512,25,64,10816,absolute_variance,1000,0,0,0,0.0036820838968656712,0.013655102040816301,0.013650069162497822,1.2628641121814319e-05,0.13295930103442344,0.13295930103442344,0.12873132000908161,0.016357998007439895,-0.1356672298793655,0,0
eight_rare,0.25,estimated,8192,512,25,64,10816,signed_range,1000,0,0,0,0.0036820838968656712,0.013655102040816301,0.013650069162497822,1.2628641121814319e-05,0.12873132000908161,0.13295930103442344,0.12873132000908161,0.037676004817625779,-0.15275725566420956,0,0
eight_rare,0.25,estimated,8192,512,25,64,10816,signed_variance,1000,0,0,0,0.0036820838968656712,0.013655102040816301,0.013650069162497822,1.2628641121814319e-05,0.12873132000908161,0.13295930103442344,0.12873132000908161,0.016357998007439895,-0.13143924885402367,0,0
eight_rare,0.25,estimated,8192,512,100,64,15616,absolute_range,1000,0,0,0,0.0036820838968656712,0.013655102040816301,0.013649478237396413,1.2628641121814319e-05,0.13295930103442344,0.13295930103442344,0.12873132000908161,0.018838002408812862,-0.1381478252058399,0,0
eight_rare,0.25,estimated,8192,512,100,64,15616,absolute_variance,1000,0,0,0,0.0036820838968656712,0.013655102040816301,0.013649478237396413,1.2628641121814319e-05,0.13295930103442344,0.13295930103442344,0.12873132000908161,0.0052809166616530363,-0.12459073945868007,0,0
eight_rare,0.25,estimated,8192,512,100,64,15616,signed_range,1000,0,0,0,0.0036820838968656712,0.013655102040816301,0.013649478237396413,1.2628641121814319e-05,0.12873132000908161,0.13295930103442344,0.12873132000908161,0.018838002408812862,-0.13391984418049807,0,0
eight_rare,0.25,estimated,8192,512,100,64,15616,signed_variance,1000,0,0,0,0.0036820838968656712,0.013655102040816301,0.013649478237396413,1.2628641121814319e-05,0.12873132000908161,0.13295930103442344,0.12873132000908161,0.0052809166616530363,-0.12036275843333823,0,0
eight_rare,0.25,estimated,8192,512,400,64,34816,absolute_range,1000,0,0,0,0.0036820838968656712,0.013655102040816301,0.013649943008660159,1.2628641121814319e-05,0.13295930103442344,0.13295930103442344,0.12873132000908161,0.0094190012044064048,-0.1287283592301697,0,0
eight_rare,0.25,estimated,8192,512,400,64,34816,absolute_variance,1000,0,0,0,0.0036820838968656712,0.013655102040816301,0.013649943008660159,1.2628641121814319e-05,0.13295930103442344,0.13295930103442344,0.12873132000908161,0.0019180439199665558,-0.12122740194572987,0,0
eight_rare,0.25,estimated,8192,512,400,64,34816,signed_range,1000,0,0,0,0.0036820838968656712,0.013655102040816301,0.013649943008660159,1.2628641121814319e-05,0.12873132000908161,0.13295930103442344,0.12873132000908161,0.0094190012044064048,-0.12450037820482786,0,0
eight_rare,0.25,estimated,8192,512,400,64,34816,signed_variance,1000,0,0,0,0.0036820838968656712,0.013655102040816301,0.013649943008660159,1.2628641121814319e-05,0.12873132000908161,0.13295930103442344,0.12873132000908161,0.0019180439199665558,-0.11699942092038802,0,0
eight_rare,0.25,estimated,8192,512,1600,64,111616,absolute_range,1000,0,0,0,0.0036820838968656712,0.013655102040816301,0.013662332429454093,1.2628641121814319e-05,0.13295930103442344,0.13295930103442344,0.12873132000908161,0.0047095006022031772,-0.12400646920717252,0,0
eight_rare,0.25,estimated,8192,512,1600,64,111616,absolute_variance,1000,0,0,0,0.0036820838968656712,0.013655102040816301,0.013662332429454093,1.2628641121814319e-05,0.13295930103442344,0.13295930103442344,0.12873132000908161,0.00077829506394966265,-0.12007526366891906,0,0
eight_rare,0.25,estimated,8192,512,1600,64,111616,signed_range,1000,0,0,0,0.0036820838968656712,0.013655102040816301,0.013662332429454093,1.2628641121814319e-05,0.12873132000908161,0.13295930103442344,0.12873132000908161,0.0047095006022031772,-0.11977848818183071,0,0
eight_rare,0.25,estimated,8192,512,1600,64,111616,signed_variance,1000,0,0,0,0.0036820838968656712,0.013655102040816301,0.013662332429454093,1.2628641121814319e-05,0.12873132000908161,0.13295930103442344,0.12873132000908161,0.00077829506394966265,-0.11584728264357719,0,0
eight_rare,0.25,estimated,8192,8192,25,64,26176,absolute_range,1000,0,0,0,0.0036820838968656712,0.013655102040816301,0.013650069162497822,1.2628641121814319e-05,0.0089183079635078277,0.0089183079635078277,0.0085640585335647352,0.037676004817625779,-0.032944243618635786,0,0
eight_rare,0.25,estimated,8192,8192,25,64,26176,absolute_variance,1000,0,0,0,0.0036820838968656712,0.013655102040816301,0.013650069162497822,1.2628641121814319e-05,0.0089183079635078277,0.0089183079635078277,0.0085640585335647352,0.016357998007439895,-0.011626236808449878,0,0
eight_rare,0.25,estimated,8192,8192,25,64,26176,signed_range,1000,0,0,0,0.0036820838968656712,0.013655102040816301,0.013650069162497822,1.2628641121814319e-05,0.0085640585335647352,0.0089183079635078277,0.0085640585335647352,0.037676004817625779,-0.032589994188692697,0,0
eight_rare,0.25,estimated,8192,8192,25,64,26176,signed_variance,1000,0,0,0,0.0036820838968656712,0.013655102040816301,0.013650069162497822,1.2628641121814319e-05,0.0085640585335647352,0.0089183079635078277,0.0085640585335647352,0.016357998007439895,-0.011271987378506815,0,0
eight_rare,0.25,estimated,8192,8192,100,64,30976,absolute_range,1000,0,0,0,0.0036820838968656712,0.013655102040816301,0.013649478237396413,1.2628641121814319e-05,0.0089183079635078277,0.0089183079635078277,0.0085640585335647352,0.018838002408812862,-0.014106832134924278,0,0
eight_rare,0.25,estimated,8192,8192,100,64,30976,absolute_variance,1000,274,0.27400000000000002,0.24655555491546699,0.30278181831000911,0.013655102040816301,0.013649478237396413,1.2628641121814319e-05,0.0089183079635078277,0.0089183079635078277,0.0085640585335647352,0.0052809166616530363,-0.00054974638776446273,0,0
eight_rare,0.25,estimated,8192,8192,100,64,30976,signed_range,1000,0,0,0,0.0036820838968656712,0.013655102040816301,0.013649478237396413,1.2628641121814319e-05,0.0085640585335647352,0.0089183079635078277,0.0085640585335647352,0.018838002408812862,-0.013752582704981187,0,0
eight_rare,0.25,estimated,8192,8192,100,64,30976,signed_variance,1000,435,0.435,0.40400337063157604,0.46638038632130563,0.013655102040816301,0.013649478237396413,1.2628641121814319e-05,0.0085640585335647352,0.0089183079635078277,0.0085640585335647352,0.0052809166616530363,-0.00019549695782140349,0,0
eight_rare,0.25,estimated,8192,8192,400,64,50176,absolute_range,1000,0,0,0,0.0036820838968656712,0.013655102040816301,0.013649943008660159,1.2628641121814319e-05,0.0089183079635078277,0.0089183079635078277,0.0085640585335647352,0.0094190012044064048,-0.0046873661592540736,0,0
eight_rare,0.25,estimated,8192,8192,400,64,50176,absolute_variance,1000,1000,1,0.99631791610313436,1,0.013655102040816301,0.013649943008660159,1.2628641121814319e-05,0.0089183079635078277,0.0089183079635078277,0.0085640585335647352,0.0019180439199665558,0.0028135911251857431,0,0
eight_rare,0.25,estimated,8192,8192,400,64,50176,signed_range,1000,0,0,0,0.0036820838968656712,0.013655102040816301,0.013649943008660159,1.2628641121814319e-05,0.0085640585335647352,0.0089183079635078277,0.0085640585335647352,0.0094190012044064048,-0.004333116729310982,0,0
eight_rare,0.25,estimated,8192,8192,400,64,50176,signed_variance,1000,1000,1,0.99631791610313436,1,0.013655102040816301,0.013649943008660159,1.2628641121814319e-05,0.0085640585335647352,0.0089183079635078277,0.0085640585335647352,0.0019180439199665558,0.0031678405551287675,0,0
eight_rare,0.25,estimated,8192,8192,1600,64,126976,absolute_range,1000,559,0.55900000000000005,0.52759097557000101,0.5900607020952654,0.013655102040816301,0.013662332429454093,1.2628641121814319e-05,0.0089183079635078277,0.0089183079635078277,0.0085640585335647352,0.0047095006022031772,3.4523863743029833e-05,0,0
eight_rare,0.25,estimated,8192,8192,1600,64,126976,absolute_variance,1000,1000,1,0.99631791610313436,1,0.013655102040816301,0.013662332429454093,1.2628641121814319e-05,0.0089183079635078277,0.0089183079635078277,0.0085640585335647352,0.00077829506394966265,0.0039657294019965622,0,0
eight_rare,0.25,estimated,8192,8192,1600,64,126976,signed_range,1000,739,0.73899999999999999,0.71060159110634846,0.7659836031579349,0.013655102040816301,0.013662332429454093,1.2628641121814319e-05,0.0085640585335647352,0.0089183079635078277,0.0085640585335647352,0.0047095006022031772,0.00038877329368610167,0,0
eight_rare,0.25,estimated,8192,8192,1600,64,126976,signed_variance,1000,1000,1,0.99631791610313436,1,0.013655102040816301,0.013662332429454093,1.2628641121814319e-05,0.0085640585335647352,0.0089183079635078277,0.0085640585335647352,0.00077829506394966265,0.0043199788319395914,0,0
eight_rare,0.5,estimated,8192,512,25,64,10816,absolute_range,1000,0,0,0,0.0036820838968656712,0.027310204081632601,0.027324151235893757,2.2312395852882895e-05,0.13293010306060296,0.13293010306060296,0.13061852771895316,0.037785162744919235,-0.14339111456962844,0,0
eight_rare,0.5,estimated,8192,512,25,64,10816,absolute_variance,1000,0,0,0,0.0036820838968656712,0.027310204081632601,0.027324151235893757,2.2312395852882895e-05,0.13293010306060296,0.13293010306060296,0.13061852771895316,0.016437496408405746,-0.1220434482331149,0,0
eight_rare,0.5,estimated,8192,512,25,64,10816,signed_range,1000,0,0,0,0.0036820838968656712,0.027310204081632601,0.027324151235893757,2.2312395852882895e-05,0.13061852771895316,0.13293010306060296,0.13061852771895316,0.037785162744919235,-0.14107953922797864,0,0
eight_rare,0.5,estimated,8192,512,25,64,10816,signed_variance,1000,0,0,0,0.0036820838968656712,0.027310204081632601,0.027324151235893757,2.2312395852882895e-05,0.13061852771895316,0.13293010306060296,0.13061852771895316,0.016437496408405746,-0.11973187289146514,0,0
eight_rare,0.5,estimated,8192,512,100,64,15616,absolute_range,1000,0,0,0,0.0036820838968656712,0.027310204081632601,0.027333820666778103,2.2312395852882895e-05,0.13293010306060296,0.13293010306060296,0.13061852771895316,0.018892581372459596,-0.12448886376628446,0,0
eight_rare,0.5,estimated,8192,512,100,64,15616,absolute_variance,1000,0,0,0,0.0036820838968656712,0.027310204081632601,0.027333820666778103,2.2312395852882895e-05,0.13293010306060296,0.13293010306060296,0.13061852771895316,0.005313791652313841,-0.1109100740461387,0,0
eight_rare,0.5,estimated,8192,512,100,64,15616,signed_range,1000,0,0,0,0.0036820838968656712,0.027310204081632601,0.027333820666778103,2.2312395852882895e-05,0.13061852771895316,0.13293010306060296,0.13061852771895316,0.018892581372459596,-0.12217728842463467,0,0
eight_rare,0.5,estimated,8192,512,100,64,15616,signed_variance,1000,0,0,0,0.0036820838968656712,0.027310204081632601,0.027333820666778103,2.2312395852882895e-05,0.13061852771895316,0.13293010306060296,0.13061852771895316,0.005313791652313841,-0.10859849870448891,0,0
eight_rare,0.5,estimated,8192,512,400,64,34816,absolute_range,1000,0,0,0,0.0036820838968656712,0.027310204081632601,0.027338102047195164,2.2312395852882895e-05,0.13293010306060296,0.13293010306060296,0.13061852771895316,0.0094462906862297722,-0.11503829169963757,0,0
eight_rare,0.5,estimated,8192,512,400,64,34816,absolute_variance,1000,0,0,0,0.0036820838968656712,0.027310204081632601,0.027338102047195164,2.2312395852882895e-05,0.13293010306060296,0.13293010306060296,0.13061852771895316,0.0019324296701311715,-0.10752443068353899,0,0
eight_rare,0.5,estimated,8192,512,400,64,34816,signed_range,1000,0,0,0,0.0036820838968656712,0.027310204081632601,0.027338102047195164,2.2312395852882895e-05,0.13061852771895316,0.13293010306060296,0.13061852771895316,0.0094462906862297722,-0.11272671635798778,0,0
eight_rare,0.5,estimated,8192,512,400,64,34816,signed_variance,1000,0,0,0,0.0036820838968656712,0.027310204081632601,0.027338102047195164,2.2312395852882895e-05,0.13061852771895316,0.13293010306060296,0.13061852771895316,0.0019324296701311715,-0.10521285534188916,0,0
eight_rare,0.5,estimated,8192,512,1600,64,111616,absolute_range,1000,0,0,0,0.0036820838968656712,0.027310204081632601,0.027332964936010201,2.2312395852882895e-05,0.13293010306060296,0.13293010306060296,0.13061852771895316,0.0047231453431148618,-0.11032028346770761,0,0
eight_rare,0.5,estimated,8192,512,1600,64,111616,absolute_variance,1000,0,0,0,0.0036820838968656712,0.027310204081632601,0.027332964936010201,2.2312395852882895e-05,0.13293010306060296,0.13293010306060296,0.13061852771895316,0.00078487613715900854,-0.10638201426175181,0,0
eight_rare,0.5,estimated,8192,512,1600,64,111616,signed_range,1000,0,0,0,0.0036820838968656712,0.027310204081632601,0.027332964936010201,2.2312395852882895e-05,0.13061852771895316,0.13293010306060296,0.13061852771895316,0.0047231453431148618,-0.10800870812605783,0,0
eight_rare,0.5,estimated,8192,512,1600,64,111616,signed_variance,1000,0,0,0,0.0036820838968656712,0.027310204081632601,0.027332964936010201,2.2312395852882895e-05,0.13061852771895316,0.13293010306060296,0.13061852771895316,0.00078487613715900854,-0.10407043892010197,0,0
eight_rare,0.5,estimated,8192,8192,25,64,26176,absolute_range,1000,0,0,0,0.0036820838968656712,0.027310204081632601,0.027324151235893757,2.2312395852882895e-05,0.0089587796163078399,0.0089587796163078399,0.0087385794570896628,0.037785162744919235,-0.019419791125333312,0,0
eight_rare,0.5,estimated,8192,8192,25,64,26176,absolute_variance,1000,890,0.89000000000000001,0.86894753636251232,0.90872222554053383,0.027310204081632601,0.027324151235893757,2.2312395852882895e-05,0.0089587796163078399,0.0089587796163078399,0.0087385794570896628,0.016437496408405746,0.0019278752111802071,0,0
eight_rare,0.5,estimated,8192,8192,25,64,26176,signed_range,1000,0,0,0,0.0036820838968656712,0.027310204081632601,0.027324151235893757,2.2312395852882895e-05,0.0087385794570896628,0.0089587796163078399,0.0087385794570896628,0.037785162744919235,-0.019199590966115135,0,0
eight_rare,0.5,estimated,8192,8192,25,64,26176,signed_variance,1000,916,0.91600000000000004,0.89705700100826502,0.93244725802941675,0.027310204081632601,0.027324151235893757,2.2312395852882895e-05,0.0087385794570896628,0.0089587796163078399,0.0087385794570896628,0.016437496408405746,0.002148075370398266,0,0
eight_rare,0.5,estimated,8192,8192,100,64,30976,absolute_range,1000,356,0.35599999999999998,0.32628426644823627,0.38656652582891754,0.027310204081632601,0.027333820666778103,2.2312395852882895e-05,0.0089587796163078399,0.0089587796163078399,0.0087385794570896628,0.018892581372459596,-0.00051754032198936793,0,0
eight_rare,0.5,estimated,8192,8192,100,64,30976,absolute_variance,1000,1000,1,0.99631791610313436,1,0.027310204081632601,0.027333820666778103,2.2312395852882895e-05,0.0089587796163078399,0.0089587796163078399,0.0087385794570896628,0.005313791652313841,0.013061249398156406,0,0
eight_rare,0.5,estimated,8192,8192,100,64,30976,signed_range,1000,421,0.42099999999999999,0.39017067982743703,0.45229577234734175,0.027310204081632601,0.027333820666778103,2.2312395852882895e-05,0.0087385794570896628,0.0089587796163078399,0.0087385794570896628,0.018892581372459596,-0.00029734016277119588,0,0
eight_rare,0.5,estimated,8192,8192,100,64,30976,signed_variance,1000,1000,1,0.99631791610313436,1,0.027310204081632601,0.027333820666778103,2.2312395852882895e-05,0.0087385794570896628,0.0089587796163078399,0.0087385794570896628,0.005313791652313841,0.013281449557374496,0,0
eight_rare,0.5,estimated,8192,8192,400,64,50176,absolute_range,1000,1000,1,0.99631791610313436,1,0.027310204081632601,0.027338102047195164,2.2312395852882895e-05,0.0089587796163078399,0.0089587796163078399,0.0087385794570896628,0.0094462906862297722,0.0089330317446574478,0,0
eight_rare,0.5,estimated,8192,8192,400,64,50176,absolute_variance,1000,1000,1,0.99631791610313436,1,0.027310204081632601,0.027338102047195164,2.2312395852882895e-05,0.0089587796163078399,0.0089587796163078399,0.0087385794570896628,0.0019324296701311715,0.016446892760756119,0,0
eight_rare,0.5,estimated,8192,8192,400,64,50176,signed_range,1000,1000,1,0.99631791610313436,1,0.027310204081632601,0.027338102047195164,2.2312395852882895e-05,0.0087385794570896628,0.0089587796163078399,0.0087385794570896628,0.0094462906862297722,0.0091532319038756284,0,0
eight_rare,0.5,estimated,8192,8192,400,64,50176,signed_variance,1000,1000,1,0.99631791610313436,1,0.027310204081632601,0.027338102047195164,2.2312395852882895e-05,0.0087385794570896628,0.0089587796163078399,0.0087385794570896628,0.0019324296701311715,0.016667092919974227,0,0
eight_rare,0.5,estimated,8192,8192,1600,64,126976,absolute_range,1000,1000,1,0.99631791610313436,1,0.027310204081632601,0.027332964936010201,2.2312395852882895e-05,0.0089587796163078399,0.0089587796163078399,0.0087385794570896628,0.0047231453431148618,0.0136510399765874,0,0
eight_rare,0.5,estimated,8192,8192,1600,64,126976,absolute_variance,1000,1000,1,0.99631791610313436,1,0.027310204081632601,0.027332964936010201,2.2312395852882895e-05,0.0089587796163078399,0.0089587796163078399,0.0087385794570896628,0.00078487613715900854,0.017589309182543311,0,0
eight_rare,0.5,estimated,8192,8192,1600,64,126976,signed_range,1000,1000,1,0.99631791610313436,1,0.027310204081632601,0.027332964936010201,2.2312395852882895e-05,0.0087385794570896628,0.0089587796163078399,0.0087385794570896628,0.0047231453431148618,0.013871240135805579,0,0
eight_rare,0.5,estimated,8192,8192,1600,64,126976,signed_variance,1000,1000,1,0.99631791610313436,1,0.027310204081632601,0.027332964936010201,2.2312395852882895e-05,0.0087385794570896628,0.0089587796163078399,0.0087385794570896628,0.00078487613715900854,0.017809509341761426,0,0
two_balanced,-0.125,estimated,8192,512,25,64,10816,absolute_range,1000,0,0,0,0.0036820838968656712,-0.0050000000000000001,-0.0050035360138050962,2.176257474266842e-06,0.028872415468745822,0.028872415468745822,0.027412182911414198,0.034911927779282162,-0.068787879261833176,0,0
two_balanced,-0.125,estimated,8192,512,25,64,10816,absolute_variance,1000,0,0,0,0.0036820838968656712,-0.0050000000000000001,-0.0050035360138050962,2.176257474266842e-06,0.028872415468745822,0.028872415468745822,0.027412182911414198,0.014106816140785339,-0.047982767623336191,0,0
two_balanced,-0.125,estimated,8192,512,25,64,10816,signed_range,1000,0,0,0,0.0036820838968656712,-0.0050000000000000001,-0.0050035360138050962,2.176257474266842e-06,0.027412182911414198,0.028872415468745822,0.027412182911414198,0.034911927779282162,-0.067327646704501545,0,0
two_balanced,-0.125,estimated,8192,512,25,64,10816,signed_variance,1000,0,0,0,0.0036820838968656712,-0.0050000000000000001,-0.0050035360138050962,2.176257474266842e-06,0.027412182911414198,0.028872415468745822,0.027412182911414198,0.014106816140785339,-0.04652253506600474,0,0
two_balanced,-0.125,estimated,8192,512,100,64,15616,absolute_range,1000,0,0,0,0.0036820838968656712,-0.0050000000000000001,-0.0049960879391482199,2.176257474266842e-06,0.028872415468745822,0.028872415468745822,0.027412182911414198,0.017455963889641053,-0.051324467297535196,0,0
two_balanced,-0.125,estimated,8192,512,100,64,15616,absolute_variance,1000,0,0,0,0.0036820838968656712,-0.0050000000000000001,-0.0049960879391482199,2.176257474266842e-06,0.028872415468745822,0.028872415468745822,0.027412182911414198,0.004370524426790718,-0.038239027834684754,0,0
two_balanced,-0.125,estimated,8192,512,100,64,15616,signed_range,1000,0,0,0,0.0036820838968656712,-0.0050000000000000001,-0.0049960879391482199,2.176257474266842e-06,0.027412182911414198,0.028872415468745822,0.027412182911414198,0.017455963889641053,-0.049864234740203579,0,0
two_balanced,-0.125,estimated,8192,512,100,64,15616,signed_variance,1000,0,0,0,0.0036820838968656712,-0.0050000000000000001,-0.0049960879391482199,2.176257474266842e-06,0.027412182911414198,0.028872415468745822,0.027412182911414198,0.004370524426790718,-0.036778795277353241,0,0
two_balanced,-0.125,estimated,8192,512,400,64,34816,absolute_range,1000,0,0,0,0.0036820838968656712,-0.0050000000000000001,-0.0049852435495197182,2.176257474266842e-06,0.028872415468745822,0.028872415468745822,0.027412182911414198,0.0087279819448205006,-0.04258564096308614,0,0
two_balanced,-0.125,estimated,8192,512,400,64,34816,absolute_variance,1000,0,0,0,0.0036820838968656712,-0.0050000000000000001,-0.0049852435495197182,2.176257474266842e-06,0.028872415468745822,0.028872415468745822,0.027412182911414198,0.001515992888480912,-0.035373651906746476,0,0
two_balanced,-0.125,estimated,8192,512,400,64,34816,signed_range,1000,0,0,0,0.0036820838968656712,-0.0050000000000000001,-0.0049852435495197182,2.176257474266842e-06,0.027412182911414198,0.028872415468745822,0.027412182911414198,0.0087279819448205006,-0.041125408405754522,0,0
two_balanced,-0.125,estimated,8192,512,400,64,34816,signed_variance,1000,0,0,0,0.0036820838968656712,-0.0050000000000000001,-0.0049852435495197182,2.176257474266842e-06,0.027412182911414198,0.028872415468745822,0.027412182911414198,0.001515992888480912,-0.033913419349414935,0,0
two_balanced,-0.125,estimated,8192,512,1600,64,111616,absolute_range,1000,0,0,0,0.0036820838968656712,-0.0050000000000000001,-0.0049948159563674571,2.176257474266842e-06,0.028872415468745822,0.028872415468745822,0.027412182911414198,0.0043639909724102243,-0.038231222397523607,0,0
two_balanced,-0.125,estimated,8192,512,1600,64,111616,absolute_variance,1000,0,0,0,0.0036820838968656712,-0.0050000000000000001,-0.0049948159563674571,2.176257474266842e-06,0.028872415468745822,0.028872415468745822,0.027412182911414198,0.00059058193730409238,-0.034457813362417405,0,0
two_balanced,-0.125,estimated,8192,512,1600,64,111616,signed_range,1000,0,0,0,0.0036820838968656712,-0.0050000000000000001,-0.0049948159563674571,2.176257474266842e-06,0.027412182911414198,0.028872415468745822,0.027412182911414198,0.0043639909724102243,-0.036770989840191989,0,0
two_balanced,-0.125,estimated,8192,512,1600,64,111616,signed_variance,1000,0,0,0,0.0036820838968656712,-0.0050000000000000001,-0.0049948159563674571,2.176257474266842e-06,0.027412182911414198,0.028872415468745822,0.027412182911414198,0.00059058193730409238,-0.032997580805085851,0,0
two_balanced,-0.125,estimated,8192,8192,25,64,26176,absolute_range,1000,0,0,0,0.0036820838968656712,-0.0050000000000000001,-0.0050035360138050962,2.176257474266842e-06,0.0018306987960881496,0.0018306987960881496,0.0017301866937780221,0.034911927779282162,-0.041746162589175503,0,0
two_balanced,-0.125,estimated,8192,8192,25,64,26176,absolute_variance,1000,0,0,0,0.0036820838968656712,-0.0050000000000000001,-0.0050035360138050962,2.176257474266842e-06,0.0018306987960881496,0.0018306987960881496,0.0017301866937780221,0.014106816140785339,-0.020941050950678525,0,0
two_balanced,-0.125,estimated,8192,8192,25,64,26176,signed_range,1000,0,0,0,0.0036820838968656712,-0.0050000000000000001,-0.0050035360138050962,2.176257474266842e-06,0.0017301866937780221,0.0018306987960881496,0.0017301866937780221,0.034911927779282162,-0.041645650486865381,0,0
two_balanced,-0.125,estimated,8192,8192,25,64,26176,signed_variance,1000,0,0,0,0.0036820838968656712,-0.0050000000000000001,-0.0050035360138050962,2.176257474266842e-06,0.0017301866937780221,0.0018306987960881496,0.0017301866937780221,0.014106816140785339,-0.020840538848368558,0,0
two_balanced,-0.125,estimated,8192,8192,100,64,30976,absolute_range,1000,0,0,0,0.0036820838968656712,-0.0050000000000000001,-0.0049960879391482199,2.176257474266842e-06,0.0018306987960881496,0.0018306987960881496,0.0017301866937780221,0.017455963889641053,-0.024282750624877527,0,0
two_balanced,-0.125,estimated,8192,8192,100,64,30976,absolute_variance,1000,0,0,0,0.0036820838968656712,-0.0050000000000000001,-0.0049960879391482199,2.176257474266842e-06,0.0018306987960881496,0.0018306987960881496,0.0017301866937780221,0.004370524426790718,-0.011197311162027086,0,0
two_balanced,-0.125,estimated,8192,8192,100,64,30976,signed_range,1000,0,0,0,0.0036820838968656712,-0.0050000000000000001,-0.0049960879391482199,2.176257474266842e-06,0.0017301866937780221,0.0018306987960881496,0.0017301866937780221,0.017455963889641053,-0.024182238522567394,0,0
two_balanced,-0.125,estimated,8192,8192,100,64,30976,signed_variance,1000,0,0,0,0.0036820838968656712,-0.0050000000000000001,-0.0049960879391482199,2.176257474266842e-06,0.0017301866937780221,0.0018306987960881496,0.0017301866937780221,0.004370524426790718,-0.011096799059717062,0,0
two_balanced,-0.125,estimated,8192,8192,400,64,50176,absolute_range,1000,0,0,0,0.0036820838968656712,-0.0050000000000000001,-0.0049852435495197182,2.176257474266842e-06,0.0018306987960881496,0.0018306987960881496,0.0017301866937780221,0.0087279819448205006,-0.015543924290428468,0,0
two_balanced,-0.125,estimated,8192,8192,400,64,50176,absolute_variance,1000,0,0,0,0.0036820838968656712,-0.0050000000000000001,-0.0049852435495197182,2.176257474266842e-06,0.0018306987960881496,0.0018306987960881496,0.0017301866937780221,0.001515992888480912,-0.0083319352340888025,0,0
two_balanced,-0.125,estimated,8192,8192,400,64,50176,signed_range,1000,0,0,0,0.0036820838968656712,-0.0050000000000000001,-0.0049852435495197182,2.176257474266842e-06,0.0017301866937780221,0.0018306987960881496,0.0017301866937780221,0.0087279819448205006,-0.01544341218811834,0,0
two_balanced,-0.125,estimated,8192,8192,400,64,50176,signed_variance,1000,0,0,0,0.0036820838968656712,-0.0050000000000000001,-0.0049852435495197182,2.176257474266842e-06,0.0017301866937780221,0.0018306987960881496,0.0017301866937780221,0.001515992888480912,-0.0082314231317787544,0,0
two_balanced,-0.125,estimated,8192,8192,1600,64,126976,absolute_range,1000,0,0,0,0.0036820838968656712,-0.0050000000000000001,-0.0049948159563674571,2.176257474266842e-06,0.0018306987960881496,0.0018306987960881496,0.0017301866937780221,0.0043639909724102243,-0.011189505724865932,0,0
two_balanced,-0.125,estimated,8192,8192,1600,64,126976,absolute_variance,1000,0,0,0,0.0036820838968656712,-0.0050000000000000001,-0.0049948159563674571,2.176257474266842e-06,0.0018306987960881496,0.0018306987960881496,0.0017301866937780221,0.00059058193730409238,-0.0074160966897597368,0,0
two_balanced,-0.125,estimated,8192,8192,1600,64,126976,signed_range,1000,0,0,0,0.0036820838968656712,-0.0050000000000000001,-0.0049948159563674571,2.176257474266842e-06,0.0017301866937780221,0.0018306987960881496,0.0017301866937780221,0.0043639909724102243,-0.011088993622555806,0,0
two_balanced,-0.125,estimated,8192,8192,1600,64,126976,signed_variance,1000,0,0,0,0.0036820838968656712,-0.0050000000000000001,-0.0049948159563674571,2.176257474266842e-06,0.0017301866937780221,0.0018306987960881496,0.0017301866937780221,0.00059058193730409238,-0.007315584587449674,0,0
two_balanced,-0.125,opposed_shifts,8192,8192,25,64,26176,absolute_range,1000,0,0,0,0.0036820838968656712,-0.0050000000000000001,-0.027503191108721424,-0.02249773222450098,0.035499682917844111,0.035499682917844111,-0.012480938440950599,0.042933542152455199,-0.10593641617902082,0,0
two_balanced,-0.125,opposed_shifts,8192,8192,25,64,26176,absolute_variance,1000,0,0,0,0.0036820838968656712,-0.0050000000000000001,-0.027503191108721424,-0.02249773222450098,0.035499682917844111,0.035499682917844111,-0.012480938440950599,0.01657175892547607,-0.079574632952041535,0,0
two_balanced,-0.125,opposed_shifts,8192,8192,25,64,26176,signed_range,1000,0,0,0,0.0036820838968656712,-0.0050000000000000001,-0.027503191108721424,-0.02249773222450098,-0.012480938440950599,0.035499682917844111,-0.012480938440950599,0.042933542152455199,-0.057955794820226017,0,0
two_balanced,-0.125,opposed_shifts,8192,8192,25,64,26176,signed_variance,1000,0,0,0,0.0036820838968656712,-0.0050000000000000001,-0.027503191108721424,-0.02249773222450098,-0.012480938440950599,0.035499682917844111,-0.012480938440950599,0.01657175892547607,-0.031594011593246894,0,0
two_balanced,-0.125,opposed_shifts,8192,8192,100,64,30976,absolute_range,1000,0,0,0,0.0036820838968656712,-0.0050000000000000001,-0.027495962891176975,-0.02249773222450098,0.035499682917844111,0.035499682917844111,-0.012480938440950599,0.021466771076227568,-0.084462416885248762,0,0
two_balanced,-0.125,opposed_shifts,8192,8192,100,64,30976,absolute_variance,1000,0,0,0,0.0036820838968656712,-0.0050000000000000001,-0.027495962891176975,-0.02249773222450098,0.035499682917844111,0.035499682917844111,-0.012480938440950599,0.0049864192003592489,-0.067982065009380338,0,0
two_balanced,-0.125,opposed_shifts,8192,8192,100,64,30976,signed_range,1000,0,0,0,0.0036820838968656712,-0.0050000000000000001,-0.027495962891176975,-0.02249773222450098,-0.012480938440950599,0.035499682917844111,-0.012480938440950599,0.021466771076227568,-0.036481795526453947,0,0
two_balanced,-0.125,opposed_shifts,8192,8192,100,64,30976,signed_variance,1000,0,0,0,0.0036820838968656712,-0.0050000000000000001,-0.027495962891176975,-0.02249773222450098,-0.012480938440950599,0.035499682917844111,-0.012480938440950599,0.0049864192003592489,-0.020001443650585624,0,0
two_balanced,-0.125,opposed_shifts,8192,8192,400,64,50176,absolute_range,1000,0,0,0,0.0036820838968656712,-0.0050000000000000001,-0.027485260984519404,-0.02249773222450098,0.035499682917844111,0.035499682917844111,-0.012480938440950599,0.01073338553811376,-0.073718329440477376,0,0
two_balanced,-0.125,opposed_shifts,8192,8192,400,64,50176,absolute_variance,1000,0,0,0,0.0036820838968656712,-0.0050000000000000001,-0.027485260984519404,-0.02249773222450098,0.035499682917844111,0.035499682917844111,-0.012480938440950599,0.0016699609660583291,-0.064654904868421861,0,0
two_balanced,-0.125,opposed_shifts,8192,8192,400,64,50176,signed_range,1000,0,0,0,0.0036820838968656712,-0.0050000000000000001,-0.027485260984519404,-0.02249773222450098,-0.012480938440950599,0.035499682917844111,-0.012480938440950599,0.01073338553811376,-0.025737708081682562,0,0
two_balanced,-0.125,opposed_shifts,8192,8192,400,64,50176,signed_variance,1000,0,0,0,0.0036820838968656712,-0.0050000000000000001,-0.027485260984519404,-0.02249773222450098,-0.012480938440950599,0.035499682917844111,-0.012480938440950599,0.0016699609660583291,-0.01667428350962713,0,0
two_balanced,-0.125,opposed_shifts,8192,8192,1600,64,126976,absolute_range,1000,0,0,0,0.0036820838968656712,-0.0050000000000000001,-0.027494787871173508,-0.02249773222450098,0.035499682917844111,0.035499682917844111,-0.012480938440950599,0.005366692769056854,-0.068361163558074561,0,0
two_balanced,-0.125,opposed_shifts,8192,8192,1600,64,126976,absolute_variance,1000,0,0,0,0.0036820838968656712,-0.0050000000000000001,-0.027494787871173508,-0.02249773222450098,0.035499682917844111,0.035499682917844111,-0.012480938440950599,0.00062908242930925123,-0.063623553218326898,0,0
two_balanced,-0.125,opposed_shifts,8192,8192,1600,64,126976,signed_range,1000,0,0,0,0.0036820838968656712,-0.0050000000000000001,-0.027494787871173508,-0.02249773222450098,-0.012480938440950599,0.035499682917844111,-0.012480938440950599,0.005366692769056854,-0.020380542199279764,0,0
two_balanced,-0.125,opposed_shifts,8192,8192,1600,64,126976,signed_variance,1000,0,0,0,0.0036820838968656712,-0.0050000000000000001,-0.027494787871173508,-0.02249773222450098,-0.012480938440950599,0.035499682917844111,-0.012480938440950599,0.00062908242930925123,-0.01564293185953216,0,0
two_balanced,0,estimated,8192,512,25,64,10816,absolute_range,1000,0,0,0,0.0036820838968656712,0,-2.6570499384565247e-05,2.6950382976367557e-06,0.029030323821161944,0.029030323821161944,0.027805601898528546,0.034910975781233658,-0.063967870101780205,0,0
two_balanced,0,estimated,8192,512,25,64,10816,absolute_variance,1000,0,0,0,0.0036820838968656712,0,-2.6570499384565247e-05,2.6950382976367557e-06,0.029030323821161944,0.029030323821161944,0.027805601898528546,0.014413773959891582,-0.043470668280438031,0,0
two_balanced,0,estimated,8192,512,25,64,10816,signed_range,1000,0,0,0,0.0036820838968656712,0,-2.6570499384565247e-05,2.6950382976367557e-06,0.027805601898528546,0.029030323821161944,0.027805601898528546,0.034910975781233658,-0.062743148179146835,0,0
two_balanced,0,estimated,8192,512,25,64,10816,signed_variance,1000,0,0,0,0.0036820838968656712,0,-2.6570499384565247e-05,2.6950382976367557e-06,0.027805601898528546,0.029030323821161944,0.027805601898528546,0.014413773959891582,-0.042245946357804744,0,0
two_balanced,0,estimated,8192,512,100,64,15616,absolute_range,1000,0,0,0,0.0036820838968656712,0,1.5237600466451099e-05,2.6950382976367557e-06,0.029030323821161944,0.029030323821161944,0.027805601898528546,0.017455487890616801,-0.046470574111312328,0,0
two_balanced,0,estimated,8192,512,100,64,15616,absolute_variance,1000,0,0,0,0.0036820838968656712,0,1.5237600466451099e-05,2.6950382976367557e-06,0.029030323821161944,0.029030323821161944,0.027805601898528546,0.0045256878052569102,-0.033540774025952402,0,0
two_balanced,0,estimated,8192,512,100,64,15616,signed_range,1000,0,0,0,0.0036820838968656712,0,1.5237600466451099e-05,2.6950382976367557e-06,0.027805601898528546,0.029030323821161944,0.027805601898528546,0.017455487890616801,-0.045245852188678944,0,0
two_balanced,0,estimated,8192,512,100,64,15616,signed_variance,1000,0,0,0,0.0036820838968656712,0,1.5237600466451099e-05,2.6950382976367557e-06,0.027805601898528546,0.029030323821161944,0.027805601898528546,0.0045256878052569102,-0.032316052103319053,0,0
two_balanced,0,estimated,8192,512,400,64,34816,absolute_range,1000,0,0,0,0.0036820838968656712,0,6.8374266989585974e-06,2.6950382976367557e-06,0.029030323821161944,0.029030323821161944,0.027805601898528546,0.0087277439453083763,-0.037751230339771395,0,0
two_balanced,0,estimated,8192,512,400,64,34816,absolute_variance,1000,0,0,0,0.0036820838968656712,0,6.8374266989585974e-06,2.6950382976367557e-06,0.029030323821161944,0.029030323821161944,0.027805601898528546,0.0015928147330100098,-0.030616301127473017,0,0
two_balanced,0,estimated,8192,512,400,64,34816,signed_range,1000,0,0,0,0.0036820838968656712,0,6.8374266989585974e-06,2.6950382976367557e-06,0.027805601898528546,0.029030323821161944,0.027805601898528546,0.0087277439453083763,-0.036526508417138018,0,0
two_balanced,0,estimated,8192,512,400,64,34816,signed_variance,1000,0,0,0,0.0036820838968656712,0,6.8374266989585974e-06,2.6950382976367557e-06,0.027805601898528546,0.029030323821161944,0.027805601898528546,0.0015928147330100098,-0.029391579204839646,0,0
two_balanced,0,estimated,8192,512,1600,64,111616,absolute_range,1000,0,0,0,0.0036820838968656712,0,3.4624269262522055e-06,2.6950382976367557e-06,0.029030323821161944,0.029030323821161944,0.027805601898528546,0.0043638719726541639,-0.033390733366889906,0,0
two_balanced,0,estimated,8192,512,1600,64,111616,absolute_variance,1000,0,0,0,0.0036820838968656712,0,3.4624269262522055e-06,2.6950382976367557e-06,0.029030323821161944,0.029030323821161944,0.027805601898528546,0.00062885233080780514,-0.029655713725043532,0,0
two_balanced,0,estimated,8192,512,1600,64,111616,signed_range,1000,0,0,0,0.0036820838968656712,0,3.4624269262522055e-06,2.6950382976367557e-06,0.027805601898528546,0.029030323821161944,0.027805601898528546,0.0043638719726541639,-0.032166011444256515,0,0
two_balanced,0,estimated,8192,512,1600,64,111616,signed_variance,1000,0,0,0,0.0036820838968656712,0,3.4624269262522055e-06,2.6950382976367557e-06,0.027805601898528546,0.029030323821161944,0.027805601898528546,0.00062885233080780514,-0.028430991802410151,0,0
two_balanced,0,estimated,8192,8192,25,64,26176,absolute_range,1000,0,0,0,0.0036820838968656712,0,-2.6570499384565247e-05,2.6950382976367557e-06,0.001838736082994381,0.001838736082994381,0.0017548016369828552,0.034910975781233658,-0.036776282363612654,0,0
two_balanced,0,estimated,8192,8192,25,64,26176,absolute_variance,1000,0,0,0,0.0036820838968656712,0,-2.6570499384565247e-05,2.6950382976367557e-06,0.001838736082994381,0.001838736082994381,0.0017548016369828552,0.014413773959891582,-0.016279080542270476,0,0
two_balanced,0,estimated,8192,8192,25,64,26176,signed_range,1000,0,0,0,0.0036820838968656712,0,-2.6570499384565247e-05,2.6950382976367557e-06,0.0017548016369828552,0.001838736082994381,0.0017548016369828552,0.034910975781233658,-0.036692347917601127,0,0
two_balanced,0,estimated,8192,8192,25,64,26176,signed_variance,1000,0,0,0,0.0036820838968656712,0,-2.6570499384565247e-05,2.6950382976367557e-06,0.0017548016369828552,0.001838736082994381,0.0017548016369828552,0.014413773959891582,-0.016195146096259057,0,0
two_balanced,0,estimated,8192,8192,100,64,30976,absolute_range,1000,0,0,0,0.0036820838968656712,0,1.5237600466451099e-05,2.6950382976367557e-06,0.001838736082994381,0.001838736082994381,0.0017548016369828552,0.017455487890616801,-0.019278986373144784,0,0
two_balanced,0,estimated,8192,8192,100,64,30976,absolute_variance,1000,0,0,0,0.0036820838968656712,0,1.5237600466451099e-05,2.6950382976367557e-06,0.001838736082994381,0.001838736082994381,0.0017548016369828552,0.0045256878052569102,-0.0063491862877848417,0,0
two_balanced,0,estimated,8192,8192,100,64,30976,signed_range,1000,0,0,0,0.0036820838968656712,0,1.5237600466451099e-05,2.6950382976367557e-06,0.0017548016369828552,0.001838736082994381,0.0017548016369828552,0.017455487890616801,-0.019195051927133253,0,0
two_balanced,0,estimated,8192,8192,100,64,30976,signed_variance,1000,0,0,0,0.0036820838968656712,0,1.5237600466451099e-05,2.6950382976367557e-06,0.0017548016369828552,0.001838736082994381,0.0017548016369828552,0.0045256878052569102,-0.0062652518417733614,0,0
two_balanced,0,estimated,8192,8192,400,64,50176,absolute_range,1000,0,0,0,0.0036820838968656712,0,6.8374266989585974e-06,2.6950382976367557e-06,0.001838736082994381,0.001838736082994381,0.0017548016369828552,0.0087277439453083763,-0.010559642601603848,0,0
two_balanced,0,estimated,8192,8192,400,64,50176,absolute_variance,1000,0,0,0,0.0036820838968656712,0,6.8374266989585974e-06,2.6950382976367557e-06,0.001838736082994381,0.001838736082994381,0.0017548016369828552,0.0015928147330100098,-0.0034247133893054579,0,0
two_balanced,0,estimated,8192,8192,400,64,50176,signed_range,1000,0,0,0,0.0036820838968656712,0,6.8374266989585974e-06,2.6950382976367557e-06,0.0017548016369828552,0.001838736082994381,0.0017548016369828552,0.0087277439453083763,-0.010475708155592319,0,0
two_balanced,0,estimated,8192,8192,400,64,50176,signed_variance,1000,0,0,0,0.0036820838968656712,0,6.8374266989585974e-06,2.6950382976367557e-06,0.0017548016369828552,0.001838736082994381,0.0017548016369828552,0.0015928147330100098,-0.0033407789432939551,0,0
two_balanced,0,estimated,8192,8192,1600,64,126976,absolute_range,1000,0,0,0,0.0036820838968656712,0,3.4624269262522055e-06,2.6950382976367557e-06,0.001838736082994381,0.001838736082994381,0.0017548016369828552,0.0043638719726541639,-0.0061991456287223429,0,0
two_balanced,0,estimated,8192,8192,1600,64,126976,absolute_variance,1000,0,0,0,0.0036820838968656712,0,3.4624269262522055e-06,2.6950382976367557e-06,0.001838736082994381,0.001838736082994381,0.0017548016369828552,0.00062885233080780514,-0.0024641259868759739,0,0
two_balanced,0,estimated,8192,8192,1600,64,126976,signed_range,1000,0,0,0,0.0036820838968656712,0,3.4624269262522055e-06,2.6950382976367557e-06,0.0017548016369828552,0.001838736082994381,0.0017548016369828552,0.0043638719726541639,-0.0061152111827108141,0,0
two_balanced,0,estimated,8192,8192,1600,64,126976,signed_variance,1000,0,0,0,0.0036820838968656712,0,3.4624269262522055e-06,2.6950382976367557e-06,0.0017548016369828552,0.001838736082994381,0.0017548016369828552,0.00062885233080780514,-0.0023801915408644594,0,0
two_balanced,0,opposed_shifts,8192,8192,25,64,26176,absolute_range,1000,0,0,0,0.0036820838968656712,0,-0.022526470502110291,-0.022497372795188379,0.035476905656360504,0.035476905656360504,-0.012465656636186786,0.042929560638475535,-0.10093293679694643,0,0
two_balanced,0,opposed_shifts,8192,8192,25,64,26176,absolute_variance,1000,0,0,0,0.0036820838968656712,0,-0.022526470502110291,-0.022497372795188379,0.035476905656360504,0.035476905656360504,-0.012465656636186786,0.016877704274145124,-0.074881080432615849,0,0
two_balanced,0,opposed_shifts,8192,8192,25,64,26176,signed_range,1000,0,0,0,0.0036820838968656712,0,-0.022526470502110291,-0.022497372795188379,-0.012465656636186786,0.035476905656360504,-0.012465656636186786,0.042929560638475535,-0.052990374504399043,0,0
two_balanced,0,opposed_shifts,8192,8192,25,64,26176,signed_variance,1000,0,0,0,0.0036820838968656712,0,-0.022526470502110291,-0.022497372795188379,-0.012465656636186786,0.035476905656360504,-0.012465656636186786,0.016877704274145124,-0.026938518140068628,0,0
two_balanced,0,opposed_shifts,8192,8192,100,64,30976,absolute_range,1000,0,0,0,0.0036820838968656712,0,-0.02248475147576157,-0.022497372795188379,0.035476905656360504,0.035476905656360504,-0.012465656636186786,0.021464780319237743,-0.079426437451359896,0,0
two_balanced,0,opposed_shifts,8192,8192,100,64,30976,absolute_variance,1000,0,0,0,0.0036820838968656712,0,-0.02248475147576157,-0.022497372795188379,0.035476905656360504,0.035476905656360504,-0.012465656636186786,0.0051413283966836691,-0.063102985528805736,0,0
two_balanced,0,opposed_shifts,8192,8192,100,64,30976,signed_range,1000,0,0,0,0.0036820838968656712,0,-0.02248475147576157,-0.022497372795188379,-0.012465656636186786,0.035476905656360504,-0.012465656636186786,0.021464780319237743,-0.031483875158812527,0,0
two_balanced,0,opposed_shifts,8192,8192,100,64,30976,signed_variance,1000,0,0,0,0.0036820838968656712,0,-0.02248475147576157,-0.022497372795188379,-0.012465656636186786,0.035476905656360504,-0.012465656636186786,0.0051413283966836691,-0.015160423236258453,0,0
two_balanced,0,opposed_shifts,8192,8192,400,64,50176,absolute_range,1000,0,0,0,0.0036820838968656712,0,-0.022493243638512943,-0.022497372795188379,0.035476905656360504,0.035476905656360504,-0.012465656636186786,0.010732390159618846,-0.068702539454492395,0,0
two_balanced,0,opposed_shifts,8192,8192,400,64,50176,absolute_variance,1000,0,0,0,0.0036820838968656712,0,-0.022493243638512943,-0.022497372795188379,0.035476905656360504,0.035476905656360504,-0.012465656636186786,0.00174672032902199,-0.059716869623895455,0,0
two_balanced,0,opposed_shifts,8192,8192,400,64,50176,signed_range,1000,0,0,0,0.0036820838968656712,0,-0.022493243638512943,-0.022497372795188379,-0.012465656636186786,0.035476905656360504,-0.012465656636186786,0.010732390159618846,-0.020759977161945008,0,0
two_balanced,0,opposed_shifts,8192,8192,400,64,50176,signed_variance,1000,0,0,0,0.0036820838968656712,0,-0.022493243638512943,-0.022497372795188379,-0.012465656636186786,0.035476905656360504,-0.012465656636186786,0.00174672032902199,-0.011774307331348148,0,0
two_balanced,0,opposed_shifts,8192,8192,1600,64,126976,absolute_range,1000,0,0,0,0.0036820838968656712,0,-0.022496595138161952,-0.022497372795188379,0.035476905656360504,0.035476905656360504,-0.012465656636186786,0.0053661950798093985,-0.063339695874331942,0,0
two_balanced,0,opposed_shifts,8192,8192,1600,64,126976,absolute_variance,1000,0,0,0,0.0036820838968656712,0,-0.022496595138161952,-0.022497372795188379,0.035476905656360504,0.035476905656360504,-0.012465656636186786,0.00066733724755496963,-0.058640838042077446,0,0
two_balanced,0,opposed_shifts,8192,8192,1600,64,126976,signed_range,1000,0,0,0,0.0036820838968656712,0,-0.022496595138161952,-0.022497372795188379,-0.012465656636186786,0.035476905656360504,-0.012465656636186786,0.0053661950798093985,-0.015397133581784562,0,0
two_balanced,0,opposed_shifts,8192,8192,1600,64,126976,signed_variance,1000,0,0,0,0.0036820838968656712,0,-0.022496595138161952,-0.022497372795188379,-0.012465656636186786,0.035476905656360504,-0.012465656636186786,0.00066733724755496963,-0.010698275749530131,0,0
two_balanced,0.125,estimated,8192,512,25,64,10816,absolute_range,1000,0,0,0,0.0036820838968656712,0.0050000000000000001,0.0050053630298863734,3.2240100940740958e-06,0.028941901194034943,0.028941901194034943,0.027892428518878843,0.034906188629118887,-0.058842726793267464,0,0
two_balanced,0.125,estimated,8192,512,25,64,10816,absolute_variance,1000,0,0,0,0.0036820838968656712,0.0050000000000000001,0.0050053630298863734,3.2240100940740958e-06,0.028941901194034943,0.028941901194034943,0.027892428518878843,0.014683484372338747,-0.038620022536487268,0,0
two_balanced,0.125,estimated,8192,512,25,64,10816,signed_range,1000,0,0,0,0.0036820838968656712,0.0050000000000000001,0.0050053630298863734,3.2240100940740958e-06,0.027892428518878843,0.028941901194034943,0.027892428518878843,0.034906188629118887,-0.057793254118111363,0,0
two_balanced,0.125,estimated,8192,512,25,64,10816,signed_variance,1000,0,0,0,0.0036820838968656712,0.0050000000000000001,0.0050053630298863734,3.2240100940740958e-06,0.027892428518878843,0.028941901194034943,0.027892428518878843,0.014683484372338747,-0.037570549861331216,0,0
two_balanced,0.125,estimated,8192,512,100,64,15616,absolute_range,1000,0,0,0,0.0036820838968656712,0.0050000000000000001,0.004995760513230545,3.2240100940740958e-06,0.028941901194034943,0.028941901194034943,0.027892428518878843,0.017453094314559423,-0.041399234995363819,0,0
two_balanced,0.125,estimated,8192,512,100,64,15616,absolute_variance,1000,0,0,0,0.0036820838968656712,0.0050000000000000001,0.004995760513230545,3.2240100940740958e-06,0.028941901194034943,0.028941901194034943,0.027892428518878843,0.004657667365729372,-0.028603808046533778,0,0
two_balanced,0.125,estimated,8192,512,100,64,15616,signed_range,1000,0,0,0,0.0036820838968656712,0.0050000000000000001,0.004995760513230545,3.2240100940740958e-06,0.027892428518878843,0.028941901194034943,0.027892428518878843,0.017453094314559423,-0.040349762320207719,0,0
two_balanced,0.125,estimated,8192,512,100,64,15616,signed_variance,1000,0,0,0,0.0036820838968656712,0.0050000000000000001,0.004995760513230545,3.2240100940740958e-06,0.027892428518878843,0.028941901194034943,0.027892428518878843,0.004657667365729372,-0.027554335371377667,0,0
two_balanced,0.125,estimated,8192,512,400,64,34816,absolute_range,1000,0,0,0,0.0036820838968656712,0.0050000000000000001,0.0050107148395640523,3.2240100940740958e-06,0.028941901194034943,0.028941901194034943,0.027892428518878843,0.008726547157279687,-0.032657733511750581,0,0
two_balanced,0.125,estimated,8192,512,400,64,34816,absolute_variance,1000,0,0,0,0.0036820838968656712,0.0050000000000000001,0.0050107148395640523,3.2240100940740958e-06,0.028941901194034943,0.028941901194034943,0.027892428518878843,0.0016596679474485008,-0.02559085430191942,0,0
two_balanced,0.125,estimated,8192,512,400,64,34816,signed_range,1000,0,0,0,0.0036820838968656712,0.0050000000000000001,0.0050107148395640523,3.2240100940740958e-06,0.027892428518878843,0.028941901194034943,0.027892428518878843,0.008726547157279687,-0.031608260836594473,0,0
two_balanced,0.125,estimated,8192,512,400,64,34816,signed_variance,1000,0,0,0,0.0036820838968656712,0.0050000000000000001,0.0050107148395640523,3.2240100940740958e-06,0.027892428518878843,0.028941901194034943,0.027892428518878843,0.0016596679474485008,-0.024541381626763288,0,0
two_balanced,0.125,estimated,8192,512,1600,64,111616,absolute_range,1000,0,0,0,0.0036820838968656712,0.0050000000000000001,0.005004526050758241,3.2240100940740958e-06,0.028941901194034943,0.028941901194034943,0.027892428518878843,0.0043632735786398166,-0.028300648721916524,0,0
two_balanced,0.125,estimated,8192,512,1600,64,111616,absolute_variance,1000,0,0,0,0.0036820838968656712,0.0050000000000000001,0.005004526050758241,3.2240100940740958e-06,0.028941901194034943,0.028941901194034943,0.027892428518878843,0.000662282872110767,-0.024599658015387511,0,0
two_balanced,0.125,estimated,8192,512,1600,64,111616,signed_range,1000,0,0,0,0.0036820838968656712,0.0050000000000000001,0.005004526050758241,3.2240100940740958e-06,0.027892428518878843,0.028941901194034943,0.027892428518878843,0.0043632735786398166,-0.02725117604676042,0,0
two_balanced,0.125,estimated,8192,512,1600,64,111616,signed_variance,1000,0,0,0,0.0036820838968656712,0.0050000000000000001,0.005004526050758241,3.2240100940740958e-06,0.027892428518878843,0.028941901194034943,0.027892428518878843,0.000662282872110767,-0.023550185340231372,0,0
two_balanced,0.125,estimated,8192,8192,25,64,26176,absolute_range,1000,0,0,0,0.0036820838968656712,0.0050000000000000001,0.0050053630298863734,3.2240100940740958e-06,0.0018374674739031001,0.0018374674739031001,0.0017611043490048145,0.034906188629118887,-0.031738293073135623,0,0
two_balanced,0.125,estimated,8192,8192,25,64,26176,absolute_variance,1000,0,0,0,0.0036820838968656712,0.0050000000000000001,0.0050053630298863734,3.2240100940740958e-06,0.0018374674739031001,0.0018374674739031001,0.0017611043490048145,0.014683484372338747,-0.011515588816355431,0,0
two_balanced,0.125,estimated,8192,8192,25,64,26176,signed_range,1000,0,0,0,0.0036820838968656712,0.0050000000000000001,0.0050053630298863734,3.2240100940740958e-06,0.0017611043490048145,0.0018374674739031001,0.0017611043490048145,0.034906188629118887,-0.031661929948237334,0,0
two_balanced,0.125,estimated,8192,8192,25,64,26176,signed_variance,1000,0,0,0,0.0036820838968656712,0.0050000000000000001,0.0050053630298863734,3.2240100940740958e-06,0.0017611043490048145,0.0018374674739031001,0.0017611043490048145,0.014683484372338747,-0.011439225691457189,0,0
two_balanced,0.125,estimated,8192,8192,100,64,30976,absolute_range,1000,0,0,0,0.0036820838968656712,0.0050000000000000001,0.004995760513230545,3.2240100940740958e-06,0.0018374674739031001,0.0018374674739031001,0.0017611043490048145,0.017453094314559423,-0.014294801275231977,0,0
two_balanced,0.125,estimated,8192,8192,100,64,30976,absolute_variance,1000,5,0.0050000000000000001,0.0016254195175627599,0.011629470559812147,0.0050000000000000001,0.004995760513230545,3.2240100940740958e-06,0.0018374674739031001,0.0018374674739031001,0.0017611043490048145,0.004657667365729372,-0.001499374326401933,0,0
two_balanced,0.125,estimated,8192,8192,100,64,30976,signed_range,1000,0,0,0,0.0036820838968656712,0.0050000000000000001,0.004995760513230545,3.2240100940740958e-06,0.0017611043490048145,0.0018374674739031001,0.0017611043490048145,0.017453094314559423,-0.014218438150333692,0,0
two_balanced,0.125,estimated,8192,8192,100,64,30976,signed_variance,1000,6,0.0060000000000000001,0.0022049824851513768,0.013013423270974496,0.0050000000000000001,0.004995760513230545,3.2240100940740958e-06,0.0017611043490048145,0.0018374674739031001,0.0017611043490048145,0.004657667365729372,-0.0014230112015036417,0,0
two_balanced,0.125,estimated,8192,8192,400,64,50176,absolute_range,1000,0,0,0,0.0036820838968656712,0.0050000000000000001,0.0050107148395640523,3.2240100940740958e-06,0.0018374674739031001,0.0018374674739031001,0.0017611043490048145,0.008726547157279687,-0.0055532997916187309,0,0
two_balanced,0.125,estimated,8192,8192,400,64,50176,absolute_variance,1000,1000,1,0.99631791610313436,1,0.0050000000000000001,0.0050107148395640523,3.2240100940740958e-06,0.0018374674739031001,0.0018374674739031001,0.0017611043490048145,0.0016596679474485008,0.0015135794182124251,0,0
two_balanced,0.125,estimated,8192,8192,400,64,50176,signed_range,1000,0,0,0,0.0036820838968656712,0.0050000000000000001,0.0050107148395640523,3.2240100940740958e-06,0.0017611043490048145,0.0018374674739031001,0.0017611043490048145,0.008726547157279687,-0.0054769366667204462,0,0
two_balanced,0.125,estimated,8192,8192,400,64,50176,signed_variance,1000,1000,1,0.99631791610313436,1,0.0050000000000000001,0.0050107148395640523,3.2240100940740958e-06,0.0017611043490048145,0.0018374674739031001,0.0017611043490048145,0.0016596679474485008,0.0015899425431106407,0,0
two_balanced,0.125,estimated,8192,8192,1600,64,126976,absolute_range,1000,0,0,0,0.0036820838968656712,0.0050000000000000001,0.005004526050758241,3.2240100940740958e-06,0.0018374674739031001,0.0018374674739031001,0.0017611043490048145,0.0043632735786398166,-0.001196215001784677,0,0
two_balanced,0.125,estimated,8192,8192,1600,64,126976,absolute_variance,1000,1000,1,0.99631791610313436,1,0.0050000000000000001,0.005004526050758241,3.2240100940740958e-06,0.0018374674739031001,0.0018374674739031001,0.0017611043490048145,0.000662282872110767,0.0025047757047443353,0,0
two_balanced,0.125,estimated,8192,8192,1600,64,126976,signed_range,1000,0,0,0,0.0036820838968656712,0.0050000000000000001,0.005004526050758241,3.2240100940740958e-06,0.0017611043490048145,0.0018374674739031001,0.0017611043490048145,0.0043632735786398166,-0.0011198518768863908,0,0
two_balanced,0.125,estimated,8192,8192,1600,64,126976,signed_variance,1000,1000,1,0.99631791610313436,1,0.0050000000000000001,0.005004526050758241,3.2240100940740958e-06,0.0017611043490048145,0.0018374674739031001,0.0017611043490048145,0.000662282872110767,0.0025811388296425584,0,0
two_balanced,0.125,opposed_shifts,8192,8192,25,64,26176,absolute_range,1000,0,0,0,0.0036820838968656712,0.0050000000000000001,-0.017495260462090583,-0.02249679426533847,0.035411893811857172,0.035411893811857172,-0.012428989724827975,0.04292461436744556,-0.095831768641393394,0,0
two_balanced,0.125,opposed_shifts,8192,8192,25,64,26176,absolute_variance,1000,0,0,0,0.0036820838968656712,0.0050000000000000001,-0.017495260462090583,-0.02249679426533847,0.035411893811857172,0.035411893811857172,-0.012428989724827975,0.017147225282869813,-0.070054379556817509,0,0
two_balanced,0.125,opposed_shifts,8192,8192,25,64,26176,signed_range,1000,0,0,0,0.0036820838968656712,0.0050000000000000001,-0.017495260462090583,-0.02249679426533847,-0.012428989724827975,0.035411893811857172,-0.012428989724827975,0.04292461436744556,-0.047990885104708163,0,0
two_balanced,0.125,opposed_shifts,8192,8192,25,64,26176,signed_variance,1000,0,0,0,0.0036820838968656712,0.0050000000000000001,-0.017495260462090583,-0.02249679426533847,-0.012428989724827975,0.035411893811857172,-0.012428989724827975,0.017147225282869813,-0.022213496020132416,0,0
two_balanced,0.125,opposed_shifts,8192,8192,100,64,30976,absolute_range,1000,0,0,0,0.0036820838968656712,0.0050000000000000001,-0.017504525239199892,-0.02249679426533847,0.035411893811857172,0.035411893811857172,-0.012428989724827975,0.021462307183722756,-0.074378726234779924,0,0
two_balanced,0.125,opposed_shifts,8192,8192,100,64,30976,absolute_variance,1000,0,0,0,0.0036820838968656712,0.0050000000000000001,-0.017504525239199892,-0.02249679426533847,0.035411893811857172,0.035411893811857172,-0.012428989724827975,0.0052732608335727829,-0.058189679884629843,0,0
two_balanced,0.125,opposed_shifts,8192,8192,100,64,30976,signed_range,1000,0,0,0,0.0036820838968656712,0.0050000000000000001,-0.017504525239199892,-0.02249679426533847,-0.012428989724827975,0.035411893811857172,-0.012428989724827975,0.021462307183722756,-0.026537842698094668,0,0
two_balanced,0.125,opposed_shifts,8192,8192,100,64,30976,signed_variance,1000,0,0,0,0.0036820838968656712,0.0050000000000000001,-0.017504525239199892,-0.02249679426533847,-0.012428989724827975,0.035411893811857172,-0.012428989724827975,0.0052732608335727829,-0.010348796347944699,0,0
two_balanced,0.125,opposed_shifts,8192,8192,400,64,50176,absolute_range,1000,0,0,0,0.0036820838968656712,0.0050000000000000001,-0.017489376290281577,-0.02249679426533847,0.035411893811857172,0.035411893811857172,-0.012428989724827975,0.010731153591861352,-0.063632423694000198,0,0
two_balanced,0.125,opposed_shifts,8192,8192,400,64,50176,absolute_variance,1000,0,0,0,0.0036820838968656712,0.0050000000000000001,-0.017489376290281577,-0.02249679426533847,0.035411893811857172,0.035411893811857172,-0.012428989724827975,0.0018135573269649821,-0.054714827429103746,0,0
two_balanced,0.125,opposed_shifts,8192,8192,400,64,50176,signed_range,1000,0,0,0,0.0036820838968656712,0.0050000000000000001,-0.017489376290281577,-0.02249679426533847,-0.012428989724827975,0.035411893811857172,-0.012428989724827975,0.010731153591861352,-0.015791540157314952,0,0
two_balanced,0.125,opposed_shifts,8192,8192,400,64,50176,signed_variance,1000,0,0,0,0.0036820838968656712,0.0050000000000000001,-0.017489376290281577,-0.02249679426533847,-0.012428989724827975,0.035411893811857172,-0.012428989724827975,0.0018135573269649821,-0.0068739438924185804,0,0
two_balanced,0.125,opposed_shifts,8192,8192,1600,64,126976,absolute_range,1000,0,0,0,0.0036820838968656712,0.0050000000000000001,-0.017495483186659222,-0.02249679426533847,0.035411893811857172,0.035411893811857172,-0.012428989724827975,0.0053655767959306508,-0.058272953794447135,0,0
two_balanced,0.125,opposed_shifts,8192,8192,1600,64,126976,absolute_variance,1000,0,0,0,0.0036820838968656712,0.0050000000000000001,-0.017495483186659222,-0.02249679426533847,0.035411893811857172,0.035411893811857172,-0.012428989724827975,0.00070076174180182227,-0.053608138740318237,0,0
two_balanced,0.125,opposed_shifts,8192,8192,1600,64,126976,signed_range,1000,0,0,0,0.0036820838968656712,0.0050000000000000001,-0.017495483186659222,-0.02249679426533847,-0.012428989724827975,0.035411893811857172,-0.012428989724827975,0.0053655767959306508,-0.010432070257761893,0,0
two_balanced,0.125,opposed_shifts,8192,8192,1600,64,126976,signed_variance,1000,0,0,0,0.0036820838968656712,0.0050000000000000001,-0.017495483186659222,-0.02249679426533847,-0.012428989724827975,0.035411893811857172,-0.012428989724827975,0.00070076174180182227,-0.0057672552036330685,0,0
two_balanced,0.25,estimated,8192,512,25,64,10816,absolute_range,1000,0,0,0,0.0036820838968656712,0.01,0.010003048848213396,4.4230655299436979e-06,0.029090960502419872,0.029090960502419872,0.02822691101169135,0.034905781600401982,-0.053993693254608462,0,0
two_balanced,0.25,estimated,8192,512,25,64,10816,absolute_variance,1000,0,0,0,0.0036820838968656712,0.01,0.010003048848213396,4.4230655299436979e-06,0.029090960502419872,0.029090960502419872,0.02822691101169135,0.014919400384425956,-0.034007312038632394,0,0
two_balanced,0.25,estimated,8192,512,25,64,10816,signed_range,1000,0,0,0,0.0036820838968656712,0.01,0.010003048848213396,4.4230655299436979e-06,0.02822691101169135,0.029090960502419872,0.02822691101169135,0.034905781600401982,-0.053129643763879936,0,0
two_balanced,0.25,estimated,8192,512,25,64,10816,signed_variance,1000,0,0,0,0.0036820838968656712,0.01,0.010003048848213396,4.4230655299436979e-06,0.02822691101169135,0.029090960502419872,0.02822691101169135,0.014919400384425956,-0.033143262547903909,0,0
two_balanced,0.25,estimated,8192,512,100,64,15616,absolute_range,1000,0,0,0,0.0036820838968656712,0.01,0.010000654361996613,4.4230655299436979e-06,0.029090960502419872,0.029090960502419872,0.02822691101169135,0.017452890800200963,-0.036543196940624224,0,0
two_balanced,0.25,estimated,8192,512,100,64,15616,absolute_variance,1000,0,0,0,0.0036820838968656712,0.01,0.010000654361996613,4.4230655299436979e-06,0.029090960502419872,0.029090960502419872,0.02822691101169135,0.0047791039448585168,-0.023869410085281786,0,0
two_balanced,0.25,estimated,8192,512,100,64,15616,signed_range,1000,0,0,0,0.0036820838968656712,0.01,0.010000654361996613,4.4230655299436979e-06,0.02822691101169135,0.029090960502419872,0.02822691101169135,0.017452890800200963,-0.035679147449895698,0,0
two_balanced,0.25,estimated,8192,512,100,64,15616,signed_variance,1000,0,0,0,0.0036820838968656712,0.01,0.010000654361996613,4.4230655299436979e-06,0.02822691101169135,0.029090960502419872,0.02822691101169135,0.0047791039448585168,-0.023005360594553253,0,0
two_balanced,0.25,estimated,8192,512,400,64,34816,absolute_range,1000,0,0,0,0.0036820838968656712,0.01,0.010003190650513272,4.4230655299436979e-06,0.029090960502419872,0.029090960502419872,0.02822691101169135,0.008726445400100459,-0.027814215252007061,0,0
two_balanced,0.25,estimated,8192,512,400,64,34816,absolute_variance,1000,0,0,0,0.0036820838968656712,0.01,0.010003190650513272,4.4230655299436979e-06,0.029090960502419872,0.029090960502419872,0.02822691101169135,0.0017191351561836061,-0.020806905008090241,0,0
two_balanced,0.25,estimated,8192,512,400,64,34816,signed_range,1000,0,0,0,0.0036820838968656712,0.01,0.010003190650513272,4.4230655299436979e-06,0.02822691101169135,0.029090960502419872,0.02822691101169135,0.008726445400100459,-0.026950165761278535,0,0
two_balanced,0.25,estimated,8192,512,400,64,34816,signed_variance,1000,0,0,0,0.0036820838968656712,0.01,0.010003190650513272,4.4230655299436979e-06,0.02822691101169135,0.029090960502419872,0.02822691101169135,0.0017191351561836061,-0.019942855517361687,0,0
two_balanced,0.25,estimated,8192,512,1600,64,111616,absolute_range,1000,0,0,0,0.0036820838968656712,0.01,0.010001459444346224,4.4230655299436979e-06,0.029090960502419872,0.029090960502419872,0.02822691101169135,0.0043632227000502044,-0.023452723758123854,0,0
two_balanced,0.25,estimated,8192,512,1600,64,111616,absolute_variance,1000,0,0,0,0.0036820838968656712,0.01,0.010001459444346224,4.4230655299436979e-06,0.029090960502419872,0.029090960502419872,0.02822691101169135,0.00069209645959763914,-0.019781597517671327,0,0
two_balanced,0.25,estimated,8192,512,1600,64,111616,signed_range,1000,0,0,0,0.0036820838968656712,0.01,0.010001459444346224,4.4230655299436979e-06,0.02822691101169135,0.029090960502419872,0.02822691101169135,0.0043632227000502044,-0.022588674267395328,0,0
two_balanced,0.25,estimated,8192,512,1600,64,111616,signed_variance,1000,0,0,0,0.0036820838968656712,0.01,0.010001459444346224,4.4230655299436979e-06,0.02822691101169135,0.029090960502419872,0.02822691101169135,0.00069209645959763914,-0.01891754802694276,0,0
two_balanced,0.25,estimated,8192,8192,25,64,26176,absolute_range,1000,0,0,0,0.0036820838968656712,0.01,0.010003048848213396,4.4230655299436979e-06,0.0018418881181724734,0.0018418881181724734,0.0017803327339620662,0.034905781600401982,-0.026744620870361058,0,0
two_balanced,0.25,estimated,8192,8192,25,64,26176,absolute_variance,1000,0,0,0,0.0036820838968656712,0.01,0.010003048848213396,4.4230655299436979e-06,0.0018418881181724734,0.0018418881181724734,0.0017803327339620662,0.014919400384425956,-0.0067582396543849994,0,0
two_balanced,0.25,estimated,8192,8192,25,64,26176,signed_range,1000,0,0,0,0.0036820838968656712,0.01,0.010003048848213396,4.4230655299436979e-06,0.0017803327339620662,0.0018418881181724734,0.0017803327339620662,0.034905781600401982,-0.026683065486150653,0,0
two_balanced,0.25,estimated,8192,8192,25,64,26176,signed_variance,1000,0,0,0,0.0036820838968656712,0.01,0.010003048848213396,4.4230655299436979e-06,0.0017803327339620662,0.0018418881181724734,0.0017803327339620662,0.014919400384425956,-0.0066966842701746288,0,0
two_balanced,0.25,estimated,8192,8192,100,64,30976,absolute_range,1000,0,0,0,0.0036820838968656712,0.01,0.010000654361996613,4.4230655299436979e-06,0.0018418881181724734,0.0018418881181724734,0.0017803327339620662,0.017452890800200963,-0.0092941245563768239,0,0
two_balanced,0.25,estimated,8192,8192,100,64,30976,absolute_variance,1000,1000,1,0.99631791610313436,1,0.01,0.010000654361996613,4.4230655299436979e-06,0.0018418881181724734,0.0018418881181724734,0.0017803327339620662,0.0047791039448585168,0.0033796622989656147,0,0
two_balanced,0.25,estimated,8192,8192,100,64,30976,signed_range,1000,0,0,0,0.0036820838968656712,0.01,0.010000654361996613,4.4230655299436979e-06,0.0017803327339620662,0.0018418881181724734,0.0017803327339620662,0.017452890800200963,-0.009232569172166416,0,0
two_balanced,0.25,estimated,8192,8192,100,64,30976,signed_variance,1000,1000,1,0.99631791610313436,1,0.01,0.010000654361996613,4.4230655299436979e-06,0.0017803327339620662,0.0018418881181724734,0.0017803327339620662,0.0047791039448585168,0.0034412176831759315,0,0
two_balanced,0.25,estimated,8192,8192,400,64,50176,absolute_range,1000,58,0.058000000000000003,0.044332860252820697,0.074336495382351597,0.01,0.010003190650513272,4.4230655299436979e-06,0.0018418881181724734,0.0018418881181724734,0.0017803327339620662,0.008726445400100459,-0.00056514286775966548,0,0
two_balanced,0.25,estimated,8192,8192,400,64,50176,absolute_variance,1000,1000,1,0.99631791610313436,1,0.01,0.010003190650513272,4.4230655299436979e-06,0.0018418881181724734,0.0018418881181724734,0.0017803327339620662,0.0017191351561836061,0.0064421673761571614,0,0
two_balanced,0.25,estimated,8192,8192,400,64,50176,signed_range,1000,78,0.078,0.062141213132714014,0.096393633402582987,0.01,0.010003190650513272,4.4230655299436979e-06,0.0017803327339620662,0.0018418881181724734,0.0017803327339620662,0.008726445400100459,-0.00050358748354925977,0,0
two_balanced,0.25,estimated,8192,8192,400,64,50176,signed_variance,1000,1000,1,0.99631791610313436,1,0.01,0.010003190650513272,4.4230655299436979e-06,0.0017803327339620662,0.0018418881181724734,0.0017803327339620662,0.0017191351561836061,0.0065037227603674981,0,0
two_balanced,0.25,estimated,8192,8192,1600,64,126976,absolute_range,1000,1000,1,0.99631791610313436,1,0.01,0.010001459444346224,4.4230655299436979e-06,0.0018418881181724734,0.0018418881181724734,0.0017803327339620662,0.0043632227000502044,0.0037963486261234484,0,0
two_balanced,0.25,estimated,8192,8192,1600,64,126976,absolute_variance,1000,1000,1,0.99631791610313436,1,0.01,0.010001459444346224,4.4230655299436979e-06,0.0018418881181724734,0.0018418881181724734,0.0017803327339620662,0.00069209645959763914,0.0074674748665760722,0,0
two_balanced,0.25,estimated,8192,8192,1600,64,126976,signed_range,1000,1000,1,0.99631791610313436,1,0.01,0.010001459444346224,4.4230655299436979e-06,0.0017803327339620662,0.0018418881181724734,0.0017803327339620662,0.0043632227000502044,0.0038579040103338558,0,0
two_balanced,0.25,estimated,8192,8192,1600,64,126976,signed_variance,1000,1000,1,0.99631791610313436,1,0.01,0.010001459444346224,4.4230655299436979e-06,0.0017803327339620662,0.0018418881181724734,0.0017803327339620662,0.00069209645959763914,0.0075290302507864159,0,0
two_balanced,0.25,opposed_shifts,8192,8192,25,64,26176,absolute_range,1000,0,0,0,0.0036820838968656712,0.01,-0.012497155171820921,-0.022495441290143973,0.035430231071751049,0.035430231071751049,-0.012441890294791931,0.042921390519803954,-0.090848776763376021,0,0
two_balanced,0.25,opposed_shifts,8192,8192,25,64,26176,absolute_variance,1000,0,0,0,0.0036820838968656712,0.01,-0.012497155171820921,-0.022495441290143973,0.035430231071751049,0.035430231071751049,-0.012441890294791931,0.017382367328769775,-0.0653097535723417,0,0
two_balanced,0.25,opposed_shifts,8192,8192,25,64,26176,signed_range,1000,0,0,0,0.0036820838968656712,0.01,-0.012497155171820921,-0.022495441290143973,-0.012441890294791931,0.035430231071751049,-0.012441890294791931,0.042921390519803954,-0.042976655396832944,0,0
two_balanced,0.25,opposed_shifts,8192,8192,25,64,26176,signed_variance,1000,0,0,0,0.0036820838968656712,0.01,-0.012497155171820921,-0.022495441290143973,-0.012441890294791931,0.035430231071751049,-0.012441890294791931,0.017382367328769775,-0.017437632205798761,0,0
two_balanced,0.25,opposed_shifts,8192,8192,100,64,30976,absolute_range,1000,0,0,0,0.0036820838968656712,0.01,-0.012499413729037619,-0.022495441290143973,0.035430231071751049,0.035430231071751049,-0.012441890294791931,0.021460695259901956,-0.069390340060690739,0,0
two_balanced,0.25,opposed_shifts,8192,8192,100,64,30976,absolute_variance,1000,0,0,0,0.0036820838968656712,0.01,-0.012499413729037619,-0.022495441290143973,0.035430231071751049,0.035430231071751049,-0.012441890294791931,0.0053944831129784498,-0.05332412791376713,0,0
two_balanced,0.25,opposed_shifts,8192,8192,100,64,30976,signed_range,1000,0,0,0,0.0036820838968656712,0.01,-0.012499413729037619,-0.022495441290143973,-0.012441890294791931,0.035430231071751049,-0.012441890294791931,0.021460695259901956,-0.021518218694147637,0,0
two_balanced,0.25,opposed_shifts,8192,8192,100,64,30976,signed_variance,1000,0,0,0,0.0036820838968656712,0.01,-0.012499413729037619,-0.022495441290143973,-0.012441890294791931,0.035430231071751049,-0.012441890294791931,0.0053944831129784498,-0.005452006547224139,0,0
two_balanced,0.25,opposed_shifts,8192,8192,400,64,50176,absolute_range,1000,0,0,0,0.0036820838968656712,0.01,-0.012496703882051947,-0.022495441290143973,0.035430231071751049,0.035430231071751049,-0.012441890294791931,0.010730347629950954,-0.05865728258375405,0,0
two_balanced,0.25,opposed_shifts,8192,8192,400,64,50176,absolute_variance,1000,0,0,0,0.0036820838968656712,0.01,-0.012496703882051947,-0.022495441290143973,0.035430231071751049,0.035430231071751049,-0.012441890294791931,0.0018729693060376403,-0.049799904259840676,0,0
two_balanced,0.25,opposed_shifts,8192,8192,400,64,50176,signed_range,1000,0,0,0,0.0036820838968656712,0.01,-0.012496703882051947,-0.022495441290143973,-0.012441890294791931,0.035430231071751049,-0.012441890294791931,0.010730347629950954,-0.010785161217210966,0,0
two_balanced,0.25,opposed_shifts,8192,8192,400,64,50176,signed_variance,1000,0,0,0,0.0036820838968656712,0.01,-0.012496703882051947,-0.022495441290143973,-0.012441890294791931,0.035430231071751049,-0.012441890294791931,0.0018729693060376403,-0.0019277828932976568,0,0
two_balanced,0.25,opposed_shifts,8192,8192,1600,64,126976,absolute_range,1000,0,0,0,0.0036820838968656712,0.01,-0.012498485752428078,-0.022495441290143973,0.035430231071751049,0.035430231071751049,-0.012441890294791931,0.0053651738149754508,-0.053293890639154684,0,0
two_balanced,0.25,opposed_shifts,8192,8192,1600,64,126976,absolute_variance,1000,0,0,0,0.0036820838968656712,0.01,-0.012498485752428078,-0.022495441290143973,0.035430231071751049,0.035430231071751049,-0.012441890294791931,0.00073055929082860706,-0.048659276115007769,0,0
two_balanced,0.25,opposed_shifts,8192,8192,1600,64,126976,signed_range,1000,0,0,0,0.0036820838968656712,0.01,-0.012498485752428078,-0.022495441290143973,-0.012441890294791931,0.035430231071751049,-0.012441890294791931,0.0053651738149754508,-0.0054217692726115981,0,0
two_balanced,0.25,opposed_shifts,8192,8192,1600,64,126976,signed_variance,1000,36,0.035999999999999997,0.025338914929837725,0.049492911718012372,0.01,-0.012498485752428078,-0.022495441290143973,-0.012441890294791931,0.035430231071751049,-0.012441890294791931,0.00073055929082860706,-0.00078715474846475738,0,0
two_balanced,0.5,estimated,8192,512,25,64,10816,absolute_range,1000,0,0,0,0.0036820838968656712,0.02,0.020053481041363674,5.4142766595963367e-06,0.029162453374008926,0.029162453374008926,0.028590060404742303,0.034894575934344606,-0.044003548266989857,0,0
two_balanced,0.5,estimated,8192,512,25,64,10816,absolute_variance,1000,0,0,0,0.0036820838968656712,0.02,0.020053481041363674,5.4142766595963367e-06,0.029162453374008926,0.029162453374008926,0.028590060404742303,0.015309688593440797,-0.024418660926086019,0,0
two_balanced,0.5,estimated,8192,512,25,64,10816,signed_range,1000,0,0,0,0.0036820838968656712,0.02,0.020053481041363674,5.4142766595963367e-06,0.028590060404742303,0.029162453374008926,0.028590060404742303,0.034894575934344606,-0.043431155297723234,0,0
two_balanced,0.5,estimated,8192,512,25,64,10816,signed_variance,1000,0,0,0,0.0036820838968656712,0.02,0.020053481041363674,5.4142766595963367e-06,0.028590060404742303,0.029162453374008926,0.028590060404742303,0.015309688593440797,-0.023846267956819416,0,0
two_balanced,0.5,estimated,8192,512,100,64,15616,absolute_range,1000,0,0,0,0.0036820838968656712,0.02,0.020007280924430455,5.4142766595963367e-06,0.029162453374008926,0.029162453374008926,0.028590060404742303,0.017447287967172279,-0.026602460416750753,0,0
two_balanced,0.5,estimated,8192,512,100,64,15616,absolute_variance,1000,0,0,0,0.0036820838968656712,0.02,0.020007280924430455,5.4142766595963367e-06,0.029162453374008926,0.029162453374008926,0.028590060404742303,0.0049739697129925686,-0.014129142162571055,0,0
two_balanced,0.5,estimated,8192,512,100,64,15616,signed_range,1000,0,0,0,0.0036820838968656712,0.02,0.020007280924430455,5.4142766595963367e-06,0.028590060404742303,0.029162453374008926,0.028590060404742303,0.017447287967172279,-0.026030067447484123,0,0
two_balanced,0.5,estimated,8192,512,100,64,15616,signed_variance,1000,0,0,0,0.0036820838968656712,0.02,0.020007280924430455,5.4142766595963367e-06,0.028590060404742303,0.029162453374008926,0.028590060404742303,0.0049739697129925686,-0.013556749193304417,0,0
two_balanced,0.5,estimated,8192,512,400,64,34816,absolute_range,1000,0,0,0,0.0036820838968656712,0.02,0.020016350646614521,5.4142766595963367e-06,0.029162453374008926,0.029162453374008926,0.028590060404742303,0.0087236439835861133,-0.017869746710980527,0,0
two_balanced,0.5,estimated,8192,512,400,64,34816,absolute_variance,1000,0,0,0,0.0036820838968656712,0.02,0.020016350646614521,5.4142766595963367e-06,0.029162453374008926,0.029162453374008926,0.028590060404742303,0.0018181747880671021,-0.010964277515461539,0,0
two_balanced,0.5,estimated,8192,512,400,64,34816,signed_range,1000,0,0,0,0.0036820838968656712,0.02,0.020016350646614521,5.4142766595963367e-06,0.028590060404742303,0.029162453374008926,0.028590060404742303,0.0087236439835861133,-0.0172973537417139,0,0
two_balanced,0.5,estimated,8192,512,400,64,34816,signed_variance,1000,0,0,0,0.0036820838968656712,0.02,0.020016350646614521,5.4142766595963367e-06,0.028590060404742303,0.029162453374008926,0.028590060404742303,0.0018181747880671021,-0.010391884546194883,0,0
two_balanced,0.5,estimated,8192,512,1600,64,111616,absolute_range,1000,0,0,0,0.0036820838968656712,0.02,0.020002055310827774,5.4142766595963367e-06,0.029162453374008926,0.029162453374008926,0.028590060404742303,0.0043618219917930324,-0.013522220054974186,0,0
two_balanced,0.5,estimated,8192,512,1600,64,111616,absolute_variance,1000,0,0,0,0.0036820838968656712,0.02,0.020002055310827774,5.4142766595963367e-06,0.029162453374008926,0.029162453374008926,0.028590060404742303,0.00074175678052726813,-0.0099021548437084623,0,0
two_balanced,0.5,estimated,8192,512,1600,64,111616,signed_range,1000,0,0,0,0.0036820838968656712,0.02,0.020002055310827774,5.4142766595963367e-06,0.028590060404742303,0.029162453374008926,0.028590060404742303,0.0043618219917930324,-0.01294982708570756,0,0
two_balanced,0.5,estimated,8192,512,1600,64,111616,signed_variance,1000,0,0,0,0.0036820838968656712,0.02,0.020002055310827774,5.4142766595963367e-06,0.028590060404742303,0.029162453374008926,0.028590060404742303,0.00074175678052726813,-0.0093297618744417939,0,0
two_balanced,0.5,estimated,8192,8192,25,64,26176,absolute_range,1000,0,0,0,0.0036820838968656712,0.02,0.020053481041363674,5.4142766595963367e-06,0.0018441689714782728,0.0018441689714782728,0.0018042368651053579,0.034894575934344606,-0.016685263864459208,0,0
two_balanced,0.5,estimated,8192,8192,25,64,26176,absolute_variance,1000,984,0.98399999999999999,0.97414675091862657,0.99082768073077787,0.02,0.020053481041363674,5.4142766595963367e-06,0.0018441689714782728,0.0018441689714782728,0.0018042368651053579,0.015309688593440797,0.0028996234764446355,0,0
two_balanced,0.5,estimated,8192,8192,25,64,26176,signed_range,1000,0,0,0,0.0036820838968656712,0.02,0.020053481041363674,5.4142766595963367e-06,0.0018042368651053579,0.0018441689714782728,0.0018042368651053579,0.034894575934344606,-0.016645331758086294,0,0
two_balanced,0.5,estimated,8192,8192,25,64,26176,signed_variance,1000,985,0.98499999999999999,0.97538029990295882,0.99158095024996562,0.02,0.020053481041363674,5.4142766595963367e-06,0.0018042368651053579,0.0018441689714782728,0.0018042368651053579,0.015309688593440797,0.0029395555828174236,0,0
two_balanced,0.5,estimated,8192,8192,100,64,30976,absolute_range,1000,840,0.83999999999999997,0.81578324724149731,0.86219481477811677,0.02,0.020007280924430455,5.4142766595963367e-06,0.0018441689714782728,0.0018441689714782728,0.0018042368651053579,0.017447287967172279,0.00071582398577981941,0,0
two_balanced,0.5,estimated,8192,8192,100,64,30976,absolute_variance,1000,1000,1,0.99631791610313436,1,0.02,0.020007280924430455,5.4142766595963367e-06,0.0018441689714782728,0.0018441689714782728,0.0018042368651053579,0.0049739697129925686,0.0131891422399596,0,0
two_balanced,0.5,estimated,8192,8192,100,64,30976,signed_range,1000,853,0.85299999999999998,0.8295159201209108,0.87438278886648857,0.02,0.020007280924430455,5.4142766595963367e-06,0.0018042368651053579,0.0018441689714782728,0.0018042368651053579,0.017447287967172279,0.00075575609215273369,0,0
two_balanced,0.5,estimated,8192,8192,100,64,30976,signed_variance,1000,1000,1,0.99631791610313436,1,0.02,0.020007280924430455,5.4142766595963367e-06,0.0018042368651053579,0.0018441689714782728,0.0018042368651053579,0.0049739697129925686,0.013229074346332428,0,0
two_balanced,0.5,estimated,8192,8192,400,64,50176,absolute_range,1000,1000,1,0.99631791610313436,1,0.02,0.020016350646614521,5.4142766595963367e-06,0.0018441689714782728,0.0018441689714782728,0.0018042368651053579,0.0087236439835861133,0.009448537691550029,0,0
two_balanced,0.5,estimated,8192,8192,400,64,50176,absolute_variance,1000,1000,1,0.99631791610313436,1,0.02,0.020016350646614521,5.4142766595963367e-06,0.0018441689714782728,0.0018441689714782728,0.0018042368651053579,0.0018181747880671021,0.016354006887069113,0,0
two_balanced,0.5,estimated,8192,8192,400,64,50176,signed_range,1000,1000,1,0.99631791610313436,1,0.02,0.020016350646614521,5.4142766595963367e-06,0.0018042368651053579,0.0018441689714782728,0.0018042368651053579,0.0087236439835861133,0.0094884697979229476,0,0
two_balanced,0.5,estimated,8192,8192,400,64,50176,signed_variance,1000,1000,1,0.99631791610313436,1,0.02,0.020016350646614521,5.4142766595963367e-06,0.0018042368651053579,0.0018441689714782728,0.0018042368651053579,0.0018181747880671021,0.016393938993441961,0,0
two_balanced,0.5,estimated,8192,8192,1600,64,126976,absolute_range,1000,1000,1,0.99631791610313436,1,0.02,0.020002055310827774,5.4142766595963367e-06,0.0018441689714782728,0.0018441689714782728,0.0018042368651053579,0.0043618219917930324,0.013796064347556369,0,0
two_balanced,0.5,estimated,8192,8192,1600,64,126976,absolute_variance,1000,1000,1,0.99631791610313436,1,0.02,0.020002055310827774,5.4142766595963367e-06,0.0018441689714782728,0.0018441689714782728,0.0018042368651053579,0.00074175678052726813,0.017416129558822192,0,0
two_balanced,0.5,estimated,8192,8192,1600,64,126976,signed_range,1000,1000,1,0.99631791610313436,1,0.02,0.020002055310827774,5.4142766595963367e-06,0.0018042368651053579,0.0018441689714782728,0.0018042368651053579,0.0043618219917930324,0.013835996453929284,0,0
two_balanced,0.5,estimated,8192,8192,1600,64,126976,signed_variance,1000,1000,1,0.99631791610313436,1,0.02,0.020002055310827774,5.4142766595963367e-06,0.0018042368651053579,0.0018441689714782728,0.0018042368651053579,0.00074175678052726813,0.01745606166519505,0,0
two_balanced,0.5,opposed_shifts,8192,8192,25,64,26176,absolute_range,1000,0,0,0,0.0036820838968656712,0.02,-0.002446376395609808,-0.02249464392368819,0.035429958729617225,0.035429958729617225,-0.012446155950974725,0.042906525979564021,-0.080782861104791145,0,0
two_balanced,0.5,opposed_shifts,8192,8192,25,64,26176,absolute_variance,1000,0,0,0,0.0036820838968656712,0.02,-0.002446376395609808,-0.02249464392368819,0.035429958729617225,0.035429958729617225,-0.012446155950974725,0.01777150553510342,-0.055647840660330419,0,0
two_balanced,0.5,opposed_shifts,8192,8192,25,64,26176,signed_range,1000,0,0,0,0.0036820838968656712,0.02,-0.002446376395609808,-0.02249464392368819,-0.012446155950974725,0.035429958729617225,-0.012446155950974725,0.042906525979564021,-0.032906746424199107,0,0
two_balanced,0.5,opposed_shifts,8192,8192,25,64,26176,signed_variance,1000,0,0,0,0.0036820838968656712,0.02,-0.002446376395609808,-0.02249464392368819,-0.012446155950974725,0.035429958729617225,-0.012446155950974725,0.01777150553510342,-0.0077717259797384962,0,0
two_balanced,0.5,opposed_shifts,8192,8192,100,64,30976,absolute_range,1000,0,0,0,0.0036820838968656712,0.02,-0.0024926988509060589,-0.02249464392368819,0.035429958729617225,0.035429958729617225,-0.012446155950974725,0.02145326298978199,-0.059375920570305371,0,0
two_balanced,0.5,opposed_shifts,8192,8192,100,64,30976,absolute_variance,1000,0,0,0,0.0036820838968656712,0.02,-0.0024926988509060589,-0.02249464392368819,0.035429958729617225,0.035429958729617225,-0.012446155950974725,0.0055890526253439439,-0.043511710205867235,0,0
two_balanced,0.5,opposed_shifts,8192,8192,100,64,30976,signed_range,1000,0,0,0,0.0036820838968656712,0.02,-0.0024926988509060589,-0.02249464392368819,-0.012446155950974725,0.035429958729617225,-0.012446155950974725,0.02145326298978199,-0.011499805889713326,0,0
two_balanced,0.5,opposed_shifts,8192,8192,100,64,30976,signed_variance,1000,1000,1,0.99631791610313436,1,0.02,-0.0024926988509060589,-0.02249464392368819,-0.012446155950974725,0.035429958729617225,-0.012446155950974725,0.0055890526253439439,0.0043644044747246213,0,0
two_balanced,0.5,opposed_shifts,8192,8192,400,64,50176,absolute_range,1000,0,0,0,0.0036820838968656712,0.02,-0.0024836349731161139,-0.02249464392368819,0.035429958729617225,0.035429958729617225,-0.012446155950974725,0.010726631494890969,-0.048640225197624405,0,0
two_balanced,0.5,opposed_shifts,8192,8192,400,64,50176,absolute_variance,1000,0,0,0,0.0036820838968656712,0.02,-0.0024836349731161139,-0.02249464392368819,0.035429958729617225,0.035429958729617225,-0.012446155950974725,0.0019719301367412574,-0.039885523839474614,0,0
two_balanced,0.5,opposed_shifts,8192,8192,400,64,50176,signed_range,1000,70,0.070000000000000007,0.054971524919169942,0.087616233489284642,0.02,-0.0024836349731161139,-0.02249464392368819,-0.012446155950974725,0.035429958729617225,-0.012446155950974725,0.010726631494890969,-0.00076411051703236281,0,0
two_balanced,0.5,opposed_shifts,8192,8192,400,64,50176,signed_variance,1000,1000,1,0.99631791610313436,1,0.02,-0.0024836349731161139,-0.02249464392368819,-0.012446155950974725,0.035429958729617225,-0.012446155950974725,0.0019719301367412574,0.0079905908411172545,0,0
two_balanced,0.5,opposed_shifts,8192,8192,1600,64,126976,absolute_range,1000,0,0,0,0.0036820838968656712,0.02,-0.0024979848323021937,-0.02249464392368819,0.035429958729617225,0.035429958729617225,-0.012446155950974725,0.0053633157474454593,-0.043291259309364977,0,0
two_balanced,0.5,opposed_shifts,8192,8192,1600,64,126976,absolute_variance,1000,0,0,0,0.0036820838968656712,0.02,-0.0024979848323021937,-0.02249464392368819,0.035429958729617225,0.035429958729617225,-0.012446155950974725,0.00078019837153105068,-0.038708141933450506,0,0
two_balanced,0.5,opposed_shifts,8192,8192,1600,64,126976,signed_range,1000,1000,1,0.99631791610313436,1,0.02,-0.0024979848323021937,-0.02249464392368819,-0.012446155950974725,0.035429958729617225,-0.012446155950974725,0.0053633157474454593,0.0045848553712269681,0,0
two_balanced,0.5,opposed_shifts,8192,8192,1600,64,126976,signed_variance,1000,1000,1,0.99631791610313436,1,0.02,-0.0024979848323021937,-0.02249464392368819,-0.012446155950974725,0.035429958729617225,-0.012446155950974725,0.00078019837153105068,0.0091679727471413765,0,0
