design,signal,training_rows,validation_pairs,groups,peers,total_observations,method,level,replications,rejections,rejection_rate,ci_lower,ci_upper,target,allowance_failures,p_min,p_median,p_max,mean,signed_allowance,mean_radius
two_balanced,-0.125,8192,512,100,64,15616,signed_variance,0.001,300,0,0,0,0.012220974694293552,-0.0050000000000000001,0,1,1,1,-0.0050192976495052272,0.027333417116044131,0.0043696146241887189
two_balanced,-0.125,8192,512,100,64,15616,signed_variance,0.0050000000000000001,300,0,0,0,0.012220974694293552,-0.0050000000000000001,0,1,1,1,-0.0050192976495052272,0.027333417116044131,0.0043696146241887189
two_balanced,-0.125,8192,512,100,64,15616,signed_variance,0.01,300,0,0,0,0.012220974694293552,-0.0050000000000000001,0,1,1,1,-0.0050192976495052272,0.027333417116044131,0.0043696146241887189
two_balanced,-0.125,8192,512,100,64,15616,signed_variance,0.050000000000000003,300,0,0,0,0.012220974694293552,-0.0050000000000000001,0,1,1,1,-0.0050192976495052272,0.027333417116044131,0.0043696146241887189
two_balanced,-0.125,8192,512,100,64,15616,independent_bernstein,0.001,300,0,0,0,0.012220974694293552,-0.0050000000000000001,0,1,1,1,-0.0050313466813211444,0.027333417116044131,0.004370344269197632
two_balanced,-0.125,8192,512,100,64,15616,independent_bernstein,0.0050000000000000001,300,0,0,0,0.012220974694293552,-0.0050000000000000001,0,1,1,1,-0.0050313466813211444,0.027333417116044131,0.004370344269197632
two_balanced,-0.125,8192,512,100,64,15616,independent_bernstein,0.01,300,0,0,0,0.012220974694293552,-0.0050000000000000001,0,1,1,1,-0.0050313466813211444,0.027333417116044131,0.004370344269197632
two_balanced,-0.125,8192,512,100,64,15616,independent_bernstein,0.050000000000000003,300,0,0,0,0.012220974694293552,-0.0050000000000000001,0,1,1,1,-0.0050313466813211444,0.027333417116044131,0.004370344269197632
two_balanced,-0.125,8192,512,100,64,15616,independent_betting,0.001,300,0,0,0,0.012220974694293552,-0.0050000000000000001,0,1,1,1,-0.0050313466813211444,0.027333417116044131,
two_balanced,-0.125,8192,512,100,64,15616,independent_betting,0.0050000000000000001,300,0,0,0,0.012220974694293552,-0.0050000000000000001,0,1,1,1,-0.0050313466813211444,0.027333417116044131,
two_balanced,-0.125,8192,512,100,64,15616,independent_betting,0.01,300,0,0,0,0.012220974694293552,-0.0050000000000000001,0,1,1,1,-0.0050313466813211444,0.027333417116044131,
two_balanced,-0.125,8192,512,100,64,15616,independent_betting,0.050000000000000003,300,0,0,0,0.012220974694293552,-0.0050000000000000001,0,1,1,1,-0.0050313466813211444,0.027333417116044131,
two_balanced,-0.125,8192,512,100,64,15616,pooled_variance,0.001,300,0,0,0,0.012220974694293552,-0.0050000000000000001,0,1,1,1,-0.0050234231301518328,0.027333417116044131,0.0043148399216694049
two_balanced,-0.125,8192,512,100,64,15616,pooled_variance,0.0050000000000000001,300,0,0,0,0.012220974694293552,-0.0050000000000000001,0,1,1,1,-0.0050234231301518328,0.027333417116044131,0.0043148399216694049
two_balanced,-0.125,8192,512,100,64,15616,pooled_variance,0.01,300,0,0,0,0.012220974694293552,-0.0050000000000000001,0,1,1,1,-0.0050234231301518328,0.027333417116044131,0.0043148399216694049
two_balanced,-0.125,8192,512,100,64,15616,pooled_variance,0.050000000000000003,300,0,0,0,0.012220974694293552,-0.0050000000000000001,0,1,1,1,-0.0050234231301518328,0.027333417116044131,0.0043148399216694049
two_balanced,-0.125,8192,512,100,64,15616,pooled_betting,0.001,300,0,0,0,0.012220974694293552,-0.0050000000000000001,0,1,1,1,-0.0050262773454284124,0.027333417116044131,
two_balanced,-0.125,8192,512,100,64,15616,pooled_betting,0.0050000000000000001,300,0,0,0,0.012220974694293552,-0.0050000000000000001,0,1,1,1,-0.0050262773454284124,0.027333417116044131,
two_balanced,-0.125,8192,512,100,64,15616,pooled_betting,0.01,300,0,0,0,0.012220974694293552,-0.0050000000000000001,0,1,1,1,-0.0050262773454284124,0.027333417116044131,
two_balanced,-0.125,8192,512,100,64,15616,pooled_betting,0.050000000000000003,300,0,0,0,0.012220974694293552,-0.0050000000000000001,0,1,1,1,-0.0050262773454284124,0.027333417116044131,
two_balanced,-0.125,8192,8192,100,64,30976,signed_variance,0.001,300,0,0,0,0.012220974694293552,-0.0050000000000000001,0,1,1,1,-0.0050192976495052272,0.0017302149693182022,0.0043696146241887189
two_balanced,-0.125,8192,8192,100,64,30976,signed_variance,0.0050000000000000001,300,0,0,0,0.012220974694293552,-0.0050000000000000001,0,1,1,1,-0.0050192976495052272,0.0017302149693182022,0.0043696146241887189
two_balanced,-0.125,8192,8192,100,64,30976,signed_variance,0.01,300,0,0,0,0.012220974694293552,-0.0050000000000000001,0,1,1,1,-0.0050192976495052272,0.0017302149693182022,0.0043696146241887189
two_balanced,-0.125,8192,8192,100,64,30976,signed_variance,0.050000000000000003,300,0,0,0,0.012220974694293552,-0.0050000000000000001,0,1,1,1,-0.0050192976495052272,0.0017302149693182022,0.0043696146241887189
two_balanced,-0.125,8192,8192,100,64,30976,independent_bernstein,0.001,300,0,0,0,0.012220974694293552,-0.0050000000000000001,0,1,1,1,-0.0050313466813211444,0.0017302149693182022,0.004370344269197632
two_balanced,-0.125,8192,8192,100,64,30976,independent_bernstein,0.0050000000000000001,300,0,0,0,0.012220974694293552,-0.0050000000000000001,0,1,1,1,-0.0050313466813211444,0.0017302149693182022,0.004370344269197632
two_balanced,-0.125,8192,8192,100,64,30976,independent_bernstein,0.01,300,0,0,0,0.012220974694293552,-0.0050000000000000001,0,1,1,1,-0.0050313466813211444,0.0017302149693182022,0.004370344269197632
two_balanced,-0.125,8192,8192,100,64,30976,independent_bernstein,0.050000000000000003,300,0,0,0,0.012220974694293552,-0.0050000000000000001,0,1,1,1,-0.0050313466813211444,0.0017302149693182022,0.004370344269197632
two_balanced,-0.125,8192,8192,100,64,30976,independent_betting,0.001,300,0,0,0,0.012220974694293552,-0.0050000000000000001,0,1,1,1,-0.0050313466813211444,0.0017302149693182022,
two_balanced,-0.125,8192,8192,100,64,30976,independent_betting,0.0050000000000000001,300,0,0,0,0.012220974694293552,-0.0050000000000000001,0,1,1,1,-0.0050313466813211444,0.0017302149693182022,
two_balanced,-0.125,8192,8192,100,64,30976,independent_betting,0.01,300,0,0,0,0.012220974694293552,-0.0050000000000000001,0,1,1,1,-0.0050313466813211444,0.0017302149693182022,
two_balanced,-0.125,8192,8192,100,64,30976,independent_betting,0.050000000000000003,300,0,0,0,0.012220974694293552,-0.0050000000000000001,0,1,1,1,-0.0050313466813211444,0.0017302149693182022,
two_balanced,-0.125,8192,8192,100,64,30976,pooled_variance,0.001,300,0,0,0,0.012220974694293552,-0.0050000000000000001,0,1,1,1,-0.0050234231301518328,0.0017302149693182022,0.0043148399216694049
two_balanced,-0.125,8192,8192,100,64,30976,pooled_variance,0.0050000000000000001,300,0,0,0,0.012220974694293552,-0.0050000000000000001,0,1,1,1,-0.0050234231301518328,0.0017302149693182022,0.0043148399216694049
two_balanced,-0.125,8192,8192,100,64,30976,pooled_variance,0.01,300,0,0,0,0.012220974694293552,-0.0050000000000000001,0,1,1,1,-0.0050234231301518328,0.0017302149693182022,0.0043148399216694049
two_balanced,-0.125,8192,8192,100,64,30976,pooled_variance,0.050000000000000003,300,0,0,0,0.012220974694293552,-0.0050000000000000001,0,1,1,1,-0.0050234231301518328,0.0017302149693182022,0.0043148399216694049
two_balanced,-0.125,8192,8192,100,64,30976,pooled_betting,0.001,300,0,0,0,0.012220974694293552,-0.0050000000000000001,0,1,1,1,-0.0050262773454284124,0.0017302149693182022,
two_balanced,-0.125,8192,8192,100,64,30976,pooled_betting,0.0050000000000000001,300,0,0,0,0.012220974694293552,-0.0050000000000000001,0,1,1,1,-0.0050262773454284124,0.0017302149693182022,
two_balanced,-0.125,8192,8192,100,64,30976,pooled_betting,0.01,300,0,0,0,0.012220974694293552,-0.0050000000000000001,0,1,1,1,-0.0050262773454284124,0.0017302149693182022,
two_balanced,-0.125,8192,8192,100,64,30976,pooled_betting,0.050000000000000003,300,0,0,0,0.012220974694293552,-0.0050000000000000001,0,1,1,1,-0.0050262773454284124,0.0017302149693182022,
two_balanced,-0.125,8192,512,400,64,34816,signed_variance,0.001,300,0,0,0,0.012220974694293552,-0.0050000000000000001,0,1,1,1,-0.0049870786040636349,0.027333417116044131,0.0015160206891929287
two_balanced,-0.125,8192,512,400,64,34816,signed_variance,0.0050000000000000001,300,0,0,0,0.012220974694293552,-0.0050000000000000001,0,1,1,1,-0.0049870786040636349,0.027333417116044131,0.0015160206891929287
two_balanced,-0.125,8192,512,400,64,34816,signed_variance,0.01,300,0,0,0,0.012220974694293552,-0.0050000000000000001,0,1,1,1,-0.0049870786040636349,0.027333417116044131,0.0015160206891929287
two_balanced,-0.125,8192,512,400,64,34816,signed_variance,0.050000000000000003,300,0,0,0,0.012220974694293552,-0.0050000000000000001,0,1,1,1,-0.0049870786040636349,0.027333417116044131,0.0015160206891929287
two_balanced,-0.125,8192,512,400,64,34816,independent_bernstein,0.001,300,0,0,0,0.012220974694293552,-0.0050000000000000001,0,1,1,1,-0.0049754415119617375,0.027333417116044131,0.0015160662726640226
two_balanced,-0.125,8192,512,400,64,34816,independent_bernstein,0.0050000000000000001,300,0,0,0,0.012220974694293552,-0.0050000000000000001,0,1,1,1,-0.0049754415119617375,0.027333417116044131,0.0015160662726640226
two_balanced,-0.125,8192,512,400,64,34816,independent_bernstein,0.01,300,0,0,0,0.012220974694293552,-0.0050000000000000001,0,1,1,1,-0.0049754415119617375,0.027333417116044131,0.0015160662726640226
two_balanced,-0.125,8192,512,400,64,34816,independent_bernstein,0.050000000000000003,300,0,0,0,0.012220974694293552,-0.0050000000000000001,0,1,1,1,-0.0049754415119617375,0.027333417116044131,0.0015160662726640226
two_balanced,-0.125,8192,512,400,64,34816,independent_betting,0.001,300,0,0,0,0.012220974694293552,-0.0050000000000000001,0,1,1,1,-0.0049754415119617375,0.027333417116044131,
two_balanced,-0.125,8192,512,400,64,34816,independent_betting,0.0050000000000000001,300,0,0,0,0.012220974694293552,-0.0050000000000000001,0,1,1,1,-0.0049754415119617375,0.027333417116044131,
two_balanced,-0.125,8192,512,400,64,34816,independent_betting,0.01,300,0,0,0,0.012220974694293552,-0.0050000000000000001,0,1,1,1,-0.0049754415119617375,0.027333417116044131,
two_balanced,-0.125,8192,512,400,64,34816,independent_betting,0.050000000000000003,300,0,0,0,0.012220974694293552,-0.0050000000000000001,0,1,1,1,-0.0049754415119617375,0.027333417116044131,
two_balanced,-0.125,8192,512,400,64,34816,pooled_variance,0.001,300,0,0,0,0.012220974694293552,-0.0050000000000000001,0,1,1,1,-0.0049884490100859736,0.027333417116044131,0.0014991085307820037
two_balanced,-0.125,8192,512,400,64,34816,pooled_variance,0.0050000000000000001,300,0,0,0,0.012220974694293552,-0.0050000000000000001,0,1,1,1,-0.0049884490100859736,0.027333417116044131,0.0014991085307820037
two_balanced,-0.125,8192,512,400,64,34816,pooled_variance,0.01,300,0,0,0,0.012220974694293552,-0.0050000000000000001,0,1,1,1,-0.0049884490100859736,0.027333417116044131,0.0014991085307820037
two_balanced,-0.125,8192,512,400,64,34816,pooled_variance,0.050000000000000003,300,0,0,0,0.012220974694293552,-0.0050000000000000001,0,1,1,1,-0.0049884490100859736,0.027333417116044131,0.0014991085307820037
two_balanced,-0.125,8192,512,400,64,34816,pooled_betting,0.001,300,0,0,0,0.012220974694293552,-0.0050000000000000001,0,1,1,1,-0.0049847707554435058,0.027333417116044131,
two_balanced,-0.125,8192,512,400,64,34816,pooled_betting,0.0050000000000000001,300,0,0,0,0.012220974694293552,-0.0050000000000000001,0,1,1,1,-0.0049847707554435058,0.027333417116044131,
two_balanced,-0.125,8192,512,400,64,34816,pooled_betting,0.01,300,0,0,0,0.012220974694293552,-0.0050000000000000001,0,1,1,1,-0.0049847707554435058,0.027333417116044131,
two_balanced,-0.125,8192,512,400,64,34816,pooled_betting,0.050000000000000003,300,0,0,0,0.012220974694293552,-0.0050000000000000001,0,1,1,1,-0.0049847707554435058,0.027333417116044131,
two_balanced,-0.125,8192,8192,400,64,50176,signed_variance,0.001,300,0,0,0,0.012220974694293552,-0.0050000000000000001,0,1,1,1,-0.0049870786040636349,0.0017302149693182022,0.0015160206891929287
two_balanced,-0.125,8192,8192,400,64,50176,signed_variance,0.0050000000000000001,300,0,0,0,0.012220974694293552,-0.0050000000000000001,0,1,1,1,-0.0049870786040636349,0.0017302149693182022,0.0015160206891929287
two_balanced,-0.125,8192,8192,400,64,50176,signed_variance,0.01,300,0,0,0,0.012220974694293552,-0.0050000000000000001,0,1,1,1,-0.0049870786040636349,0.0017302149693182022,0.0015160206891929287
two_balanced,-0.125,8192,8192,400,64,50176,signed_variance,0.050000000000000003,300,0,0,0,0.012220974694293552,-0.0050000000000000001,0,1,1,1,-0.0049870786040636349,0.0017302149693182022,0.0015160206891929287
two_balanced,-0.125,8192,8192,400,64,50176,independent_bernstein,0.001,300,0,0,0,0.012220974694293552,-0.0050000000000000001,0,1,1,1,-0.0049754415119617375,0.0017302149693182022,0.0015160662726640226
two_balanced,-0.125,8192,8192,400,64,50176,independent_bernstein,0.0050000000000000001,300,0,0,0,0.012220974694293552,-0.0050000000000000001,0,1,1,1,-0.0049754415119617375,0.0017302149693182022,0.0015160662726640226
two_balanced,-0.125,8192,8192,400,64,50176,independent_bernstein,0.01,300,0,0,0,0.012220974694293552,-0.0050000000000000001,0,1,1,1,-0.0049754415119617375,0.0017302149693182022,0.0015160662726640226
two_balanced,-0.125,8192,8192,400,64,50176,independent_bernstein,0.050000000000000003,300,0,0,0,0.012220974694293552,-0.0050000000000000001,0,1,1,1,-0.0049754415119617375,0.0017302149693182022,0.0015160662726640226
two_balanced,-0.125,8192,8192,400,64,50176,independent_betting,0.001,300,0,0,0,0.012220974694293552,-0.0050000000000000001,0,1,1,1,-0.0049754415119617375,0.0017302149693182022,
two_balanced,-0.125,8192,8192,400,64,50176,independent_betting,0.0050000000000000001,300,0,0,0,0.012220974694293552,-0.0050000000000000001,0,1,1,1,-0.0049754415119617375,0.0017302149693182022,
two_balanced,-0.125,8192,8192,400,64,50176,independent_betting,0.01,300,0,0,0,0.012220974694293552,-0.0050000000000000001,0,1,1,1,-0.0049754415119617375,0.0017302149693182022,
two_balanced,-0.125,8192,8192,400,64,50176,independent_betting,0.050000000000000003,300,0,0,0,0.012220974694293552,-0.0050000000000000001,0,1,1,1,-0.0049754415119617375,0.0017302149693182022,
two_balanced,-0.125,8192,8192,400,64,50176,pooled_variance,0.001,300,0,0,0,0.012220974694293552,-0.0050000000000000001,0,1,1,1,-0.0049884490100859736,0.0017302149693182022,0.0014991085307820037
two_balanced,-0.125,8192,8192,400,64,50176,pooled_variance,0.0050000000000000001,300,0,0,0,0.012220974694293552,-0.0050000000000000001,0,1,1,1,-0.0049884490100859736,0.0017302149693182022,0.0014991085307820037
two_balanced,-0.125,8192,8192,400,64,50176,pooled_variance,0.01,300,0,0,0,0.012220974694293552,-0.0050000000000000001,0,1,1,1,-0.0049884490100859736,0.0017302149693182022,0.0014991085307820037
two_balanced,-0.125,8192,8192,400,64,50176,pooled_variance,0.050000000000000003,300,0,0,0,0.012220974694293552,-0.0050000000000000001,0,1,1,1,-0.0049884490100859736,0.0017302149693182022,0.0014991085307820037
two_balanced,-0.125,8192,8192,400,64,50176,pooled_betting,0.001,300,0,0,0,0.012220974694293552,-0.0050000000000000001,0,1,1,1,-0.0049847707554435058,0.0017302149693182022,
two_balanced,-0.125,8192,8192,400,64,50176,pooled_betting,0.0050000000000000001,300,0,0,0,0.012220974694293552,-0.0050000000000000001,0,1,1,1,-0.0049847707554435058,0.0017302149693182022,
two_balanced,-0.125,8192,8192,400,64,50176,pooled_betting,0.01,300,0,0,0,0.012220974694293552,-0.0050000000000000001,0,1,1,1,-0.0049847707554435058,0.0017302149693182022,
two_balanced,-0.125,8192,8192,400,64,50176,pooled_betting,0.050000000000000003,300,0,0,0,0.012220974694293552,-0.0050000000000000001,0,1,1,1,-0.0049847707554435058,0.0017302149693182022,
two_balanced,0,8192,512,100,64,15616,signed_variance,0.001,300,0,0,0,0.012220974694293552,0,0,1,1,1,2.893245124878757e-05,0.027732310978282021,0.0045278925018485327
two_balanced,0,8192,512,100,64,15616,signed_variance,0.0050000000000000001,300,0,0,0,0.012220974694293552,0,0,1,1,1,2.893245124878757e-05,0.027732310978282021,0.0045278925018485327
two_balanced,0,8192,512,100,64,15616,signed_variance,0.01,300,0,0,0,0.012220974694293552,0,0,1,1,1,2.893245124878757e-05,0.027732310978282021,0.0045278925018485327
two_balanced,0,8192,512,100,64,15616,signed_variance,0.050000000000000003,300,0,0,0,0.012220974694293552,0,0,1,1,1,2.893245124878757e-05,0.027732310978282021,0.0045278925018485327
two_balanced,0,8192,512,100,64,15616,independent_bernstein,0.001,300,0,0,0,0.012220974694293552,0,0,1,1,1,3.4732160903883112e-05,0.027732310978282021,0.0045286220583395176
two_balanced,0,8192,512,100,64,15616,independent_bernstein,0.0050000000000000001,300,0,0,0,0.012220974694293552,0,0,1,1,1,3.4732160903883112e-05,0.027732310978282021,0.0045286220583395176
two_balanced,0,8192,512,100,64,15616,independent_bernstein,0.01,300,0,0,0,0.012220974694293552,0,0,1,1,1,3.4732160903883112e-05,0.027732310978282021,0.0045286220583395176
two_balanced,0,8192,512,100,64,15616,independent_bernstein,0.050000000000000003,300,0,0,0,0.012220974694293552,0,0,1,1,1,3.4732160903883112e-05,0.027732310978282021,0.0045286220583395176
two_balanced,0,8192,512,100,64,15616,independent_betting,0.001,300,0,0,0,0.012220974694293552,0,0,1,1,1,3.4732160903883112e-05,0.027732310978282021,
two_balanced,0,8192,512,100,64,15616,independent_betting,0.0050000000000000001,300,0,0,0,0.012220974694293552,0,0,1,1,1,3.4732160903883112e-05,0.027732310978282021,
two_balanced,0,8192,512,100,64,15616,independent_betting,0.01,300,0,0,0,0.012220974694293552,0,0,1,1,1,3.4732160903883112e-05,0.027732310978282021,
two_balanced,0,8192,512,100,64,15616,independent_betting,0.050000000000000003,300,0,0,0,0.012220974694293552,0,0,1,1,1,3.4732160903883112e-05,0.027732310978282021,
two_balanced,0,8192,512,100,64,15616,pooled_variance,0.001,300,0,0,0,0.012220974694293552,0,0,1,1,1,3.422406829272479e-05,0.027732310978282021,0.0044726027761089427
two_balanced,0,8192,512,100,64,15616,pooled_variance,0.0050000000000000001,300,0,0,0,0.012220974694293552,0,0,1,1,1,3.422406829272479e-05,0.027732310978282021,0.0044726027761089427
two_balanced,0,8192,512,100,64,15616,pooled_variance,0.01,300,0,0,0,0.012220974694293552,0,0,1,1,1,3.422406829272479e-05,0.027732310978282021,0.0044726027761089427
two_balanced,0,8192,512,100,64,15616,pooled_variance,0.050000000000000003,300,0,0,0,0.012220974694293552,0,0,1,1,1,3.422406829272479e-05,0.027732310978282021,0.0044726027761089427
two_balanced,0,8192,512,100,64,15616,pooled_betting,0.001,300,0,0,0,0.012220974694293552,0,0,1,1,1,3.6270711208849236e-05,0.027732310978282021,
two_balanced,0,8192,512,100,64,15616,pooled_betting,0.0050000000000000001,300,0,0,0,0.012220974694293552,0,0,1,1,1,3.6270711208849236e-05,0.027732310978282021,
two_balanced,0,8192,512,100,64,15616,pooled_betting,0.01,300,0,0,0,0.012220974694293552,0,0,1,1,1,3.6270711208849236e-05,0.027732310978282021,
two_balanced,0,8192,512,100,64,15616,pooled_betting,0.050000000000000003,300,0,0,0,0.012220974694293552,0,0,1,1,1,3.6270711208849236e-05,0.027732310978282021,
two_balanced,0,8192,8192,100,64,30976,signed_variance,0.001,300,0,0,0,0.012220974694293552,0,0,1,1,1,2.893245124878757e-05,0.0017504841130720058,0.0045278925018485327
two_balanced,0,8192,8192,100,64,30976,signed_variance,0.0050000000000000001,300,0,0,0,0.012220974694293552,0,0,1,1,1,2.893245124878757e-05,0.0017504841130720058,0.0045278925018485327
two_balanced,0,8192,8192,100,64,30976,signed_variance,0.01,300,0,0,0,0.012220974694293552,0,0,1,1,1,2.893245124878757e-05,0.0017504841130720058,0.0045278925018485327
two_balanced,0,8192,8192,100,64,30976,signed_variance,0.050000000000000003,300,0,0,0,0.012220974694293552,0,0,1,1,1,2.893245124878757e-05,0.0017504841130720058,0.0045278925018485327
two_balanced,0,8192,8192,100,64,30976,independent_bernstein,0.001,300,0,0,0,0.012220974694293552,0,0,1,1,1,3.4732160903883112e-05,0.0017504841130720058,0.0045286220583395176
two_balanced,0,8192,8192,100,64,30976,independent_bernstein,0.0050000000000000001,300,0,0,0,0.012220974694293552,0,0,1,1,1,3.4732160903883112e-05,0.0017504841130720058,0.0045286220583395176
two_balanced,0,8192,8192,100,64,30976,independent_bernstein,0.01,300,0,0,0,0.012220974694293552,0,0,1,1,1,3.4732160903883112e-05,0.0017504841130720058,0.0045286220583395176
two_balanced,0,8192,8192,100,64,30976,independent_bernstein,0.050000000000000003,300,0,0,0,0.012220974694293552,0,0,1,1,1,3.4732160903883112e-05,0.0017504841130720058,0.0045286220583395176
two_balanced,0,8192,8192,100,64,30976,independent_betting,0.001,300,0,0,0,0.012220974694293552,0,0,0.83331730244028579,1,1,3.4732160903883112e-05,0.0017504841130720058,
two_balanced,0,8192,8192,100,64,30976,independent_betting,0.0050000000000000001,300,0,0,0,0.012220974694293552,0,0,0.83331730244028579,1,1,3.4732160903883112e-05,0.0017504841130720058,
two_balanced,0,8192,8192,100,64,30976,independent_betting,0.01,300,0,0,0,0.012220974694293552,0,0,0.83331730244028579,1,1,3.4732160903883112e-05,0.0017504841130720058,
two_balanced,0,8192,8192,100,64,30976,independent_betting,0.050000000000000003,300,0,0,0,0.012220974694293552,0,0,0.83331730244028579,1,1,3.4732160903883112e-05,0.0017504841130720058,
two_balanced,0,8192,8192,100,64,30976,pooled_variance,0.001,300,0,0,0,0.012220974694293552,0,0,1,1,1,3.422406829272479e-05,0.0017504841130720058,0.0044726027761089427
two_balanced,0,8192,8192,100,64,30976,pooled_variance,0.0050000000000000001,300,0,0,0,0.012220974694293552,0,0,1,1,1,3.422406829272479e-05,0.0017504841130720058,0.0044726027761089427
two_balanced,0,8192,8192,100,64,30976,pooled_variance,0.01,300,0,0,0,0.012220974694293552,0,0,1,1,1,3.422406829272479e-05,0.0017504841130720058,0.0044726027761089427
two_balanced,0,8192,8192,100,64,30976,pooled_variance,0.050000000000000003,300,0,0,0,0.012220974694293552,0,0,1,1,1,3.422406829272479e-05,0.0017504841130720058,0.0044726027761089427
two_balanced,0,8192,8192,100,64,30976,pooled_betting,0.001,300,0,0,0,0.012220974694293552,0,0,1,1,1,3.6270711208849236e-05,0.0017504841130720058,
two_balanced,0,8192,8192,100,64,30976,pooled_betting,0.0050000000000000001,300,0,0,0,0.012220974694293552,0,0,1,1,1,3.6270711208849236e-05,0.0017504841130720058,
two_balanced,0,8192,8192,100,64,30976,pooled_betting,0.01,300,0,0,0,0.012220974694293552,0,0,1,1,1,3.6270711208849236e-05,0.0017504841130720058,
two_balanced,0,8192,8192,100,64,30976,pooled_betting,0.050000000000000003,300,0,0,0,0.012220974694293552,0,0,1,1,1,3.6270711208849236e-05,0.0017504841130720058,
two_balanced,0,8192,512,400,64,34816,signed_variance,0.001,300,0,0,0,0.012220974694293552,0,0,1,1,1,1.8875526753136923e-05,0.027732310978282021,0.0015931750447616803
two_balanced,0,8192,512,400,64,34816,signed_variance,0.0050000000000000001,300,0,0,0,0.012220974694293552,0,0,1,1,1,1.8875526753136923e-05,0.027732310978282021,0.0015931750447616803
two_balanced,0,8192,512,400,64,34816,signed_variance,0.01,300,0,0,0,0.012220974694293552,0,0,1,1,1,1.8875526753136923e-05,0.027732310978282021,0.0015931750447616803
two_balanced,0,8192,512,400,64,34816,signed_variance,0.050000000000000003,300,0,0,0,0.012220974694293552,0,0,1,1,1,1.8875526753136923e-05,0.027732310978282021,0.0015931750447616803
two_balanced,0,8192,512,400,64,34816,independent_bernstein,0.001,300,0,0,0,0.012220974694293552,0,0,1,1,1,2.5894409979438426e-05,0.027732310978282021,0.0015932206227027503
two_balanced,0,8192,512,400,64,34816,independent_bernstein,0.0050000000000000001,300,0,0,0,0.012220974694293552,0,0,1,1,1,2.5894409979438426e-05,0.027732310978282021,0.0015932206227027503
two_balanced,0,8192,512,400,64,34816,independent_bernstein,0.01,300,0,0,0,0.012220974694293552,0,0,1,1,1,2.5894409979438426e-05,0.027732310978282021,0.0015932206227027503
two_balanced,0,8192,512,400,64,34816,independent_bernstein,0.050000000000000003,300,0,0,0,0.012220974694293552,0,0,1,1,1,2.5894409979438426e-05,0.027732310978282021,0.0015932206227027503
two_balanced,0,8192,512,400,64,34816,independent_betting,0.001,300,0,0,0,0.012220974694293552,0,0,1,1,1,2.5894409979438426e-05,0.027732310978282021,
two_balanced,0,8192,512,400,64,34816,independent_betting,0.0050000000000000001,300,0,0,0,0.012220974694293552,0,0,1,1,1,2.5894409979438426e-05,0.027732310978282021,
two_balanced,0,8192,512,400,64,34816,independent_betting,0.01,300,0,0,0,0.012220974694293552,0,0,1,1,1,2.5894409979438426e-05,0.027732310978282021,
two_balanced,0,8192,512,400,64,34816,independent_betting,0.050000000000000003,300,0,0,0,0.012220974694293552,0,0,1,1,1,2.5894409979438426e-05,0.027732310978282021,
two_balanced,0,8192,512,400,64,34816,pooled_variance,0.001,300,0,0,0,0.012220974694293552,0,0,1,1,1,2.0069554036779793e-05,0.027732310978282021,0.001576022613629503
two_balanced,0,8192,512,400,64,34816,pooled_variance,0.0050000000000000001,300,0,0,0,0.012220974694293552,0,0,1,1,1,2.0069554036779793e-05,0.027732310978282021,0.001576022613629503
two_balanced,0,8192,512,400,64,34816,pooled_variance,0.01,300,0,0,0,0.012220974694293552,0,0,1,1,1,2.0069554036779793e-05,0.027732310978282021,0.001576022613629503
two_balanced,0,8192,512,400,64,34816,pooled_variance,0.050000000000000003,300,0,0,0,0.012220974694293552,0,0,1,1,1,2.0069554036779793e-05,0.027732310978282021,0.001576022613629503
two_balanced,0,8192,512,400,64,34816,pooled_betting,0.001,300,0,0,0,0.012220974694293552,0,0,1,1,1,2.5321081794610629e-05,0.027732310978282021,
two_balanced,0,8192,512,400,64,34816,pooled_betting,0.0050000000000000001,300,0,0,0,0.012220974694293552,0,0,1,1,1,2.5321081794610629e-05,0.027732310978282021,
two_balanced,0,8192,512,400,64,34816,pooled_betting,0.01,300,0,0,0,0.012220974694293552,0,0,1,1,1,2.5321081794610629e-05,0.027732310978282021,
two_balanced,0,8192,512,400,64,34816,pooled_betting,0.050000000000000003,300,0,0,0,0.012220974694293552,0,0,1,1,1,2.5321081794610629e-05,0.027732310978282021,
two_balanced,0,8192,8192,400,64,50176,signed_variance,0.001,300,0,0,0,0.012220974694293552,0,0,1,1,1,1.8875526753136923e-05,0.0017504841130720058,0.0015931750447616803
two_balanced,0,8192,8192,400,64,50176,signed_variance,0.0050000000000000001,300,0,0,0,0.012220974694293552,0,0,1,1,1,1.8875526753136923e-05,0.0017504841130720058,0.0015931750447616803
two_balanced,0,8192,8192,400,64,50176,signed_variance,0.01,300,0,0,0,0.012220974694293552,0,0,1,1,1,1.8875526753136923e-05,0.0017504841130720058,0.0015931750447616803
two_balanced,0,8192,8192,400,64,50176,signed_variance,0.050000000000000003,300,0,0,0,0.012220974694293552,0,0,1,1,1,1.8875526753136923e-05,0.0017504841130720058,0.0015931750447616803
two_balanced,0,8192,8192,400,64,50176,independent_bernstein,0.001,300,0,0,0,0.012220974694293552,0,0,1,1,1,2.5894409979438426e-05,0.0017504841130720058,0.0015932206227027503
two_balanced,0,8192,8192,400,64,50176,independent_bernstein,0.0050000000000000001,300,0,0,0,0.012220974694293552,0,0,1,1,1,2.5894409979438426e-05,0.0017504841130720058,0.0015932206227027503
two_balanced,0,8192,8192,400,64,50176,independent_bernstein,0.01,300,0,0,0,0.012220974694293552,0,0,1,1,1,2.5894409979438426e-05,0.0017504841130720058,0.0015932206227027503
two_balanced,0,8192,8192,400,64,50176,independent_bernstein,0.050000000000000003,300,0,0,0,0.012220974694293552,0,0,1,1,1,2.5894409979438426e-05,0.0017504841130720058,0.0015932206227027503
two_balanced,0,8192,8192,400,64,50176,independent_betting,0.001,300,0,0,0,0.012220974694293552,0,0,1,1,1,2.5894409979438426e-05,0.0017504841130720058,
two_balanced,0,8192,8192,400,64,50176,independent_betting,0.0050000000000000001,300,0,0,0,0.012220974694293552,0,0,1,1,1,2.5894409979438426e-05,0.0017504841130720058,
two_balanced,0,8192,8192,400,64,50176,independent_betting,0.01,300,0,0,0,0.012220974694293552,0,0,1,1,1,2.5894409979438426e-05,0.0017504841130720058,
two_balanced,0,8192,8192,400,64,50176,independent_betting,0.050000000000000003,300,0,0,0,0.012220974694293552,0,0,1,1,1,2.5894409979438426e-05,0.0017504841130720058,
two_balanced,0,8192,8192,400,64,50176,pooled_variance,0.001,300,0,0,0,0.012220974694293552,0,0,1,1,1,2.0069554036779793e-05,0.0017504841130720058,0.001576022613629503
two_balanced,0,8192,8192,400,64,50176,pooled_variance,0.0050000000000000001,300,0,0,0,0.012220974694293552,0,0,1,1,1,2.0069554036779793e-05,0.0017504841130720058,0.001576022613629503
two_balanced,0,8192,8192,400,64,50176,pooled_variance,0.01,300,0,0,0,0.012220974694293552,0,0,1,1,1,2.0069554036779793e-05,0.0017504841130720058,0.001576022613629503
two_balanced,0,8192,8192,400,64,50176,pooled_variance,0.050000000000000003,300,0,0,0,0.012220974694293552,0,0,1,1,1,2.0069554036779793e-05,0.0017504841130720058,0.001576022613629503
two_balanced,0,8192,8192,400,64,50176,pooled_betting,0.001,300,0,0,0,0.012220974694293552,0,0,1,1,1,2.5321081794610629e-05,0.0017504841130720058,
two_balanced,0,8192,8192,400,64,50176,pooled_betting,0.0050000000000000001,300,0,0,0,0.012220974694293552,0,0,1,1,1,2.5321081794610629e-05,0.0017504841130720058,
two_balanced,0,8192,8192,400,64,50176,pooled_betting,0.01,300,0,0,0,0.012220974694293552,0,0,1,1,1,2.5321081794610629e-05,0.0017504841130720058,
two_balanced,0,8192,8192,400,64,50176,pooled_betting,0.050000000000000003,300,0,0,0,0.012220974694293552,0,0,1,1,1,2.5321081794610629e-05,0.0017504841130720058,
two_balanced,0.125,8192,512,100,64,15616,signed_variance,0.001,300,0,0,0,0.012220974694293552,0.0050000000000000001,0,1,1,1,0.0049803141643656656,0.028002945822887426,0.004658104017981746
two_balanced,0.125,8192,512,100,64,15616,signed_variance,0.0050000000000000001,300,0,0,0,0.012220974694293552,0.0050000000000000001,0,1,1,1,0.0049803141643656656,0.028002945822887426,0.004658104017981746
two_balanced,0.125,8192,512,100,64,15616,signed_variance,0.01,300,0,0,0,0.012220974694293552,0.0050000000000000001,0,1,1,1,0.0049803141643656656,0.028002945822887426,0.004658104017981746
two_balanced,0.125,8192,512,100,64,15616,signed_variance,0.050000000000000003,300,0,0,0,0.012220974694293552,0.0050000000000000001,0,1,1,1,0.0049803141643656656,0.028002945822887426,0.004658104017981746
two_balanced,0.125,8192,512,100,64,15616,independent_bernstein,0.001,300,0,0,0,0.012220974694293552,0.0050000000000000001,0,1,1,1,0.0049873743948327673,0.028002945822887426,0.0046588335905073256
two_balanced,0.125,8192,512,100,64,15616,independent_bernstein,0.0050000000000000001,300,0,0,0,0.012220974694293552,0.0050000000000000001,0,1,1,1,0.0049873743948327673,0.028002945822887426,0.0046588335905073256
two_balanced,0.125,8192,512,100,64,15616,independent_bernstein,0.01,300,0,0,0,0.012220974694293552,0.0050000000000000001,0,1,1,1,0.0049873743948327673,0.028002945822887426,0.0046588335905073256
two_balanced,0.125,8192,512,100,64,15616,independent_bernstein,0.050000000000000003,300,0,0,0,0.012220974694293552,0.0050000000000000001,0,1,1,1,0.0049873743948327673,0.028002945822887426,0.0046588335905073256
two_balanced,0.125,8192,512,100,64,15616,independent_betting,0.001,300,0,0,0,0.012220974694293552,0.0050000000000000001,0,1,1,1,0.0049873743948327673,0.028002945822887426,
two_balanced,0.125,8192,512,100,64,15616,independent_betting,0.0050000000000000001,300,0,0,0,0.012220974694293552,0.0050000000000000001,0,1,1,1,0.0049873743948327673,0.028002945822887426,
two_balanced,0.125,8192,512,100,64,15616,independent_betting,0.01,300,0,0,0,0.012220974694293552,0.0050000000000000001,0,1,1,1,0.0049873743948327673,0.028002945822887426,
two_balanced,0.125,8192,512,100,64,15616,independent_betting,0.050000000000000003,300,0,0,0,0.012220974694293552,0.0050000000000000001,0,1,1,1,0.0049873743948327673,0.028002945822887426,
two_balanced,0.125,8192,512,100,64,15616,pooled_variance,0.001,300,0,0,0,0.012220974694293552,0.0050000000000000001,0,1,1,1,0.0049808228019149609,0.028002945822887426,0.0045990503692874968
two_balanced,0.125,8192,512,100,64,15616,pooled_variance,0.0050000000000000001,300,0,0,0,0.012220974694293552,0.0050000000000000001,0,1,1,1,0.0049808228019149609,0.028002945822887426,0.0045990503692874968
two_balanced,0.125,8192,512,100,64,15616,pooled_variance,0.01,300,0,0,0,0.012220974694293552,0.0050000000000000001,0,1,1,1,0.0049808228019149609,0.028002945822887426,0.0045990503692874968
two_balanced,0.125,8192,512,100,64,15616,pooled_variance,0.050000000000000003,300,0,0,0,0.012220974694293552,0.0050000000000000001,0,1,1,1,0.0049808228019149609,0.028002945822887426,0.0045990503692874968
two_balanced,0.125,8192,512,100,64,15616,pooled_betting,0.001,300,0,0,0,0.012220974694293552,0.0050000000000000001,0,1,1,1,0.0049593210720338997,0.028002945822887426,
two_balanced,0.125,8192,512,100,64,15616,pooled_betting,0.0050000000000000001,300,0,0,0,0.012220974694293552,0.0050000000000000001,0,1,1,1,0.0049593210720338997,0.028002945822887426,
two_balanced,0.125,8192,512,100,64,15616,pooled_betting,0.01,300,0,0,0,0.012220974694293552,0.0050000000000000001,0,1,1,1,0.0049593210720338997,0.028002945822887426,
two_balanced,0.125,8192,512,100,64,15616,pooled_betting,0.050000000000000003,300,0,0,0,0.012220974694293552,0.0050000000000000001,0,1,1,1,0.0049593210720338997,0.028002945822887426,
two_balanced,0.125,8192,8192,100,64,30976,signed_variance,0.001,300,0,0,0,0.012220974694293552,0.0050000000000000001,0,0.041606987289319615,0.20373681469690802,1,0.0049803141643656656,0.0017625059768095518,0.004658104017981746
two_balanced,0.125,8192,8192,100,64,30976,signed_variance,0.0050000000000000001,300,0,0,0,0.012220974694293552,0.0050000000000000001,0,0.041606987289319615,0.20373681469690802,1,0.0049803141643656656,0.0017625059768095518,0.004658104017981746
two_balanced,0.125,8192,8192,100,64,30976,signed_variance,0.01,300,0,0,0,0.012220974694293552,0.0050000000000000001,0,0.041606987289319615,0.20373681469690802,1,0.0049803141643656656,0.0017625059768095518,0.004658104017981746
two_balanced,0.125,8192,8192,100,64,30976,signed_variance,0.050000000000000003,300,1,0.0033333333333333335,8.4389132317800442e-05,0.018431252048067885,0.0050000000000000001,0,0.041606987289319615,0.20373681469690802,1,0.0049803141643656656,0.0017625059768095518,0.004658104017981746
two_balanced,0.125,8192,8192,100,64,30976,independent_bernstein,0.001,300,0,0,0,0.012220974694293552,0.0050000000000000001,0,0.027906166536651306,0.19723136815923126,1,0.0049873743948327673,0.0017625059768095518,0.0046588335905073256
two_balanced,0.125,8192,8192,100,64,30976,independent_bernstein,0.0050000000000000001,300,0,0,0,0.012220974694293552,0.0050000000000000001,0,0.027906166536651306,0.19723136815923126,1,0.0049873743948327673,0.0017625059768095518,0.0046588335905073256
two_balanced,0.125,8192,8192,100,64,30976,independent_bernstein,0.01,300,0,0,0,0.012220974694293552,0.0050000000000000001,0,0.027906166536651306,0.19723136815923126,1,0.0049873743948327673,0.0017625059768095518,0.0046588335905073256
two_balanced,0.125,8192,8192,100,64,30976,independent_bernstein,0.050000000000000003,300,10,0.033333333333333333,0.016098167562619323,0.060445322201265597,0.0050000000000000001,0,0.027906166536651306,0.19723136815923126,1,0.0049873743948327673,0.0017625059768095518,0.0046588335905073256
two_balanced,0.125,8192,8192,100,64,30976,independent_betting,0.001,300,162,0.54000000000000004,0.48177871164008845,0.59742360003016448,0.0050000000000000001,0,0.00010000015193323583,0.00062480729916337637,0.97575593632616409,0.0049873743948327673,0.0017625059768095518,
two_balanced,0.125,8192,8192,100,64,30976,independent_betting,0.0050000000000000001,300,208,0.69333333333333336,0.63776104061153593,0.74503885100101175,0.0050000000000000001,0,0.00010000015193323583,0.00062480729916337637,0.97575593632616409,0.0049873743948327673,0.0017625059768095518,
two_balanced,0.125,8192,8192,100,64,30976,independent_betting,0.01,300,227,0.75666666666666671,0.70404420761630815,0.80414077017149321,0.0050000000000000001,0,0.00010000015193323583,0.00062480729916337637,0.97575593632616409,0.0049873743948327673,0.0017625059768095518,
two_balanced,0.125,8192,8192,100,64,30976,independent_betting,0.050000000000000003,300,263,0.87666666666666671,0.83402729782665941,0.91165580543894742,0.0050000000000000001,0,0.00010000015193323583,0.00062480729916337637,0.97575593632616409,0.0049873743948327673,0.0017625059768095518,
two_balanced,0.125,8192,8192,100,64,30976,pooled_variance,0.001,300,0,0,0,0.012220974694293552,0.0050000000000000001,0,0.037457274878305032,0.19225689574862739,0.96966694126240194,0.0049808228019149609,0.0017625059768095518,0.0045990503692874968
two_balanced,0.125,8192,8192,100,64,30976,pooled_variance,0.0050000000000000001,300,0,0,0,0.012220974694293552,0.0050000000000000001,0,0.037457274878305032,0.19225689574862739,0.96966694126240194,0.0049808228019149609,0.0017625059768095518,0.0045990503692874968
two_balanced,0.125,8192,8192,100,64,30976,pooled_variance,0.01,300,0,0,0,0.012220974694293552,0.0050000000000000001,0,0.037457274878305032,0.19225689574862739,0.96966694126240194,0.0049808228019149609,0.0017625059768095518,0.0045990503692874968
two_balanced,0.125,8192,8192,100,64,30976,pooled_variance,0.050000000000000003,300,2,0.0066666666666666671,0.00080838641279979112,0.023873497572173649,0.0050000000000000001,0,0.037457274878305032,0.19225689574862739,0.96966694126240194,0.0049808228019149609,0.0017625059768095518,0.0045990503692874968
two_balanced,0.125,8192,8192,100,64,30976,pooled_betting,0.001,300,158,0.52666666666666662,0.46847836427836387,0.5843232112397726,0.0050000000000000001,0,0.00010000010426609534,0.00064483461935710158,0.85801081964971238,0.0049593210720338997,0.0017625059768095518,
two_balanced,0.125,8192,8192,100,64,30976,pooled_betting,0.0050000000000000001,300,202,0.67333333333333334,0.61707770709190402,0.72612446510426754,0.0050000000000000001,0,0.00010000010426609534,0.00064483461935710158,0.85801081964971238,0.0049593210720338997,0.0017625059768095518,
two_balanced,0.125,8192,8192,100,64,30976,pooled_betting,0.01,300,229,0.76333333333333331,0.71109806078393323,0.81028443209752044,0.0050000000000000001,0,0.00010000010426609534,0.00064483461935710158,0.85801081964971238,0.0049593210720338997,0.0017625059768095518,
two_balanced,0.125,8192,8192,100,64,30976,pooled_betting,0.050000000000000003,300,273,0.91000000000000003,0.87175749122670165,0.93985047016234846,0.0050000000000000001,0,0.00010000010426609534,0.00064483461935710158,0.85801081964971238,0.0049593210720338997,0.0017625059768095518,
two_balanced,0.125,8192,512,400,64,34816,signed_variance,0.001,300,0,0,0,0.012220974694293552,0.0050000000000000001,0,1,1,1,0.0050071009917576469,0.028002945822887426,0.0016598393701097588
two_balanced,0.125,8192,512,400,64,34816,signed_variance,0.0050000000000000001,300,0,0,0,0.012220974694293552,0.0050000000000000001,0,1,1,1,0.0050071009917576469,0.028002945822887426,0.0016598393701097588
two_balanced,0.125,8192,512,400,64,34816,signed_variance,0.01,300,0,0,0,0.012220974694293552,0.0050000000000000001,0,1,1,1,0.0050071009917576469,0.028002945822887426,0.0016598393701097588
two_balanced,0.125,8192,512,400,64,34816,signed_variance,0.050000000000000003,300,0,0,0,0.012220974694293552,0.0050000000000000001,0,1,1,1,0.0050071009917576469,0.028002945822887426,0.0016598393701097588
two_balanced,0.125,8192,512,400,64,34816,independent_bernstein,0.001,300,0,0,0,0.012220974694293552,0.0050000000000000001,0,1,1,1,0.0050058690732479351,0.028002945822887426,0.0016598849490525654
two_balanced,0.125,8192,512,400,64,34816,independent_bernstein,0.0050000000000000001,300,0,0,0,0.012220974694293552,0.0050000000000000001,0,1,1,1,0.0050058690732479351,0.028002945822887426,0.0016598849490525654
two_balanced,0.125,8192,512,400,64,34816,independent_bernstein,0.01,300,0,0,0,0.012220974694293552,0.0050000000000000001,0,1,1,1,0.0050058690732479351,0.028002945822887426,0.0016598849490525654
two_balanced,0.125,8192,512,400,64,34816,independent_bernstein,0.050000000000000003,300,0,0,0,0.012220974694293552,0.0050000000000000001,0,1,1,1,0.0050058690732479351,0.028002945822887426,0.0016598849490525654
two_balanced,0.125,8192,512,400,64,34816,independent_betting,0.001,300,0,0,0,0.012220974694293552,0.0050000000000000001,0,1,1,1,0.0050058690732479351,0.028002945822887426,
two_balanced,0.125,8192,512,400,64,34816,independent_betting,0.0050000000000000001,300,0,0,0,0.012220974694293552,0.0050000000000000001,0,1,1,1,0.0050058690732479351,0.028002945822887426,
two_balanced,0.125,8192,512,400,64,34816,independent_betting,0.01,300,0,0,0,0.012220974694293552,0.0050000000000000001,0,1,1,1,0.0050058690732479351,0.028002945822887426,
two_balanced,0.125,8192,512,400,64,34816,independent_betting,0.050000000000000003,300,0,0,0,0.012220974694293552,0.0050000000000000001,0,1,1,1,0.0050058690732479351,0.028002945822887426,
two_balanced,0.125,8192,512,400,64,34816,pooled_variance,0.001,300,0,0,0,0.012220974694293552,0.0050000000000000001,0,1,1,1,0.005004493573836752,0.028002945822887426,0.0016410248081698772
two_balanced,0.125,8192,512,400,64,34816,pooled_variance,0.0050000000000000001,300,0,0,0,0.012220974694293552,0.0050000000000000001,0,1,1,1,0.005004493573836752,0.028002945822887426,0.0016410248081698772
two_balanced,0.125,8192,512,400,64,34816,pooled_variance,0.01,300,0,0,0,0.012220974694293552,0.0050000000000000001,0,1,1,1,0.005004493573836752,0.028002945822887426,0.0016410248081698772
two_balanced,0.125,8192,512,400,64,34816,pooled_variance,0.050000000000000003,300,0,0,0,0.012220974694293552,0.0050000000000000001,0,1,1,1,0.005004493573836752,0.028002945822887426,0.0016410248081698772
two_balanced,0.125,8192,512,400,64,34816,pooled_betting,0.001,300,0,0,0,0.012220974694293552,0.0050000000000000001,0,1,1,1,0.0049891299609193434,0.028002945822887426,
two_balanced,0.125,8192,512,400,64,34816,pooled_betting,0.0050000000000000001,300,0,0,0,0.012220974694293552,0.0050000000000000001,0,1,1,1,0.0049891299609193434,0.028002945822887426,
two_balanced,0.125,8192,512,400,64,34816,pooled_betting,0.01,300,0,0,0,0.012220974694293552,0.0050000000000000001,0,1,1,1,0.0049891299609193434,0.028002945822887426,
two_balanced,0.125,8192,512,400,64,34816,pooled_betting,0.050000000000000003,300,0,0,0,0.012220974694293552,0.0050000000000000001,0,1,1,1,0.0049891299609193434,0.028002945822887426,
two_balanced,0.125,8192,8192,400,64,50176,signed_variance,0.001,300,275,0.91666666666666663,0.87944126312406512,0.94534572412159101,0.0050000000000000001,0,0.00010835119267420098,0.00028842580169999342,0.0049246602997770981,0.0050071009917576469,0.0017625059768095518,0.0016598393701097588
two_balanced,0.125,8192,8192,400,64,50176,signed_variance,0.0050000000000000001,300,300,1,0.98777902530570649,1,0.0050000000000000001,0,0.00010835119267420098,0.00028842580169999342,0.0049246602997770981,0.0050071009917576469,0.0017625059768095518,0.0016598393701097588
two_balanced,0.125,8192,8192,400,64,50176,signed_variance,0.01,300,300,1,0.98777902530570649,1,0.0050000000000000001,0,0.00010835119267420098,0.00028842580169999342,0.0049246602997770981,0.0050071009917576469,0.0017625059768095518,0.0016598393701097588
two_balanced,0.125,8192,8192,400,64,50176,signed_variance,0.050000000000000003,300,300,1,0.98777902530570649,1,0.0050000000000000001,0,0.00010835119267420098,0.00028842580169999342,0.0049246602997770981,0.0050071009917576469,0.0017625059768095518,0.0016598393701097588
two_balanced,0.125,8192,8192,400,64,50176,independent_bernstein,0.001,300,257,0.85666666666666669,0.81182511228085241,0.89428771927850625,0.0050000000000000001,0,0.00010314760148667029,0.00029410910920830692,0.0089116775428962573,0.0050058690732479351,0.0017625059768095518,0.0016598849490525654
two_balanced,0.125,8192,8192,400,64,50176,independent_bernstein,0.0050000000000000001,300,295,0.98333333333333328,0.96153625503500362,0.99456679468489473,0.0050000000000000001,0,0.00010314760148667029,0.00029410910920830692,0.0089116775428962573,0.0050058690732479351,0.0017625059768095518,0.0016598849490525654
two_balanced,0.125,8192,8192,400,64,50176,independent_bernstein,0.01,300,300,1,0.98777902530570649,1,0.0050000000000000001,0,0.00010314760148667029,0.00029410910920830692,0.0089116775428962573,0.0050058690732479351,0.0017625059768095518,0.0016598849490525654
two_balanced,0.125,8192,8192,400,64,50176,independent_bernstein,0.050000000000000003,300,300,1,0.98777902530570649,1,0.0050000000000000001,0,0.00010314760148667029,0.00029410910920830692,0.0089116775428962573,0.0050058690732479351,0.0017625059768095518,0.0016598849490525654
two_balanced,0.125,8192,8192,400,64,50176,independent_betting,0.001,300,300,1,0.98777902530570649,1,0.0050000000000000001,0,0.0001,0.00010000000000004143,0.00010016593892652668,0.0050058690732479351,0.0017625059768095518,
two_balanced,0.125,8192,8192,400,64,50176,independent_betting,0.0050000000000000001,300,300,1,0.98777902530570649,1,0.0050000000000000001,0,0.0001,0.00010000000000004143,0.00010016593892652668,0.0050058690732479351,0.0017625059768095518,
two_balanced,0.125,8192,8192,400,64,50176,independent_betting,0.01,300,300,1,0.98777902530570649,1,0.0050000000000000001,0,0.0001,0.00010000000000004143,0.00010016593892652668,0.0050058690732479351,0.0017625059768095518,
two_balanced,0.125,8192,8192,400,64,50176,independent_betting,0.050000000000000003,300,300,1,0.98777902530570649,1,0.0050000000000000001,0,0.0001,0.00010000000000004143,0.00010016593892652668,0.0050058690732479351,0.0017625059768095518,
two_balanced,0.125,8192,8192,400,64,50176,pooled_variance,0.001,300,278,0.92666666666666664,0.89107553548310414,0.95347433561521489,0.0050000000000000001,0,0.00010804769101806676,0.00026344748387837095,0.0046986511475674798,0.005004493573836752,0.0017625059768095518,0.0016410248081698772
two_balanced,0.125,8192,8192,400,64,50176,pooled_variance,0.0050000000000000001,300,300,1,0.98777902530570649,1,0.0050000000000000001,0,0.00010804769101806676,0.00026344748387837095,0.0046986511475674798,0.005004493573836752,0.0017625059768095518,0.0016410248081698772
two_balanced,0.125,8192,8192,400,64,50176,pooled_variance,0.01,300,300,1,0.98777902530570649,1,0.0050000000000000001,0,0.00010804769101806676,0.00026344748387837095,0.0046986511475674798,0.005004493573836752,0.0017625059768095518,0.0016410248081698772
two_balanced,0.125,8192,8192,400,64,50176,pooled_variance,0.050000000000000003,300,300,1,0.98777902530570649,1,0.0050000000000000001,0,0.00010804769101806676,0.00026344748387837095,0.0046986511475674798,0.005004493573836752,0.0017625059768095518,0.0016410248081698772
two_balanced,0.125,8192,8192,400,64,50176,pooled_betting,0.001,300,300,1,0.98777902530570649,1,0.0050000000000000001,0,0.0001,0.00010000000000002153,0.00010083430203246829,0.0049891299609193434,0.0017625059768095518,
two_balanced,0.125,8192,8192,400,64,50176,pooled_betting,0.0050000000000000001,300,300,1,0.98777902530570649,1,0.0050000000000000001,0,0.0001,0.00010000000000002153,0.00010083430203246829,0.0049891299609193434,0.0017625059768095518,
two_balanced,0.125,8192,8192,400,64,50176,pooled_betting,0.01,300,300,1,0.98777902530570649,1,0.0050000000000000001,0,0.0001,0.00010000000000002153,0.00010083430203246829,0.0049891299609193434,0.0017625059768095518,
two_balanced,0.125,8192,8192,400,64,50176,pooled_betting,0.050000000000000003,300,300,1,0.98777902530570649,1,0.0050000000000000001,0,0.0001,0.00010000000000002153,0.00010083430203246829,0.0049891299609193434,0.0017625059768095518,
two_balanced,0.25,8192,512,100,64,15616,signed_variance,0.001,300,0,0,0,0.012220974694293552,0.01,0,1,1,1,0.0099563345547876072,0.028332239862542352,0.0047789051570784388
two_balanced,0.25,8192,512,100,64,15616,signed_variance,0.0050000000000000001,300,0,0,0,0.012220974694293552,0.01,0,1,1,1,0.0099563345547876072,0.028332239862542352,0.0047789051570784388
two_balanced,0.25,8192,512,100,64,15616,signed_variance,0.01,300,0,0,0,0.012220974694293552,0.01,0,1,1,1,0.0099563345547876072,0.028332239862542352,0.0047789051570784388
two_balanced,0.25,8192,512,100,64,15616,signed_variance,0.050000000000000003,300,0,0,0,0.012220974694293552,0.01,0,1,1,1,0.0099563345547876072,0.028332239862542352,0.0047789051570784388
two_balanced,0.25,8192,512,100,64,15616,independent_bernstein,0.001,300,0,0,0,0.012220974694293552,0.01,0,1,1,1,0.009945959012677065,0.028332239862542352,0.004779634475630525
two_balanced,0.25,8192,512,100,64,15616,independent_bernstein,0.0050000000000000001,300,0,0,0,0.012220974694293552,0.01,0,1,1,1,0.009945959012677065,0.028332239862542352,0.004779634475630525
two_balanced,0.25,8192,512,100,64,15616,independent_bernstein,0.01,300,0,0,0,0.012220974694293552,0.01,0,1,1,1,0.009945959012677065,0.028332239862542352,0.004779634475630525
two_balanced,0.25,8192,512,100,64,15616,independent_bernstein,0.050000000000000003,300,0,0,0,0.012220974694293552,0.01,0,1,1,1,0.009945959012677065,0.028332239862542352,0.004779634475630525
two_balanced,0.25,8192,512,100,64,15616,independent_betting,0.001,300,0,0,0,0.012220974694293552,0.01,0,1,1,1,0.009945959012677065,0.028332239862542352,
two_balanced,0.25,8192,512,100,64,15616,independent_betting,0.0050000000000000001,300,0,0,0,0.012220974694293552,0.01,0,1,1,1,0.009945959012677065,0.028332239862542352,
two_balanced,0.25,8192,512,100,64,15616,independent_betting,0.01,300,0,0,0,0.012220974694293552,0.01,0,1,1,1,0.009945959012677065,0.028332239862542352,
two_balanced,0.25,8192,512,100,64,15616,independent_betting,0.050000000000000003,300,0,0,0,0.012220974694293552,0.01,0,1,1,1,0.009945959012677065,0.028332239862542352,
two_balanced,0.25,8192,512,100,64,15616,pooled_variance,0.001,300,0,0,0,0.012220974694293552,0.01,0,1,1,1,0.00995618696528194,0.028332239862542352,0.0047184955147934679
two_balanced,0.25,8192,512,100,64,15616,pooled_variance,0.0050000000000000001,300,0,0,0,0.012220974694293552,0.01,0,1,1,1,0.00995618696528194,0.028332239862542352,0.0047184955147934679
two_balanced,0.25,8192,512,100,64,15616,pooled_variance,0.01,300,0,0,0,0.012220974694293552,0.01,0,1,1,1,0.00995618696528194,0.028332239862542352,0.0047184955147934679
two_balanced,0.25,8192,512,100,64,15616,pooled_variance,0.050000000000000003,300,0,0,0,0.012220974694293552,0.01,0,1,1,1,0.00995618696528194,0.028332239862542352,0.0047184955147934679
two_balanced,0.25,8192,512,100,64,15616,pooled_betting,0.001,300,0,0,0,0.012220974694293552,0.01,0,1,1,1,0.0099063444679081368,0.028332239862542352,
two_balanced,0.25,8192,512,100,64,15616,pooled_betting,0.0050000000000000001,300,0,0,0,0.012220974694293552,0.01,0,1,1,1,0.0099063444679081368,0.028332239862542352,
two_balanced,0.25,8192,512,100,64,15616,pooled_betting,0.01,300,0,0,0,0.012220974694293552,0.01,0,1,1,1,0.0099063444679081368,0.028332239862542352,
two_balanced,0.25,8192,512,100,64,15616,pooled_betting,0.050000000000000003,300,0,0,0,0.012220974694293552,0.01,0,1,1,1,0.0099063444679081368,0.028332239862542352,
two_balanced,0.25,8192,8192,100,64,30976,signed_variance,0.001,300,67,0.22333333333333333,0.17747768109334155,0.27474548818918287,0.01,0,0.00035344513080951651,0.0015772565973045658,0.0078080032601787796,0.0099563345547876072,0.0017786020756822133,0.0047789051570784388
two_balanced,0.25,8192,8192,100,64,30976,signed_variance,0.0050000000000000001,300,291,0.96999999999999997,0.94381645175838424,0.98619218044447399,0.01,0,0.00035344513080951651,0.0015772565973045658,0.0078080032601787796,0.0099563345547876072,0.0017786020756822133,0.0047789051570784388
two_balanced,0.25,8192,8192,100,64,30976,signed_variance,0.01,300,300,1,0.98777902530570649,1,0.01,0,0.00035344513080951651,0.0015772565973045658,0.0078080032601787796,0.0099563345547876072,0.0017786020756822133,0.0047789051570784388
two_balanced,0.25,8192,8192,100,64,30976,signed_variance,0.050000000000000003,300,300,1,0.98777902530570649,1,0.01,0,0.00035344513080951651,0.0015772565973045658,0.0078080032601787796,0.0099563345547876072,0.0017786020756822133,0.0047789051570784388
two_balanced,0.25,8192,8192,100,64,30976,independent_bernstein,0.001,300,75,0.25,0.20201874460155167,0.30299400204603383,0.01,0,0.00020738705539473319,0.0016462761253840472,0.01650672548761101,0.009945959012677065,0.0017786020756822133,0.004779634475630525
two_balanced,0.25,8192,8192,100,64,30976,independent_bernstein,0.0050000000000000001,300,281,0.93666666666666665,0.90286180339287991,0.96144198017162397,0.01,0,0.00020738705539473319,0.0016462761253840472,0.01650672548761101,0.009945959012677065,0.0017786020756822133,0.004779634475630525
two_balanced,0.25,8192,8192,100,64,30976,independent_bernstein,0.01,300,298,0.99333333333333329,0.97612650242782639,0.99919161358720021,0.01,0,0.00020738705539473319,0.0016462761253840472,0.01650672548761101,0.009945959012677065,0.0017786020756822133,0.004779634475630525
two_balanced,0.25,8192,8192,100,64,30976,independent_bernstein,0.050000000000000003,300,300,1,0.98777902530570649,1,0.01,0,0.00020738705539473319,0.0016462761253840472,0.01650672548761101,0.009945959012677065,0.0017786020756822133,0.004779634475630525
two_balanced,0.25,8192,8192,100,64,30976,independent_betting,0.001,300,300,1,0.98777902530570649,1,0.01,0,0.0001,0.0001,0.00010000000186544154,0.009945959012677065,0.0017786020756822133,
two_balanced,0.25,8192,8192,100,64,30976,independent_betting,0.0050000000000000001,300,300,1,0.98777902530570649,1,0.01,0,0.0001,0.0001,0.00010000000186544154,0.009945959012677065,0.0017786020756822133,
two_balanced,0.25,8192,8192,100,64,30976,independent_betting,0.01,300,300,1,0.98777902530570649,1,0.01,0,0.0001,0.0001,0.00010000000186544154,0.009945959012677065,0.0017786020756822133,
two_balanced,0.25,8192,8192,100,64,30976,independent_betting,0.050000000000000003,300,300,1,0.98777902530570649,1,0.01,0,0.0001,0.0001,0.00010000000186544154,0.009945959012677065,0.0017786020756822133,
two_balanced,0.25,8192,8192,100,64,30976,pooled_variance,0.001,300,90,0.29999999999999999,0.24868157652404682,0.35531950446306065,0.01,0,0.00034585599800470579,0.0014208898488365328,0.0067014907904000805,0.00995618696528194,0.0017786020756822133,0.0047184955147934679
two_balanced,0.25,8192,8192,100,64,30976,pooled_variance,0.0050000000000000001,300,293,0.97666666666666668,0.95251743497021812,0.99056849793820534,0.01,0,0.00034585599800470579,0.0014208898488365328,0.0067014907904000805,0.00995618696528194,0.0017786020756822133,0.0047184955147934679
two_balanced,0.25,8192,8192,100,64,30976,pooled_variance,0.01,300,300,1,0.98777902530570649,1,0.01,0,0.00034585599800470579,0.0014208898488365328,0.0067014907904000805,0.00995618696528194,0.0017786020756822133,0.0047184955147934679
two_balanced,0.25,8192,8192,100,64,30976,pooled_variance,0.050000000000000003,300,300,1,0.98777902530570649,1,0.01,0,0.00034585599800470579,0.0014208898488365328,0.0067014907904000805,0.00995618696528194,0.0017786020756822133,0.0047184955147934679
two_balanced,0.25,8192,8192,100,64,30976,pooled_betting,0.001,300,300,1,0.98777902530570649,1,0.01,0,0.0001,0.0001,0.00010000000050232487,0.0099063444679081368,0.0017786020756822133,
two_balanced,0.25,8192,8192,100,64,30976,pooled_betting,0.0050000000000000001,300,300,1,0.98777902530570649,1,0.01,0,0.0001,0.0001,0.00010000000050232487,0.0099063444679081368,0.0017786020756822133,
two_balanced,0.25,8192,8192,100,64,30976,pooled_betting,0.01,300,300,1,0.98777902530570649,1,0.01,0,0.0001,0.0001,0.00010000000050232487,0.0099063444679081368,0.0017786020756822133,
two_balanced,0.25,8192,8192,100,64,30976,pooled_betting,0.050000000000000003,300,300,1,0.98777902530570649,1,0.01,0,0.0001,0.0001,0.00010000000050232487,0.0099063444679081368,0.0017786020756822133,
two_balanced,0.25,8192,512,400,64,34816,signed_variance,0.001,300,0,0,0,0.012220974694293552,0.01,0,1,1,1,0.0099885002853054745,0.028332239862542352,0.0017189642710787878
two_balanced,0.25,8192,512,400,64,34816,signed_variance,0.0050000000000000001,300,0,0,0,0.012220974694293552,0.01,0,1,1,1,0.0099885002853054745,0.028332239862542352,0.0017189642710787878
two_balanced,0.25,8192,512,400,64,34816,signed_variance,0.01,300,0,0,0,0.012220974694293552,0.01,0,1,1,1,0.0099885002853054745,0.028332239862542352,0.0017189642710787878
two_balanced,0.25,8192,512,400,64,34816,signed_variance,0.050000000000000003,300,0,0,0,0.012220974694293552,0.01,0,1,1,1,0.0099885002853054745,0.028332239862542352,0.0017189642710787878
two_balanced,0.25,8192,512,400,64,34816,independent_bernstein,0.001,300,0,0,0,0.012220974694293552,0.01,0,1,1,1,0.0099787893062414229,0.028332239862542352,0.0017190098341549839
two_balanced,0.25,8192,512,400,64,34816,independent_bernstein,0.0050000000000000001,300,0,0,0,0.012220974694293552,0.01,0,1,1,1,0.0099787893062414229,0.028332239862542352,0.0017190098341549839
two_balanced,0.25,8192,512,400,64,34816,independent_bernstein,0.01,300,0,0,0,0.012220974694293552,0.01,0,1,1,1,0.0099787893062414229,0.028332239862542352,0.0017190098341549839
two_balanced,0.25,8192,512,400,64,34816,independent_bernstein,0.050000000000000003,300,0,0,0,0.012220974694293552,0.01,0,1,1,1,0.0099787893062414229,0.028332239862542352,0.0017190098341549839
two_balanced,0.25,8192,512,400,64,34816,independent_betting,0.001,300,0,0,0,0.012220974694293552,0.01,0,1,1,1,0.0099787893062414229,0.028332239862542352,
two_balanced,0.25,8192,512,400,64,34816,independent_betting,0.0050000000000000001,300,0,0,0,0.012220974694293552,0.01,0,1,1,1,0.0099787893062414229,0.028332239862542352,
two_balanced,0.25,8192,512,400,64,34816,independent_betting,0.01,300,0,0,0,0.012220974694293552,0.01,0,1,1,1,0.0099787893062414229,0.028332239862542352,
two_balanced,0.25,8192,512,400,64,34816,independent_betting,0.050000000000000003,300,0,0,0,0.012220974694293552,0.01,0,1,1,1,0.0099787893062414229,0.028332239862542352,
two_balanced,0.25,8192,512,400,64,34816,pooled_variance,0.001,300,0,0,0,0.012220974694293552,0.01,0,1,1,1,0.0099892359571494681,0.028332239862542352,0.0017000260860876467
two_balanced,0.25,8192,512,400,64,34816,pooled_variance,0.0050000000000000001,300,0,0,0,0.012220974694293552,0.01,0,1,1,1,0.0099892359571494681,0.028332239862542352,0.0017000260860876467
two_balanced,0.25,8192,512,400,64,34816,pooled_variance,0.01,300,0,0,0,0.012220974694293552,0.01,0,1,1,1,0.0099892359571494681,0.028332239862542352,0.0017000260860876467
two_balanced,0.25,8192,512,400,64,34816,pooled_variance,0.050000000000000003,300,0,0,0,0.012220974694293552,0.01,0,1,1,1,0.0099892359571494681,0.028332239862542352,0.0017000260860876467
two_balanced,0.25,8192,512,400,64,34816,pooled_betting,0.001,300,0,0,0,0.012220974694293552,0.01,0,1,1,1,0.0099620452391518382,0.028332239862542352,
two_balanced,0.25,8192,512,400,64,34816,pooled_betting,0.0050000000000000001,300,0,0,0,0.012220974694293552,0.01,0,1,1,1,0.0099620452391518382,0.028332239862542352,
two_balanced,0.25,8192,512,400,64,34816,pooled_betting,0.01,300,0,0,0,0.012220974694293552,0.01,0,1,1,1,0.0099620452391518382,0.028332239862542352,
two_balanced,0.25,8192,512,400,64,34816,pooled_betting,0.050000000000000003,300,0,0,0,0.012220974694293552,0.01,0,1,1,1,0.0099620452391518382,0.028332239862542352,
two_balanced,0.25,8192,8192,400,64,50176,signed_variance,0.001,300,300,1,0.98777902530570649,1,0.01,0,0.00010000000000428727,0.00010000000042650691,0.00010000004812151596,0.0099885002853054745,0.0017786020756822133,0.0017189642710787878
two_balanced,0.25,8192,8192,400,64,50176,signed_variance,0.0050000000000000001,300,300,1,0.98777902530570649,1,0.01,0,0.00010000000000428727,0.00010000000042650691,0.00010000004812151596,0.0099885002853054745,0.0017786020756822133,0.0017189642710787878
two_balanced,0.25,8192,8192,400,64,50176,signed_variance,0.01,300,300,1,0.98777902530570649,1,0.01,0,0.00010000000000428727,0.00010000000042650691,0.00010000004812151596,0.0099885002853054745,0.0017786020756822133,0.0017189642710787878
two_balanced,0.25,8192,8192,400,64,50176,signed_variance,0.050000000000000003,300,300,1,0.98777902530570649,1,0.01,0,0.00010000000000428727,0.00010000000042650691,0.00010000004812151596,0.0099885002853054745,0.0017786020756822133,0.0017189642710787878
two_balanced,0.25,8192,8192,400,64,50176,independent_bernstein,0.001,300,300,1,0.98777902530570649,1,0.01,0,0.00010000000000378575,0.00010000000043593997,0.00010000003225880911,0.0099787893062414229,0.0017786020756822133,0.0017190098341549839
two_balanced,0.25,8192,8192,400,64,50176,independent_bernstein,0.0050000000000000001,300,300,1,0.98777902530570649,1,0.01,0,0.00010000000000378575,0.00010000000043593997,0.00010000003225880911,0.0099787893062414229,0.0017786020756822133,0.0017190098341549839
two_balanced,0.25,8192,8192,400,64,50176,independent_bernstein,0.01,300,300,1,0.98777902530570649,1,0.01,0,0.00010000000000378575,0.00010000000043593997,0.00010000003225880911,0.0099787893062414229,0.0017786020756822133,0.0017190098341549839
two_balanced,0.25,8192,8192,400,64,50176,independent_bernstein,0.050000000000000003,300,300,1,0.98777902530570649,1,0.01,0,0.00010000000000378575,0.00010000000043593997,0.00010000003225880911,0.0099787893062414229,0.0017786020756822133,0.0017190098341549839
two_balanced,0.25,8192,8192,400,64,50176,independent_betting,0.001,300,300,1,0.98777902530570649,1,0.01,0,0.0001,0.0001,0.0001,0.0099787893062414229,0.0017786020756822133,
two_balanced,0.25,8192,8192,400,64,50176,independent_betting,0.0050000000000000001,300,300,1,0.98777902530570649,1,0.01,0,0.0001,0.0001,0.0001,0.0099787893062414229,0.0017786020756822133,
two_balanced,0.25,8192,8192,400,64,50176,independent_betting,0.01,300,300,1,0.98777902530570649,1,0.01,0,0.0001,0.0001,0.0001,0.0099787893062414229,0.0017786020756822133,
two_balanced,0.25,8192,8192,400,64,50176,independent_betting,0.050000000000000003,300,300,1,0.98777902530570649,1,0.01,0,0.0001,0.0001,0.0001,0.0099787893062414229,0.0017786020756822133,
two_balanced,0.25,8192,8192,400,64,50176,pooled_variance,0.001,300,300,1,0.98777902530570649,1,0.01,0,0.00010000000000388335,0.0001000000002708124,0.00010000004075377789,0.0099892359571494681,0.0017786020756822133,0.0017000260860876467
two_balanced,0.25,8192,8192,400,64,50176,pooled_variance,0.0050000000000000001,300,300,1,0.98777902530570649,1,0.01,0,0.00010000000000388335,0.0001000000002708124,0.00010000004075377789,0.0099892359571494681,0.0017786020756822133,0.0017000260860876467
two_balanced,0.25,8192,8192,400,64,50176,pooled_variance,0.01,300,300,1,0.98777902530570649,1,0.01,0,0.00010000000000388335,0.0001000000002708124,0.00010000004075377789,0.0099892359571494681,0.0017786020756822133,0.0017000260860876467
two_balanced,0.25,8192,8192,400,64,50176,pooled_variance,0.050000000000000003,300,300,1,0.98777902530570649,1,0.01,0,0.00010000000000388335,0.0001000000002708124,0.00010000004075377789,0.0099892359571494681,0.0017786020756822133,0.0017000260860876467
two_balanced,0.25,8192,8192,400,64,50176,pooled_betting,0.001,300,300,1,0.98777902530570649,1,0.01,0,0.0001,0.0001,0.0001,0.0099620452391518382,0.0017786020756822133,
two_balanced,0.25,8192,8192,400,64,50176,pooled_betting,0.0050000000000000001,300,300,1,0.98777902530570649,1,0.01,0,0.0001,0.0001,0.0001,0.0099620452391518382,0.0017786020756822133,
two_balanced,0.25,8192,8192,400,64,50176,pooled_betting,0.01,300,300,1,0.98777902530570649,1,0.01,0,0.0001,0.0001,0.0001,0.0099620452391518382,0.0017786020756822133,
two_balanced,0.25,8192,8192,400,64,50176,pooled_betting,0.050000000000000003,300,300,1,0.98777902530570649,1,0.01,0,0.0001,0.0001,0.0001,0.0099620452391518382,0.0017786020756822133,
eight_rare,-0.125,8192,512,100,64,15616,signed_variance,0.001,300,0,0,0,0.012220974694293552,-0.0068275510204081633,0,1,1,1,-0.0068211716545844353,0.12498668181261058,0.0051721026133945223
eight_rare,-0.125,8192,512,100,64,15616,signed_variance,0.0050000000000000001,300,0,0,0,0.012220974694293552,-0.0068275510204081633,0,1,1,1,-0.0068211716545844353,0.12498668181261058,0.0051721026133945223
eight_rare,-0.125,8192,512,100,64,15616,signed_variance,0.01,300,0,0,0,0.012220974694293552,-0.0068275510204081633,0,1,1,1,-0.0068211716545844353,0.12498668181261058,0.0051721026133945223
eight_rare,-0.125,8192,512,100,64,15616,signed_variance,0.050000000000000003,300,0,0,0,0.012220974694293552,-0.0068275510204081633,0,1,1,1,-0.0068211716545844353,0.12498668181261058,0.0051721026133945223
eight_rare,-0.125,8192,512,100,64,15616,independent_bernstein,0.001,300,0,0,0,0.012220974694293552,-0.0068275510204081633,0,1,1,1,-0.0067819188143129873,0.12498668181261058,0.0051728942067068521
eight_rare,-0.125,8192,512,100,64,15616,independent_bernstein,0.0050000000000000001,300,0,0,0,0.012220974694293552,-0.0068275510204081633,0,1,1,1,-0.0067819188143129873,0.12498668181261058,0.0051728942067068521
eight_rare,-0.125,8192,512,100,64,15616,independent_bernstein,0.01,300,0,0,0,0.012220974694293552,-0.0068275510204081633,0,1,1,1,-0.0067819188143129873,0.12498668181261058,0.0051728942067068521
eight_rare,-0.125,8192,512,100,64,15616,independent_bernstein,0.050000000000000003,300,0,0,0,0.012220974694293552,-0.0068275510204081633,0,1,1,1,-0.0067819188143129873,0.12498668181261058,0.0051728942067068521
eight_rare,-0.125,8192,512,100,64,15616,independent_betting,0.001,300,0,0,0,0.012220974694293552,-0.0068275510204081633,0,1,1,1,-0.0067819188143129873,0.12498668181261058,
eight_rare,-0.125,8192,512,100,64,15616,independent_betting,0.0050000000000000001,300,0,0,0,0.012220974694293552,-0.0068275510204081633,0,1,1,1,-0.0067819188143129873,0.12498668181261058,
eight_rare,-0.125,8192,512,100,64,15616,independent_betting,0.01,300,0,0,0,0.012220974694293552,-0.0068275510204081633,0,1,1,1,-0.0067819188143129873,0.12498668181261058,
eight_rare,-0.125,8192,512,100,64,15616,independent_betting,0.050000000000000003,300,0,0,0,0.012220974694293552,-0.0068275510204081633,0,1,1,1,-0.0067819188143129873,0.12498668181261058,
eight_rare,-0.125,8192,512,100,64,15616,pooled_variance,0.001,300,0,0,0,0.012220974694293552,-0.0068275510204081633,0,1,1,1,-0.0068305817519408851,0.12498668181261058,0.0051077785589712594
eight_rare,-0.125,8192,512,100,64,15616,pooled_variance,0.0050000000000000001,300,0,0,0,0.012220974694293552,-0.0068275510204081633,0,1,1,1,-0.0068305817519408851,0.12498668181261058,0.0051077785589712594
eight_rare,-0.125,8192,512,100,64,15616,pooled_variance,0.01,300,0,0,0,0.012220974694293552,-0.0068275510204081633,0,1,1,1,-0.0068305817519408851,0.12498668181261058,0.0051077785589712594
eight_rare,-0.125,8192,512,100,64,15616,pooled_variance,0.050000000000000003,300,0,0,0,0.012220974694293552,-0.0068275510204081633,0,1,1,1,-0.0068305817519408851,0.12498668181261058,0.0051077785589712594
eight_rare,-0.125,8192,512,100,64,15616,pooled_betting,0.001,300,0,0,0,0.012220974694293552,-0.0068275510204081633,0,1,1,1,-0.0067995081311117674,0.12498668181261058,
eight_rare,-0.125,8192,512,100,64,15616,pooled_betting,0.0050000000000000001,300,0,0,0,0.012220974694293552,-0.0068275510204081633,0,1,1,1,-0.0067995081311117674,0.12498668181261058,
eight_rare,-0.125,8192,512,100,64,15616,pooled_betting,0.01,300,0,0,0,0.012220974694293552,-0.0068275510204081633,0,1,1,1,-0.0067995081311117674,0.12498668181261058,
eight_rare,-0.125,8192,512,100,64,15616,pooled_betting,0.050000000000000003,300,0,0,0,0.012220974694293552,-0.0068275510204081633,0,1,1,1,-0.0067995081311117674,0.12498668181261058,
eight_rare,-0.125,8192,8192,100,64,30976,signed_variance,0.001,300,0,0,0,0.012220974694293552,-0.0068275510204081633,0,1,1,1,-0.0068211716545844353,0.0082898626714644919,0.0051721026133945223
eight_rare,-0.125,8192,8192,100,64,30976,signed_variance,0.0050000000000000001,300,0,0,0,0.012220974694293552,-0.0068275510204081633,0,1,1,1,-0.0068211716545844353,0.0082898626714644919,0.0051721026133945223
eight_rare,-0.125,8192,8192,100,64,30976,signed_variance,0.01,300,0,0,0,0.012220974694293552,-0.0068275510204081633,0,1,1,1,-0.0068211716545844353,0.0082898626714644919,0.0051721026133945223
eight_rare,-0.125,8192,8192,100,64,30976,signed_variance,0.050000000000000003,300,0,0,0,0.012220974694293552,-0.0068275510204081633,0,1,1,1,-0.0068211716545844353,0.0082898626714644919,0.0051721026133945223
eight_rare,-0.125,8192,8192,100,64,30976,independent_bernstein,0.001,300,0,0,0,0.012220974694293552,-0.0068275510204081633,0,1,1,1,-0.0067819188143129873,0.0082898626714644919,0.0051728942067068521
eight_rare,-0.125,8192,8192,100,64,30976,independent_bernstein,0.0050000000000000001,300,0,0,0,0.012220974694293552,-0.0068275510204081633,0,1,1,1,-0.0067819188143129873,0.0082898626714644919,0.0051728942067068521
eight_rare,-0.125,8192,8192,100,64,30976,independent_bernstein,0.01,300,0,0,0,0.012220974694293552,-0.0068275510204081633,0,1,1,1,-0.0067819188143129873,0.0082898626714644919,0.0051728942067068521
eight_rare,-0.125,8192,8192,100,64,30976,independent_bernstein,0.050000000000000003,300,0,0,0,0.012220974694293552,-0.0068275510204081633,0,1,1,1,-0.0067819188143129873,0.0082898626714644919,0.0051728942067068521
eight_rare,-0.125,8192,8192,100,64,30976,independent_betting,0.001,300,0,0,0,0.012220974694293552,-0.0068275510204081633,0,1,1,1,-0.0067819188143129873,0.0082898626714644919,
eight_rare,-0.125,8192,8192,100,64,30976,independent_betting,0.0050000000000000001,300,0,0,0,0.012220974694293552,-0.0068275510204081633,0,1,1,1,-0.0067819188143129873,0.0082898626714644919,
eight_rare,-0.125,8192,8192,100,64,30976,independent_betting,0.01,300,0,0,0,0.012220974694293552,-0.0068275510204081633,0,1,1,1,-0.0067819188143129873,0.0082898626714644919,
eight_rare,-0.125,8192,8192,100,64,30976,independent_betting,0.050000000000000003,300,0,0,0,0.012220974694293552,-0.0068275510204081633,0,1,1,1,-0.0067819188143129873,0.0082898626714644919,
eight_rare,-0.125,8192,8192,100,64,30976,pooled_variance,0.001,300,0,0,0,0.012220974694293552,-0.0068275510204081633,0,1,1,1,-0.0068305817519408851,0.0082898626714644919,0.0051077785589712594
eight_rare,-0.125,8192,8192,100,64,30976,pooled_variance,0.0050000000000000001,300,0,0,0,0.012220974694293552,-0.0068275510204081633,0,1,1,1,-0.0068305817519408851,0.0082898626714644919,0.0051077785589712594
eight_rare,-0.125,8192,8192,100,64,30976,pooled_variance,0.01,300,0,0,0,0.012220974694293552,-0.0068275510204081633,0,1,1,1,-0.0068305817519408851,0.0082898626714644919,0.0051077785589712594
eight_rare,-0.125,8192,8192,100,64,30976,pooled_variance,0.050000000000000003,300,0,0,0,0.012220974694293552,-0.0068275510204081633,0,1,1,1,-0.0068305817519408851,0.0082898626714644919,0.0051077785589712594
eight_rare,-0.125,8192,8192,100,64,30976,pooled_betting,0.001,300,0,0,0,0.012220974694293552,-0.0068275510204081633,0,1,1,1,-0.0067995081311117674,0.0082898626714644919,
eight_rare,-0.125,8192,8192,100,64,30976,pooled_betting,0.0050000000000000001,300,0,0,0,0.012220974694293552,-0.0068275510204081633,0,1,1,1,-0.0067995081311117674,0.0082898626714644919,
eight_rare,-0.125,8192,8192,100,64,30976,pooled_betting,0.01,300,0,0,0,0.012220974694293552,-0.0068275510204081633,0,1,1,1,-0.0067995081311117674,0.0082898626714644919,
eight_rare,-0.125,8192,8192,100,64,30976,pooled_betting,0.050000000000000003,300,0,0,0,0.012220974694293552,-0.0068275510204081633,0,1,1,1,-0.0067995081311117674,0.0082898626714644919,
eight_rare,-0.125,8192,512,400,64,34816,signed_variance,0.001,300,0,0,0,0.012220974694293552,-0.0068275510204081633,0,1,1,1,-0.0068265206291151601,0.12498668181261058,0.0018594890114743648
eight_rare,-0.125,8192,512,400,64,34816,signed_variance,0.0050000000000000001,300,0,0,0,0.012220974694293552,-0.0068275510204081633,0,1,1,1,-0.0068265206291151601,0.12498668181261058,0.0018594890114743648
eight_rare,-0.125,8192,512,400,64,34816,signed_variance,0.01,300,0,0,0,0.012220974694293552,-0.0068275510204081633,0,1,1,1,-0.0068265206291151601,0.12498668181261058,0.0018594890114743648
eight_rare,-0.125,8192,512,400,64,34816,signed_variance,0.050000000000000003,300,0,0,0,0.012220974694293552,-0.0068275510204081633,0,1,1,1,-0.0068265206291151601,0.12498668181261058,0.0018594890114743648
eight_rare,-0.125,8192,512,400,64,34816,independent_bernstein,0.001,300,0,0,0,0.012220974694293552,-0.0068275510204081633,0,1,1,1,-0.0068268458170278974,0.12498668181261058,0.0018595384650722513
eight_rare,-0.125,8192,512,400,64,34816,independent_bernstein,0.0050000000000000001,300,0,0,0,0.012220974694293552,-0.0068275510204081633,0,1,1,1,-0.0068268458170278974,0.12498668181261058,0.0018595384650722513
eight_rare,-0.125,8192,512,400,64,34816,independent_bernstein,0.01,300,0,0,0,0.012220974694293552,-0.0068275510204081633,0,1,1,1,-0.0068268458170278974,0.12498668181261058,0.0018595384650722513
eight_rare,-0.125,8192,512,400,64,34816,independent_bernstein,0.050000000000000003,300,0,0,0,0.012220974694293552,-0.0068275510204081633,0,1,1,1,-0.0068268458170278974,0.12498668181261058,0.0018595384650722513
eight_rare,-0.125,8192,512,400,64,34816,independent_betting,0.001,300,0,0,0,0.012220974694293552,-0.0068275510204081633,0,1,1,1,-0.0068268458170278974,0.12498668181261058,
eight_rare,-0.125,8192,512,400,64,34816,independent_betting,0.0050000000000000001,300,0,0,0,0.012220974694293552,-0.0068275510204081633,0,1,1,1,-0.0068268458170278974,0.12498668181261058,
eight_rare,-0.125,8192,512,400,64,34816,independent_betting,0.01,300,0,0,0,0.012220974694293552,-0.0068275510204081633,0,1,1,1,-0.0068268458170278974,0.12498668181261058,
eight_rare,-0.125,8192,512,400,64,34816,independent_betting,0.050000000000000003,300,0,0,0,0.012220974694293552,-0.0068275510204081633,0,1,1,1,-0.0068268458170278974,0.12498668181261058,
eight_rare,-0.125,8192,512,400,64,34816,pooled_variance,0.001,300,0,0,0,0.012220974694293552,-0.0068275510204081633,0,1,1,1,-0.0068297172160281874,0.12498668181261058,0.0018393405139572512
eight_rare,-0.125,8192,512,400,64,34816,pooled_variance,0.0050000000000000001,300,0,0,0,0.012220974694293552,-0.0068275510204081633,0,1,1,1,-0.0068297172160281874,0.12498668181261058,0.0018393405139572512
eight_rare,-0.125,8192,512,400,64,34816,pooled_variance,0.01,300,0,0,0,0.012220974694293552,-0.0068275510204081633,0,1,1,1,-0.0068297172160281874,0.12498668181261058,0.0018393405139572512
eight_rare,-0.125,8192,512,400,64,34816,pooled_variance,0.050000000000000003,300,0,0,0,0.012220974694293552,-0.0068275510204081633,0,1,1,1,-0.0068297172160281874,0.12498668181261058,0.0018393405139572512
eight_rare,-0.125,8192,512,400,64,34816,pooled_betting,0.001,300,0,0,0,0.012220974694293552,-0.0068275510204081633,0,1,1,1,-0.0068250780200661493,0.12498668181261058,
eight_rare,-0.125,8192,512,400,64,34816,pooled_betting,0.0050000000000000001,300,0,0,0,0.012220974694293552,-0.0068275510204081633,0,1,1,1,-0.0068250780200661493,0.12498668181261058,
eight_rare,-0.125,8192,512,400,64,34816,pooled_betting,0.01,300,0,0,0,0.012220974694293552,-0.0068275510204081633,0,1,1,1,-0.0068250780200661493,0.12498668181261058,
eight_rare,-0.125,8192,512,400,64,34816,pooled_betting,0.050000000000000003,300,0,0,0,0.012220974694293552,-0.0068275510204081633,0,1,1,1,-0.0068250780200661493,0.12498668181261058,
eight_rare,-0.125,8192,8192,400,64,50176,signed_variance,0.001,300,0,0,0,0.012220974694293552,-0.0068275510204081633,0,1,1,1,-0.0068265206291151601,0.0082898626714644919,0.0018594890114743648
eight_rare,-0.125,8192,8192,400,64,50176,signed_variance,0.0050000000000000001,300,0,0,0,0.012220974694293552,-0.0068275510204081633,0,1,1,1,-0.0068265206291151601,0.0082898626714644919,0.0018594890114743648
eight_rare,-0.125,8192,8192,400,64,50176,signed_variance,0.01,300,0,0,0,0.012220974694293552,-0.0068275510204081633,0,1,1,1,-0.0068265206291151601,0.0082898626714644919,0.0018594890114743648
eight_rare,-0.125,8192,8192,400,64,50176,signed_variance,0.050000000000000003,300,0,0,0,0.012220974694293552,-0.0068275510204081633,0,1,1,1,-0.0068265206291151601,0.0082898626714644919,0.0018594890114743648
eight_rare,-0.125,8192,8192,400,64,50176,independent_bernstein,0.001,300,0,0,0,0.012220974694293552,-0.0068275510204081633,0,1,1,1,-0.0068268458170278974,0.0082898626714644919,0.0018595384650722513
eight_rare,-0.125,8192,8192,400,64,50176,independent_bernstein,0.0050000000000000001,300,0,0,0,0.012220974694293552,-0.0068275510204081633,0,1,1,1,-0.0068268458170278974,0.0082898626714644919,0.0018595384650722513
eight_rare,-0.125,8192,8192,400,64,50176,independent_bernstein,0.01,300,0,0,0,0.012220974694293552,-0.0068275510204081633,0,1,1,1,-0.0068268458170278974,0.0082898626714644919,0.0018595384650722513
eight_rare,-0.125,8192,8192,400,64,50176,independent_bernstein,0.050000000000000003,300,0,0,0,0.012220974694293552,-0.0068275510204081633,0,1,1,1,-0.0068268458170278974,0.0082898626714644919,0.0018595384650722513
eight_rare,-0.125,8192,8192,400,64,50176,independent_betting,0.001,300,0,0,0,0.012220974694293552,-0.0068275510204081633,0,1,1,1,-0.0068268458170278974,0.0082898626714644919,
eight_rare,-0.125,8192,8192,400,64,50176,independent_betting,0.0050000000000000001,300,0,0,0,0.012220974694293552,-0.0068275510204081633,0,1,1,1,-0.0068268458170278974,0.0082898626714644919,
eight_rare,-0.125,8192,8192,400,64,50176,independent_betting,0.01,300,0,0,0,0.012220974694293552,-0.0068275510204081633,0,1,1,1,-0.0068268458170278974,0.0082898626714644919,
eight_rare,-0.125,8192,8192,400,64,50176,independent_betting,0.050000000000000003,300,0,0,0,0.012220974694293552,-0.0068275510204081633,0,1,1,1,-0.0068268458170278974,0.0082898626714644919,
eight_rare,-0.125,8192,8192,400,64,50176,pooled_variance,0.001,300,0,0,0,0.012220974694293552,-0.0068275510204081633,0,1,1,1,-0.0068297172160281874,0.0082898626714644919,0.0018393405139572512
eight_rare,-0.125,8192,8192,400,64,50176,pooled_variance,0.0050000000000000001,300,0,0,0,0.012220974694293552,-0.0068275510204081633,0,1,1,1,-0.0068297172160281874,0.0082898626714644919,0.0018393405139572512
eight_rare,-0.125,8192,8192,400,64,50176,pooled_variance,0.01,300,0,0,0,0.012220974694293552,-0.0068275510204081633,0,1,1,1,-0.0068297172160281874,0.0082898626714644919,0.0018393405139572512
eight_rare,-0.125,8192,8192,400,64,50176,pooled_variance,0.050000000000000003,300,0,0,0,0.012220974694293552,-0.0068275510204081633,0,1,1,1,-0.0068297172160281874,0.0082898626714644919,0.0018393405139572512
eight_rare,-0.125,8192,8192,400,64,50176,pooled_betting,0.001,300,0,0,0,0.012220974694293552,-0.0068275510204081633,0,1,1,1,-0.0068250780200661493,0.0082898626714644919,
eight_rare,-0.125,8192,8192,400,64,50176,pooled_betting,0.0050000000000000001,300,0,0,0,0.012220974694293552,-0.0068275510204081633,0,1,1,1,-0.0068250780200661493,0.0082898626714644919,
eight_rare,-0.125,8192,8192,400,64,50176,pooled_betting,0.01,300,0,0,0,0.012220974694293552,-0.0068275510204081633,0,1,1,1,-0.0068250780200661493,0.0082898626714644919,
eight_rare,-0.125,8192,8192,400,64,50176,pooled_betting,0.050000000000000003,300,0,0,0,0.012220974694293552,-0.0068275510204081633,0,1,1,1,-0.0068250780200661493,0.0082898626714644919,
eight_rare,0,8192,512,100,64,15616,signed_variance,0.001,300,0,0,0,0.012220974694293552,0,0,1,1,1,-5.5006555365066335e-05,0.12629223628008129,0.0052226529993065172
eight_rare,0,8192,512,100,64,15616,signed_variance,0.0050000000000000001,300,0,0,0,0.012220974694293552,0,0,1,1,1,-5.5006555365066335e-05,0.12629223628008129,0.0052226529993065172
eight_rare,0,8192,512,100,64,15616,signed_variance,0.01,300,0,0,0,0.012220974694293552,0,0,1,1,1,-5.5006555365066335e-05,0.12629223628008129,0.0052226529993065172
eight_rare,0,8192,512,100,64,15616,signed_variance,0.050000000000000003,300,0,0,0,0.012220974694293552,0,0,1,1,1,-5.5006555365066335e-05,0.12629223628008129,0.0052226529993065172
eight_rare,0,8192,512,100,64,15616,independent_bernstein,0.001,300,0,0,0,0.012220974694293552,0,0,1,1,1,-2.1576461368933731e-05,0.12629223628008129,0.0052234428412475361
eight_rare,0,8192,512,100,64,15616,independent_bernstein,0.0050000000000000001,300,0,0,0,0.012220974694293552,0,0,1,1,1,-2.1576461368933731e-05,0.12629223628008129,0.0052234428412475361
eight_rare,0,8192,512,100,64,15616,independent_bernstein,0.01,300,0,0,0,0.012220974694293552,0,0,1,1,1,-2.1576461368933731e-05,0.12629223628008129,0.0052234428412475361
eight_rare,0,8192,512,100,64,15616,independent_bernstein,0.050000000000000003,300,0,0,0,0.012220974694293552,0,0,1,1,1,-2.1576461368933731e-05,0.12629223628008129,0.0052234428412475361
eight_rare,0,8192,512,100,64,15616,independent_betting,0.001,300,0,0,0,0.012220974694293552,0,0,1,1,1,-2.1576461368933731e-05,0.12629223628008129,
eight_rare,0,8192,512,100,64,15616,independent_betting,0.0050000000000000001,300,0,0,0,0.012220974694293552,0,0,1,1,1,-2.1576461368933731e-05,0.12629223628008129,
eight_rare,0,8192,512,100,64,15616,independent_betting,0.01,300,0,0,0,0.012220974694293552,0,0,1,1,1,-2.1576461368933731e-05,0.12629223628008129,
eight_rare,0,8192,512,100,64,15616,independent_betting,0.050000000000000003,300,0,0,0,0.012220974694293552,0,0,1,1,1,-2.1576461368933731e-05,0.12629223628008129,
eight_rare,0,8192,512,100,64,15616,pooled_variance,0.001,300,0,0,0,0.012220974694293552,0,0,1,1,1,-5.680785141058462e-05,0.12629223628008129,0.0051587428477893986
eight_rare,0,8192,512,100,64,15616,pooled_variance,0.0050000000000000001,300,0,0,0,0.012220974694293552,0,0,1,1,1,-5.680785141058462e-05,0.12629223628008129,0.0051587428477893986
eight_rare,0,8192,512,100,64,15616,pooled_variance,0.01,300,0,0,0,0.012220974694293552,0,0,1,1,1,-5.680785141058462e-05,0.12629223628008129,0.0051587428477893986
eight_rare,0,8192,512,100,64,15616,pooled_variance,0.050000000000000003,300,0,0,0,0.012220974694293552,0,0,1,1,1,-5.680785141058462e-05,0.12629223628008129,0.0051587428477893986
eight_rare,0,8192,512,100,64,15616,pooled_betting,0.001,300,0,0,0,0.012220974694293552,0,0,1,1,1,-2.9529324535818474e-05,0.12629223628008129,
eight_rare,0,8192,512,100,64,15616,pooled_betting,0.0050000000000000001,300,0,0,0,0.012220974694293552,0,0,1,1,1,-2.9529324535818474e-05,0.12629223628008129,
eight_rare,0,8192,512,100,64,15616,pooled_betting,0.01,300,0,0,0,0.012220974694293552,0,0,1,1,1,-2.9529324535818474e-05,0.12629223628008129,
eight_rare,0,8192,512,100,64,15616,pooled_betting,0.050000000000000003,300,0,0,0,0.012220974694293552,0,0,1,1,1,-2.9529324535818474e-05,0.12629223628008129,
eight_rare,0,8192,8192,100,64,30976,signed_variance,0.001,300,0,0,0,0.012220974694293552,0,0,1,1,1,-5.5006555365066335e-05,0.0083760005303080195,0.0052226529993065172
eight_rare,0,8192,8192,100,64,30976,signed_variance,0.0050000000000000001,300,0,0,0,0.012220974694293552,0,0,1,1,1,-5.5006555365066335e-05,0.0083760005303080195,0.0052226529993065172
eight_rare,0,8192,8192,100,64,30976,signed_variance,0.01,300,0,0,0,0.012220974694293552,0,0,1,1,1,-5.5006555365066335e-05,0.0083760005303080195,0.0052226529993065172
eight_rare,0,8192,8192,100,64,30976,signed_variance,0.050000000000000003,300,0,0,0,0.012220974694293552,0,0,1,1,1,-5.5006555365066335e-05,0.0083760005303080195,0.0052226529993065172
eight_rare,0,8192,8192,100,64,30976,independent_bernstein,0.001,300,0,0,0,0.012220974694293552,0,0,1,1,1,-2.1576461368933731e-05,0.0083760005303080195,0.0052234428412475361
eight_rare,0,8192,8192,100,64,30976,independent_bernstein,0.0050000000000000001,300,0,0,0,0.012220974694293552,0,0,1,1,1,-2.1576461368933731e-05,0.0083760005303080195,0.0052234428412475361
eight_rare,0,8192,8192,100,64,30976,independent_bernstein,0.01,300,0,0,0,0.012220974694293552,0,0,1,1,1,-2.1576461368933731e-05,0.0083760005303080195,0.0052234428412475361
eight_rare,0,8192,8192,100,64,30976,independent_bernstein,0.050000000000000003,300,0,0,0,0.012220974694293552,0,0,1,1,1,-2.1576461368933731e-05,0.0083760005303080195,0.0052234428412475361
eight_rare,0,8192,8192,100,64,30976,independent_betting,0.001,300,0,0,0,0.012220974694293552,0,0,1,1,1,-2.1576461368933731e-05,0.0083760005303080195,
eight_rare,0,8192,8192,100,64,30976,independent_betting,0.0050000000000000001,300,0,0,0,0.012220974694293552,0,0,1,1,1,-2.1576461368933731e-05,0.0083760005303080195,
eight_rare,0,8192,8192,100,64,30976,independent_betting,0.01,300,0,0,0,0.012220974694293552,0,0,1,1,1,-2.1576461368933731e-05,0.0083760005303080195,
eight_rare,0,8192,8192,100,64,30976,independent_betting,0.050000000000000003,300,0,0,0,0.012220974694293552,0,0,1,1,1,-2.1576461368933731e-05,0.0083760005303080195,
eight_rare,0,8192,8192,100,64,30976,pooled_variance,0.001,300,0,0,0,0.012220974694293552,0,0,1,1,1,-5.680785141058462e-05,0.0083760005303080195,0.0051587428477893986
eight_rare,0,8192,8192,100,64,30976,pooled_variance,0.0050000000000000001,300,0,0,0,0.012220974694293552,0,0,1,1,1,-5.680785141058462e-05,0.0083760005303080195,0.0051587428477893986
eight_rare,0,8192,8192,100,64,30976,pooled_variance,0.01,300,0,0,0,0.012220974694293552,0,0,1,1,1,-5.680785141058462e-05,0.0083760005303080195,0.0051587428477893986
eight_rare,0,8192,8192,100,64,30976,pooled_variance,0.050000000000000003,300,0,0,0,0.012220974694293552,0,0,1,1,1,-5.680785141058462e-05,0.0083760005303080195,0.0051587428477893986
eight_rare,0,8192,8192,100,64,30976,pooled_betting,0.001,300,0,0,0,0.012220974694293552,0,0,1,1,1,-2.9529324535818474e-05,0.0083760005303080195,
eight_rare,0,8192,8192,100,64,30976,pooled_betting,0.0050000000000000001,300,0,0,0,0.012220974694293552,0,0,1,1,1,-2.9529324535818474e-05,0.0083760005303080195,
eight_rare,0,8192,8192,100,64,30976,pooled_betting,0.01,300,0,0,0,0.012220974694293552,0,0,1,1,1,-2.9529324535818474e-05,0.0083760005303080195,
eight_rare,0,8192,8192,100,64,30976,pooled_betting,0.050000000000000003,300,0,0,0,0.012220974694293552,0,0,1,1,1,-2.9529324535818474e-05,0.0083760005303080195,
eight_rare,0,8192,512,400,64,34816,signed_variance,0.001,300,0,0,0,0.012220974694293552,0,0,1,1,1,1.1470028374127797e-05,0.12629223628008129,0.0018855213331545879
eight_rare,0,8192,512,400,64,34816,signed_variance,0.0050000000000000001,300,0,0,0,0.012220974694293552,0,0,1,1,1,1.1470028374127797e-05,0.12629223628008129,0.0018855213331545879
eight_rare,0,8192,512,400,64,34816,signed_variance,0.01,300,0,0,0,0.012220974694293552,0,0,1,1,1,1.1470028374127797e-05,0.12629223628008129,0.0018855213331545879
eight_rare,0,8192,512,400,64,34816,signed_variance,0.050000000000000003,300,0,0,0,0.012220974694293552,0,0,1,1,1,1.1470028374127797e-05,0.12629223628008129,0.0018855213331545879
eight_rare,0,8192,512,400,64,34816,independent_bernstein,0.001,300,0,0,0,0.012220974694293552,0,0,1,1,1,2.0351966080228966e-05,0.12629223628008129,0.0018855706773381938
eight_rare,0,8192,512,400,64,34816,independent_bernstein,0.0050000000000000001,300,0,0,0,0.012220974694293552,0,0,1,1,1,2.0351966080228966e-05,0.12629223628008129,0.0018855706773381938
eight_rare,0,8192,512,400,64,34816,independent_bernstein,0.01,300,0,0,0,0.012220974694293552,0,0,1,1,1,2.0351966080228966e-05,0.12629223628008129,0.0018855706773381938
eight_rare,0,8192,512,400,64,34816,independent_bernstein,0.050000000000000003,300,0,0,0,0.012220974694293552,0,0,1,1,1,2.0351966080228966e-05,0.12629223628008129,0.0018855706773381938
eight_rare,0,8192,512,400,64,34816,independent_betting,0.001,300,0,0,0,0.012220974694293552,0,0,1,1,1,2.0351966080228966e-05,0.12629223628008129,
eight_rare,0,8192,512,400,64,34816,independent_betting,0.0050000000000000001,300,0,0,0,0.012220974694293552,0,0,1,1,1,2.0351966080228966e-05,0.12629223628008129,
eight_rare,0,8192,512,400,64,34816,independent_betting,0.01,300,0,0,0,0.012220974694293552,0,0,1,1,1,2.0351966080228966e-05,0.12629223628008129,
eight_rare,0,8192,512,400,64,34816,independent_betting,0.050000000000000003,300,0,0,0,0.012220974694293552,0,0,1,1,1,2.0351966080228966e-05,0.12629223628008129,
eight_rare,0,8192,512,400,64,34816,pooled_variance,0.001,300,0,0,0,0.012220974694293552,0,0,1,1,1,7.7532219604015628e-06,0.12629223628008129,0.0018643445566890275
eight_rare,0,8192,512,400,64,34816,pooled_variance,0.0050000000000000001,300,0,0,0,0.012220974694293552,0,0,1,1,1,7.7532219604015628e-06,0.12629223628008129,0.0018643445566890275
eight_rare,0,8192,512,400,64,34816,pooled_variance,0.01,300,0,0,0,0.012220974694293552,0,0,1,1,1,7.7532219604015628e-06,0.12629223628008129,0.0018643445566890275
eight_rare,0,8192,512,400,64,34816,pooled_variance,0.050000000000000003,300,0,0,0,0.012220974694293552,0,0,1,1,1,7.7532219604015628e-06,0.12629223628008129,0.0018643445566890275
eight_rare,0,8192,512,400,64,34816,pooled_betting,0.001,300,0,0,0,0.012220974694293552,0,0,1,1,1,2.0763525162322494e-05,0.12629223628008129,
eight_rare,0,8192,512,400,64,34816,pooled_betting,0.0050000000000000001,300,0,0,0,0.012220974694293552,0,0,1,1,1,2.0763525162322494e-05,0.12629223628008129,
eight_rare,0,8192,512,400,64,34816,pooled_betting,0.01,300,0,0,0,0.012220974694293552,0,0,1,1,1,2.0763525162322494e-05,0.12629223628008129,
eight_rare,0,8192,512,400,64,34816,pooled_betting,0.050000000000000003,300,0,0,0,0.012220974694293552,0,0,1,1,1,2.0763525162322494e-05,0.12629223628008129,
eight_rare,0,8192,8192,400,64,50176,signed_variance,0.001,300,0,0,0,0.012220974694293552,0,0,1,1,1,1.1470028374127797e-05,0.0083760005303080195,0.0018855213331545879
eight_rare,0,8192,8192,400,64,50176,signed_variance,0.0050000000000000001,300,0,0,0,0.012220974694293552,0,0,1,1,1,1.1470028374127797e-05,0.0083760005303080195,0.0018855213331545879
eight_rare,0,8192,8192,400,64,50176,signed_variance,0.01,300,0,0,0,0.012220974694293552,0,0,1,1,1,1.1470028374127797e-05,0.0083760005303080195,0.0018855213331545879
eight_rare,0,8192,8192,400,64,50176,signed_variance,0.050000000000000003,300,0,0,0,0.012220974694293552,0,0,1,1,1,1.1470028374127797e-05,0.0083760005303080195,0.0018855213331545879
eight_rare,0,8192,8192,400,64,50176,independent_bernstein,0.001,300,0,0,0,0.012220974694293552,0,0,1,1,1,2.0351966080228966e-05,0.0083760005303080195,0.0018855706773381938
eight_rare,0,8192,8192,400,64,50176,independent_bernstein,0.0050000000000000001,300,0,0,0,0.012220974694293552,0,0,1,1,1,2.0351966080228966e-05,0.0083760005303080195,0.0018855706773381938
eight_rare,0,8192,8192,400,64,50176,independent_bernstein,0.01,300,0,0,0,0.012220974694293552,0,0,1,1,1,2.0351966080228966e-05,0.0083760005303080195,0.0018855706773381938
eight_rare,0,8192,8192,400,64,50176,independent_bernstein,0.050000000000000003,300,0,0,0,0.012220974694293552,0,0,1,1,1,2.0351966080228966e-05,0.0083760005303080195,0.0018855706773381938
eight_rare,0,8192,8192,400,64,50176,independent_betting,0.001,300,0,0,0,0.012220974694293552,0,0,1,1,1,2.0351966080228966e-05,0.0083760005303080195,
eight_rare,0,8192,8192,400,64,50176,independent_betting,0.0050000000000000001,300,0,0,0,0.012220974694293552,0,0,1,1,1,2.0351966080228966e-05,0.0083760005303080195,
eight_rare,0,8192,8192,400,64,50176,independent_betting,0.01,300,0,0,0,0.012220974694293552,0,0,1,1,1,2.0351966080228966e-05,0.0083760005303080195,
eight_rare,0,8192,8192,400,64,50176,independent_betting,0.050000000000000003,300,0,0,0,0.012220974694293552,0,0,1,1,1,2.0351966080228966e-05,0.0083760005303080195,
eight_rare,0,8192,8192,400,64,50176,pooled_variance,0.001,300,0,0,0,0.012220974694293552,0,0,1,1,1,7.7532219604015628e-06,0.0083760005303080195,0.0018643445566890275
eight_rare,0,8192,8192,400,64,50176,pooled_variance,0.0050000000000000001,300,0,0,0,0.012220974694293552,0,0,1,1,1,7.7532219604015628e-06,0.0083760005303080195,0.0018643445566890275
eight_rare,0,8192,8192,400,64,50176,pooled_variance,0.01,300,0,0,0,0.012220974694293552,0,0,1,1,1,7.7532219604015628e-06,0.0083760005303080195,0.0018643445566890275
eight_rare,0,8192,8192,400,64,50176,pooled_variance,0.050000000000000003,300,0,0,0,0.012220974694293552,0,0,1,1,1,7.7532219604015628e-06,0.0083760005303080195,0.0018643445566890275
eight_rare,0,8192,8192,400,64,50176,pooled_betting,0.001,300,0,0,0,0.012220974694293552,0,0,1,1,1,2.0763525162322494e-05,0.0083760005303080195,
eight_rare,0,8192,8192,400,64,50176,pooled_betting,0.0050000000000000001,300,0,0,0,0.012220974694293552,0,0,1,1,1,2.0763525162322494e-05,0.0083760005303080195,
eight_rare,0,8192,8192,400,64,50176,pooled_betting,0.01,300,0,0,0,0.012220974694293552,0,0,1,1,1,2.0763525162322494e-05,0.0083760005303080195,
eight_rare,0,8192,8192,400,64,50176,pooled_betting,0.050000000000000003,300,0,0,0,0.012220974694293552,0,0,1,1,1,2.0763525162322494e-05,0.0083760005303080195,
eight_rare,0.125,8192,512,100,64,15616,signed_variance,0.001,300,0,0,0,0.012220974694293552,0.0068275510204081633,0,1,1,1,0.0068816453697157403,0.1279084807796444,0.0052664135900493203
eight_rare,0.125,8192,512,100,64,15616,signed_variance,0.0050000000000000001,300,0,0,0,0.012220974694293552,0.0068275510204081633,0,1,1,1,0.0068816453697157403,0.1279084807796444,0.0052664135900493203
eight_rare,0.125,8192,512,100,64,15616,signed_variance,0.01,300,0,0,0,0.012220974694293552,0.0068275510204081633,0,1,1,1,0.0068816453697157403,0.1279084807796444,0.0052664135900493203
eight_rare,0.125,8192,512,100,64,15616,signed_variance,0.050000000000000003,300,0,0,0,0.012220974694293552,0.0068275510204081633,0,1,1,1,0.0068816453697157403,0.1279084807796444,0.0052664135900493203
eight_rare,0.125,8192,512,100,64,15616,independent_bernstein,0.001,300,0,0,0,0.012220974694293552,0.0068275510204081633,0,1,1,1,0.0068563055854315635,0.1279084807796444,0.0052672041706452906
eight_rare,0.125,8192,512,100,64,15616,independent_bernstein,0.0050000000000000001,300,0,0,0,0.012220974694293552,0.0068275510204081633,0,1,1,1,0.0068563055854315635,0.1279084807796444,0.0052672041706452906
eight_rare,0.125,8192,512,100,64,15616,independent_bernstein,0.01,300,0,0,0,0.012220974694293552,0.0068275510204081633,0,1,1,1,0.0068563055854315635,0.1279084807796444,0.0052672041706452906
eight_rare,0.125,8192,512,100,64,15616,independent_bernstein,0.050000000000000003,300,0,0,0,0.012220974694293552,0.0068275510204081633,0,1,1,1,0.0068563055854315635,0.1279084807796444,0.0052672041706452906
eight_rare,0.125,8192,512,100,64,15616,independent_betting,0.001,300,0,0,0,0.012220974694293552,0.0068275510204081633,0,1,1,1,0.0068563055854315635,0.1279084807796444,
eight_rare,0.125,8192,512,100,64,15616,independent_betting,0.0050000000000000001,300,0,0,0,0.012220974694293552,0.0068275510204081633,0,1,1,1,0.0068563055854315635,0.1279084807796444,
eight_rare,0.125,8192,512,100,64,15616,independent_betting,0.01,300,0,0,0,0.012220974694293552,0.0068275510204081633,0,1,1,1,0.0068563055854315635,0.1279084807796444,
eight_rare,0.125,8192,512,100,64,15616,independent_betting,0.050000000000000003,300,0,0,0,0.012220974694293552,0.0068275510204081633,0,1,1,1,0.0068563055854315635,0.1279084807796444,
eight_rare,0.125,8192,512,100,64,15616,pooled_variance,0.001,300,0,0,0,0.012220974694293552,0.0068275510204081633,0,1,1,1,0.0068770763984708485,0.1279084807796444,0.0052012214510608838
eight_rare,0.125,8192,512,100,64,15616,pooled_variance,0.0050000000000000001,300,0,0,0,0.012220974694293552,0.0068275510204081633,0,1,1,1,0.0068770763984708485,0.1279084807796444,0.0052012214510608838
eight_rare,0.125,8192,512,100,64,15616,pooled_variance,0.01,300,0,0,0,0.012220974694293552,0.0068275510204081633,0,1,1,1,0.0068770763984708485,0.1279084807796444,0.0052012214510608838
eight_rare,0.125,8192,512,100,64,15616,pooled_variance,0.050000000000000003,300,0,0,0,0.012220974694293552,0.0068275510204081633,0,1,1,1,0.0068770763984708485,0.1279084807796444,0.0052012214510608838
eight_rare,0.125,8192,512,100,64,15616,pooled_betting,0.001,300,0,0,0,0.012220974694293552,0.0068275510204081633,0,1,1,1,0.0069037527347835578,0.1279084807796444,
eight_rare,0.125,8192,512,100,64,15616,pooled_betting,0.0050000000000000001,300,0,0,0,0.012220974694293552,0.0068275510204081633,0,1,1,1,0.0069037527347835578,0.1279084807796444,
eight_rare,0.125,8192,512,100,64,15616,pooled_betting,0.01,300,0,0,0,0.012220974694293552,0.0068275510204081633,0,1,1,1,0.0069037527347835578,0.1279084807796444,
eight_rare,0.125,8192,512,100,64,15616,pooled_betting,0.050000000000000003,300,0,0,0,0.012220974694293552,0.0068275510204081633,0,1,1,1,0.0069037527347835578,0.1279084807796444,
eight_rare,0.125,8192,8192,100,64,30976,signed_variance,0.001,300,0,0,0,0.012220974694293552,0.0068275510204081633,0,1,1,1,0.0068816453697157403,0.0084819320744764573,0.0052664135900493203
eight_rare,0.125,8192,8192,100,64,30976,signed_variance,0.0050000000000000001,300,0,0,0,0.012220974694293552,0.0068275510204081633,0,1,1,1,0.0068816453697157403,0.0084819320744764573,0.0052664135900493203
eight_rare,0.125,8192,8192,100,64,30976,signed_variance,0.01,300,0,0,0,0.012220974694293552,0.0068275510204081633,0,1,1,1,0.0068816453697157403,0.0084819320744764573,0.0052664135900493203
eight_rare,0.125,8192,8192,100,64,30976,signed_variance,0.050000000000000003,300,0,0,0,0.012220974694293552,0.0068275510204081633,0,1,1,1,0.0068816453697157403,0.0084819320744764573,0.0052664135900493203
eight_rare,0.125,8192,8192,100,64,30976,independent_bernstein,0.001,300,0,0,0,0.012220974694293552,0.0068275510204081633,0,1,1,1,0.0068563055854315635,0.0084819320744764573,0.0052672041706452906
eight_rare,0.125,8192,8192,100,64,30976,independent_bernstein,0.0050000000000000001,300,0,0,0,0.012220974694293552,0.0068275510204081633,0,1,1,1,0.0068563055854315635,0.0084819320744764573,0.0052672041706452906
eight_rare,0.125,8192,8192,100,64,30976,independent_bernstein,0.01,300,0,0,0,0.012220974694293552,0.0068275510204081633,0,1,1,1,0.0068563055854315635,0.0084819320744764573,0.0052672041706452906
eight_rare,0.125,8192,8192,100,64,30976,independent_bernstein,0.050000000000000003,300,0,0,0,0.012220974694293552,0.0068275510204081633,0,1,1,1,0.0068563055854315635,0.0084819320744764573,0.0052672041706452906
eight_rare,0.125,8192,8192,100,64,30976,independent_betting,0.001,300,0,0,0,0.012220974694293552,0.0068275510204081633,0,0.97871287148295083,1,1,0.0068563055854315635,0.0084819320744764573,
eight_rare,0.125,8192,8192,100,64,30976,independent_betting,0.0050000000000000001,300,0,0,0,0.012220974694293552,0.0068275510204081633,0,0.97871287148295083,1,1,0.0068563055854315635,0.0084819320744764573,
eight_rare,0.125,8192,8192,100,64,30976,independent_betting,0.01,300,0,0,0,0.012220974694293552,0.0068275510204081633,0,0.97871287148295083,1,1,0.0068563055854315635,0.0084819320744764573,
eight_rare,0.125,8192,8192,100,64,30976,independent_betting,0.050000000000000003,300,0,0,0,0.012220974694293552,0.0068275510204081633,0,0.97871287148295083,1,1,0.0068563055854315635,0.0084819320744764573,
eight_rare,0.125,8192,8192,100,64,30976,pooled_variance,0.001,300,0,0,0,0.012220974694293552,0.0068275510204081633,0,1,1,1,0.0068770763984708485,0.0084819320744764573,0.0052012214510608838
eight_rare,0.125,8192,8192,100,64,30976,pooled_variance,0.0050000000000000001,300,0,0,0,0.012220974694293552,0.0068275510204081633,0,1,1,1,0.0068770763984708485,0.0084819320744764573,0.0052012214510608838
eight_rare,0.125,8192,8192,100,64,30976,pooled_variance,0.01,300,0,0,0,0.012220974694293552,0.0068275510204081633,0,1,1,1,0.0068770763984708485,0.0084819320744764573,0.0052012214510608838
eight_rare,0.125,8192,8192,100,64,30976,pooled_variance,0.050000000000000003,300,0,0,0,0.012220974694293552,0.0068275510204081633,0,1,1,1,0.0068770763984708485,0.0084819320744764573,0.0052012214510608838
eight_rare,0.125,8192,8192,100,64,30976,pooled_betting,0.001,300,0,0,0,0.012220974694293552,0.0068275510204081633,0,0.804126426212736,1,1,0.0069037527347835578,0.0084819320744764573,
eight_rare,0.125,8192,8192,100,64,30976,pooled_betting,0.0050000000000000001,300,0,0,0,0.012220974694293552,0.0068275510204081633,0,0.804126426212736,1,1,0.0069037527347835578,0.0084819320744764573,
eight_rare,0.125,8192,8192,100,64,30976,pooled_betting,0.01,300,0,0,0,0.012220974694293552,0.0068275510204081633,0,0.804126426212736,1,1,0.0069037527347835578,0.0084819320744764573,
eight_rare,0.125,8192,8192,100,64,30976,pooled_betting,0.050000000000000003,300,0,0,0,0.012220974694293552,0.0068275510204081633,0,0.804126426212736,1,1,0.0069037527347835578,0.0084819320744764573,
eight_rare,0.125,8192,512,400,64,34816,signed_variance,0.001,300,0,0,0,0.012220974694293552,0.0068275510204081633,0,1,1,1,0.0068720267919442834,0.1279084807796444,0.0019066678745982934
eight_rare,0.125,8192,512,400,64,34816,signed_variance,0.0050000000000000001,300,0,0,0,0.012220974694293552,0.0068275510204081633,0,1,1,1,0.0068720267919442834,0.1279084807796444,0.0019066678745982934
eight_rare,0.125,8192,512,400,64,34816,signed_variance,0.01,300,0,0,0,0.012220974694293552,0.0068275510204081633,0,1,1,1,0.0068720267919442834,0.1279084807796444,0.0019066678745982934
eight_rare,0.125,8192,512,400,64,34816,signed_variance,0.050000000000000003,300,0,0,0,0.012220974694293552,0.0068275510204081633,0,1,1,1,0.0068720267919442834,0.1279084807796444,0.0019066678745982934
eight_rare,0.125,8192,512,400,64,34816,independent_bernstein,0.001,300,0,0,0,0.012220974694293552,0.0068275510204081633,0,1,1,1,0.0068518703268989718,0.1279084807796444,0.0019067172649282534
eight_rare,0.125,8192,512,400,64,34816,independent_bernstein,0.0050000000000000001,300,0,0,0,0.012220974694293552,0.0068275510204081633,0,1,1,1,0.0068518703268989718,0.1279084807796444,0.0019067172649282534
eight_rare,0.125,8192,512,400,64,34816,independent_bernstein,0.01,300,0,0,0,0.012220974694293552,0.0068275510204081633,0,1,1,1,0.0068518703268989718,0.1279084807796444,0.0019067172649282534
eight_rare,0.125,8192,512,400,64,34816,independent_bernstein,0.050000000000000003,300,0,0,0,0.012220974694293552,0.0068275510204081633,0,1,1,1,0.0068518703268989718,0.1279084807796444,0.0019067172649282534
eight_rare,0.125,8192,512,400,64,34816,independent_betting,0.001,300,0,0,0,0.012220974694293552,0.0068275510204081633,0,1,1,1,0.0068518703268989718,0.1279084807796444,
eight_rare,0.125,8192,512,400,64,34816,independent_betting,0.0050000000000000001,300,0,0,0,0.012220974694293552,0.0068275510204081633,0,1,1,1,0.0068518703268989718,0.1279084807796444,
eight_rare,0.125,8192,512,400,64,34816,independent_betting,0.01,300,0,0,0,0.012220974694293552,0.0068275510204081633,0,1,1,1,0.0068518703268989718,0.1279084807796444,
eight_rare,0.125,8192,512,400,64,34816,independent_betting,0.050000000000000003,300,0,0,0,0.012220974694293552,0.0068275510204081633,0,1,1,1,0.0068518703268989718,0.1279084807796444,
eight_rare,0.125,8192,512,400,64,34816,pooled_variance,0.001,300,0,0,0,0.012220974694293552,0.0068275510204081633,0,1,1,1,0.0068710716061721215,0.1279084807796444,0.0018862366935333244
eight_rare,0.125,8192,512,400,64,34816,pooled_variance,0.0050000000000000001,300,0,0,0,0.012220974694293552,0.0068275510204081633,0,1,1,1,0.0068710716061721215,0.1279084807796444,0.0018862366935333244
eight_rare,0.125,8192,512,400,64,34816,pooled_variance,0.01,300,0,0,0,0.012220974694293552,0.0068275510204081633,0,1,1,1,0.0068710716061721215,0.1279084807796444,0.0018862366935333244
eight_rare,0.125,8192,512,400,64,34816,pooled_variance,0.050000000000000003,300,0,0,0,0.012220974694293552,0.0068275510204081633,0,1,1,1,0.0068710716061721215,0.1279084807796444,0.0018862366935333244
eight_rare,0.125,8192,512,400,64,34816,pooled_betting,0.001,300,0,0,0,0.012220974694293552,0.0068275510204081633,0,1,1,1,0.0068675176002602001,0.1279084807796444,
eight_rare,0.125,8192,512,400,64,34816,pooled_betting,0.0050000000000000001,300,0,0,0,0.012220974694293552,0.0068275510204081633,0,1,1,1,0.0068675176002602001,0.1279084807796444,
eight_rare,0.125,8192,512,400,64,34816,pooled_betting,0.01,300,0,0,0,0.012220974694293552,0.0068275510204081633,0,1,1,1,0.0068675176002602001,0.1279084807796444,
eight_rare,0.125,8192,512,400,64,34816,pooled_betting,0.050000000000000003,300,0,0,0,0.012220974694293552,0.0068275510204081633,0,1,1,1,0.0068675176002602001,0.1279084807796444,
eight_rare,0.125,8192,8192,400,64,50176,signed_variance,0.001,300,0,0,0,0.012220974694293552,0.0068275510204081633,0,1,1,1,0.0068720267919442834,0.0084819320744764573,0.0019066678745982934
eight_rare,0.125,8192,8192,400,64,50176,signed_variance,0.0050000000000000001,300,0,0,0,0.012220974694293552,0.0068275510204081633,0,1,1,1,0.0068720267919442834,0.0084819320744764573,0.0019066678745982934
eight_rare,0.125,8192,8192,400,64,50176,signed_variance,0.01,300,0,0,0,0.012220974694293552,0.0068275510204081633,0,1,1,1,0.0068720267919442834,0.0084819320744764573,0.0019066678745982934
eight_rare,0.125,8192,8192,400,64,50176,signed_variance,0.050000000000000003,300,0,0,0,0.012220974694293552,0.0068275510204081633,0,1,1,1,0.0068720267919442834,0.0084819320744764573,0.0019066678745982934
eight_rare,0.125,8192,8192,400,64,50176,independent_bernstein,0.001,300,0,0,0,0.012220974694293552,0.0068275510204081633,0,1,1,1,0.0068518703268989718,0.0084819320744764573,0.0019067172649282534
eight_rare,0.125,8192,8192,400,64,50176,independent_bernstein,0.0050000000000000001,300,0,0,0,0.012220974694293552,0.0068275510204081633,0,1,1,1,0.0068518703268989718,0.0084819320744764573,0.0019067172649282534
eight_rare,0.125,8192,8192,400,64,50176,independent_bernstein,0.01,300,0,0,0,0.012220974694293552,0.0068275510204081633,0,1,1,1,0.0068518703268989718,0.0084819320744764573,0.0019067172649282534
eight_rare,0.125,8192,8192,400,64,50176,independent_bernstein,0.050000000000000003,300,0,0,0,0.012220974694293552,0.0068275510204081633,0,1,1,1,0.0068518703268989718,0.0084819320744764573,0.0019067172649282534
eight_rare,0.125,8192,8192,400,64,50176,independent_betting,0.001,300,0,0,0,0.012220974694293552,0.0068275510204081633,0,1,1,1,0.0068518703268989718,0.0084819320744764573,
eight_rare,0.125,8192,8192,400,64,50176,independent_betting,0.0050000000000000001,300,0,0,0,0.012220974694293552,0.0068275510204081633,0,1,1,1,0.0068518703268989718,0.0084819320744764573,
eight_rare,0.125,8192,8192,400,64,50176,independent_betting,0.01,300,0,0,0,0.012220974694293552,0.0068275510204081633,0,1,1,1,0.0068518703268989718,0.0084819320744764573,
eight_rare,0.125,8192,8192,400,64,50176,independent_betting,0.050000000000000003,300,0,0,0,0.012220974694293552,0.0068275510204081633,0,1,1,1,0.0068518703268989718,0.0084819320744764573,
eight_rare,0.125,8192,8192,400,64,50176,pooled_variance,0.001,300,0,0,0,0.012220974694293552,0.0068275510204081633,0,1,1,1,0.0068710716061721215,0.0084819320744764573,0.0018862366935333244
eight_rare,0.125,8192,8192,400,64,50176,pooled_variance,0.0050000000000000001,300,0,0,0,0.012220974694293552,0.0068275510204081633,0,1,1,1,0.0068710716061721215,0.0084819320744764573,0.0018862366935333244
eight_rare,0.125,8192,8192,400,64,50176,pooled_variance,0.01,300,0,0,0,0.012220974694293552,0.0068275510204081633,0,1,1,1,0.0068710716061721215,0.0084819320744764573,0.0018862366935333244
eight_rare,0.125,8192,8192,400,64,50176,pooled_variance,0.050000000000000003,300,0,0,0,0.012220974694293552,0.0068275510204081633,0,1,1,1,0.0068710716061721215,0.0084819320744764573,0.0018862366935333244
eight_rare,0.125,8192,8192,400,64,50176,pooled_betting,0.001,300,0,0,0,0.012220974694293552,0.0068275510204081633,0,1,1,1,0.0068675176002602001,0.0084819320744764573,
eight_rare,0.125,8192,8192,400,64,50176,pooled_betting,0.0050000000000000001,300,0,0,0,0.012220974694293552,0.0068275510204081633,0,1,1,1,0.0068675176002602001,0.0084819320744764573,
eight_rare,0.125,8192,8192,400,64,50176,pooled_betting,0.01,300,0,0,0,0.012220974694293552,0.0068275510204081633,0,1,1,1,0.0068675176002602001,0.0084819320744764573,
eight_rare,0.125,8192,8192,400,64,50176,pooled_betting,0.050000000000000003,300,0,0,0,0.012220974694293552,0.0068275510204081633,0,1,1,1,0.0068675176002602001,0.0084819320744764573,
eight_rare,0.25,8192,512,100,64,15616,signed_variance,0.001,300,0,0,0,0.012220974694293552,0.013655102040816327,0,1,1,1,0.013678984477605771,0.12898278119745873,0.0052871613997504171
eight_rare,0.25,8192,512,100,64,15616,signed_variance,0.0050000000000000001,300,0,0,0,0.012220974694293552,0.013655102040816327,0,1,1,1,0.013678984477605771,0.12898278119745873,0.0052871613997504171
eight_rare,0.25,8192,512,100,64,15616,signed_variance,0.01,300,0,0,0,0.012220974694293552,0.013655102040816327,0,1,1,1,0.013678984477605771,0.12898278119745873,0.0052871613997504171
eight_rare,0.25,8192,512,100,64,15616,signed_variance,0.050000000000000003,300,0,0,0,0.012220974694293552,0.013655102040816327,0,1,1,1,0.013678984477605771,0.12898278119745873,0.0052871613997504171
eight_rare,0.25,8192,512,100,64,15616,independent_bernstein,0.001,300,0,0,0,0.012220974694293552,0.013655102040816327,0,1,1,1,0.013682074247960928,0.12898278119745873,0.0052879502374253151
eight_rare,0.25,8192,512,100,64,15616,independent_bernstein,0.0050000000000000001,300,0,0,0,0.012220974694293552,0.013655102040816327,0,1,1,1,0.013682074247960928,0.12898278119745873,0.0052879502374253151
eight_rare,0.25,8192,512,100,64,15616,independent_bernstein,0.01,300,0,0,0,0.012220974694293552,0.013655102040816327,0,1,1,1,0.013682074247960928,0.12898278119745873,0.0052879502374253151
eight_rare,0.25,8192,512,100,64,15616,independent_bernstein,0.050000000000000003,300,0,0,0,0.012220974694293552,0.013655102040816327,0,1,1,1,0.013682074247960928,0.12898278119745873,0.0052879502374253151
eight_rare,0.25,8192,512,100,64,15616,independent_betting,0.001,300,0,0,0,0.012220974694293552,0.013655102040816327,0,1,1,1,0.013682074247960928,0.12898278119745873,
eight_rare,0.25,8192,512,100,64,15616,independent_betting,0.0050000000000000001,300,0,0,0,0.012220974694293552,0.013655102040816327,0,1,1,1,0.013682074247960928,0.12898278119745873,
eight_rare,0.25,8192,512,100,64,15616,independent_betting,0.01,300,0,0,0,0.012220974694293552,0.013655102040816327,0,1,1,1,0.013682074247960928,0.12898278119745873,
eight_rare,0.25,8192,512,100,64,15616,independent_betting,0.050000000000000003,300,0,0,0,0.012220974694293552,0.013655102040816327,0,1,1,1,0.013682074247960928,0.12898278119745873,
eight_rare,0.25,8192,512,100,64,15616,pooled_variance,0.001,300,0,0,0,0.012220974694293552,0.013655102040816327,0,1,1,1,0.013681510585755591,0.12898278119745873,0.0052244960772712384
eight_rare,0.25,8192,512,100,64,15616,pooled_variance,0.0050000000000000001,300,0,0,0,0.012220974694293552,0.013655102040816327,0,1,1,1,0.013681510585755591,0.12898278119745873,0.0052244960772712384
eight_rare,0.25,8192,512,100,64,15616,pooled_variance,0.01,300,0,0,0,0.012220974694293552,0.013655102040816327,0,1,1,1,0.013681510585755591,0.12898278119745873,0.0052244960772712384
eight_rare,0.25,8192,512,100,64,15616,pooled_variance,0.050000000000000003,300,0,0,0,0.012220974694293552,0.013655102040816327,0,1,1,1,0.013681510585755591,0.12898278119745873,0.0052244960772712384
eight_rare,0.25,8192,512,100,64,15616,pooled_betting,0.001,300,0,0,0,0.012220974694293552,0.013655102040816327,0,1,1,1,0.013647658963016056,0.12898278119745873,
eight_rare,0.25,8192,512,100,64,15616,pooled_betting,0.0050000000000000001,300,0,0,0,0.012220974694293552,0.013655102040816327,0,1,1,1,0.013647658963016056,0.12898278119745873,
eight_rare,0.25,8192,512,100,64,15616,pooled_betting,0.01,300,0,0,0,0.012220974694293552,0.013655102040816327,0,1,1,1,0.013647658963016056,0.12898278119745873,
eight_rare,0.25,8192,512,100,64,15616,pooled_betting,0.050000000000000003,300,0,0,0,0.012220974694293552,0.013655102040816327,0,1,1,1,0.013647658963016056,0.12898278119745873,
eight_rare,0.25,8192,8192,100,64,30976,signed_variance,0.001,300,0,0,0,0.012220974694293552,0.013655102040816327,0,0.0056453520675119719,0.057912710882464621,1,0.013678984477605771,0.0085932507488978085,0.0052871613997504171
eight_rare,0.25,8192,8192,100,64,30976,signed_variance,0.0050000000000000001,300,0,0,0,0.012220974694293552,0.013655102040816327,0,0.0056453520675119719,0.057912710882464621,1,0.013678984477605771,0.0085932507488978085,0.0052871613997504171
eight_rare,0.25,8192,8192,100,64,30976,signed_variance,0.01,300,8,0.026666666666666668,0.011581567754333919,0.051865811960930958,0.013655102040816327,0,0.0056453520675119719,0.057912710882464621,1,0.013678984477605771,0.0085932507488978085,0.0052871613997504171
eight_rare,0.25,8192,8192,100,64,30976,signed_variance,0.050000000000000003,300,130,0.43333333333333335,0.3764969049954095,0.49149952054004786,0.013655102040816327,0,0.0056453520675119719,0.057912710882464621,1,0.013678984477605771,0.0085932507488978085,0.0052871613997504171
eight_rare,0.25,8192,8192,100,64,30976,independent_bernstein,0.001,300,0,0,0,0.012220974694293552,0.013655102040816327,0,0.003833902388614893,0.057029605343160726,0.89025574419113329,0.013682074247960928,0.0085932507488978085,0.0052879502374253151
eight_rare,0.25,8192,8192,100,64,30976,independent_bernstein,0.0050000000000000001,300,3,0.01,0.0020670072350923163,0.028944511255692605,0.013655102040816327,0,0.003833902388614893,0.057029605343160726,0.89025574419113329,0.013682074247960928,0.0085932507488978085,0.0052879502374253151
eight_rare,0.25,8192,8192,100,64,30976,independent_bernstein,0.01,300,16,0.053333333333333337,0.030788319773478054,0.085166764909514261,0.013655102040816327,0,0.003833902388614893,0.057029605343160726,0.89025574419113329,0.013682074247960928,0.0085932507488978085,0.0052879502374253151
eight_rare,0.25,8192,8192,100,64,30976,independent_bernstein,0.050000000000000003,300,129,0.42999999999999999,0.3732484429791692,0.48814785110092179,0.013655102040816327,0,0.003833902388614893,0.057029605343160726,0.89025574419113329,0.013682074247960928,0.0085932507488978085,0.0052879502374253151
eight_rare,0.25,8192,8192,100,64,30976,independent_betting,0.001,300,267,0.89000000000000001,0.84899677842527521,0.92306103647238524,0.013655102040816327,0,0.00010000000000046086,0.00010075843101613336,0.5014975557896385,0.013682074247960928,0.0085932507488978085,
eight_rare,0.25,8192,8192,100,64,30976,independent_betting,0.0050000000000000001,300,285,0.94999999999999996,0.91887264282923575,0.9717487980315036,0.013655102040816327,0,0.00010000000000046086,0.00010075843101613336,0.5014975557896385,0.013682074247960928,0.0085932507488978085,
eight_rare,0.25,8192,8192,100,64,30976,independent_betting,0.01,300,287,0.95666666666666667,0.92703853577971784,0.97672815899531762,0.013655102040816327,0,0.00010000000000046086,0.00010075843101613336,0.5014975557896385,0.013682074247960928,0.0085932507488978085,
eight_rare,0.25,8192,8192,100,64,30976,independent_betting,0.050000000000000003,300,296,0.98666666666666669,0.96621510373808217,0.99635548594793344,0.013655102040816327,0,0.00010000000000046086,0.00010075843101613336,0.5014975557896385,0.013682074247960928,0.0085932507488978085,
eight_rare,0.25,8192,8192,100,64,30976,pooled_variance,0.001,300,0,0,0,0.012220974694293552,0.013655102040816327,0,0.0054540316210203695,0.055253340117077387,0.93087900504059928,0.013681510585755591,0.0085932507488978085,0.0052244960772712384
eight_rare,0.25,8192,8192,100,64,30976,pooled_variance,0.0050000000000000001,300,0,0,0,0.012220974694293552,0.013655102040816327,0,0.0054540316210203695,0.055253340117077387,0.93087900504059928,0.013681510585755591,0.0085932507488978085,0.0052244960772712384
eight_rare,0.25,8192,8192,100,64,30976,pooled_variance,0.01,300,8,0.026666666666666668,0.011581567754333919,0.051865811960930958,0.013655102040816327,0,0.0054540316210203695,0.055253340117077387,0.93087900504059928,0.013681510585755591,0.0085932507488978085,0.0052244960772712384
eight_rare,0.25,8192,8192,100,64,30976,pooled_variance,0.050000000000000003,300,138,0.46000000000000002,0.40257639996983557,0.51822128835991177,0.013655102040816327,0,0.0054540316210203695,0.055253340117077387,0.93087900504059928,0.013681510585755591,0.0085932507488978085,0.0052244960772712384
eight_rare,0.25,8192,8192,100,64,30976,pooled_betting,0.001,300,267,0.89000000000000001,0.84899677842527521,0.92306103647238524,0.013655102040816327,0,0.00010000000000025733,0.00010090118415643105,0.53291247951502829,0.013647658963016056,0.0085932507488978085,
eight_rare,0.25,8192,8192,100,64,30976,pooled_betting,0.0050000000000000001,300,283,0.94333333333333336,0.91081959556583703,0.96664668848331536,0.013655102040816327,0,0.00010000000000025733,0.00010090118415643105,0.53291247951502829,0.013647658963016056,0.0085932507488978085,
eight_rare,0.25,8192,8192,100,64,30976,pooled_betting,0.01,300,287,0.95666666666666667,0.92703853577971784,0.97672815899531762,0.013655102040816327,0,0.00010000000000025733,0.00010090118415643105,0.53291247951502829,0.013647658963016056,0.0085932507488978085,
eight_rare,0.25,8192,8192,100,64,30976,pooled_betting,0.050000000000000003,300,294,0.97999999999999998,0.9569789173264831,0.99262583799827364,0.013655102040816327,0,0.00010000000000025733,0.00010090118415643105,0.53291247951502829,0.013647658963016056,0.0085932507488978085,
eight_rare,0.25,8192,512,400,64,34816,signed_variance,0.001,300,0,0,0,0.012220974694293552,0.013655102040816327,0,1,1,1,0.01365990672116822,0.12898278119745873,0.0019197233202755686
eight_rare,0.25,8192,512,400,64,34816,signed_variance,0.0050000000000000001,300,0,0,0,0.012220974694293552,0.013655102040816327,0,1,1,1,0.01365990672116822,0.12898278119745873,0.0019197233202755686
eight_rare,0.25,8192,512,400,64,34816,signed_variance,0.01,300,0,0,0,0.012220974694293552,0.013655102040816327,0,1,1,1,0.01365990672116822,0.12898278119745873,0.0019197233202755686
eight_rare,0.25,8192,512,400,64,34816,signed_variance,0.050000000000000003,300,0,0,0,0.012220974694293552,0.013655102040816327,0,1,1,1,0.01365990672116822,0.12898278119745873,0.0019197233202755686
eight_rare,0.25,8192,512,400,64,34816,independent_bernstein,0.001,300,0,0,0,0.012220974694293552,0.013655102040816327,0,1,1,1,0.01365230601817603,0.12898278119745873,0.0019197726017191638
eight_rare,0.25,8192,512,400,64,34816,independent_bernstein,0.0050000000000000001,300,0,0,0,0.012220974694293552,0.013655102040816327,0,1,1,1,0.01365230601817603,0.12898278119745873,0.0019197726017191638
eight_rare,0.25,8192,512,400,64,34816,independent_bernstein,0.01,300,0,0,0,0.012220974694293552,0.013655102040816327,0,1,1,1,0.01365230601817603,0.12898278119745873,0.0019197726017191638
eight_rare,0.25,8192,512,400,64,34816,independent_bernstein,0.050000000000000003,300,0,0,0,0.012220974694293552,0.013655102040816327,0,1,1,1,0.01365230601817603,0.12898278119745873,0.0019197726017191638
eight_rare,0.25,8192,512,400,64,34816,independent_betting,0.001,300,0,0,0,0.012220974694293552,0.013655102040816327,0,1,1,1,0.01365230601817603,0.12898278119745873,
eight_rare,0.25,8192,512,400,64,34816,independent_betting,0.0050000000000000001,300,0,0,0,0.012220974694293552,0.013655102040816327,0,1,1,1,0.01365230601817603,0.12898278119745873,
eight_rare,0.25,8192,512,400,64,34816,independent_betting,0.01,300,0,0,0,0.012220974694293552,0.013655102040816327,0,1,1,1,0.01365230601817603,0.12898278119745873,
eight_rare,0.25,8192,512,400,64,34816,independent_betting,0.050000000000000003,300,0,0,0,0.012220974694293552,0.013655102040816327,0,1,1,1,0.01365230601817603,0.12898278119745873,
eight_rare,0.25,8192,512,400,64,34816,pooled_variance,0.001,300,0,0,0,0.012220974694293552,0.013655102040816327,0,1,1,1,0.01366078349875823,0.12898278119745873,0.0018993580825921671
eight_rare,0.25,8192,512,400,64,34816,pooled_variance,0.0050000000000000001,300,0,0,0,0.012220974694293552,0.013655102040816327,0,1,1,1,0.01366078349875823,0.12898278119745873,0.0018993580825921671
eight_rare,0.25,8192,512,400,64,34816,pooled_variance,0.01,300,0,0,0,0.012220974694293552,0.013655102040816327,0,1,1,1,0.01366078349875823,0.12898278119745873,0.0018993580825921671
eight_rare,0.25,8192,512,400,64,34816,pooled_variance,0.050000000000000003,300,0,0,0,0.012220974694293552,0.013655102040816327,0,1,1,1,0.01366078349875823,0.12898278119745873,0.0018993580825921671
eight_rare,0.25,8192,512,400,64,34816,pooled_betting,0.001,300,0,0,0,0.012220974694293552,0.013655102040816327,0,1,1,1,0.013642979074207766,0.12898278119745873,
eight_rare,0.25,8192,512,400,64,34816,pooled_betting,0.0050000000000000001,300,0,0,0,0.012220974694293552,0.013655102040816327,0,1,1,1,0.013642979074207766,0.12898278119745873,
eight_rare,0.25,8192,512,400,64,34816,pooled_betting,0.01,300,0,0,0,0.012220974694293552,0.013655102040816327,0,1,1,1,0.013642979074207766,0.12898278119745873,
eight_rare,0.25,8192,512,400,64,34816,pooled_betting,0.050000000000000003,300,0,0,0,0.012220974694293552,0.013655102040816327,0,1,1,1,0.013642979074207766,0.12898278119745873,
eight_rare,0.25,8192,8192,400,64,50176,signed_variance,0.001,300,298,0.99333333333333329,0.97612650242782639,0.99919161358720021,0.013655102040816327,0,0.00010000405383108483,0.00010151611455628768,0.0070650138312871357,0.01365990672116822,0.0085932507488978085,0.0019197233202755686
eight_rare,0.25,8192,8192,400,64,50176,signed_variance,0.0050000000000000001,300,299,0.9966666666666667,0.98156874795193216,0.99991561086768221,0.013655102040816327,0,0.00010000405383108483,0.00010151611455628768,0.0070650138312871357,0.01365990672116822,0.0085932507488978085,0.0019197233202755686
eight_rare,0.25,8192,8192,400,64,50176,signed_variance,0.01,300,300,1,0.98777902530570649,1,0.013655102040816327,0,0.00010000405383108483,0.00010151611455628768,0.0070650138312871357,0.01365990672116822,0.0085932507488978085,0.0019197233202755686
eight_rare,0.25,8192,8192,400,64,50176,signed_variance,0.050000000000000003,300,300,1,0.98777902530570649,1,0.013655102040816327,0,0.00010000405383108483,0.00010151611455628768,0.0070650138312871357,0.01365990672116822,0.0085932507488978085,0.0019197233202755686
eight_rare,0.25,8192,8192,400,64,50176,independent_bernstein,0.001,300,296,0.98666666666666669,0.96621510373808217,0.99635548594793344,0.013655102040816327,0,0.00010000212574555884,0.00010141601618266315,0.0073263332314485279,0.01365230601817603,0.0085932507488978085,0.0019197726017191638
eight_rare,0.25,8192,8192,400,64,50176,independent_bernstein,0.0050000000000000001,300,299,0.9966666666666667,0.98156874795193216,0.99991561086768221,0.013655102040816327,0,0.00010000212574555884,0.00010141601618266315,0.0073263332314485279,0.01365230601817603,0.0085932507488978085,0.0019197726017191638
eight_rare,0.25,8192,8192,400,64,50176,independent_bernstein,0.01,300,300,1,0.98777902530570649,1,0.013655102040816327,0,0.00010000212574555884,0.00010141601618266315,0.0073263332314485279,0.01365230601817603,0.0085932507488978085,0.0019197726017191638
eight_rare,0.25,8192,8192,400,64,50176,independent_bernstein,0.050000000000000003,300,300,1,0.98777902530570649,1,0.013655102040816327,0,0.00010000212574555884,0.00010141601618266315,0.0073263332314485279,0.01365230601817603,0.0085932507488978085,0.0019197726017191638
eight_rare,0.25,8192,8192,400,64,50176,independent_betting,0.001,300,300,1,0.98777902530570649,1,0.013655102040816327,0,0.0001,0.0001,0.00010026521992559633,0.01365230601817603,0.0085932507488978085,
eight_rare,0.25,8192,8192,400,64,50176,independent_betting,0.0050000000000000001,300,300,1,0.98777902530570649,1,0.013655102040816327,0,0.0001,0.0001,0.00010026521992559633,0.01365230601817603,0.0085932507488978085,
eight_rare,0.25,8192,8192,400,64,50176,independent_betting,0.01,300,300,1,0.98777902530570649,1,0.013655102040816327,0,0.0001,0.0001,0.00010026521992559633,0.01365230601817603,0.0085932507488978085,
eight_rare,0.25,8192,8192,400,64,50176,independent_betting,0.050000000000000003,300,300,1,0.98777902530570649,1,0.013655102040816327,0,0.0001,0.0001,0.00010026521992559633,0.01365230601817603,0.0085932507488978085,
eight_rare,0.25,8192,8192,400,64,50176,pooled_variance,0.001,300,298,0.99333333333333329,0.97612650242782639,0.99919161358720021,0.013655102040816327,0,0.00010000209482195032,0.00010108265934460064,0.0060397929279930396,0.01366078349875823,0.0085932507488978085,0.0018993580825921671
eight_rare,0.25,8192,8192,400,64,50176,pooled_variance,0.0050000000000000001,300,299,0.9966666666666667,0.98156874795193216,0.99991561086768221,0.013655102040816327,0,0.00010000209482195032,0.00010108265934460064,0.0060397929279930396,0.01366078349875823,0.0085932507488978085,0.0018993580825921671
eight_rare,0.25,8192,8192,400,64,50176,pooled_variance,0.01,300,300,1,0.98777902530570649,1,0.013655102040816327,0,0.00010000209482195032,0.00010108265934460064,0.0060397929279930396,0.01366078349875823,0.0085932507488978085,0.0018993580825921671
eight_rare,0.25,8192,8192,400,64,50176,pooled_variance,0.050000000000000003,300,300,1,0.98777902530570649,1,0.013655102040816327,0,0.00010000209482195032,0.00010108265934460064,0.0060397929279930396,0.01366078349875823,0.0085932507488978085,0.0018993580825921671
eight_rare,0.25,8192,8192,400,64,50176,pooled_betting,0.001,300,300,1,0.98777902530570649,1,0.013655102040816327,0,0.0001,0.0001,0.00010003059650407351,0.013642979074207766,0.0085932507488978085,
eight_rare,0.25,8192,8192,400,64,50176,pooled_betting,0.0050000000000000001,300,300,1,0.98777902530570649,1,0.013655102040816327,0,0.0001,0.0001,0.00010003059650407351,0.013642979074207766,0.0085932507488978085,
eight_rare,0.25,8192,8192,400,64,50176,pooled_betting,0.01,300,300,1,0.98777902530570649,1,0.013655102040816327,0,0.0001,0.0001,0.00010003059650407351,0.013642979074207766,0.0085932507488978085,
eight_rare,0.25,8192,8192,400,64,50176,pooled_betting,0.050000000000000003,300,300,1,0.98777902530570649,1,0.013655102040816327,0,0.0001,0.0001,0.00010003059650407351,0.013642979074207766,0.0085932507488978085,
