design,signal,fit,training_rows,validation_pairs,groups,peers,total_observations,method,replications,rejections,power,target,mean,bias,bias_allowance,absolute_allowance,signed_allowance,bias_width,radius,lower,coverage_failures,allowance_failures
eight_rare,-0.125,estimated,8192,512,25,64,10816,absolute_range,1000,0,0.0,-0.0068275510204081,-0.006785830700263343,-4.808773262243608e-06,0.13273764684198266,0.13273764684198266,0.12514197388484607,0.2443350582852423,0.03786894205451123,-0.17739241959675736,0,0
eight_rare,-0.125,estimated,8192,512,25,64,10816,independent_triples,1000,0,0.0,-0.0068275510204081,-0.006793337932607606,-4.808773262243608e-06,0.12514197388484607,0.13273764684198266,0.12514197388484607,0.2443350582852423,0.01617370775427257,-0.1481090195717263,0,0
eight_rare,-0.125,estimated,8192,512,25,64,10816,pooled_variance,1000,0,0.0,-0.0068275510204081,-0.006783139016561028,-4.808773262243608e-06,0.12514197388484607,0.13273764684198266,0.12514197388484607,0.2443350582852423,0.015950182977937377,-0.1478752958793446,0,0
eight_rare,-0.125,estimated,8192,512,25,64,10816,signed_range,1000,0,0.0,-0.0068275510204081,-0.006785830700263343,-4.808773262243608e-06,0.12514197388484607,0.13273764684198266,0.12514197388484607,0.2443350582852423,0.03786894205451123,-0.16979674663962072,0,0
eight_rare,-0.125,estimated,8192,512,25,64,10816,signed_variance,1000,0,0.0,-0.0068275510204081,-0.006785830700263343,-4.808773262243608e-06,0.12514197388484607,0.13273764684198266,0.12514197388484607,0.2443350582852423,0.016161024966552792,-0.14808882955166228,0,0
eight_rare,-0.125,estimated,8192,512,100,64,15616,absolute_range,1000,0,0.0,-0.0068275510204081,-0.006810422650580807,-4.808773262243608e-06,0.13273764684198266,0.13273764684198266,0.12514197388484607,0.2443350582852423,0.01893447102725559,-0.15848254051981917,0,0
eight_rare,-0.125,estimated,8192,512,100,64,15616,independent_triples,1000,0,0.0,-0.0068275510204081,-0.0068041653942362175,-4.808773262243608e-06,0.12514197388484607,0.13273764684198266,0.12514197388484607,0.2443350582852423,0.005170910307939879,-0.13711704958702225,0,0
eight_rare,-0.125,estimated,8192,512,100,64,15616,pooled_variance,1000,0,0.0,-0.0068275510204081,-0.0068133668968729235,-4.808773262243608e-06,0.12514197388484607,0.13273764684198266,0.12514197388484607,0.2443350582852423,0.005107639430317395,-0.13706298021203647,0,0
eight_rare,-0.125,estimated,8192,512,100,64,15616,signed_range,1000,0,0.0,-0.0068275510204081,-0.006810422650580807,-4.808773262243608e-06,0.12514197388484607,0.13273764684198266,0.12514197388484607,0.2443350582852423,0.01893447102725559,-0.15088686756268258,0,0
eight_rare,-0.125,estimated,8192,512,100,64,15616,signed_variance,1000,0,0.0,-0.0068275510204081,-0.006810422650580807,-4.808773262243608e-06,0.12514197388484607,0.13273764684198266,0.12514197388484607,0.2443350582852423,0.005170118978835499,-0.13712251551426247,0,0
eight_rare,-0.125,estimated,8192,512,400,64,34816,absolute_range,1000,0,0.0,-0.0068275510204081,-0.006823672486993569,-4.808773262243608e-06,0.13273764684198266,0.13273764684198266,0.12514197388484607,0.2443350582852423,0.00946723551362777,-0.1490285548426041,0,0
eight_rare,-0.125,estimated,8192,512,400,64,34816,independent_triples,1000,0,0.0,-0.0068275510204081,-0.006820949578526005,-4.808773262243608e-06,0.12514197388484607,0.13273764684198266,0.12514197388484607,0.2443350582852423,0.0018592449405292466,-0.1338221684039014,0,0
eight_rare,-0.125,estimated,8192,512,400,64,34816,pooled_variance,1000,0,0.0,-0.0068275510204081,-0.006825046844172656,-4.808773262243608e-06,0.12514197388484607,0.13273764684198266,0.12514197388484607,0.2443350582852423,0.0018395493557632312,-0.13380657008478203,0,0
eight_rare,-0.125,estimated,8192,512,400,64,34816,signed_range,1000,0,0.0,-0.0068275510204081,-0.006823672486993569,-4.808773262243608e-06,0.12514197388484607,0.13273764684198266,0.12514197388484607,0.2443350582852423,0.00946723551362777,-0.14143288188546752,0,0
eight_rare,-0.125,estimated,8192,512,400,64,34816,signed_variance,1000,0,0.0,-0.0068275510204081,-0.006823672486993569,-4.808773262243608e-06,0.12514197388484607,0.13273764684198266,0.12514197388484607,0.2443350582852423,0.0018591955034373527,-0.1338248418752771,0,0
eight_rare,-0.125,estimated,8192,512,1600,64,111616,absolute_range,1000,0,0.0,-0.0068275510204081,-0.0068254502891377964,-4.808773262243608e-06,0.13273764684198266,0.13273764684198266,0.12514197388484607,0.2443350582852423,0.004733617756813861,-0.14429671488793444,0,0
eight_rare,-0.125,estimated,8192,512,1600,64,111616,independent_triples,1000,0,0.0,-0.0068275510204081,-0.006830370772366338,-4.808773262243608e-06,0.12514197388484607,0.13273764684198266,0.12514197388484607,0.2443350582852423,0.000748182619791608,-0.13272052727700412,0,0
eight_rare,-0.125,estimated,8192,512,1600,64,111616,pooled_variance,1000,0,0.0,-0.0068275510204081,-0.006825127369236735,-4.808773262243608e-06,0.12514197388484607,0.13273764684198266,0.12514197388484607,0.2443350582852423,0.000740901790775754,-0.13270800304485866,0,0
eight_rare,-0.125,estimated,8192,512,1600,64,111616,signed_range,1000,0,0.0,-0.0068275510204081,-0.0068254502891377964,-4.808773262243608e-06,0.12514197388484607,0.13273764684198266,0.12514197388484607,0.2443350582852423,0.004733617756813861,-0.13670104193079782,0,0
eight_rare,-0.125,estimated,8192,512,1600,64,111616,signed_variance,1000,0,0.0,-0.0068275510204081,-0.0068254502891377964,-4.808773262243608e-06,0.12514197388484607,0.13273764684198266,0.12514197388484607,0.2443350582852423,0.000748179530300974,-0.13271560370428495,0,0
eight_rare,-0.125,estimated,8192,8192,25,64,26176,absolute_range,1000,0,0.0,-0.0068275510204081,-0.006785830700263343,-4.808773262243608e-06,0.008928006862450774,0.008928006862450774,0.008300654564678798,0.016571780170549312,0.03786894205451123,-0.05358277961722544,0,0
eight_rare,-0.125,estimated,8192,8192,25,64,26176,independent_triples,1000,0,0.0,-0.0068275510204081,-0.006793337932607606,-4.808773262243608e-06,0.008300654564678798,0.008928006862450774,0.008300654564678798,0.016571780170549312,0.01617370775427257,-0.03126770025155907,0,0
eight_rare,-0.125,estimated,8192,8192,25,64,26176,pooled_variance,1000,0,0.0,-0.0068275510204081,-0.006783139016561028,-4.808773262243608e-06,0.008300654564678798,0.008928006862450774,0.008300654564678798,0.016571780170549312,0.015950182977937377,-0.0310339765591773,0,0
eight_rare,-0.125,estimated,8192,8192,25,64,26176,signed_range,1000,0,0.0,-0.0068275510204081,-0.006785830700263343,-4.808773262243608e-06,0.008300654564678798,0.008928006862450774,0.008300654564678798,0.016571780170549312,0.03786894205451123,-0.05295542731945347,0,0
eight_rare,-0.125,estimated,8192,8192,25,64,26176,signed_variance,1000,0,0.0,-0.0068275510204081,-0.006785830700263343,-4.808773262243608e-06,0.008300654564678798,0.008928006862450774,0.008300654564678798,0.016571780170549312,0.016161024966552792,-0.031247510231495027,0,0
eight_rare,-0.125,estimated,8192,8192,100,64,30976,absolute_range,1000,0,0.0,-0.0068275510204081,-0.006810422650580807,-4.808773262243608e-06,0.008928006862450774,0.008928006862450774,0.008300654564678798,0.016571780170549312,0.01893447102725559,-0.03467290054028727,0,0
eight_rare,-0.125,estimated,8192,8192,100,64,30976,independent_triples,1000,0,0.0,-0.0068275510204081,-0.0068041653942362175,-4.808773262243608e-06,0.008300654564678798,0.008928006862450774,0.008300654564678798,0.016571780170549312,0.005170910307939879,-0.02027573026685499,0,0
eight_rare,-0.125,estimated,8192,8192,100,64,30976,pooled_variance,1000,0,0.0,-0.0068275510204081,-0.0068133668968729235,-4.808773262243608e-06,0.008300654564678798,0.008928006862450774,0.008300654564678798,0.016571780170549312,0.005107639430317395,-0.020221660891869213,0,0
eight_rare,-0.125,estimated,8192,8192,100,64,30976,signed_range,1000,0,0.0,-0.0068275510204081,-0.006810422650580807,-4.808773262243608e-06,0.008300654564678798,0.008928006862450774,0.008300654564678798,0.016571780170549312,0.01893447102725559,-0.034045548242515294,0,0
eight_rare,-0.125,estimated,8192,8192,100,64,30976,signed_variance,1000,0,0.0,-0.0068275510204081,-0.006810422650580807,-4.808773262243608e-06,0.008300654564678798,0.008928006862450774,0.008300654564678798,0.016571780170549312,0.005170118978835499,-0.020281196194095207,0,0
eight_rare,-0.125,estimated,8192,8192,400,64,50176,absolute_range,1000,0,0.0,-0.0068275510204081,-0.006823672486993569,-4.808773262243608e-06,0.008928006862450774,0.008928006862450774,0.008300654564678798,0.016571780170549312,0.00946723551362777,-0.025218914863072213,0,0
eight_rare,-0.125,estimated,8192,8192,400,64,50176,independent_triples,1000,0,0.0,-0.0068275510204081,-0.006820949578526005,-4.808773262243608e-06,0.008300654564678798,0.008928006862450774,0.008300654564678798,0.016571780170549312,0.0018592449405292466,-0.016980849083734147,0,0
eight_rare,-0.125,estimated,8192,8192,400,64,50176,pooled_variance,1000,0,0.0,-0.0068275510204081,-0.006825046844172656,-4.808773262243608e-06,0.008300654564678798,0.008928006862450774,0.008300654564678798,0.016571780170549312,0.0018395493557632312,-0.016965250764614782,0,0
eight_rare,-0.125,estimated,8192,8192,400,64,50176,signed_range,1000,0,0.0,-0.0068275510204081,-0.006823672486993569,-4.808773262243608e-06,0.008300654564678798,0.008928006862450774,0.008300654564678798,0.016571780170549312,0.00946723551362777,-0.024591562565300235,0,0
eight_rare,-0.125,estimated,8192,8192,400,64,50176,signed_variance,1000,0,0.0,-0.0068275510204081,-0.006823672486993569,-4.808773262243608e-06,0.008300654564678798,0.008928006862450774,0.008300654564678798,0.016571780170549312,0.0018591955034373527,-0.016983522555109824,0,0
eight_rare,-0.125,estimated,8192,8192,1600,64,126976,absolute_range,1000,0,0.0,-0.0068275510204081,-0.0068254502891377964,-4.808773262243608e-06,0.008928006862450774,0.008928006862450774,0.008300654564678798,0.016571780170549312,0.004733617756813861,-0.020487074908402535,0,0
eight_rare,-0.125,estimated,8192,8192,1600,64,126976,independent_triples,1000,0,0.0,-0.0068275510204081,-0.006830370772366338,-4.808773262243608e-06,0.008300654564678798,0.008928006862450774,0.008300654564678798,0.016571780170549312,0.000748182619791608,-0.015879207956836845,0,0
eight_rare,-0.125,estimated,8192,8192,1600,64,126976,pooled_variance,1000,0,0.0,-0.0068275510204081,-0.006825127369236735,-4.808773262243608e-06,0.008300654564678798,0.008928006862450774,0.008300654564678798,0.016571780170549312,0.000740901790775754,-0.015866683724691386,0,0
eight_rare,-0.125,estimated,8192,8192,1600,64,126976,signed_range,1000,0,0.0,-0.0068275510204081,-0.0068254502891377964,-4.808773262243608e-06,0.008300654564678798,0.008928006862450774,0.008300654564678798,0.016571780170549312,0.004733617756813861,-0.019859722610630556,0,0
eight_rare,-0.125,estimated,8192,8192,1600,64,126976,signed_variance,1000,0,0.0,-0.0068275510204081,-0.0068254502891377964,-4.808773262243608e-06,0.008300654564678798,0.008928006862450774,0.008300654564678798,0.016571780170549312,0.000748179530300974,-0.01587428438411767,0,0
eight_rare,0.0,estimated,8192,512,25,64,10816,absolute_range,1000,0,0.0,0.0,-2.8237084869015896e-05,9.381087504170656e-07,0.1327917731889705,0.1327917731889705,0.12657734614947447,0.24430953569393177,0.037808022329250374,-0.17062803260308992,0,0
eight_rare,0.0,estimated,8192,512,25,64,10816,independent_triples,1000,0,0.0,0.0,-3.295994619937117e-05,9.381087504170656e-07,0.12657734614947447,0.1327917731889705,0.12657734614947447,0.24430953569393177,0.0162616536533342,-0.14287195974900807,0,0
eight_rare,0.0,estimated,8192,512,25,64,10816,pooled_variance,1000,0,0.0,0.0,-2.1252536012274163e-05,9.381087504170656e-07,0.12657734614947447,0.1327917731889705,0.12657734614947447,0.24430953569393177,0.01604294463518179,-0.14264154332066858,0,0
eight_rare,0.0,estimated,8192,512,25,64,10816,signed_range,1000,0,0.0,0.0,-2.8237084869015896e-05,9.381087504170656e-07,0.12657734614947447,0.1327917731889705,0.12657734614947447,0.24430953569393177,0.037808022329250374,-0.1644136055635939,0,0
eight_rare,0.0,estimated,8192,512,25,64,10816,signed_variance,1000,0,0.0,0.0,-2.8237084869015896e-05,9.381087504170656e-07,0.12657734614947447,0.1327917731889705,0.12657734614947447,0.24430953569393177,0.016248991268401024,-0.14285457450274455,0,0
eight_rare,0.0,estimated,8192,512,100,64,15616,absolute_range,1000,0,0.0,0.0,-2.8802430540000173e-05,9.381087504170656e-07,0.1327917731889705,0.1327917731889705,0.12657734614947447,0.24430953569393177,0.018904011164625156,-0.15172458678413572,0,0
eight_rare,0.0,estimated,8192,512,100,64,15616,independent_triples,1000,0,0.0,0.0,-3.4668624051478015e-05,9.381087504170656e-07,0.12657734614947447,0.1327917731889705,0.12657734614947447,0.24430953569393177,0.005223362387489046,-0.13183537716101507,0,0
eight_rare,0.0,estimated,8192,512,100,64,15616,pooled_variance,1000,0,0.0,0.0,-3.388150999165986e-05,9.381087504170656e-07,0.12657734614947447,0.1327917731889705,0.12657734614947447,0.24430953569393177,0.005158745708115734,-0.13176997336758192,0,0
eight_rare,0.0,estimated,8192,512,100,64,15616,signed_range,1000,0,0.0,0.0,-2.8802430540000173e-05,9.381087504170656e-07,0.12657734614947447,0.1327917731889705,0.12657734614947447,0.24430953569393177,0.018904011164625156,-0.14551015974463968,0,0
eight_rare,0.0,estimated,8192,512,100,64,15616,signed_variance,1000,0,0.0,0.0,-2.8802430540000173e-05,9.381087504170656e-07,0.12657734614947447,0.1327917731889705,0.12657734614947447,0.24430953569393177,0.005222572331394923,-0.13182872091140946,0,0
eight_rare,0.0,estimated,8192,512,400,64,34816,absolute_range,1000,0,0.0,0.0,6.048646840835601e-06,9.381087504170656e-07,0.1327917731889705,0.1327917731889705,0.12657734614947447,0.24430953569393177,0.009452005582312555,-0.14223773012444227,0,0
eight_rare,0.0,estimated,8192,512,400,64,34816,independent_triples,1000,0,0.0,0.0,4.719824232806601e-06,9.381087504170656e-07,0.12657734614947447,0.1327917731889705,0.12657734614947447,0.24430953569393177,0.0018855052455634452,-0.12845813157080516,0,0
eight_rare,0.0,estimated,8192,512,400,64,34816,pooled_variance,1000,0,0.0,0.0,3.342071358909489e-06,9.381087504170656e-07,0.12657734614947447,0.1327917731889705,0.12657734614947447,0.24430953569393177,0.0018646278733972569,-0.12843863195151287,0,0
eight_rare,0.0,estimated,8192,512,400,64,34816,signed_range,1000,0,0.0,0.0,6.048646840835601e-06,9.381087504170656e-07,0.12657734614947447,0.1327917731889705,0.12657734614947447,0.24430953569393177,0.009452005582312555,-0.13602330308494623,0,0
eight_rare,0.0,estimated,8192,512,400,64,34816,signed_variance,1000,0,0.0,0.0,6.048646840835601e-06,9.381087504170656e-07,0.12657734614947447,0.1327917731889705,0.12657734614947447,0.24430953569393177,0.0018854558880009474,-0.12845675339063464,0,0
eight_rare,0.0,estimated,8192,512,1600,64,111616,absolute_range,1000,0,0.0,0.0,1.2843349789407425e-06,9.381087504170656e-07,0.1327917731889705,0.1327917731889705,0.12657734614947447,0.24430953569393177,0.004726002791156253,-0.13751649164514784,0,0
eight_rare,0.0,estimated,8192,512,1600,64,111616,independent_triples,1000,0,0.0,0.0,4.3338504483426705e-06,9.381087504170656e-07,0.12657734614947447,0.1327917731889705,0.12657734614947447,0.24430953569393177,0.0007612383818268435,-0.12733425068085302,0,0
eight_rare,0.0,estimated,8192,512,1600,64,111616,pooled_variance,1000,0,0.0,0.0,-1.1225795460534919e-07,9.381087504170656e-07,0.12657734614947447,0.1327917731889705,0.12657734614947447,0.24430953569393177,0.0007538812375875995,-0.12733133964501672,0,0
eight_rare,0.0,estimated,8192,512,1600,64,111616,signed_range,1000,0,0.0,0.0,1.2843349789407425e-06,9.381087504170656e-07,0.12657734614947447,0.1327917731889705,0.12657734614947447,0.24430953569393177,0.004726002791156253,-0.13130206460565183,0,0
eight_rare,0.0,estimated,8192,512,1600,64,111616,signed_variance,1000,0,0.0,0.0,1.2843349789407425e-06,9.381087504170656e-07,0.12657734614947447,0.1327917731889705,0.12657734614947447,0.24430953569393177,0.000761235297306271,-0.12733729711180183,0,0
eight_rare,0.0,estimated,8192,8192,25,64,26176,absolute_range,1000,0,0.0,0.0,-2.8237084869015896e-05,9.381087504170656e-07,0.008934633943117101,0.008934633943117101,0.008413857289880604,0.01656716365634629,0.037808022329250374,-0.04677089335723654,0,0
eight_rare,0.0,estimated,8192,8192,25,64,26176,independent_triples,1000,0,0.0,0.0,-3.295994619937117e-05,9.381087504170656e-07,0.008413857289880604,0.008934633943117101,0.008413857289880604,0.01656716365634629,0.0162616536533342,-0.024708470889414233,0,0
eight_rare,0.0,estimated,8192,8192,25,64,26176,pooled_variance,1000,0,0.0,0.0,-2.1252536012274163e-05,9.381087504170656e-07,0.008413857289880604,0.008934633943117101,0.008413857289880604,0.01656716365634629,0.01604294463518179,-0.024478054461074723,0,0
eight_rare,0.0,estimated,8192,8192,25,64,26176,signed_range,1000,0,0.0,0.0,-2.8237084869015896e-05,9.381087504170656e-07,0.008413857289880604,0.008934633943117101,0.008413857289880604,0.01656716365634629,0.037808022329250374,-0.04625011670400004,0,0
eight_rare,0.0,estimated,8192,8192,25,64,26176,signed_variance,1000,0,0.0,0.0,-2.8237084869015896e-05,9.381087504170656e-07,0.008413857289880604,0.008934633943117101,0.008413857289880604,0.01656716365634629,0.016248991268401024,-0.024691085643150697,0,0
eight_rare,0.0,estimated,8192,8192,100,64,30976,absolute_range,1000,0,0.0,0.0,-2.8802430540000173e-05,9.381087504170656e-07,0.008934633943117101,0.008934633943117101,0.008413857289880604,0.01656716365634629,0.018904011164625156,-0.027867447538282315,0,0
eight_rare,0.0,estimated,8192,8192,100,64,30976,independent_triples,1000,0,0.0,0.0,-3.4668624051478015e-05,9.381087504170656e-07,0.008413857289880604,0.008934633943117101,0.008413857289880604,0.01656716365634629,0.005223362387489046,-0.013671888301421182,0,0
eight_rare,0.0,estimated,8192,8192,100,64,30976,pooled_variance,1000,0,0.0,0.0,-3.388150999165986e-05,9.381087504170656e-07,0.008413857289880604,0.008934633943117101,0.008413857289880604,0.01656716365634629,0.005158745708115734,-0.013606484507988051,0,0
eight_rare,0.0,estimated,8192,8192,100,64,30976,signed_range,1000,0,0.0,0.0,-2.8802430540000173e-05,9.381087504170656e-07,0.008413857289880604,0.008934633943117101,0.008413857289880604,0.01656716365634629,0.018904011164625156,-0.027346670885045818,0,0
eight_rare,0.0,estimated,8192,8192,100,64,30976,signed_variance,1000,0,0.0,0.0,-2.8802430540000173e-05,9.381087504170656e-07,0.008413857289880604,0.008934633943117101,0.008413857289880604,0.01656716365634629,0.005222572331394923,-0.013665232051815582,0,0
eight_rare,0.0,estimated,8192,8192,400,64,50176,absolute_range,1000,0,0.0,0.0,6.048646840835601e-06,9.381087504170656e-07,0.008934633943117101,0.008934633943117101,0.008413857289880604,0.01656716365634629,0.009452005582312555,-0.018380590878588874,0,0
eight_rare,0.0,estimated,8192,8192,400,64,50176,independent_triples,1000,0,0.0,0.0,4.719824232806601e-06,9.381087504170656e-07,0.008413857289880604,0.008934633943117101,0.008413857289880604,0.01656716365634629,0.0018855052455634452,-0.010294642711211296,0,0
eight_rare,0.0,estimated,8192,8192,400,64,50176,pooled_variance,1000,0,0.0,0.0,3.342071358909489e-06,9.381087504170656e-07,0.008413857289880604,0.008934633943117101,0.008413857289880604,0.01656716365634629,0.0018646278733972569,-0.010275143091919002,0,0
eight_rare,0.0,estimated,8192,8192,400,64,50176,signed_range,1000,0,0.0,0.0,6.048646840835601e-06,9.381087504170656e-07,0.008413857289880604,0.008934633943117101,0.008413857289880604,0.01656716365634629,0.009452005582312555,-0.017859814225352377,0,0
eight_rare,0.0,estimated,8192,8192,400,64,50176,signed_variance,1000,0,0.0,0.0,6.048646840835601e-06,9.381087504170656e-07,0.008413857289880604,0.008934633943117101,0.008413857289880604,0.01656716365634629,0.0018854558880009474,-0.010293264531040769,0,0
eight_rare,0.0,estimated,8192,8192,1600,64,126976,absolute_range,1000,0,0.0,0.0,1.2843349789407425e-06,9.381087504170656e-07,0.008934633943117101,0.008934633943117101,0.008413857289880604,0.01656716365634629,0.004726002791156253,-0.013659352399294462,0,0
eight_rare,0.0,estimated,8192,8192,1600,64,126976,independent_triples,1000,0,0.0,0.0,4.3338504483426705e-06,9.381087504170656e-07,0.008413857289880604,0.008934633943117101,0.008413857289880604,0.01656716365634629,0.0007612383818268435,-0.009170761821259156,0,0
eight_rare,0.0,estimated,8192,8192,1600,64,126976,pooled_variance,1000,0,0.0,0.0,-1.1225795460534919e-07,9.381087504170656e-07,0.008413857289880604,0.008934633943117101,0.008413857289880604,0.01656716365634629,0.0007538812375875995,-0.009167850785422862,0,0
eight_rare,0.0,estimated,8192,8192,1600,64,126976,signed_range,1000,0,0.0,0.0,1.2843349789407425e-06,9.381087504170656e-07,0.008413857289880604,0.008934633943117101,0.008413857289880604,0.01656716365634629,0.004726002791156253,-0.013138575746057968,0,0
eight_rare,0.0,estimated,8192,8192,1600,64,126976,signed_variance,1000,0,0.0,0.0,1.2843349789407425e-06,9.381087504170656e-07,0.008413857289880604,0.008934633943117101,0.008413857289880604,0.01656716365634629,0.000761235297306271,-0.009173808252207986,0,0
eight_rare,0.125,estimated,8192,512,25,64,10816,absolute_range,1000,0,0.0,0.0068275510204081,0.0068252184176825015,6.573795557980216e-06,0.13294547525286948,0.13294547525286948,0.12767818663542602,0.24438097511640994,0.03785187565442627,-0.1639721324896132,0,0
eight_rare,0.125,estimated,8192,512,25,64,10816,independent_triples,1000,0,0.0,0.0068275510204081,0.006826492792439201,6.573795557980216e-06,0.12767818663542602,0.13294547525286948,0.12767818663542602,0.24438097511640994,0.016366235901660173,-0.137217929744647,0,0
eight_rare,0.125,estimated,8192,512,25,64,10816,pooled_variance,1000,0,0.0,0.0068275510204081,0.006820212128126385,6.573795557980216e-06,0.12767818663542602,0.13294547525286948,0.12767818663542602,0.24438097511640994,0.01613753333546969,-0.13699550784276934,0,0
eight_rare,0.125,estimated,8192,512,25,64,10816,signed_range,1000,0,0.0,0.0068275510204081,0.0068252184176825015,6.573795557980216e-06,0.12767818663542602,0.13294547525286948,0.12767818663542602,0.24438097511640994,0.03785187565442627,-0.15870484387216982,0,0
eight_rare,0.125,estimated,8192,512,25,64,10816,signed_variance,1000,0,0.0,0.0068275510204081,0.0068252184176825015,6.573795557980216e-06,0.12767818663542602,0.13294547525286948,0.12767818663542602,0.24438097511640994,0.01635355882969367,-0.1372065270474372,0,0
eight_rare,0.125,estimated,8192,512,100,64,15616,absolute_range,1000,0,0.0,0.0068275510204081,0.006880913824570675,6.573795557980216e-06,0.13294547525286948,0.13294547525286948,0.12767818663542602,0.24438097511640994,0.018925937827213107,-0.1449904992555119,0,0
eight_rare,0.125,estimated,8192,512,100,64,15616,independent_triples,1000,0,0.0,0.0068275510204081,0.006843499806797412,6.573795557980216e-06,0.12767818663542602,0.13294547525286948,0.12767818663542602,0.24438097511640994,0.00526853922344207,-0.1261032260520707,0,0
eight_rare,0.125,estimated,8192,512,100,64,15616,pooled_variance,1000,0,0.0,0.0068275510204081,0.006877735251349709,6.573795557980216e-06,0.12767818663542602,0.13294547525286948,0.12767818663542602,0.24438097511640994,0.0052020305083133565,-0.1260024818923897,0,0
eight_rare,0.125,estimated,8192,512,100,64,15616,signed_range,1000,0,0.0,0.0068275510204081,0.006880913824570675,6.573795557980216e-06,0.12767818663542602,0.13294547525286948,0.12767818663542602,0.24438097511640994,0.018925937827213107,-0.13972321063806847,0,0
eight_rare,0.125,estimated,8192,512,100,64,15616,signed_variance,1000,0,0.0,0.0068275510204081,0.006880913824570675,6.573795557980216e-06,0.12767818663542602,0.13294547525286948,0.12767818663542602,0.24438097511640994,0.005267748250966061,-0.12606502106182144,0,0
eight_rare,0.125,estimated,8192,512,400,64,34816,absolute_range,1000,0,0.0,0.0068275510204081,0.006863932712422335,6.573795557980216e-06,0.13294547525286948,0.13294547525286948,0.12767818663542602,0.24438097511640994,0.00946296891360653,-0.13554451145405366,0,0
eight_rare,0.125,estimated,8192,512,400,64,34816,independent_triples,1000,0,0.0,0.0068275510204081,0.00684777418753784,6.573795557980216e-06,0.12767818663542602,0.13294547525286948,0.12767818663542602,0.24438097511640994,0.0019074988488577132,-0.12273791129674591,0,0
eight_rare,0.125,estimated,8192,512,400,64,34816,pooled_variance,1000,0,0.0,0.0068275510204081,0.006863664827436612,6.573795557980216e-06,0.12767818663542602,0.13294547525286948,0.12767818663542602,0.24438097511640994,0.0018863136210618054,-0.12270083542905122,0,0
eight_rare,0.125,estimated,8192,512,400,64,34816,signed_range,1000,0,0.0,0.0068275510204081,0.006863932712422335,6.573795557980216e-06,0.12767818663542602,0.13294547525286948,0.12767818663542602,0.24438097511640994,0.00946296891360653,-0.13027722283661022,0,0
eight_rare,0.125,estimated,8192,512,400,64,34816,signed_variance,1000,0,0.0,0.0068275510204081,0.006863932712422335,6.573795557980216e-06,0.12767818663542602,0.13294547525286948,0.12767818663542602,0.24438097511640994,0.0019074494340456391,-0.12272170335704934,0,0
eight_rare,0.125,estimated,8192,512,1600,64,111616,absolute_range,1000,0,0.0,0.0068275510204081,0.00683750255417363,6.573795557980216e-06,0.13294547525286948,0.13294547525286948,0.12767818663542602,0.24438097511640994,0.004731484456803239,-0.13083945715549908,0,0
eight_rare,0.125,estimated,8192,512,1600,64,111616,independent_triples,1000,0,0.0,0.0068275510204081,0.006836868890729366,6.573795557980216e-06,0.12767818663542602,0.13294547525286948,0.12767818663542602,0.24438097511640994,0.0007718933565906435,-0.12161321110128731,0,0
eight_rare,0.125,estimated,8192,512,1600,64,111616,pooled_variance,1000,0,0.0,0.0068275510204081,0.006837264345099106,6.573795557980216e-06,0.12767818663542602,0.13294547525286948,0.12767818663542602,0.24438097511640994,0.000764321209074249,-0.12160524349940117,0,0
eight_rare,0.125,estimated,8192,512,1600,64,111616,signed_range,1000,0,0.0,0.0068275510204081,0.00683750255417363,6.573795557980216e-06,0.12767818663542602,0.13294547525286948,0.12767818663542602,0.24438097511640994,0.004731484456803239,-0.12557216853805564,0,0
eight_rare,0.125,estimated,8192,512,1600,64,111616,signed_variance,1000,0,0.0,0.0068275510204081,0.00683750255417363,6.573795557980216e-06,0.12767818663542602,0.13294547525286948,0.12767818663542602,0.24438097511640994,0.0007718902684923507,-0.12161257434974476,0,0
eight_rare,0.125,estimated,8192,8192,25,64,26176,absolute_range,1000,0,0.0,0.0068275510204081,0.0068252184176825015,6.573795557980216e-06,0.008951216791121923,0.008951216791121923,0.008518618289065354,0.016585955447956217,0.03785187565442627,-0.039977874027865686,0,0
eight_rare,0.125,estimated,8192,8192,25,64,26176,independent_triples,1000,0,0.0,0.0068275510204081,0.006826492792439201,6.573795557980216e-06,0.008518618289065354,0.008951216791121923,0.008518618289065354,0.016585955447956217,0.016366235901660173,-0.018058361398286326,0,0
eight_rare,0.125,estimated,8192,8192,25,64,26176,pooled_variance,1000,0,0.0,0.0068275510204081,0.006820212128126385,6.573795557980216e-06,0.008518618289065354,0.008951216791121923,0.008518618289065354,0.016585955447956217,0.01613753333546969,-0.01783593949640866,0,0
eight_rare,0.125,estimated,8192,8192,25,64,26176,signed_range,1000,0,0.0,0.0068275510204081,0.0068252184176825015,6.573795557980216e-06,0.008518618289065354,0.008951216791121923,0.008518618289065354,0.016585955447956217,0.03785187565442627,-0.03954527552580912,0,0
eight_rare,0.125,estimated,8192,8192,25,64,26176,signed_variance,1000,0,0.0,0.0068275510204081,0.0068252184176825015,6.573795557980216e-06,0.008518618289065354,0.008951216791121923,0.008518618289065354,0.016585955447956217,0.01635355882969367,-0.018046958701076518,0,0
eight_rare,0.125,estimated,8192,8192,100,64,30976,absolute_range,1000,0,0.0,0.0068275510204081,0.006880913824570675,6.573795557980216e-06,0.008951216791121923,0.008951216791121923,0.008518618289065354,0.016585955447956217,0.018925937827213107,-0.02099624079376436,0,0
eight_rare,0.125,estimated,8192,8192,100,64,30976,independent_triples,1000,0,0.0,0.0068275510204081,0.006843499806797412,6.573795557980216e-06,0.008518618289065354,0.008951216791121923,0.008518618289065354,0.016585955447956217,0.00526853922344207,-0.006943657705710009,0,0
eight_rare,0.125,estimated,8192,8192,100,64,30976,pooled_variance,1000,0,0.0,0.0068275510204081,0.006877735251349709,6.573795557980216e-06,0.008518618289065354,0.008951216791121923,0.008518618289065354,0.016585955447956217,0.0052020305083133565,-0.006842913546029001,0,0
eight_rare,0.125,estimated,8192,8192,100,64,30976,signed_range,1000,0,0.0,0.0068275510204081,0.006880913824570675,6.573795557980216e-06,0.008518618289065354,0.008951216791121923,0.008518618289065354,0.016585955447956217,0.018925937827213107,-0.02056364229170779,0,0
eight_rare,0.125,estimated,8192,8192,100,64,30976,signed_variance,1000,0,0.0,0.0068275510204081,0.006880913824570675,6.573795557980216e-06,0.008518618289065354,0.008951216791121923,0.008518618289065354,0.016585955447956217,0.005267748250966061,-0.0069054527154607396,0,0
eight_rare,0.125,estimated,8192,8192,400,64,50176,absolute_range,1000,0,0.0,0.0068275510204081,0.006863932712422335,6.573795557980216e-06,0.008951216791121923,0.008951216791121923,0.008518618289065354,0.016585955447956217,0.00946296891360653,-0.011550252992306114,0,0
eight_rare,0.125,estimated,8192,8192,400,64,50176,independent_triples,1000,0,0.0,0.0068275510204081,0.00684777418753784,6.573795557980216e-06,0.008518618289065354,0.008951216791121923,0.008518618289065354,0.016585955447956217,0.0019074988488577132,-0.003578342950385227,0,0
eight_rare,0.125,estimated,8192,8192,400,64,50176,pooled_variance,1000,0,0.0,0.0068275510204081,0.006863664827436612,6.573795557980216e-06,0.008518618289065354,0.008951216791121923,0.008518618289065354,0.016585955447956217,0.0018863136210618054,-0.003541267082690547,0,0
eight_rare,0.125,estimated,8192,8192,400,64,50176,signed_range,1000,0,0.0,0.0068275510204081,0.006863932712422335,6.573795557980216e-06,0.008518618289065354,0.008951216791121923,0.008518618289065354,0.016585955447956217,0.00946296891360653,-0.011117654490249545,0,0
eight_rare,0.125,estimated,8192,8192,400,64,50176,signed_variance,1000,0,0.0,0.0068275510204081,0.006863932712422335,6.573795557980216e-06,0.008518618289065354,0.008951216791121923,0.008518618289065354,0.016585955447956217,0.0019074494340456391,-0.003562135010688654,0,0
eight_rare,0.125,estimated,8192,8192,1600,64,126976,absolute_range,1000,0,0.0,0.0068275510204081,0.00683750255417363,6.573795557980216e-06,0.008951216791121923,0.008951216791121923,0.008518618289065354,0.016585955447956217,0.004731484456803239,-0.006845198693751532,0,0
eight_rare,0.125,estimated,8192,8192,1600,64,126976,independent_triples,1000,0,0.0,0.0068275510204081,0.006836868890729366,6.573795557980216e-06,0.008518618289065354,0.008951216791121923,0.008518618289065354,0.016585955447956217,0.0007718933565906435,-0.0024536427549266297,0,0
eight_rare,0.125,estimated,8192,8192,1600,64,126976,pooled_variance,1000,0,0.0,0.0068275510204081,0.006837264345099106,6.573795557980216e-06,0.008518618289065354,0.008951216791121923,0.008518618289065354,0.016585955447956217,0.000764321209074249,-0.0024456751530404944,0,0
eight_rare,0.125,estimated,8192,8192,1600,64,126976,signed_range,1000,0,0.0,0.0068275510204081,0.00683750255417363,6.573795557980216e-06,0.008518618289065354,0.008951216791121923,0.008518618289065354,0.016585955447956217,0.004731484456803239,-0.006412600191694964,0,0
eight_rare,0.125,estimated,8192,8192,1600,64,126976,signed_variance,1000,0,0.0,0.0068275510204081,0.00683750255417363,6.573795557980216e-06,0.008518618289065354,0.008951216791121923,0.008518618289065354,0.016585955447956217,0.0007718902684923507,-0.002453006003384077,0,0
eight_rare,0.25,estimated,8192,512,25,64,10816,absolute_range,1000,0,0.0,0.0136551020408163,0.01365006916249782,1.2628641121814317e-05,0.13295930103442344,0.13295930103442344,0.1287313200090816,0.24424584439669197,0.03767600481762578,-0.15698523668955142,0,0
eight_rare,0.25,estimated,8192,512,25,64,10816,independent_triples,1000,0,0.0,0.0136551020408163,0.013683583418500284,1.2628641121814317e-05,0.1287313200090816,0.13295930103442344,0.1287313200090816,0.24424584439669197,0.016370616178038467,-0.1314183527686198,0,0
eight_rare,0.25,estimated,8192,512,25,64,10816,pooled_variance,1000,0,0.0,0.0136551020408163,0.013652449852256209,1.2628641121814317e-05,0.1287313200090816,0.13295930103442344,0.1287313200090816,0.24424584439669197,0.01613759634045377,-0.13121646649727917,0,0
eight_rare,0.25,estimated,8192,512,25,64,10816,signed_range,1000,0,0.0,0.0136551020408163,0.01365006916249782,1.2628641121814317e-05,0.1287313200090816,0.13295930103442344,0.1287313200090816,0.24424584439669197,0.03767600481762578,-0.15275725566420956,0,0
eight_rare,0.25,estimated,8192,512,25,64,10816,signed_variance,1000,0,0.0,0.0136551020408163,0.01365006916249782,1.2628641121814317e-05,0.1287313200090816,0.13295930103442344,0.1287313200090816,0.24424584439669197,0.016357998007439895,-0.1314392488540237,0,0
eight_rare,0.25,estimated,8192,512,100,64,15616,absolute_range,1000,0,0.0,0.0136551020408163,0.013649478237396413,1.2628641121814317e-05,0.13295930103442344,0.13295930103442344,0.1287313200090816,0.24424584439669197,0.018838002408812865,-0.1381478252058399,0,0
eight_rare,0.25,estimated,8192,512,100,64,15616,independent_triples,1000,0,0.0,0.0136551020408163,0.013648260812459203,1.2628641121814317e-05,0.1287313200090816,0.13295930103442344,0.1287313200090816,0.24424584439669197,0.005281703959040589,-0.120364763155663,0,0
eight_rare,0.25,estimated,8192,512,100,64,15616,pooled_variance,1000,0,0.0,0.0136551020408163,0.01365101899123388,1.2628641121814317e-05,0.1287313200090816,0.13295930103442344,0.1287313200090816,0.24424584439669197,0.0052184888158294356,-0.12029878983367716,0,0
eight_rare,0.25,estimated,8192,512,100,64,15616,signed_range,1000,0,0.0,0.0136551020408163,0.013649478237396413,1.2628641121814317e-05,0.1287313200090816,0.13295930103442344,0.1287313200090816,0.24424584439669197,0.018838002408812865,-0.13391984418049807,0,0
eight_rare,0.25,estimated,8192,512,100,64,15616,signed_variance,1000,0,0.0,0.0136551020408163,0.013649478237396413,1.2628641121814317e-05,0.1287313200090816,0.13295930103442344,0.1287313200090816,0.24424584439669197,0.005280916661653036,-0.12036275843333823,0,0
eight_rare,0.25,estimated,8192,512,400,64,34816,absolute_range,1000,0,0.0,0.0136551020408163,0.013649943008660159,1.2628641121814317e-05,0.13295930103442344,0.13295930103442344,0.1287313200090816,0.24424584439669197,0.009419001204406405,-0.1287283592301697,0,0
eight_rare,0.25,estimated,8192,512,400,64,34816,independent_triples,1000,0,0.0,0.0136551020408163,0.01364886060234407,1.2628641121814317e-05,0.1287313200090816,0.13295930103442344,0.1287313200090816,0.24424584439669197,0.0019180931051830253,-0.11700055251192056,0,0
eight_rare,0.25,estimated,8192,512,400,64,34816,pooled_variance,1000,0,0.0,0.0136551020408163,0.013652011596217295,1.2628641121814317e-05,0.1287313200090816,0.13295930103442344,0.1287313200090816,0.24424584439669197,0.0018976161866220908,-0.11697692459948641,0,0
eight_rare,0.25,estimated,8192,512,400,64,34816,signed_range,1000,0,0.0,0.0136551020408163,0.013649943008660159,1.2628641121814317e-05,0.1287313200090816,0.13295930103442344,0.1287313200090816,0.24424584439669197,0.009419001204406405,-0.12450037820482786,0,0
eight_rare,0.25,estimated,8192,512,400,64,34816,signed_variance,1000,0,0.0,0.0136551020408163,0.013649943008660159,1.2628641121814317e-05,0.1287313200090816,0.13295930103442344,0.1287313200090816,0.24424584439669197,0.001918043919966556,-0.11699942092038801,0,0
eight_rare,0.25,estimated,8192,512,1600,64,111616,absolute_range,1000,0,0.0,0.0136551020408163,0.013662332429454093,1.2628641121814317e-05,0.13295930103442344,0.13295930103442344,0.1287313200090816,0.24424584439669197,0.004709500602203177,-0.12400646920717252,0,0
eight_rare,0.25,estimated,8192,512,1600,64,111616,independent_triples,1000,0,0.0,0.0136551020408163,0.01366586174397234,1.2628641121814317e-05,0.1287313200090816,0.13295930103442344,0.1287313200090816,0.24424584439669197,0.000778298137699752,-0.11584375640280901,0,0
eight_rare,0.25,estimated,8192,512,1600,64,111616,pooled_variance,1000,0,0.0,0.0136551020408163,0.013662828808707941,1.2628641121814317e-05,0.1287313200090816,0.13295930103442344,0.1287313200090816,0.24424584439669197,0.0007707743066126162,-0.11583926550698628,0,0
eight_rare,0.25,estimated,8192,512,1600,64,111616,signed_range,1000,0,0.0,0.0136551020408163,0.013662332429454093,1.2628641121814317e-05,0.1287313200090816,0.13295930103442344,0.1287313200090816,0.24424584439669197,0.004709500602203177,-0.11977848818183069,0,0
eight_rare,0.25,estimated,8192,512,1600,64,111616,signed_variance,1000,0,0.0,0.0136551020408163,0.013662332429454093,1.2628641121814317e-05,0.1287313200090816,0.13295930103442344,0.1287313200090816,0.24424584439669197,0.0007782950639496628,-0.11584728264357719,0,0
eight_rare,0.25,estimated,8192,8192,25,64,26176,absolute_range,1000,0,0.0,0.0136551020408163,0.01365006916249782,1.2628641121814317e-05,0.008918307963507828,0.008918307963507828,0.008564058533564735,0.01651230839057446,0.03767600481762578,-0.032944243618635786,0,0
eight_rare,0.25,estimated,8192,8192,25,64,26176,independent_triples,1000,0,0.0,0.0136551020408163,0.013683583418500284,1.2628641121814317e-05,0.008564058533564735,0.008918307963507828,0.008564058533564735,0.01651230839057446,0.016370616178038467,-0.01125109129310292,0,0
eight_rare,0.25,estimated,8192,8192,25,64,26176,pooled_variance,1000,0,0.0,0.0136551020408163,0.013652449852256209,1.2628641121814317e-05,0.008564058533564735,0.008918307963507828,0.008564058533564735,0.01651230839057446,0.01613759634045377,-0.011049205021762296,0,0
eight_rare,0.25,estimated,8192,8192,25,64,26176,signed_range,1000,0,0.0,0.0136551020408163,0.01365006916249782,1.2628641121814317e-05,0.008564058533564735,0.008918307963507828,0.008564058533564735,0.01651230839057446,0.03767600481762578,-0.0325899941886927,0,0
eight_rare,0.25,estimated,8192,8192,25,64,26176,signed_variance,1000,0,0.0,0.0136551020408163,0.01365006916249782,1.2628641121814317e-05,0.008564058533564735,0.008918307963507828,0.008564058533564735,0.01651230839057446,0.016357998007439895,-0.011271987378506813,0,0
eight_rare,0.25,estimated,8192,8192,100,64,30976,absolute_range,1000,0,0.0,0.0136551020408163,0.013649478237396413,1.2628641121814317e-05,0.008918307963507828,0.008918307963507828,0.008564058533564735,0.01651230839057446,0.018838002408812865,-0.014106832134924278,0,0
eight_rare,0.25,estimated,8192,8192,100,64,30976,independent_triples,1000,433,0.433,0.0136551020408163,0.013648260812459203,1.2628641121814317e-05,0.008564058533564735,0.008918307963507828,0.008564058533564735,0.01651230839057446,0.005281703959040589,-0.00019750168014616757,0,0
eight_rare,0.25,estimated,8192,8192,100,64,30976,pooled_variance,1000,461,0.461,0.0136551020408163,0.01365101899123388,1.2628641121814317e-05,0.008564058533564735,0.008918307963507828,0.008564058533564735,0.01651230839057446,0.0052184888158294356,-0.00013152835816033253,0,0
eight_rare,0.25,estimated,8192,8192,100,64,30976,signed_range,1000,0,0.0,0.0136551020408163,0.013649478237396413,1.2628641121814317e-05,0.008564058533564735,0.008918307963507828,0.008564058533564735,0.01651230839057446,0.018838002408812865,-0.013752582704981189,0,0
eight_rare,0.25,estimated,8192,8192,100,64,30976,signed_variance,1000,435,0.435,0.0136551020408163,0.013649478237396413,1.2628641121814317e-05,0.008564058533564735,0.008918307963507828,0.008564058533564735,0.01651230839057446,0.005280916661653036,-0.0001954969578214035,0,0
eight_rare,0.25,estimated,8192,8192,400,64,50176,absolute_range,1000,0,0.0,0.0136551020408163,0.013649943008660159,1.2628641121814317e-05,0.008918307963507828,0.008918307963507828,0.008564058533564735,0.01651230839057446,0.009419001204406405,-0.0046873661592540744,0,0
eight_rare,0.25,estimated,8192,8192,400,64,50176,independent_triples,1000,1000,1.0,0.0136551020408163,0.01364886060234407,1.2628641121814317e-05,0.008564058533564735,0.008918307963507828,0.008564058533564735,0.01651230839057446,0.0019180931051830253,0.0031667089635962096,0,0
eight_rare,0.25,estimated,8192,8192,400,64,50176,pooled_variance,1000,1000,1.0,0.0136551020408163,0.013652011596217295,1.2628641121814317e-05,0.008564058533564735,0.008918307963507828,0.008564058533564735,0.01651230839057446,0.0018976161866220908,0.003190336876030368,0,0
eight_rare,0.25,estimated,8192,8192,400,64,50176,signed_range,1000,0,0.0,0.0136551020408163,0.013649943008660159,1.2628641121814317e-05,0.008564058533564735,0.008918307963507828,0.008564058533564735,0.01651230839057446,0.009419001204406405,-0.004333116729310982,0,0
eight_rare,0.25,estimated,8192,8192,400,64,50176,signed_variance,1000,1000,1.0,0.0136551020408163,0.013649943008660159,1.2628641121814317e-05,0.008564058533564735,0.008918307963507828,0.008564058533564735,0.01651230839057446,0.001918043919966556,0.0031678405551287675,0,0
eight_rare,0.25,estimated,8192,8192,1600,64,126976,absolute_range,1000,559,0.559,0.0136551020408163,0.013662332429454093,1.2628641121814317e-05,0.008918307963507828,0.008918307963507828,0.008564058533564735,0.01651230839057446,0.004709500602203177,3.452386374302983e-05,0,0
eight_rare,0.25,estimated,8192,8192,1600,64,126976,independent_triples,1000,1000,1.0,0.0136551020408163,0.01366586174397234,1.2628641121814317e-05,0.008564058533564735,0.008918307963507828,0.008564058533564735,0.01651230839057446,0.000778298137699752,0.004323505072707754,0,0
eight_rare,0.25,estimated,8192,8192,1600,64,126976,pooled_variance,1000,1000,1.0,0.0136551020408163,0.013662828808707941,1.2628641121814317e-05,0.008564058533564735,0.008918307963507828,0.008564058533564735,0.01651230839057446,0.0007707743066126162,0.004327995968530491,0,0
eight_rare,0.25,estimated,8192,8192,1600,64,126976,signed_range,1000,739,0.739,0.0136551020408163,0.013662332429454093,1.2628641121814317e-05,0.008564058533564735,0.008918307963507828,0.008564058533564735,0.01651230839057446,0.004709500602203177,0.0003887732936861018,0,0
eight_rare,0.25,estimated,8192,8192,1600,64,126976,signed_variance,1000,1000,1.0,0.0136551020408163,0.013662332429454093,1.2628641121814317e-05,0.008564058533564735,0.008918307963507828,0.008564058533564735,0.01651230839057446,0.0007782950639496628,0.004319978831939591,0,0
eight_rare,0.5,estimated,8192,512,25,64,10816,absolute_range,1000,0,0.0,0.0273102040816326,0.02732415123589376,2.2312395852882895e-05,0.13293010306060296,0.13293010306060296,0.1306185277189532,0.24256994277413133,0.037785162744919235,-0.14339111456962844,0,0
eight_rare,0.5,estimated,8192,512,25,64,10816,independent_triples,1000,0,0.0,0.0273102040816326,0.02736731682276038,2.2312395852882895e-05,0.1306185277189532,0.13293010306060296,0.1306185277189532,0.24256994277413133,0.016450151137374965,-0.11970136203356775,0,0
eight_rare,0.5,estimated,8192,512,25,64,10816,pooled_variance,1000,0,0.0,0.0273102040816326,0.027325120924574082,2.2312395852882895e-05,0.1306185277189532,0.13293010306060296,0.1306185277189532,0.24256994277413133,0.01622540845917204,-0.11951881525355113,0,0
eight_rare,0.5,estimated,8192,512,25,64,10816,signed_range,1000,0,0.0,0.0273102040816326,0.02732415123589376,2.2312395852882895e-05,0.1306185277189532,0.13293010306060296,0.1306185277189532,0.24256994277413133,0.037785162744919235,-0.14107953922797864,0,0
eight_rare,0.5,estimated,8192,512,25,64,10816,signed_variance,1000,0,0.0,0.0273102040816326,0.02732415123589376,2.2312395852882895e-05,0.1306185277189532,0.13293010306060296,0.1306185277189532,0.24256994277413133,0.016437496408405743,-0.11973187289146514,0,0
eight_rare,0.5,estimated,8192,512,100,64,15616,absolute_range,1000,0,0.0,0.0273102040816326,0.0273338206667781,2.2312395852882895e-05,0.13293010306060296,0.13293010306060296,0.1306185277189532,0.24256994277413133,0.018892581372459596,-0.12448886376628446,0,0
eight_rare,0.5,estimated,8192,512,100,64,15616,independent_triples,1000,0,0.0,0.0273102040816326,0.02736330836957209,2.2312395852882895e-05,0.1306185277189532,0.13293010306060296,0.1306185277189532,0.24256994277413133,0.005314581230722201,-0.10856980058010328,0,0
eight_rare,0.5,estimated,8192,512,100,64,15616,pooled_variance,1000,0,0.0,0.0273102040816326,0.027334646447452263,2.2312395852882895e-05,0.1306185277189532,0.13293010306060296,0.1306185277189532,0.24256994277413133,0.005251302747388394,-0.1085351840188893,0,0
eight_rare,0.5,estimated,8192,512,100,64,15616,signed_range,1000,0,0.0,0.0273102040816326,0.0273338206667781,2.2312395852882895e-05,0.1306185277189532,0.13293010306060296,0.1306185277189532,0.24256994277413133,0.018892581372459596,-0.12217728842463466,0,0
eight_rare,0.5,estimated,8192,512,100,64,15616,signed_variance,1000,0,0.0,0.0273102040816326,0.0273338206667781,2.2312395852882895e-05,0.1306185277189532,0.13293010306060296,0.1306185277189532,0.24256994277413133,0.005313791652313841,-0.1085984987044889,0,0
eight_rare,0.5,estimated,8192,512,400,64,34816,absolute_range,1000,0,0.0,0.0273102040816326,0.02733810204719516,2.2312395852882895e-05,0.13293010306060296,0.13293010306060296,0.1306185277189532,0.24256994277413133,0.009446290686229772,-0.11503829169963757,0,0
eight_rare,0.5,estimated,8192,512,400,64,34816,independent_triples,1000,0,0.0,0.0273102040816326,0.02733836496466532,2.2312395852882895e-05,0.1306185277189532,0.13293010306060296,0.1306185277189532,0.24256994277413133,0.0019324789978509718,-0.10521264175213882,0,0
eight_rare,0.5,estimated,8192,512,400,64,34816,pooled_variance,1000,0,0.0,0.0273102040816326,0.02733661189943048,2.2312395852882895e-05,0.1306185277189532,0.13293010306060296,0.1306185277189532,0.24256994277413133,0.0019119697142890662,-0.10519388553381175,0,0
eight_rare,0.5,estimated,8192,512,400,64,34816,signed_range,1000,0,0.0,0.0273102040816326,0.02733810204719516,2.2312395852882895e-05,0.1306185277189532,0.13293010306060296,0.1306185277189532,0.24256994277413133,0.009446290686229772,-0.11272671635798778,0,0
eight_rare,0.5,estimated,8192,512,400,64,34816,signed_variance,1000,0,0.0,0.0273102040816326,0.02733810204719516,2.2312395852882895e-05,0.1306185277189532,0.13293010306060296,0.1306185277189532,0.24256994277413133,0.0019324296701311715,-0.10521285534188918,0,0
eight_rare,0.5,estimated,8192,512,1600,64,111616,absolute_range,1000,0,0.0,0.0273102040816326,0.0273329649360102,2.2312395852882895e-05,0.13293010306060296,0.13293010306060296,0.1306185277189532,0.24256994277413133,0.004723145343114862,-0.11032028346770761,0,0
eight_rare,0.5,estimated,8192,512,1600,64,111616,independent_triples,1000,0,0.0,0.0273102040816326,0.02733299106379637,2.2312395852882895e-05,0.1306185277189532,0.13293010306060296,0.1306185277189532,0.24256994277413133,0.0007848792198146108,-0.10407041587497141,0,0
eight_rare,0.5,estimated,8192,512,1600,64,111616,pooled_variance,1000,0,0.0,0.0273102040816326,0.027333032862301338,2.2312395852882895e-05,0.1306185277189532,0.13293010306060296,0.1306185277189532,0.24256994277413133,0.0007772909972530913,-0.10406278585390491,0,0
eight_rare,0.5,estimated,8192,512,1600,64,111616,signed_range,1000,0,0.0,0.0273102040816326,0.0273329649360102,2.2312395852882895e-05,0.1306185277189532,0.13293010306060296,0.1306185277189532,0.24256994277413133,0.004723145343114862,-0.10800870812605783,0,0
eight_rare,0.5,estimated,8192,512,1600,64,111616,signed_variance,1000,0,0.0,0.0273102040816326,0.0273329649360102,2.2312395852882895e-05,0.1306185277189532,0.13293010306060296,0.1306185277189532,0.24256994277413133,0.0007848761371590085,-0.10407043892010198,0,0
eight_rare,0.5,estimated,8192,8192,25,64,26176,absolute_range,1000,0,0.0,0.0273102040816326,0.02732415123589376,2.2312395852882895e-05,0.00895877961630784,0.00895877961630784,0.008738579457089661,0.01648088975684842,0.037785162744919235,-0.019419791125333315,0,0
eight_rare,0.5,estimated,8192,8192,25,64,26176,independent_triples,1000,867,0.867,0.0273102040816326,0.02736731682276038,2.2312395852882895e-05,0.008738579457089661,0.00895877961630784,0.008738579457089661,0.01648088975684842,0.016450151137374965,0.0021785862282956638,0,0
eight_rare,0.5,estimated,8192,8192,25,64,26176,pooled_variance,1000,933,0.933,0.0273102040816326,0.027325120924574082,2.2312395852882895e-05,0.008738579457089661,0.00895877961630784,0.008738579457089661,0.01648088975684842,0.01622540845917204,0.002361133008312288,0,0
eight_rare,0.5,estimated,8192,8192,25,64,26176,signed_range,1000,0,0.0,0.0273102040816326,0.02732415123589376,2.2312395852882895e-05,0.008738579457089661,0.00895877961630784,0.008738579457089661,0.01648088975684842,0.037785162744919235,-0.019199590966115135,0,0
eight_rare,0.5,estimated,8192,8192,25,64,26176,signed_variance,1000,916,0.916,0.0273102040816326,0.02732415123589376,2.2312395852882895e-05,0.008738579457089661,0.00895877961630784,0.008738579457089661,0.01648088975684842,0.016437496408405743,0.002148075370398266,0,0
eight_rare,0.5,estimated,8192,8192,100,64,30976,absolute_range,1000,356,0.356,0.0273102040816326,0.0273338206667781,2.2312395852882895e-05,0.00895877961630784,0.00895877961630784,0.008738579457089661,0.01648088975684842,0.018892581372459596,-0.0005175403219893679,0,0
eight_rare,0.5,estimated,8192,8192,100,64,30976,independent_triples,1000,1000,1.0,0.0273102040816326,0.02736330836957209,2.2312395852882895e-05,0.008738579457089661,0.00895877961630784,0.008738579457089661,0.01648088975684842,0.005314581230722201,0.013310147681760129,0,0
eight_rare,0.5,estimated,8192,8192,100,64,30976,pooled_variance,1000,1000,1.0,0.0273102040816326,0.027334646447452263,2.2312395852882895e-05,0.008738579457089661,0.00895877961630784,0.008738579457089661,0.01648088975684842,0.005251302747388394,0.013344764242974113,0,0
eight_rare,0.5,estimated,8192,8192,100,64,30976,signed_range,1000,421,0.421,0.0273102040816326,0.0273338206667781,2.2312395852882895e-05,0.008738579457089661,0.00895877961630784,0.008738579457089661,0.01648088975684842,0.018892581372459596,-0.0002973401627711959,0,0
eight_rare,0.5,estimated,8192,8192,100,64,30976,signed_variance,1000,1000,1.0,0.0273102040816326,0.0273338206667781,2.2312395852882895e-05,0.008738579457089661,0.00895877961630784,0.008738579457089661,0.01648088975684842,0.005313791652313841,0.013281449557374496,0,0
eight_rare,0.5,estimated,8192,8192,400,64,50176,absolute_range,1000,1000,1.0,0.0273102040816326,0.02733810204719516,2.2312395852882895e-05,0.00895877961630784,0.00895877961630784,0.008738579457089661,0.01648088975684842,0.009446290686229772,0.008933031744657448,0,0
eight_rare,0.5,estimated,8192,8192,400,64,50176,independent_triples,1000,1000,1.0,0.0273102040816326,0.02733836496466532,2.2312395852882895e-05,0.008738579457089661,0.00895877961630784,0.008738579457089661,0.01648088975684842,0.0019324789978509718,0.016667306509724585,0,0
eight_rare,0.5,estimated,8192,8192,400,64,50176,pooled_variance,1000,1000,1.0,0.0273102040816326,0.02733661189943048,2.2312395852882895e-05,0.008738579457089661,0.00895877961630784,0.008738579457089661,0.01648088975684842,0.0019119697142890662,0.016686062728051655,0,0
eight_rare,0.5,estimated,8192,8192,400,64,50176,signed_range,1000,1000,1.0,0.0273102040816326,0.02733810204719516,2.2312395852882895e-05,0.008738579457089661,0.00895877961630784,0.008738579457089661,0.01648088975684842,0.009446290686229772,0.009153231903875627,0,0
eight_rare,0.5,estimated,8192,8192,400,64,50176,signed_variance,1000,1000,1.0,0.0273102040816326,0.02733810204719516,2.2312395852882895e-05,0.008738579457089661,0.00895877961630784,0.008738579457089661,0.01648088975684842,0.0019324296701311715,0.016667092919974227,0,0
eight_rare,0.5,estimated,8192,8192,1600,64,126976,absolute_range,1000,1000,1.0,0.0273102040816326,0.0273329649360102,2.2312395852882895e-05,0.00895877961630784,0.00895877961630784,0.008738579457089661,0.01648088975684842,0.004723145343114862,0.0136510399765874,0,0
eight_rare,0.5,estimated,8192,8192,1600,64,126976,independent_triples,1000,1000,1.0,0.0273102040816326,0.02733299106379637,2.2312395852882895e-05,0.008738579457089661,0.00895877961630784,0.008738579457089661,0.01648088975684842,0.0007848792198146108,0.017809532386891994,0,0
eight_rare,0.5,estimated,8192,8192,1600,64,126976,pooled_variance,1000,1000,1.0,0.0273102040816326,0.027333032862301338,2.2312395852882895e-05,0.008738579457089661,0.00895877961630784,0.008738579457089661,0.01648088975684842,0.0007772909972530913,0.017817162407958484,0,0
eight_rare,0.5,estimated,8192,8192,1600,64,126976,signed_range,1000,1000,1.0,0.0273102040816326,0.0273329649360102,2.2312395852882895e-05,0.008738579457089661,0.00895877961630784,0.008738579457089661,0.01648088975684842,0.004723145343114862,0.013871240135805579,0,0
eight_rare,0.5,estimated,8192,8192,1600,64,126976,signed_variance,1000,1000,1.0,0.0273102040816326,0.0273329649360102,2.2312395852882895e-05,0.008738579457089661,0.00895877961630784,0.008738579457089661,0.01648088975684842,0.0007848761371590085,0.01780950934176143,0,0
two_balanced,-0.125,estimated,8192,512,25,64,10816,absolute_range,1000,0,0.0,-0.005,-0.005003536013805096,2.176257474266842e-06,0.028872415468745822,0.028872415468745822,0.0274121829114142,0.05430117798435034,0.03491192777928216,-0.06878787926183318,0,0
two_balanced,-0.125,estimated,8192,512,25,64,10816,independent_triples,1000,0,0.0,-0.005,-0.005003492562317628,2.176257474266842e-06,0.0274121829114142,0.028872415468745822,0.0274121829114142,0.05430117798435034,0.014118508587019393,-0.04653418406075132,0,0
two_balanced,-0.125,estimated,8192,512,25,64,10816,pooled_variance,1000,0,0.0,-0.005,-0.005004896924270356,2.176257474266842e-06,0.0274121829114142,0.028872415468745822,0.0274121829114142,0.05430117798435034,0.01392271416366784,-0.046339793999352494,0,0
two_balanced,-0.125,estimated,8192,512,25,64,10816,signed_range,1000,0,0.0,-0.005,-0.005003536013805096,2.176257474266842e-06,0.0274121829114142,0.028872415468745822,0.0274121829114142,0.05430117798435034,0.03491192777928216,-0.06732764670450156,0,0
two_balanced,-0.125,estimated,8192,512,25,64,10816,signed_variance,1000,0,0.0,-0.005,-0.005003536013805096,2.176257474266842e-06,0.0274121829114142,0.028872415468745822,0.0274121829114142,0.05430117798435034,0.01410681614078534,-0.04652253506600473,0,0
two_balanced,-0.125,estimated,8192,512,100,64,15616,absolute_range,1000,0,0.0,-0.005,-0.004996087939148219,2.176257474266842e-06,0.028872415468745822,0.028872415468745822,0.0274121829114142,0.05430117798435034,0.017455963889641053,-0.051324467297535196,0,0
two_balanced,-0.125,estimated,8192,512,100,64,15616,independent_triples,1000,0,0.0,-0.005,-0.004980717135355357,2.176257474266842e-06,0.0274121829114142,0.028872415468745822,0.0274121829114142,0.05430117798435034,0.004371253964587205,-0.03676415401135687,0,0
two_balanced,-0.125,estimated,8192,512,100,64,15616,pooled_variance,1000,0,0.0,-0.005,-0.004998449617392648,2.176257474266842e-06,0.0274121829114142,0.028872415468745822,0.0274121829114142,0.05430117798435034,0.0043168374720172825,-0.036727470000824235,0,0
two_balanced,-0.125,estimated,8192,512,100,64,15616,signed_range,1000,0,0.0,-0.005,-0.004996087939148219,2.176257474266842e-06,0.0274121829114142,0.028872415468745822,0.0274121829114142,0.05430117798435034,0.017455963889641053,-0.04986423474020357,0,0
two_balanced,-0.125,estimated,8192,512,100,64,15616,signed_variance,1000,0,0.0,-0.005,-0.004996087939148219,2.176257474266842e-06,0.0274121829114142,0.028872415468745822,0.0274121829114142,0.05430117798435034,0.004370524426790718,-0.03677879527735324,0,0
two_balanced,-0.125,estimated,8192,512,400,64,34816,absolute_range,1000,0,0.0,-0.005,-0.004985243549519718,2.176257474266842e-06,0.028872415468745822,0.028872415468745822,0.0274121829114142,0.05430117798435034,0.0087279819448205,-0.04258564096308614,0,0
two_balanced,-0.125,estimated,8192,512,400,64,34816,independent_triples,1000,0,0.0,-0.005,-0.0049742479169577365,2.176257474266842e-06,0.0274121829114142,0.028872415468745822,0.0274121829114142,0.05430117798435034,0.0015160384652540715,-0.033902469293626114,0,0
two_balanced,-0.125,estimated,8192,512,400,64,34816,pooled_variance,1000,0,0.0,-0.005,-0.004985936776144212,2.176257474266842e-06,0.0274121829114142,0.028872415468745822,0.0274121829114142,0.05430117798435034,0.0014992425769926358,-0.033897362264551145,0,0
two_balanced,-0.125,estimated,8192,512,400,64,34816,signed_range,1000,0,0.0,-0.005,-0.004985243549519718,2.176257474266842e-06,0.0274121829114142,0.028872415468745822,0.0274121829114142,0.05430117798435034,0.0087279819448205,-0.04112540840575452,0,0
two_balanced,-0.125,estimated,8192,512,400,64,34816,signed_variance,1000,0,0.0,-0.005,-0.004985243549519718,2.176257474266842e-06,0.0274121829114142,0.028872415468745822,0.0274121829114142,0.05430117798435034,0.001515992888480912,-0.03391341934941493,0,0
two_balanced,-0.125,estimated,8192,512,1600,64,111616,absolute_range,1000,0,0.0,-0.005,-0.004994815956367457,2.176257474266842e-06,0.028872415468745822,0.028872415468745822,0.0274121829114142,0.05430117798435034,0.004363990972410225,-0.0382312223975236,0,0
two_balanced,-0.125,estimated,8192,512,1600,64,111616,independent_triples,1000,0,0.0,-0.005,-0.004988923397670409,2.176257474266842e-06,0.0274121829114142,0.028872415468745822,0.0274121829114142,0.05430117798435034,0.0005905847855503865,-0.0329916910946351,0,0
two_balanced,-0.125,estimated,8192,512,1600,64,111616,pooled_variance,1000,0,0.0,-0.005,-0.00499565698262277,2.176257474266842e-06,0.0274121829114142,0.028872415468745822,0.0274121829114142,0.05430117798435034,0.000584694257515843,-0.03299253415155292,0,0
two_balanced,-0.125,estimated,8192,512,1600,64,111616,signed_range,1000,0,0.0,-0.005,-0.004994815956367457,2.176257474266842e-06,0.0274121829114142,0.028872415468745822,0.0274121829114142,0.05430117798435034,0.004363990972410225,-0.03677098984019199,0,0
two_balanced,-0.125,estimated,8192,512,1600,64,111616,signed_variance,1000,0,0.0,-0.005,-0.004994815956367457,2.176257474266842e-06,0.0274121829114142,0.028872415468745822,0.0274121829114142,0.05430117798435034,0.0005905819373040923,-0.03299758080508585,0,0
two_balanced,-0.125,estimated,8192,8192,25,64,26176,absolute_range,1000,0,0.0,-0.005,-0.005003536013805096,2.176257474266842e-06,0.0018306987960881496,0.0018306987960881496,0.001730186693778022,0.0034153100368938816,0.03491192777928216,-0.0417461625891755,0,0
two_balanced,-0.125,estimated,8192,8192,25,64,26176,independent_triples,1000,0,0.0,-0.005,-0.005003492562317628,2.176257474266842e-06,0.001730186693778022,0.0018306987960881496,0.001730186693778022,0.0034153100368938816,0.014118508587019393,-0.020852187843115145,0,0
two_balanced,-0.125,estimated,8192,8192,25,64,26176,pooled_variance,1000,0,0.0,-0.005,-0.005004896924270356,2.176257474266842e-06,0.001730186693778022,0.0018306987960881496,0.001730186693778022,0.0034153100368938816,0.01392271416366784,-0.02065779778171632,0,0
two_balanced,-0.125,estimated,8192,8192,25,64,26176,signed_range,1000,0,0.0,-0.005,-0.005003536013805096,2.176257474266842e-06,0.001730186693778022,0.0018306987960881496,0.001730186693778022,0.0034153100368938816,0.03491192777928216,-0.04164565048686538,0,0
two_balanced,-0.125,estimated,8192,8192,25,64,26176,signed_variance,1000,0,0.0,-0.005,-0.005003536013805096,2.176257474266842e-06,0.001730186693778022,0.0018306987960881496,0.001730186693778022,0.0034153100368938816,0.01410681614078534,-0.020840538848368558,0,0
two_balanced,-0.125,estimated,8192,8192,100,64,30976,absolute_range,1000,0,0.0,-0.005,-0.004996087939148219,2.176257474266842e-06,0.0018306987960881496,0.0018306987960881496,0.001730186693778022,0.0034153100368938816,0.017455963889641053,-0.024282750624877527,0,0
two_balanced,-0.125,estimated,8192,8192,100,64,30976,independent_triples,1000,0,0.0,-0.005,-0.004980717135355357,2.176257474266842e-06,0.001730186693778022,0.0018306987960881496,0.001730186693778022,0.0034153100368938816,0.004371253964587205,-0.011082157793720685,0,0
two_balanced,-0.125,estimated,8192,8192,100,64,30976,pooled_variance,1000,0,0.0,-0.005,-0.004998449617392648,2.176257474266842e-06,0.001730186693778022,0.0018306987960881496,0.001730186693778022,0.0034153100368938816,0.0043168374720172825,-0.011045473783188053,0,0
two_balanced,-0.125,estimated,8192,8192,100,64,30976,signed_range,1000,0,0.0,-0.005,-0.004996087939148219,2.176257474266842e-06,0.001730186693778022,0.0018306987960881496,0.001730186693778022,0.0034153100368938816,0.017455963889641053,-0.024182238522567397,0,0
two_balanced,-0.125,estimated,8192,8192,100,64,30976,signed_variance,1000,0,0.0,-0.005,-0.004996087939148219,2.176257474266842e-06,0.001730186693778022,0.0018306987960881496,0.001730186693778022,0.0034153100368938816,0.004370524426790718,-0.011096799059717064,0,0
two_balanced,-0.125,estimated,8192,8192,400,64,50176,absolute_range,1000,0,0.0,-0.005,-0.004985243549519718,2.176257474266842e-06,0.0018306987960881496,0.0018306987960881496,0.001730186693778022,0.0034153100368938816,0.0087279819448205,-0.01554392429042847,0,0
two_balanced,-0.125,estimated,8192,8192,400,64,50176,independent_triples,1000,0,0.0,-0.005,-0.0049742479169577365,2.176257474266842e-06,0.001730186693778022,0.0018306987960881496,0.001730186693778022,0.0034153100368938816,0.0015160384652540715,-0.008220473075989932,0,0
two_balanced,-0.125,estimated,8192,8192,400,64,50176,pooled_variance,1000,0,0.0,-0.005,-0.004985936776144212,2.176257474266842e-06,0.001730186693778022,0.0018306987960881496,0.001730186693778022,0.0034153100368938816,0.0014992425769926358,-0.008215366046914967,0,0
two_balanced,-0.125,estimated,8192,8192,400,64,50176,signed_range,1000,0,0.0,-0.005,-0.004985243549519718,2.176257474266842e-06,0.001730186693778022,0.0018306987960881496,0.001730186693778022,0.0034153100368938816,0.0087279819448205,-0.015443412188118342,0,0
two_balanced,-0.125,estimated,8192,8192,400,64,50176,signed_variance,1000,0,0.0,-0.005,-0.004985243549519718,2.176257474266842e-06,0.001730186693778022,0.0018306987960881496,0.001730186693778022,0.0034153100368938816,0.001515992888480912,-0.008231423131778754,0,0
two_balanced,-0.125,estimated,8192,8192,1600,64,126976,absolute_range,1000,0,0.0,-0.005,-0.004994815956367457,2.176257474266842e-06,0.0018306987960881496,0.0018306987960881496,0.001730186693778022,0.0034153100368938816,0.004363990972410225,-0.011189505724865934,0,0
two_balanced,-0.125,estimated,8192,8192,1600,64,126976,independent_triples,1000,0,0.0,-0.005,-0.004988923397670409,2.176257474266842e-06,0.001730186693778022,0.0018306987960881496,0.001730186693778022,0.0034153100368938816,0.0005905847855503865,-0.00730969487699892,0,0
two_balanced,-0.125,estimated,8192,8192,1600,64,126976,pooled_variance,1000,0,0.0,-0.005,-0.00499565698262277,2.176257474266842e-06,0.001730186693778022,0.0018306987960881496,0.001730186693778022,0.0034153100368938816,0.000584694257515843,-0.007310537933916738,0,0
two_balanced,-0.125,estimated,8192,8192,1600,64,126976,signed_range,1000,0,0.0,-0.005,-0.004994815956367457,2.176257474266842e-06,0.001730186693778022,0.0018306987960881496,0.001730186693778022,0.0034153100368938816,0.004363990972410225,-0.011088993622555806,0,0
two_balanced,-0.125,estimated,8192,8192,1600,64,126976,signed_variance,1000,0,0.0,-0.005,-0.004994815956367457,2.176257474266842e-06,0.001730186693778022,0.0018306987960881496,0.001730186693778022,0.0034153100368938816,0.0005905819373040923,-0.007315584587449674,0,0
two_balanced,-0.125,opposed_shifts,8192,8192,25,64,26176,absolute_range,1000,0,0.0,-0.005,-0.027503191108721424,-0.02249773222450098,0.03549968291784411,0.03549968291784411,-0.0124809384409506,0.02301874447689346,0.04293354215245519,-0.10593641617902082,0,0
two_balanced,-0.125,opposed_shifts,8192,8192,25,64,26176,independent_triples,1000,0,0.0,-0.005,-0.027503122540466055,-0.02249773222450098,-0.0124809384409506,0.03549968291784411,-0.0124809384409506,0.02301874447689346,0.016586137911833644,-0.0316083220113491,0,0
two_balanced,-0.125,opposed_shifts,8192,8192,25,64,26176,pooled_variance,1000,0,0.0,-0.005,-0.027504552019186685,-0.02249773222450098,-0.0124809384409506,0.03549968291784411,-0.0124809384409506,0.02301874447689346,0.01635066947397832,-0.03137428305221441,0,0
two_balanced,-0.125,opposed_shifts,8192,8192,25,64,26176,signed_range,1000,0,0.0,-0.005,-0.027503191108721424,-0.02249773222450098,-0.0124809384409506,0.03549968291784411,-0.0124809384409506,0.02301874447689346,0.04293354215245519,-0.05795579482022602,0,0
two_balanced,-0.125,opposed_shifts,8192,8192,25,64,26176,signed_variance,1000,0,0.0,-0.005,-0.027503191108721424,-0.02249773222450098,-0.0124809384409506,0.03549968291784411,-0.0124809384409506,0.02301874447689346,0.01657175892547607,-0.031594011593246894,0,0
two_balanced,-0.125,opposed_shifts,8192,8192,100,64,30976,absolute_range,1000,0,0.0,-0.005,-0.027495962891176975,-0.02249773222450098,0.03549968291784411,0.03549968291784411,-0.0124809384409506,0.02301874447689346,0.02146677107622757,-0.08446241688524876,0,0
two_balanced,-0.125,opposed_shifts,8192,8192,100,64,30976,independent_triples,1000,0,0.0,-0.005,-0.027480590898164476,-0.02249773222450098,-0.0124809384409506,0.03549968291784411,-0.0124809384409506,0.02301874447689346,0.004987316361980778,-0.019986968819194657,0,0
two_balanced,-0.125,opposed_shifts,8192,8192,100,64,30976,pooled_variance,1000,0,0.0,-0.005,-0.027498324569421403,-0.02249773222450098,-0.0124809384409506,0.03549968291784411,-0.0124809384409506,0.02301874447689346,0.0049231987221578545,-0.01994058485062866,0,0
two_balanced,-0.125,opposed_shifts,8192,8192,100,64,30976,signed_range,1000,0,0.0,-0.005,-0.027495962891176975,-0.02249773222450098,-0.0124809384409506,0.03549968291784411,-0.0124809384409506,0.02301874447689346,0.02146677107622757,-0.03648179552645395,0,0
two_balanced,-0.125,opposed_shifts,8192,8192,100,64,30976,signed_variance,1000,0,0.0,-0.005,-0.027495962891176975,-0.02249773222450098,-0.0124809384409506,0.03549968291784411,-0.0124809384409506,0.02301874447689346,0.004986419200359248,-0.020001443650585624,0,0
two_balanced,-0.125,opposed_shifts,8192,8192,400,64,50176,absolute_range,1000,0,0.0,-0.005,-0.027485260984519404,-0.02249773222450098,0.03549968291784411,0.03549968291784411,-0.0124809384409506,0.02301874447689346,0.01073338553811376,-0.07371832944047738,0,0
two_balanced,-0.125,opposed_shifts,8192,8192,400,64,50176,independent_triples,1000,0,0.0,-0.005,-0.02747425124042752,-0.02249773222450098,-0.0124809384409506,0.03549968291784411,-0.0124809384409506,0.02301874447689346,0.0016700170148770577,-0.016663329814353978,0,0
two_balanced,-0.125,opposed_shifts,8192,8192,400,64,50176,pooled_variance,1000,0,0.0,-0.005,-0.027485954211143897,-0.02249773222450098,-0.0124809384409506,0.03549968291784411,-0.0124809384409506,0.02301874447689346,0.0016508082191354727,-0.016655823989328772,0,0
two_balanced,-0.125,opposed_shifts,8192,8192,400,64,50176,signed_range,1000,0,0.0,-0.005,-0.027485260984519404,-0.02249773222450098,-0.0124809384409506,0.03549968291784411,-0.0124809384409506,0.02301874447689346,0.01073338553811376,-0.025737708081682565,0,0
two_balanced,-0.125,opposed_shifts,8192,8192,400,64,50176,signed_variance,1000,0,0.0,-0.005,-0.027485260984519404,-0.02249773222450098,-0.0124809384409506,0.03549968291784411,-0.0124809384409506,0.02301874447689346,0.001669960966058329,-0.016674283509627134,0,0
two_balanced,-0.125,opposed_shifts,8192,8192,1600,64,126976,absolute_range,1000,0,0.0,-0.005,-0.027494787871173508,-0.02249773222450098,0.03549968291784411,0.03549968291784411,-0.0124809384409506,0.02301874447689346,0.005366692769056854,-0.06836116355807456,0,0
two_balanced,-0.125,opposed_shifts,8192,8192,1600,64,126976,independent_triples,1000,0,0.0,-0.005,-0.027488894440284333,-0.02249773222450098,-0.0124809384409506,0.03549968291784411,-0.0124809384409506,0.02301874447689346,0.0006290859319889978,-0.01563704193132273,0,0
two_balanced,-0.125,opposed_shifts,8192,8192,1600,64,126976,pooled_variance,1000,0,0.0,-0.005,-0.027495628897428816,-0.02249773222450098,-0.0124809384409506,0.03549968291784411,-0.0124809384409506,0.02301874447689346,0.0006225947210597538,-0.01563728517753797,0,0
two_balanced,-0.125,opposed_shifts,8192,8192,1600,64,126976,signed_range,1000,0,0.0,-0.005,-0.027494787871173508,-0.02249773222450098,-0.0124809384409506,0.03549968291784411,-0.0124809384409506,0.02301874447689346,0.005366692769056854,-0.020380542199279764,0,0
two_balanced,-0.125,opposed_shifts,8192,8192,1600,64,126976,signed_variance,1000,0,0.0,-0.005,-0.027494787871173508,-0.02249773222450098,-0.0124809384409506,0.03549968291784411,-0.0124809384409506,0.02301874447689346,0.0006290824293092511,-0.01564293185953216,0,0
two_balanced,0.0,estimated,8192,512,25,64,10816,absolute_range,1000,0,0.0,0.0,-2.657049938456524e-05,2.6950382976367557e-06,0.02903032382116194,0.02903032382116194,0.027805601898528546,0.05454134504360485,0.03491097578123366,-0.06396787010178022,0,0
two_balanced,0.0,estimated,8192,512,25,64,10816,independent_triples,1000,0,0.0,0.0,-4.3315361521482585e-05,2.6950382976367557e-06,0.027805601898528546,0.02903032382116194,0.027805601898528546,0.05454134504360485,0.014425466087289444,-0.04227438334733953,0,0
two_balanced,0.0,estimated,8192,512,25,64,10816,pooled_variance,1000,0,0.0,0.0,-2.2018083771012257e-05,2.6950382976367557e-06,0.027805601898528546,0.02903032382116194,0.027805601898528546,0.05454134504360485,0.014226904498107986,-0.04205452448040759,0,0
two_balanced,0.0,estimated,8192,512,25,64,10816,signed_range,1000,0,0.0,0.0,-2.657049938456524e-05,2.6950382976367557e-06,0.027805601898528546,0.02903032382116194,0.027805601898528546,0.05454134504360485,0.03491097578123366,-0.06274314817914682,0,0
two_balanced,0.0,estimated,8192,512,25,64,10816,signed_variance,1000,0,0.0,0.0,-2.657049938456524e-05,2.6950382976367557e-06,0.027805601898528546,0.02903032382116194,0.027805601898528546,0.05454134504360485,0.014413773959891582,-0.04224594635780475,0,0
two_balanced,0.0,estimated,8192,512,100,64,15616,absolute_range,1000,0,0.0,0.0,1.52376004664511e-05,2.6950382976367557e-06,0.02903032382116194,0.02903032382116194,0.027805601898528546,0.05454134504360485,0.017455487890616805,-0.046470574111312335,0,0
two_balanced,0.0,estimated,8192,512,100,64,15616,independent_triples,1000,0,0.0,0.0,1.5621977905352986e-05,2.6950382976367557e-06,0.027805601898528546,0.02903032382116194,0.027805601898528546,0.05454134504360485,0.004526417323159951,-0.03231639724378319,0,0
two_balanced,0.0,estimated,8192,512,100,64,15616,pooled_variance,1000,0,0.0,0.0,1.5051204149678005e-05,2.6950382976367557e-06,0.027805601898528546,0.02903032382116194,0.027805601898528546,0.05454134504360485,0.004471134737897863,-0.03226168543227678,0,0
two_balanced,0.0,estimated,8192,512,100,64,15616,signed_range,1000,0,0.0,0.0,1.52376004664511e-05,2.6950382976367557e-06,0.027805601898528546,0.02903032382116194,0.027805601898528546,0.05454134504360485,0.017455487890616805,-0.045245852188678944,0,0
two_balanced,0.0,estimated,8192,512,100,64,15616,signed_variance,1000,0,0.0,0.0,1.52376004664511e-05,2.6950382976367557e-06,0.027805601898528546,0.02903032382116194,0.027805601898528546,0.05454134504360485,0.00452568780525691,-0.03231605210331905,0,0
two_balanced,0.0,estimated,8192,512,400,64,34816,absolute_range,1000,0,0.0,0.0,6.837426698958598e-06,2.6950382976367557e-06,0.02903032382116194,0.02903032382116194,0.027805601898528546,0.05454134504360485,0.008727743945308376,-0.0377512303397714,0,0
two_balanced,0.0,estimated,8192,512,400,64,34816,independent_triples,1000,0,0.0,0.0,3.0690925629432604e-06,2.6950382976367557e-06,0.027805601898528546,0.02903032382116194,0.027805601898528546,0.05454134504360485,0.0015928603085403554,-0.029395393114506008,0,0
two_balanced,0.0,estimated,8192,512,400,64,34816,pooled_variance,1000,0,0.0,0.0,6.734656467163097e-06,2.6950382976367557e-06,0.027805601898528546,0.02903032382116194,0.027805601898528546,0.05454134504360485,0.0015753492756182654,-0.029374216517679703,0,0
two_balanced,0.0,estimated,8192,512,400,64,34816,signed_range,1000,0,0.0,0.0,6.837426698958598e-06,2.6950382976367557e-06,0.027805601898528546,0.02903032382116194,0.027805601898528546,0.05454134504360485,0.008727743945308376,-0.03652650841713802,0,0
two_balanced,0.0,estimated,8192,512,400,64,34816,signed_variance,1000,0,0.0,0.0,6.837426698958598e-06,2.6950382976367557e-06,0.027805601898528546,0.02903032382116194,0.027805601898528546,0.05454134504360485,0.0015928147330100098,-0.029391579204839646,0,0
two_balanced,0.0,estimated,8192,512,1600,64,111616,absolute_range,1000,0,0.0,0.0,3.4624269262522046e-06,2.6950382976367557e-06,0.02903032382116194,0.02903032382116194,0.027805601898528546,0.05454134504360485,0.004363871972654164,-0.0333907333668899,0,0
two_balanced,0.0,estimated,8192,512,1600,64,111616,independent_triples,1000,0,0.0,0.0,7.085009562680539e-06,2.6950382976367557e-06,0.027805601898528546,0.02903032382116194,0.027805601898528546,0.05454134504360485,0.0006288551789764345,-0.02842737206794235,0,0
two_balanced,0.0,estimated,8192,512,1600,64,111616,pooled_variance,1000,0,0.0,0.0,3.040932965753315e-06,2.6950382976367557e-06,0.027805601898528546,0.02903032382116194,0.027805601898528546,0.05454134504360485,0.0006225598454542384,-0.028425120811017085,0,0
two_balanced,0.0,estimated,8192,512,1600,64,111616,signed_range,1000,0,0.0,0.0,3.4624269262522046e-06,2.6950382976367557e-06,0.027805601898528546,0.02903032382116194,0.027805601898528546,0.05454134504360485,0.004363871972654164,-0.032166011444256515,0,0
two_balanced,0.0,estimated,8192,512,1600,64,111616,signed_variance,1000,0,0.0,0.0,3.4624269262522046e-06,2.6950382976367557e-06,0.027805601898528546,0.02903032382116194,0.027805601898528546,0.05454134504360485,0.0006288523308078051,-0.02843099180241015,0,0
two_balanced,0.0,estimated,8192,8192,25,64,26176,absolute_range,1000,0,0.0,0.0,-2.657049938456524e-05,2.6950382976367557e-06,0.001838736082994381,0.001838736082994381,0.0017548016369828552,0.003426374952677911,0.03491097578123366,-0.03677628236361266,0,0
two_balanced,0.0,estimated,8192,8192,25,64,26176,independent_triples,1000,0,0.0,0.0,-4.3315361521482585e-05,2.6950382976367557e-06,0.0017548016369828552,0.001838736082994381,0.0017548016369828552,0.003426374952677911,0.014425466087289444,-0.016223583085793834,0,0
two_balanced,0.0,estimated,8192,8192,25,64,26176,pooled_variance,1000,0,0.0,0.0,-2.2018083771012257e-05,2.6950382976367557e-06,0.0017548016369828552,0.001838736082994381,0.0017548016369828552,0.003426374952677911,0.014226904498107986,-0.016003724218861905,0,0
two_balanced,0.0,estimated,8192,8192,25,64,26176,signed_range,1000,0,0.0,0.0,-2.657049938456524e-05,2.6950382976367557e-06,0.0017548016369828552,0.001838736082994381,0.0017548016369828552,0.003426374952677911,0.03491097578123366,-0.036692347917601134,0,0
two_balanced,0.0,estimated,8192,8192,25,64,26176,signed_variance,1000,0,0.0,0.0,-2.657049938456524e-05,2.6950382976367557e-06,0.0017548016369828552,0.001838736082994381,0.0017548016369828552,0.003426374952677911,0.014413773959891582,-0.016195146096259057,0,0
two_balanced,0.0,estimated,8192,8192,100,64,30976,absolute_range,1000,0,0.0,0.0,1.52376004664511e-05,2.6950382976367557e-06,0.001838736082994381,0.001838736082994381,0.0017548016369828552,0.003426374952677911,0.017455487890616805,-0.019278986373144784,0,0
two_balanced,0.0,estimated,8192,8192,100,64,30976,independent_triples,1000,0,0.0,0.0,1.5621977905352986e-05,2.6950382976367557e-06,0.0017548016369828552,0.001838736082994381,0.0017548016369828552,0.003426374952677911,0.004526417323159951,-0.006265596982237499,0,0
two_balanced,0.0,estimated,8192,8192,100,64,30976,pooled_variance,1000,0,0.0,0.0,1.5051204149678005e-05,2.6950382976367557e-06,0.0017548016369828552,0.001838736082994381,0.0017548016369828552,0.003426374952677911,0.004471134737897863,-0.006210885170731089,0,0
two_balanced,0.0,estimated,8192,8192,100,64,30976,signed_range,1000,0,0.0,0.0,1.52376004664511e-05,2.6950382976367557e-06,0.0017548016369828552,0.001838736082994381,0.0017548016369828552,0.003426374952677911,0.017455487890616805,-0.019195051927133253,0,0
two_balanced,0.0,estimated,8192,8192,100,64,30976,signed_variance,1000,0,0.0,0.0,1.52376004664511e-05,2.6950382976367557e-06,0.0017548016369828552,0.001838736082994381,0.0017548016369828552,0.003426374952677911,0.00452568780525691,-0.006265251841773361,0,0
two_balanced,0.0,estimated,8192,8192,400,64,50176,absolute_range,1000,0,0.0,0.0,6.837426698958598e-06,2.6950382976367557e-06,0.001838736082994381,0.001838736082994381,0.0017548016369828552,0.003426374952677911,0.008727743945308376,-0.010559642601603848,0,0
two_balanced,0.0,estimated,8192,8192,400,64,50176,independent_triples,1000,0,0.0,0.0,3.0690925629432604e-06,2.6950382976367557e-06,0.0017548016369828552,0.001838736082994381,0.0017548016369828552,0.003426374952677911,0.0015928603085403554,-0.0033445928529603143,0,0
two_balanced,0.0,estimated,8192,8192,400,64,50176,pooled_variance,1000,0,0.0,0.0,6.734656467163097e-06,2.6950382976367557e-06,0.0017548016369828552,0.001838736082994381,0.0017548016369828552,0.003426374952677911,0.0015753492756182654,-0.003323416256134007,0,0
two_balanced,0.0,estimated,8192,8192,400,64,50176,signed_range,1000,0,0.0,0.0,6.837426698958598e-06,2.6950382976367557e-06,0.0017548016369828552,0.001838736082994381,0.0017548016369828552,0.003426374952677911,0.008727743945308376,-0.01047570815559232,0,0
two_balanced,0.0,estimated,8192,8192,400,64,50176,signed_variance,1000,0,0.0,0.0,6.837426698958598e-06,2.6950382976367557e-06,0.0017548016369828552,0.001838736082994381,0.0017548016369828552,0.003426374952677911,0.0015928147330100098,-0.003340778943293955,0,0
two_balanced,0.0,estimated,8192,8192,1600,64,126976,absolute_range,1000,0,0.0,0.0,3.4624269262522046e-06,2.6950382976367557e-06,0.001838736082994381,0.001838736082994381,0.0017548016369828552,0.003426374952677911,0.004363871972654164,-0.006199145628722342,0,0
two_balanced,0.0,estimated,8192,8192,1600,64,126976,independent_triples,1000,0,0.0,0.0,7.085009562680539e-06,2.6950382976367557e-06,0.0017548016369828552,0.001838736082994381,0.0017548016369828552,0.003426374952677911,0.0006288551789764345,-0.002376571806396656,0,0
two_balanced,0.0,estimated,8192,8192,1600,64,126976,pooled_variance,1000,0,0.0,0.0,3.040932965753315e-06,2.6950382976367557e-06,0.0017548016369828552,0.001838736082994381,0.0017548016369828552,0.003426374952677911,0.0006225598454542384,-0.0023743205494713886,0,0
two_balanced,0.0,estimated,8192,8192,1600,64,126976,signed_range,1000,0,0.0,0.0,3.4624269262522046e-06,2.6950382976367557e-06,0.0017548016369828552,0.001838736082994381,0.0017548016369828552,0.003426374952677911,0.004363871972654164,-0.006115211182710814,0,0
two_balanced,0.0,estimated,8192,8192,1600,64,126976,signed_variance,1000,0,0.0,0.0,3.4624269262522046e-06,2.6950382976367557e-06,0.0017548016369828552,0.001838736082994381,0.0017548016369828552,0.003426374952677911,0.0006288523308078051,-0.0023801915408644594,0,0
two_balanced,0.0,opposed_shifts,8192,8192,25,64,26176,absolute_range,1000,0,0.0,0.0,-0.02252647050211029,-0.02249737279518838,0.0354769056563605,0.0354769056563605,-0.012465656636186786,0.023011249020173662,0.042929560638475535,-0.10093293679694643,0,0
two_balanced,0.0,opposed_shifts,8192,8192,25,64,26176,independent_triples,1000,0,0.0,0.0,-0.02254324694747758,-0.02249737279518838,-0.012465656636186786,0.0354769056563605,-0.012465656636186786,0.023011249020173662,0.016892081927043303,-0.0269696722383341,0,0
two_balanced,0.0,opposed_shifts,8192,8192,25,64,26176,pooled_variance,1000,0,0.0,0.0,-0.02252191808649674,-0.02249737279518838,-0.012465656636186786,0.0354769056563605,-0.012465656636186786,0.023011249020173662,0.016653838376158372,-0.026710099826468322,0,0
two_balanced,0.0,opposed_shifts,8192,8192,25,64,26176,signed_range,1000,0,0.0,0.0,-0.02252647050211029,-0.02249737279518838,-0.012465656636186786,0.0354769056563605,-0.012465656636186786,0.023011249020173662,0.042929560638475535,-0.05299037450439904,0,0
two_balanced,0.0,opposed_shifts,8192,8192,25,64,26176,signed_variance,1000,0,0.0,0.0,-0.02252647050211029,-0.02249737279518838,-0.012465656636186786,0.0354769056563605,-0.012465656636186786,0.023011249020173662,0.016877704274145124,-0.02693851814006863,0,0
two_balanced,0.0,opposed_shifts,8192,8192,100,64,30976,absolute_range,1000,0,0.0,0.0,-0.02248475147576157,-0.02249737279518838,0.0354769056563605,0.0354769056563605,-0.012465656636186786,0.023011249020173662,0.021464780319237743,-0.0794264374513599,0,0
two_balanced,0.0,opposed_shifts,8192,8192,100,64,30976,independent_triples,1000,0,0.0,0.0,-0.02248437664908328,-0.02249737279518838,-0.012465656636186786,0.0354769056563605,-0.012465656636186786,0.023011249020173662,0.005142225475105413,-0.015160945488001908,0,0
two_balanced,0.0,opposed_shifts,8192,8192,100,64,30976,pooled_variance,1000,0,0.0,0.0,-0.02248493787207834,-0.02249737279518838,-0.012465656636186786,0.0354769056563605,-0.012465656636186786,0.023011249020173662,0.005077264194785553,-0.015096545430677108,0,0
two_balanced,0.0,opposed_shifts,8192,8192,100,64,30976,signed_range,1000,0,0.0,0.0,-0.02248475147576157,-0.02249737279518838,-0.012465656636186786,0.0354769056563605,-0.012465656636186786,0.023011249020173662,0.021464780319237743,-0.03148387515881253,0,0
two_balanced,0.0,opposed_shifts,8192,8192,100,64,30976,signed_variance,1000,0,0.0,0.0,-0.02248475147576157,-0.02249737279518838,-0.012465656636186786,0.0354769056563605,-0.012465656636186786,0.023011249020173662,0.005141328396683669,-0.015160423236258451,0,0
two_balanced,0.0,opposed_shifts,8192,8192,400,64,50176,absolute_range,1000,0,0.0,0.0,-0.022493243638512943,-0.02249737279518838,0.0354769056563605,0.0354769056563605,-0.012465656636186786,0.023011249020173662,0.010732390159618847,-0.0687025394544924,0,0
two_balanced,0.0,opposed_shifts,8192,8192,400,64,50176,independent_triples,1000,0,0.0,0.0,-0.022497011074098607,-0.02249737279518838,-0.012465656636186786,0.0354769056563605,-0.012465656636186786,0.023011249020173662,0.001746776372642938,-0.011778130810554755,0,0
two_balanced,0.0,opposed_shifts,8192,8192,400,64,50176,pooled_variance,1000,0,0.0,0.0,-0.02249334640874474,-0.02249737279518838,-0.012465656636186786,0.0354769056563605,-0.012465656636186786,0.023011249020173662,0.0017268578505920656,-0.011754547623150022,0,0
two_balanced,0.0,opposed_shifts,8192,8192,400,64,50176,signed_range,1000,0,0.0,0.0,-0.022493243638512943,-0.02249737279518838,-0.012465656636186786,0.0354769056563605,-0.012465656636186786,0.023011249020173662,0.010732390159618847,-0.020759977161945005,0,0
two_balanced,0.0,opposed_shifts,8192,8192,400,64,50176,signed_variance,1000,0,0.0,0.0,-0.022493243638512943,-0.02249737279518838,-0.012465656636186786,0.0354769056563605,-0.012465656636186786,0.023011249020173662,0.0017467203290219898,-0.011774307331348148,0,0
two_balanced,0.0,opposed_shifts,8192,8192,1600,64,126976,absolute_range,1000,0,0.0,0.0,-0.022496595138161952,-0.02249737279518838,0.0354769056563605,0.0354769056563605,-0.012465656636186786,0.023011249020173662,0.005366195079809398,-0.06333969587433194,0,0
two_balanced,0.0,opposed_shifts,8192,8192,1600,64,126976,independent_triples,1000,0,0.0,0.0,-0.02249295886677097,-0.02249737279518838,-0.012465656636186786,0.0354769056563605,-0.012465656636186786,0.023011249020173662,0.0006673407499098894,-0.010694642980494074,0,0
two_balanced,0.0,opposed_shifts,8192,8192,1600,64,126976,pooled_variance,1000,0,0.0,0.0,-0.022497016632122446,-0.02249737279518838,-0.012465656636186786,0.0354769056563605,-0.012465656636186786,0.023011249020173662,0.0006604430806458236,-0.010691803076581484,0,0
two_balanced,0.0,opposed_shifts,8192,8192,1600,64,126976,signed_range,1000,0,0.0,0.0,-0.022496595138161952,-0.02249737279518838,-0.012465656636186786,0.0354769056563605,-0.012465656636186786,0.023011249020173662,0.005366195079809398,-0.015397133581784562,0,0
two_balanced,0.0,opposed_shifts,8192,8192,1600,64,126976,signed_variance,1000,0,0.0,0.0,-0.022496595138161952,-0.02249737279518838,-0.012465656636186786,0.0354769056563605,-0.012465656636186786,0.023011249020173662,0.0006673372475549696,-0.010698275749530133,0,0
two_balanced,0.125,estimated,8192,512,25,64,10816,absolute_range,1000,0,0.0,0.005,0.005005363029886374,3.224010094074096e-06,0.028941901194034947,0.028941901194034947,0.027892428518878843,0.05434400803419697,0.034906188629118894,-0.058842726793267464,0,0
two_balanced,0.125,estimated,8192,512,25,64,10816,independent_triples,1000,0,0.0,0.005,0.004988891770686974,3.224010094074096e-06,0.027892428518878843,0.028941901194034947,0.027892428518878843,0.05434400803419697,0.014695174896458814,-0.03759871164465069,0,0
two_balanced,0.125,estimated,8192,512,25,64,10816,pooled_variance,1000,0,0.0,0.005,0.005014685278667815,3.224010094074096e-06,0.027892428518878843,0.028941901194034947,0.027892428518878843,0.05434400803419697,0.014484039943998621,-0.03736178318420965,0,0
two_balanced,0.125,estimated,8192,512,25,64,10816,signed_range,1000,0,0.0,0.005,0.005005363029886374,3.224010094074096e-06,0.027892428518878843,0.028941901194034947,0.027892428518878843,0.05434400803419697,0.034906188629118894,-0.05779325411811136,0,0
two_balanced,0.125,estimated,8192,512,25,64,10816,signed_variance,1000,0,0.0,0.005,0.005005363029886374,3.224010094074096e-06,0.027892428518878843,0.028941901194034947,0.027892428518878843,0.05434400803419697,0.014683484372338747,-0.037570549861331216,0,0
two_balanced,0.125,estimated,8192,512,100,64,15616,absolute_range,1000,0,0.0,0.005,0.004995760513230545,3.224010094074096e-06,0.028941901194034947,0.028941901194034947,0.027892428518878843,0.05434400803419697,0.017453094314559423,-0.041399234995363826,0,0
two_balanced,0.125,estimated,8192,512,100,64,15616,independent_triples,1000,0,0.0,0.005,0.0049722670618234975,3.224010094074096e-06,0.027892428518878843,0.028941901194034947,0.027892428518878843,0.05434400803419697,0.004658396783597594,-0.027578558240652938,0,0
two_balanced,0.125,estimated,8192,512,100,64,15616,pooled_variance,1000,0,0.0,0.005,0.0049990958407769605,3.224010094074096e-06,0.027892428518878843,0.028941901194034947,0.027892428518878843,0.05434400803419697,0.004600340771947993,-0.027493673450049876,0,0
two_balanced,0.125,estimated,8192,512,100,64,15616,signed_range,1000,0,0.0,0.005,0.004995760513230545,3.224010094074096e-06,0.027892428518878843,0.028941901194034947,0.027892428518878843,0.05434400803419697,0.017453094314559423,-0.040349762320207726,0,0
two_balanced,0.125,estimated,8192,512,100,64,15616,signed_variance,1000,0,0.0,0.005,0.004995760513230545,3.224010094074096e-06,0.027892428518878843,0.028941901194034947,0.027892428518878843,0.05434400803419697,0.004657667365729372,-0.02755433537137767,0,0
two_balanced,0.125,estimated,8192,512,400,64,34816,absolute_range,1000,0,0.0,0.005,0.005010714839564052,3.224010094074096e-06,0.028941901194034947,0.028941901194034947,0.027892428518878843,0.05434400803419697,0.008726547157279687,-0.03265773351175058,0,0
two_balanced,0.125,estimated,8192,512,400,64,34816,independent_triples,1000,0,0.0,0.005,0.00500741114405555,3.224010094074096e-06,0.027892428518878843,0.028941901194034947,0.027892428518878843,0.05434400803419697,0.0016597135167293212,-0.024544730891552614,0,0
two_balanced,0.125,estimated,8192,512,400,64,34816,pooled_variance,1000,0,0.0,0.005,0.005010662308839498,3.224010094074096e-06,0.027892428518878843,0.028941901194034947,0.027892428518878843,0.05434400803419697,0.001641232937840167,-0.024522999147879514,0,0
two_balanced,0.125,estimated,8192,512,400,64,34816,signed_range,1000,0,0.0,0.005,0.005010714839564052,3.224010094074096e-06,0.027892428518878843,0.028941901194034947,0.027892428518878843,0.05434400803419697,0.008726547157279687,-0.03160826083659447,0,0
two_balanced,0.125,estimated,8192,512,400,64,34816,signed_variance,1000,0,0.0,0.005,0.005010714839564052,3.224010094074096e-06,0.027892428518878843,0.028941901194034947,0.027892428518878843,0.05434400803419697,0.0016596679474485006,-0.024541381626763288,0,0
two_balanced,0.125,estimated,8192,512,1600,64,111616,absolute_range,1000,0,0.0,0.005,0.005004526050758241,3.224010094074096e-06,0.028941901194034947,0.028941901194034947,0.027892428518878843,0.05434400803419697,0.004363273578639817,-0.028300648721916524,0,0
two_balanced,0.125,estimated,8192,512,1600,64,111616,independent_triples,1000,0,0.0,0.005,0.005003463990636586,3.224010094074096e-06,0.027892428518878843,0.028941901194034947,0.027892428518878843,0.05434400803419697,0.0006622857198888416,-0.0235512502481311,0,0
two_balanced,0.125,estimated,8192,512,1600,64,111616,pooled_variance,1000,0,0.0,0.005,0.005004504044253825,3.224010094074096e-06,0.027892428518878843,0.028941901194034947,0.027892428518878843,0.05434400803419697,0.0006558416331997431,-0.023543766107824764,0,0
two_balanced,0.125,estimated,8192,512,1600,64,111616,signed_range,1000,0,0.0,0.005,0.005004526050758241,3.224010094074096e-06,0.027892428518878843,0.028941901194034947,0.027892428518878843,0.05434400803419697,0.004363273578639817,-0.027251176046760424,0,0
two_balanced,0.125,estimated,8192,512,1600,64,111616,signed_variance,1000,0,0.0,0.005,0.005004526050758241,3.224010094074096e-06,0.027892428518878843,0.028941901194034947,0.027892428518878843,0.05434400803419697,0.000662282872110767,-0.02355018534023137,0,0
two_balanced,0.125,estimated,8192,8192,25,64,26176,absolute_range,1000,0,0.0,0.005,0.005005363029886374,3.224010094074096e-06,0.0018374674739030999,0.0018374674739030999,0.0017611043490048145,0.0034184684384213917,0.034906188629118894,-0.03173829307313562,0,0
two_balanced,0.125,estimated,8192,8192,25,64,26176,independent_triples,1000,0,0.0,0.005,0.004988891770686974,3.224010094074096e-06,0.0017611043490048145,0.0018374674739030999,0.0017611043490048145,0.0034184684384213917,0.014695174896458814,-0.011467387474776658,0,0
two_balanced,0.125,estimated,8192,8192,25,64,26176,pooled_variance,1000,0,0.0,0.005,0.005014685278667815,3.224010094074096e-06,0.0017611043490048145,0.0018374674739030999,0.0017611043490048145,0.0034184684384213917,0.014484039943998621,-0.01123045901433562,0,0
two_balanced,0.125,estimated,8192,8192,25,64,26176,signed_range,1000,0,0.0,0.005,0.005005363029886374,3.224010094074096e-06,0.0017611043490048145,0.0018374674739030999,0.0017611043490048145,0.0034184684384213917,0.034906188629118894,-0.031661929948237334,0,0
two_balanced,0.125,estimated,8192,8192,25,64,26176,signed_variance,1000,0,0.0,0.005,0.005005363029886374,3.224010094074096e-06,0.0017611043490048145,0.0018374674739030999,0.0017611043490048145,0.0034184684384213917,0.014683484372338747,-0.011439225691457191,0,0
two_balanced,0.125,estimated,8192,8192,100,64,30976,absolute_range,1000,0,0.0,0.005,0.004995760513230545,3.224010094074096e-06,0.0018374674739030999,0.0018374674739030999,0.0017611043490048145,0.0034184684384213917,0.017453094314559423,-0.014294801275231977,0,0
two_balanced,0.125,estimated,8192,8192,100,64,30976,independent_triples,1000,24,0.024,0.005,0.0049722670618234975,3.224010094074096e-06,0.0017611043490048145,0.0018374674739030999,0.0017611043490048145,0.0034184684384213917,0.004658396783597594,-0.0014472340707789109,0,0
two_balanced,0.125,estimated,8192,8192,100,64,30976,pooled_variance,1000,6,0.006,0.005,0.0049990958407769605,3.224010094074096e-06,0.0017611043490048145,0.0018374674739030999,0.0017611043490048145,0.0034184684384213917,0.004600340771947993,-0.0013623492801758477,0,0
two_balanced,0.125,estimated,8192,8192,100,64,30976,signed_range,1000,0,0.0,0.005,0.004995760513230545,3.224010094074096e-06,0.0017611043490048145,0.0018374674739030999,0.0017611043490048145,0.0034184684384213917,0.017453094314559423,-0.014218438150333692,0,0
two_balanced,0.125,estimated,8192,8192,100,64,30976,signed_variance,1000,6,0.006,0.005,0.004995760513230545,3.224010094074096e-06,0.0017611043490048145,0.0018374674739030999,0.0017611043490048145,0.0034184684384213917,0.004657667365729372,-0.0014230112015036417,0,0
two_balanced,0.125,estimated,8192,8192,400,64,50176,absolute_range,1000,0,0.0,0.005,0.005010714839564052,3.224010094074096e-06,0.0018374674739030999,0.0018374674739030999,0.0017611043490048145,0.0034184684384213917,0.008726547157279687,-0.005553299791618731,0,0
two_balanced,0.125,estimated,8192,8192,400,64,50176,independent_triples,1000,1000,1.0,0.005,0.00500741114405555,3.224010094074096e-06,0.0017611043490048145,0.0018374674739030999,0.0017611043490048145,0.0034184684384213917,0.0016597135167293212,0.0015865932783213118,0,0
two_balanced,0.125,estimated,8192,8192,400,64,50176,pooled_variance,1000,1000,1.0,0.005,0.005010662308839498,3.224010094074096e-06,0.0017611043490048145,0.0018374674739030999,0.0017611043490048145,0.0034184684384213917,0.001641232937840167,0.0016083250219944129,0,0
two_balanced,0.125,estimated,8192,8192,400,64,50176,signed_range,1000,0,0.0,0.005,0.005010714839564052,3.224010094074096e-06,0.0017611043490048145,0.0018374674739030999,0.0017611043490048145,0.0034184684384213917,0.008726547157279687,-0.005476936666720446,0,0
two_balanced,0.125,estimated,8192,8192,400,64,50176,signed_variance,1000,1000,1.0,0.005,0.005010714839564052,3.224010094074096e-06,0.0017611043490048145,0.0018374674739030999,0.0017611043490048145,0.0034184684384213917,0.0016596679474485006,0.0015899425431106409,0,0
two_balanced,0.125,estimated,8192,8192,1600,64,126976,absolute_range,1000,0,0.0,0.005,0.005004526050758241,3.224010094074096e-06,0.0018374674739030999,0.0018374674739030999,0.0017611043490048145,0.0034184684384213917,0.004363273578639817,-0.001196215001784677,0,0
two_balanced,0.125,estimated,8192,8192,1600,64,126976,independent_triples,1000,1000,1.0,0.005,0.005003463990636586,3.224010094074096e-06,0.0017611043490048145,0.0018374674739030999,0.0017611043490048145,0.0034184684384213917,0.0006622857198888416,0.0025800739217428322,0,0
two_balanced,0.125,estimated,8192,8192,1600,64,126976,pooled_variance,1000,1000,1.0,0.005,0.005004504044253825,3.224010094074096e-06,0.0017611043490048145,0.0018374674739030999,0.0017611043490048145,0.0034184684384213917,0.0006558416331997431,0.0025875580620491664,0,0
two_balanced,0.125,estimated,8192,8192,1600,64,126976,signed_range,1000,0,0.0,0.005,0.005004526050758241,3.224010094074096e-06,0.0017611043490048145,0.0018374674739030999,0.0017611043490048145,0.0034184684384213917,0.004363273578639817,-0.001119851876886391,0,0
two_balanced,0.125,estimated,8192,8192,1600,64,126976,signed_variance,1000,1000,1.0,0.005,0.005004526050758241,3.224010094074096e-06,0.0017611043490048145,0.0018374674739030999,0.0017611043490048145,0.0034184684384213917,0.000662282872110767,0.0025811388296425584,0,0
two_balanced,0.125,opposed_shifts,8192,8192,25,64,26176,absolute_range,1000,0,0.0,0.005,-0.01749526046209058,-0.02249679426533847,0.035411893811857165,0.035411893811857165,-0.012428989724827975,0.022982904087029132,0.04292461436744556,-0.0958317686413934,0,0
two_balanced,0.125,opposed_shifts,8192,8192,25,64,26176,independent_triples,1000,0,0.0,0.005,-0.017511703289602155,-0.02249679426533847,-0.012428989724827975,0.035411893811857165,-0.012428989724827975,0.022982904087029132,0.01716160127919926,-0.022244314843973434,0,0
two_balanced,0.125,opposed_shifts,8192,8192,25,64,26176,pooled_variance,1000,0,0.0,0.005,-0.01748593821330914,-0.02249679426533847,-0.012428989724827975,0.035411893811857165,-0.012428989724827975,0.022982904087029132,0.016910770218723885,-0.02196771870720505,0,0
two_balanced,0.125,opposed_shifts,8192,8192,25,64,26176,signed_range,1000,0,0.0,0.005,-0.01749526046209058,-0.02249679426533847,-0.012428989724827975,0.035411893811857165,-0.012428989724827975,0.022982904087029132,0.04292461436744556,-0.04799088510470816,0,0
two_balanced,0.125,opposed_shifts,8192,8192,25,64,26176,signed_variance,1000,0,0.0,0.005,-0.01749526046209058,-0.02249679426533847,-0.012428989724827975,0.035411893811857165,-0.012428989724827975,0.022982904087029132,0.017147225282869813,-0.02221349602013242,0,0
two_balanced,0.125,opposed_shifts,8192,8192,100,64,30976,absolute_range,1000,0,0.0,0.005,-0.01750452523919989,-0.02249679426533847,0.035411893811857165,0.035411893811857165,-0.012428989724827975,0.022982904087029132,0.021462307183722752,-0.07437872623477991,0,0
two_balanced,0.125,opposed_shifts,8192,8192,100,64,30976,independent_triples,1000,0,0.0,0.005,-0.017527978948806935,-0.02249679426533847,-0.012428989724827975,0.035411893811857165,-0.012428989724827975,0.022982904087029132,0.005274157808634677,-0.010373147032613637,0,0
two_balanced,0.125,opposed_shifts,8192,8192,100,64,30976,pooled_variance,1000,0,0.0,0.005,-0.017501189911653475,-0.02249679426533847,-0.012428989724827975,0.035411893811857165,-0.012428989724827975,0.022982904087029132,0.005206411732410537,-0.010278611919236038,0,0
two_balanced,0.125,opposed_shifts,8192,8192,100,64,30976,signed_range,1000,0,0.0,0.005,-0.01750452523919989,-0.02249679426533847,-0.012428989724827975,0.035411893811857165,-0.012428989724827975,0.022982904087029132,0.021462307183722752,-0.026537842698094668,0,0
two_balanced,0.125,opposed_shifts,8192,8192,100,64,30976,signed_variance,1000,0,0.0,0.005,-0.01750452523919989,-0.02249679426533847,-0.012428989724827975,0.035411893811857165,-0.012428989724827975,0.022982904087029132,0.005273260833572783,-0.010348796347944701,0,0
two_balanced,0.125,opposed_shifts,8192,8192,400,64,50176,absolute_range,1000,0,0.0,0.005,-0.017489376290281577,-0.02249679426533847,0.035411893811857165,0.035411893811857165,-0.012428989724827975,0.022982904087029132,0.010731153591861352,-0.06363242369400018,0,0
two_balanced,0.125,opposed_shifts,8192,8192,400,64,50176,independent_triples,1000,0,0.0,0.005,-0.017492682693992633,-0.02249679426533847,-0.012428989724827975,0.035411893811857165,-0.012428989724827975,0.022982904087029132,0.001813613364128679,-0.006877306333293339,0,0
two_balanced,0.125,opposed_shifts,8192,8192,400,64,50176,pooled_variance,1000,0,0.0,0.005,-0.017489428821006136,-0.02249679426533847,-0.012428989724827975,0.035411893811857165,-0.012428989724827975,0.022982904087029132,0.0017927278211664877,-0.006853166917344648,0,0
two_balanced,0.125,opposed_shifts,8192,8192,400,64,50176,signed_range,1000,0,0.0,0.005,-0.017489376290281577,-0.02249679426533847,-0.012428989724827975,0.035411893811857165,-0.012428989724827975,0.022982904087029132,0.010731153591861352,-0.015791540157314952,0,0
two_balanced,0.125,opposed_shifts,8192,8192,400,64,50176,signed_variance,1000,0,0.0,0.005,-0.017489376290281577,-0.02249679426533847,-0.012428989724827975,0.035411893811857165,-0.012428989724827975,0.022982904087029132,0.001813557326964982,-0.00687394389241858,0,0
two_balanced,0.125,opposed_shifts,8192,8192,1600,64,126976,absolute_range,1000,0,0.0,0.005,-0.017495483186659222,-0.02249679426533847,0.035411893811857165,0.035411893811857165,-0.012428989724827975,0.022982904087029132,0.005365576795930651,-0.058272953794447135,0,0
two_balanced,0.125,opposed_shifts,8192,8192,1600,64,126976,independent_triples,1000,0,0.0,0.005,-0.017496539389697956,-0.02249679426533847,-0.012428989724827975,0.035411893811857165,-0.012428989724827975,0.022982904087029132,0.0007007652437532059,-0.005768314908623188,0,0
two_balanced,0.125,opposed_shifts,8192,8192,1600,64,126976,pooled_variance,1000,0,0.0,0.005,-0.01749550519316364,-0.02249679426533847,-0.012428989724827975,0.035411893811857165,-0.012428989724827975,0.022982904087029132,0.0006937210680329654,-0.005760236536368626,0,0
two_balanced,0.125,opposed_shifts,8192,8192,1600,64,126976,signed_range,1000,0,0.0,0.005,-0.017495483186659222,-0.02249679426533847,-0.012428989724827975,0.035411893811857165,-0.012428989724827975,0.022982904087029132,0.005365576795930651,-0.010432070257761895,0,0
two_balanced,0.125,opposed_shifts,8192,8192,1600,64,126976,signed_variance,1000,0,0.0,0.005,-0.017495483186659222,-0.02249679426533847,-0.012428989724827975,0.035411893811857165,-0.012428989724827975,0.022982904087029132,0.0007007617418018223,-0.005767255203633068,0,0
two_balanced,0.25,estimated,8192,512,25,64,10816,absolute_range,1000,0,0.0,0.01,0.010003048848213394,4.423065529943698e-06,0.029090960502419872,0.029090960502419872,0.02822691101169135,0.05439567354331832,0.03490578160040198,-0.05399369325460846,0,0
two_balanced,0.25,estimated,8192,512,25,64,10816,independent_triples,1000,0,0.0,0.01,0.0100034525839893,4.423065529943698e-06,0.02822691101169135,0.029090960502419872,0.02822691101169135,0.05439567354331832,0.014931090772226955,-0.033154549199929,0,0
two_balanced,0.25,estimated,8192,512,25,64,10816,pooled_variance,1000,0,0.0,0.01,0.010005252595756456,4.423065529943698e-06,0.02822691101169135,0.029090960502419872,0.02822691101169135,0.05439567354331832,0.01472776802567681,-0.0329494264416117,0,0
two_balanced,0.25,estimated,8192,512,25,64,10816,signed_range,1000,0,0.0,0.01,0.010003048848213394,4.423065529943698e-06,0.02822691101169135,0.029090960502419872,0.02822691101169135,0.05439567354331832,0.03490578160040198,-0.053129643763879936,0,0
two_balanced,0.25,estimated,8192,512,25,64,10816,signed_variance,1000,0,0.0,0.01,0.010003048848213394,4.423065529943698e-06,0.02822691101169135,0.029090960502419872,0.02822691101169135,0.05439567354331832,0.014919400384425956,-0.03314326254790391,0,0
two_balanced,0.25,estimated,8192,512,100,64,15616,absolute_range,1000,0,0.0,0.01,0.010000654361996613,4.423065529943698e-06,0.029090960502419872,0.029090960502419872,0.02822691101169135,0.05439567354331832,0.017452890800200967,-0.036543196940624224,0,0
two_balanced,0.25,estimated,8192,512,100,64,15616,independent_triples,1000,0,0.0,0.01,0.010007167123063355,4.423065529943698e-06,0.02822691101169135,0.029090960502419872,0.02822691101169135,0.05439567354331832,0.004779833354221253,-0.022999577242849244,0,0
two_balanced,0.25,estimated,8192,512,100,64,15616,pooled_variance,1000,0,0.0,0.01,0.010001485189827582,4.423065529943698e-06,0.02822691101169135,0.029090960502419872,0.02822691101169135,0.05439567354331832,0.004719613342859556,-0.022945039164723322,0,0
two_balanced,0.25,estimated,8192,512,100,64,15616,signed_range,1000,0,0.0,0.01,0.010000654361996613,4.423065529943698e-06,0.02822691101169135,0.029090960502419872,0.02822691101169135,0.05439567354331832,0.017452890800200967,-0.0356791474498957,0,0
two_balanced,0.25,estimated,8192,512,100,64,15616,signed_variance,1000,0,0.0,0.01,0.010000654361996613,4.423065529943698e-06,0.02822691101169135,0.029090960502419872,0.02822691101169135,0.05439567354331832,0.004779103944858516,-0.023005360594553253,0,0
two_balanced,0.25,estimated,8192,512,400,64,34816,absolute_range,1000,0,0.0,0.01,0.010003190650513272,4.423065529943698e-06,0.029090960502419872,0.029090960502419872,0.02822691101169135,0.05439567354331832,0.008726445400100459,-0.02781421525200706,0,0
two_balanced,0.25,estimated,8192,512,400,64,34816,independent_triples,1000,0,0.0,0.01,0.009999485465651032,4.423065529943698e-06,0.02822691101169135,0.029090960502419872,0.02822691101169135,0.05439567354331832,0.0017191807249330629,-0.01994660627097338,0,0
two_balanced,0.25,estimated,8192,512,400,64,34816,pooled_variance,1000,0,0.0,0.01,0.010002937099207148,4.423065529943698e-06,0.02822691101169135,0.029090960502419872,0.02822691101169135,0.05439567354331832,0.0017003168813195498,-0.01992429079380375,0,0
two_balanced,0.25,estimated,8192,512,400,64,34816,signed_range,1000,0,0.0,0.01,0.010003190650513272,4.423065529943698e-06,0.02822691101169135,0.029090960502419872,0.02822691101169135,0.05439567354331832,0.008726445400100459,-0.026950165761278535,0,0
two_balanced,0.25,estimated,8192,512,400,64,34816,signed_variance,1000,0,0.0,0.01,0.010003190650513272,4.423065529943698e-06,0.02822691101169135,0.029090960502419872,0.02822691101169135,0.05439567354331832,0.001719135156183606,-0.019942855517361684,0,0
two_balanced,0.25,estimated,8192,512,1600,64,111616,absolute_range,1000,0,0.0,0.01,0.010001459444346224,4.423065529943698e-06,0.029090960502419872,0.029090960502419872,0.02822691101169135,0.05439567354331832,0.004363222700050204,-0.023452723758123854,0,0
two_balanced,0.25,estimated,8192,512,1600,64,111616,independent_triples,1000,0,0.0,0.01,0.01000026137550727,4.423065529943698e-06,0.02822691101169135,0.029090960502419872,0.02822691101169135,0.05439567354331832,0.0006920993073425044,-0.018918748943526582,0,0
two_balanced,0.25,estimated,8192,512,1600,64,111616,pooled_variance,1000,0,0.0,0.01,0.01000202737914322,4.423065529943698e-06,0.02822691101169135,0.029090960502419872,0.02822691101169135,0.05439567354331832,0.0006853367031569626,-0.018910220335705087,0,0
two_balanced,0.25,estimated,8192,512,1600,64,111616,signed_range,1000,0,0.0,0.01,0.010001459444346224,4.423065529943698e-06,0.02822691101169135,0.029090960502419872,0.02822691101169135,0.05439567354331832,0.004363222700050204,-0.022588674267395328,0,0
two_balanced,0.25,estimated,8192,512,1600,64,111616,signed_variance,1000,0,0.0,0.01,0.010001459444346224,4.423065529943698e-06,0.02822691101169135,0.029090960502419872,0.02822691101169135,0.05439567354331832,0.0006920964595976391,-0.01891754802694276,0,0
two_balanced,0.25,estimated,8192,8192,25,64,26176,absolute_range,1000,0,0.0,0.01,0.010003048848213394,4.423065529943698e-06,0.0018418881181724734,0.0018418881181724734,0.0017803327339620662,0.0034161944491986032,0.03490578160040198,-0.026744620870361058,0,0
two_balanced,0.25,estimated,8192,8192,25,64,26176,independent_triples,1000,0,0.0,0.01,0.0100034525839893,4.423065529943698e-06,0.0017803327339620662,0.0018418881181724734,0.0017803327339620662,0.0034161944491986032,0.014931090772226955,-0.006707970922199722,0,0
two_balanced,0.25,estimated,8192,8192,25,64,26176,pooled_variance,1000,0,0.0,0.01,0.010005252595756456,4.423065529943698e-06,0.0017803327339620662,0.0018418881181724734,0.0017803327339620662,0.0034161944491986032,0.01472776802567681,-0.006502848163882419,0,0
two_balanced,0.25,estimated,8192,8192,25,64,26176,signed_range,1000,0,0.0,0.01,0.010003048848213394,4.423065529943698e-06,0.0017803327339620662,0.0018418881181724734,0.0017803327339620662,0.0034161944491986032,0.03490578160040198,-0.02668306548615065,0,0
two_balanced,0.25,estimated,8192,8192,25,64,26176,signed_variance,1000,0,0.0,0.01,0.010003048848213394,4.423065529943698e-06,0.0017803327339620662,0.0018418881181724734,0.0017803327339620662,0.0034161944491986032,0.014919400384425956,-0.006696684270174629,0,0
two_balanced,0.25,estimated,8192,8192,100,64,30976,absolute_range,1000,0,0.0,0.01,0.010000654361996613,4.423065529943698e-06,0.0018418881181724734,0.0018418881181724734,0.0017803327339620662,0.0034161944491986032,0.017452890800200967,-0.009294124556376824,0,0
two_balanced,0.25,estimated,8192,8192,100,64,30976,independent_triples,1000,1000,1.0,0.01,0.010007167123063355,4.423065529943698e-06,0.0017803327339620662,0.0018418881181724734,0.0017803327339620662,0.0034161944491986032,0.004779833354221253,0.003447001034879935,0,0
two_balanced,0.25,estimated,8192,8192,100,64,30976,pooled_variance,1000,1000,1.0,0.01,0.010001485189827582,4.423065529943698e-06,0.0017803327339620662,0.0018418881181724734,0.0017803327339620662,0.0034161944491986032,0.004719613342859556,0.0035015391130058557,0,0
two_balanced,0.25,estimated,8192,8192,100,64,30976,signed_range,1000,0,0.0,0.01,0.010000654361996613,4.423065529943698e-06,0.0017803327339620662,0.0018418881181724734,0.0017803327339620662,0.0034161944491986032,0.017452890800200967,-0.009232569172166416,0,0
two_balanced,0.25,estimated,8192,8192,100,64,30976,signed_variance,1000,1000,1.0,0.01,0.010000654361996613,4.423065529943698e-06,0.0017803327339620662,0.0018418881181724734,0.0017803327339620662,0.0034161944491986032,0.004779103944858516,0.0034412176831759315,0,0
two_balanced,0.25,estimated,8192,8192,400,64,50176,absolute_range,1000,58,0.058,0.01,0.010003190650513272,4.423065529943698e-06,0.0018418881181724734,0.0018418881181724734,0.0017803327339620662,0.0034161944491986032,0.008726445400100459,-0.0005651428677596655,0,0
two_balanced,0.25,estimated,8192,8192,400,64,50176,independent_triples,1000,1000,1.0,0.01,0.009999485465651032,4.423065529943698e-06,0.0017803327339620662,0.0018418881181724734,0.0017803327339620662,0.0034161944491986032,0.0017191807249330629,0.006499972006755805,0,0
two_balanced,0.25,estimated,8192,8192,400,64,50176,pooled_variance,1000,1000,1.0,0.01,0.010002937099207148,4.423065529943698e-06,0.0017803327339620662,0.0018418881181724734,0.0017803327339620662,0.0034161944491986032,0.0017003168813195498,0.006522287483925433,0,0
two_balanced,0.25,estimated,8192,8192,400,64,50176,signed_range,1000,78,0.078,0.01,0.010003190650513272,4.423065529943698e-06,0.0017803327339620662,0.0018418881181724734,0.0017803327339620662,0.0034161944491986032,0.008726445400100459,-0.0005035874835492598,0,0
two_balanced,0.25,estimated,8192,8192,400,64,50176,signed_variance,1000,1000,1.0,0.01,0.010003190650513272,4.423065529943698e-06,0.0017803327339620662,0.0018418881181724734,0.0017803327339620662,0.0034161944491986032,0.001719135156183606,0.006503722760367497,0,0
two_balanced,0.25,estimated,8192,8192,1600,64,126976,absolute_range,1000,1000,1.0,0.01,0.010001459444346224,4.423065529943698e-06,0.0018418881181724734,0.0018418881181724734,0.0017803327339620662,0.0034161944491986032,0.004363222700050204,0.0037963486261234484,0,0
two_balanced,0.25,estimated,8192,8192,1600,64,126976,independent_triples,1000,1000,1.0,0.01,0.01000026137550727,4.423065529943698e-06,0.0017803327339620662,0.0018418881181724734,0.0017803327339620662,0.0034161944491986032,0.0006920993073425044,0.007527829334202597,0,0
two_balanced,0.25,estimated,8192,8192,1600,64,126976,pooled_variance,1000,1000,1.0,0.01,0.01000202737914322,4.423065529943698e-06,0.0017803327339620662,0.0018418881181724734,0.0017803327339620662,0.0034161944491986032,0.0006853367031569626,0.0075363579420240885,0,0
two_balanced,0.25,estimated,8192,8192,1600,64,126976,signed_range,1000,1000,1.0,0.01,0.010001459444346224,4.423065529943698e-06,0.0017803327339620662,0.0018418881181724734,0.0017803327339620662,0.0034161944491986032,0.004363222700050204,0.003857904010333856,0,0
two_balanced,0.25,estimated,8192,8192,1600,64,126976,signed_variance,1000,1000,1.0,0.01,0.010001459444346224,4.423065529943698e-06,0.0017803327339620662,0.0018418881181724734,0.0017803327339620662,0.0034161944491986032,0.0006920964595976391,0.007529030250786417,0,0
two_balanced,0.25,opposed_shifts,8192,8192,25,64,26176,absolute_range,1000,0,0.0,0.01,-0.012497155171820921,-0.02249544129014397,0.03543023107175105,0.03543023107175105,-0.012441890294791931,0.02298834077695907,0.042921390519803954,-0.09084877676337602,0,0
two_balanced,0.25,opposed_shifts,8192,8192,25,64,26176,independent_triples,1000,0,0.0,0.01,-0.012496769401295552,-0.02249544129014397,-0.012441890294791931,0.03543023107175105,-0.012441890294791931,0.02298834077695907,0.01739674224539186,-0.017451621351895482,0,0
two_balanced,0.25,opposed_shifts,8192,8192,25,64,26176,pooled_variance,1000,0,0.0,0.01,-0.012494951424277857,-0.02249544129014397,-0.012441890294791931,0.03543023107175105,-0.012441890294791931,0.02298834077695907,0.017153731459847874,-0.017206792589333803,0,0
two_balanced,0.25,opposed_shifts,8192,8192,25,64,26176,signed_range,1000,0,0.0,0.01,-0.012497155171820921,-0.02249544129014397,-0.012441890294791931,0.03543023107175105,-0.012441890294791931,0.02298834077695907,0.042921390519803954,-0.042976655396832944,0,0
two_balanced,0.25,opposed_shifts,8192,8192,25,64,26176,signed_variance,1000,0,0.0,0.01,-0.012497155171820921,-0.02249544129014397,-0.012441890294791931,0.03543023107175105,-0.012441890294791931,0.02298834077695907,0.01738236732876977,-0.01743763220579876,0,0
two_balanced,0.25,opposed_shifts,8192,8192,100,64,30976,absolute_range,1000,0,0.0,0.01,-0.01249941372903762,-0.02249544129014397,0.03543023107175105,0.03543023107175105,-0.012441890294791931,0.02298834077695907,0.021460695259901956,-0.06939034006069074,0,0
two_balanced,0.25,opposed_shifts,8192,8192,100,64,30976,independent_triples,1000,0,0.0,0.01,-0.012492907444789866,-0.02249544129014397,-0.012441890294791931,0.03543023107175105,-0.012441890294791931,0.02298834077695907,0.005395380020673145,-0.005446397170671084,0,0
two_balanced,0.25,opposed_shifts,8192,8192,100,64,30976,pooled_variance,1000,0,0.0,0.01,-0.012498582901206654,-0.02249544129014397,-0.012441890294791931,0.03543023107175105,-0.012441890294791931,0.02298834077695907,0.005325466846750781,-0.005382159453165504,0,0
two_balanced,0.25,opposed_shifts,8192,8192,100,64,30976,signed_range,1000,0,0.0,0.01,-0.01249941372903762,-0.02249544129014397,-0.012441890294791931,0.03543023107175105,-0.012441890294791931,0.02298834077695907,0.021460695259901956,-0.021518218694147637,0,0
two_balanced,0.25,opposed_shifts,8192,8192,100,64,30976,signed_variance,1000,0,0.0,0.01,-0.01249941372903762,-0.02249544129014397,-0.012441890294791931,0.03543023107175105,-0.012441890294791931,0.02298834077695907,0.00539448311297845,-0.005452006547224139,0,0
two_balanced,0.25,opposed_shifts,8192,8192,400,64,50176,absolute_range,1000,0,0.0,0.01,-0.012496703882051947,-0.02249544129014397,0.03543023107175105,0.03543023107175105,-0.012441890294791931,0.02298834077695907,0.010730347629950954,-0.05865728258375404,0,0
two_balanced,0.25,opposed_shifts,8192,8192,400,64,50176,independent_triples,1000,0,0.0,0.01,-0.012500415345822484,-0.02249544129014397,-0.012441890294791931,0.03543023107175105,-0.012441890294791931,0.02298834077695907,0.0018730253389926735,-0.0019315503900232275,0,0
two_balanced,0.25,opposed_shifts,8192,8192,400,64,50176,pooled_variance,1000,0,0.0,0.01,-0.01249695743335807,-0.02249544129014397,-0.012441890294791931,0.03543023107175105,-0.012441890294791931,0.02298834077695907,0.001851752570354989,-0.0019068197089211264,0,0
two_balanced,0.25,opposed_shifts,8192,8192,400,64,50176,signed_range,1000,0,0.0,0.01,-0.012496703882051947,-0.02249544129014397,-0.012441890294791931,0.03543023107175105,-0.012441890294791931,0.02298834077695907,0.010730347629950954,-0.010785161217210966,0,0
two_balanced,0.25,opposed_shifts,8192,8192,400,64,50176,signed_variance,1000,0,0.0,0.01,-0.012496703882051947,-0.02249544129014397,-0.012441890294791931,0.03543023107175105,-0.012441890294791931,0.02298834077695907,0.0018729693060376403,-0.0019277828932976568,0,0
two_balanced,0.25,opposed_shifts,8192,8192,1600,64,126976,absolute_range,1000,0,0.0,0.01,-0.012498485752428078,-0.02249544129014397,0.03543023107175105,0.03543023107175105,-0.012441890294791931,0.02298834077695907,0.005365173814975451,-0.053293890639154684,0,0
two_balanced,0.25,opposed_shifts,8192,8192,1600,64,126976,independent_triples,1000,44,0.044,0.01,-0.012499691013891619,-0.02249544129014397,-0.012441890294791931,0.03543023107175105,-0.012441890294791931,0.02298834077695907,0.0007305627925169782,-0.0007883635116166685,0,0
two_balanced,0.25,opposed_shifts,8192,8192,1600,64,126976,pooled_variance,1000,38,0.038,0.01,-0.012497917817631082,-0.02249544129014397,-0.012441890294791931,0.03543023107175105,-0.012441890294791931,0.02298834077695907,0.0007231984455793307,-0.0007792259684184873,0,0
two_balanced,0.25,opposed_shifts,8192,8192,1600,64,126976,signed_range,1000,0,0.0,0.01,-0.012498485752428078,-0.02249544129014397,-0.012441890294791931,0.03543023107175105,-0.012441890294791931,0.02298834077695907,0.005365173814975451,-0.005421769272611598,0,0
two_balanced,0.25,opposed_shifts,8192,8192,1600,64,126976,signed_variance,1000,36,0.036,0.01,-0.012498485752428078,-0.02249544129014397,-0.012441890294791931,0.03543023107175105,-0.012441890294791931,0.02298834077695907,0.0007305592908286071,-0.0007871547484647574,0,0
two_balanced,0.5,estimated,8192,512,25,64,10816,absolute_range,1000,0,0.0,0.02,0.020053481041363674,5.414276659596337e-06,0.02916245337400893,0.02916245337400893,0.028590060404742303,0.054173998521730465,0.034894575934344606,-0.04400354826698986,0,0
two_balanced,0.5,estimated,8192,512,25,64,10816,independent_triples,1000,0,0.0,0.02,0.020066098577022285,5.414276659596337e-06,0.028590060404742303,0.02916245337400893,0.028590060404742303,0.054173998521730465,0.015321375228322484,-0.0238453370560425,0,0
two_balanced,0.5,estimated,8192,512,25,64,10816,pooled_variance,1000,0,0.0,0.02,0.020052534090229748,5.414276659596337e-06,0.028590060404742303,0.02916245337400893,0.028590060404742303,0.054173998521730465,0.015114547980830761,-0.023652074295343314,0,0
two_balanced,0.5,estimated,8192,512,25,64,10816,signed_range,1000,0,0.0,0.02,0.020053481041363674,5.414276659596337e-06,0.028590060404742303,0.02916245337400893,0.028590060404742303,0.054173998521730465,0.034894575934344606,-0.043431155297723234,0,0
two_balanced,0.5,estimated,8192,512,25,64,10816,signed_variance,1000,0,0.0,0.02,0.020053481041363674,5.414276659596337e-06,0.028590060404742303,0.02916245337400893,0.028590060404742303,0.054173998521730465,0.015309688593440797,-0.02384626795681942,0,0
two_balanced,0.5,estimated,8192,512,100,64,15616,absolute_range,1000,0,0.0,0.02,0.020007280924430455,5.414276659596337e-06,0.02916245337400893,0.02916245337400893,0.028590060404742303,0.054173998521730465,0.01744728796717228,-0.026602460416750753,0,0
two_balanced,0.5,estimated,8192,512,100,64,15616,independent_triples,1000,0,0.0,0.02,0.020018878551462692,5.414276659596337e-06,0.028590060404742303,0.02916245337400893,0.028590060404742303,0.054173998521730465,0.004974698888195883,-0.01354588074147549,0,0
two_balanced,0.5,estimated,8192,512,100,64,15616,pooled_variance,1000,0,0.0,0.02,0.020006090331652435,5.414276659596337e-06,0.028590060404742303,0.02916245337400893,0.028590060404742303,0.054173998521730465,0.004913770009163785,-0.013497740082253651,0,0
two_balanced,0.5,estimated,8192,512,100,64,15616,signed_range,1000,0,0.0,0.02,0.020007280924430455,5.414276659596337e-06,0.028590060404742303,0.02916245337400893,0.028590060404742303,0.054173998521730465,0.01744728796717228,-0.026030067447484127,0,0
two_balanced,0.5,estimated,8192,512,100,64,15616,signed_variance,1000,0,0.0,0.02,0.020007280924430455,5.414276659596337e-06,0.028590060404742303,0.02916245337400893,0.028590060404742303,0.054173998521730465,0.004973969712992569,-0.013556749193304417,0,0
two_balanced,0.5,estimated,8192,512,400,64,34816,absolute_range,1000,0,0.0,0.02,0.02001635064661452,5.414276659596337e-06,0.02916245337400893,0.02916245337400893,0.028590060404742303,0.054173998521730465,0.008723643983586113,-0.017869746710980527,0,0
two_balanced,0.5,estimated,8192,512,400,64,34816,independent_triples,1000,0,0.0,0.02,0.02001429127621851,5.414276659596337e-06,0.028590060404742303,0.02916245337400893,0.028590060404742303,0.054173998521730465,0.0018182203421877974,-0.010393989470711592,0,0
two_balanced,0.5,estimated,8192,512,400,64,34816,pooled_variance,1000,0,0.0,0.02,0.02001740319437679,5.414276659596337e-06,0.028590060404742303,0.02916245337400893,0.028590060404742303,0.054173998521730465,0.0017989427896919158,-0.010371600000057431,0,0
two_balanced,0.5,estimated,8192,512,400,64,34816,signed_range,1000,0,0.0,0.02,0.02001635064661452,5.414276659596337e-06,0.028590060404742303,0.02916245337400893,0.028590060404742303,0.054173998521730465,0.008723643983586113,-0.0172973537417139,0,0
two_balanced,0.5,estimated,8192,512,400,64,34816,signed_variance,1000,0,0.0,0.02,0.02001635064661452,5.414276659596337e-06,0.028590060404742303,0.02916245337400893,0.028590060404742303,0.054173998521730465,0.0018181747880671021,-0.010391884546194883,0,0
two_balanced,0.5,estimated,8192,512,1600,64,111616,absolute_range,1000,0,0.0,0.02,0.020002055310827774,5.414276659596337e-06,0.02916245337400893,0.02916245337400893,0.028590060404742303,0.054173998521730465,0.0043618219917930315,-0.013522220054974186,0,0
two_balanced,0.5,estimated,8192,512,1600,64,111616,independent_triples,1000,0,0.0,0.02,0.02000229153048169,5.414276659596337e-06,0.028590060404742303,0.02916245337400893,0.028590060404742303,0.054173998521730465,0.0007417596273579334,-0.00932952850161854,0,0
two_balanced,0.5,estimated,8192,512,1600,64,111616,pooled_variance,1000,0,0.0,0.02,0.020003648149180972,5.414276659596337e-06,0.028590060404742303,0.02916245337400893,0.028590060404742303,0.054173998521730465,0.000734644358967115,-0.009321056614528447,0,0
two_balanced,0.5,estimated,8192,512,1600,64,111616,signed_range,1000,0,0.0,0.02,0.020002055310827774,5.414276659596337e-06,0.028590060404742303,0.02916245337400893,0.028590060404742303,0.054173998521730465,0.0043618219917930315,-0.01294982708570756,0,0
two_balanced,0.5,estimated,8192,512,1600,64,111616,signed_variance,1000,0,0.0,0.02,0.020002055310827774,5.414276659596337e-06,0.028590060404742303,0.02916245337400893,0.028590060404742303,0.054173998521730465,0.0007417567805272681,-0.009329761874441794,0,0
two_balanced,0.5,estimated,8192,8192,25,64,26176,absolute_range,1000,0,0.0,0.02,0.020053481041363674,5.414276659596337e-06,0.0018441689714782728,0.0018441689714782728,0.001804236865105358,0.0034044115006863778,0.034894575934344606,-0.016685263864459204,0,0
two_balanced,0.5,estimated,8192,8192,25,64,26176,independent_triples,1000,972,0.972,0.02,0.020066098577022285,5.414276659596337e-06,0.001804236865105358,0.0018441689714782728,0.001804236865105358,0.0034044115006863778,0.015321375228322484,0.0029404864835943434,0,0
two_balanced,0.5,estimated,8192,8192,25,64,26176,pooled_variance,1000,991,0.991,0.02,0.020052534090229748,5.414276659596337e-06,0.001804236865105358,0.0018441689714782728,0.001804236865105358,0.0034044115006863778,0.015114547980830761,0.003133749244293529,0,0
two_balanced,0.5,estimated,8192,8192,25,64,26176,signed_range,1000,0,0.0,0.02,0.020053481041363674,5.414276659596337e-06,0.001804236865105358,0.0018441689714782728,0.001804236865105358,0.0034044115006863778,0.034894575934344606,-0.01664533175808629,0,0
two_balanced,0.5,estimated,8192,8192,25,64,26176,signed_variance,1000,985,0.985,0.02,0.020053481041363674,5.414276659596337e-06,0.001804236865105358,0.0018441689714782728,0.001804236865105358,0.0034044115006863778,0.015309688593440797,0.002939555582817424,0,0
two_balanced,0.5,estimated,8192,8192,100,64,30976,absolute_range,1000,840,0.84,0.02,0.020007280924430455,5.414276659596337e-06,0.0018441689714782728,0.0018441689714782728,0.001804236865105358,0.0034044115006863778,0.01744728796717228,0.0007158239857798194,0,0
two_balanced,0.5,estimated,8192,8192,100,64,30976,independent_triples,1000,1000,1.0,0.02,0.020018878551462692,5.414276659596337e-06,0.001804236865105358,0.0018441689714782728,0.001804236865105358,0.0034044115006863778,0.004974698888195883,0.01323994279816135,0,0
two_balanced,0.5,estimated,8192,8192,100,64,30976,pooled_variance,1000,1000,1.0,0.02,0.020006090331652435,5.414276659596337e-06,0.001804236865105358,0.0018441689714782728,0.001804236865105358,0.0034044115006863778,0.004913770009163785,0.013288083457383193,0,0
two_balanced,0.5,estimated,8192,8192,100,64,30976,signed_range,1000,853,0.853,0.02,0.020007280924430455,5.414276659596337e-06,0.001804236865105358,0.0018441689714782728,0.001804236865105358,0.0034044115006863778,0.01744728796717228,0.0007557560921527337,0,0
two_balanced,0.5,estimated,8192,8192,100,64,30976,signed_variance,1000,1000,1.0,0.02,0.020007280924430455,5.414276659596337e-06,0.001804236865105358,0.0018441689714782728,0.001804236865105358,0.0034044115006863778,0.004973969712992569,0.01322907434633243,0,0
two_balanced,0.5,estimated,8192,8192,400,64,50176,absolute_range,1000,1000,1.0,0.02,0.02001635064661452,5.414276659596337e-06,0.0018441689714782728,0.0018441689714782728,0.001804236865105358,0.0034044115006863778,0.008723643983586113,0.00944853769155003,0,0
two_balanced,0.5,estimated,8192,8192,400,64,50176,independent_triples,1000,1000,1.0,0.02,0.02001429127621851,5.414276659596337e-06,0.001804236865105358,0.0018441689714782728,0.001804236865105358,0.0034044115006863778,0.0018182203421877974,0.016391834068925252,0,0
two_balanced,0.5,estimated,8192,8192,400,64,50176,pooled_variance,1000,1000,1.0,0.02,0.02001740319437679,5.414276659596337e-06,0.001804236865105358,0.0018441689714782728,0.001804236865105358,0.0034044115006863778,0.0017989427896919158,0.01641422353957941,0,0
two_balanced,0.5,estimated,8192,8192,400,64,50176,signed_range,1000,1000,1.0,0.02,0.02001635064661452,5.414276659596337e-06,0.001804236865105358,0.0018441689714782728,0.001804236865105358,0.0034044115006863778,0.008723643983586113,0.009488469797922946,0,0
two_balanced,0.5,estimated,8192,8192,400,64,50176,signed_variance,1000,1000,1.0,0.02,0.02001635064661452,5.414276659596337e-06,0.001804236865105358,0.0018441689714782728,0.001804236865105358,0.0034044115006863778,0.0018181747880671021,0.01639393899344196,0,0
two_balanced,0.5,estimated,8192,8192,1600,64,126976,absolute_range,1000,1000,1.0,0.02,0.020002055310827774,5.414276659596337e-06,0.0018441689714782728,0.0018441689714782728,0.001804236865105358,0.0034044115006863778,0.0043618219917930315,0.01379606434755637,0,0
two_balanced,0.5,estimated,8192,8192,1600,64,126976,independent_triples,1000,1000,1.0,0.02,0.02000229153048169,5.414276659596337e-06,0.001804236865105358,0.0018441689714782728,0.001804236865105358,0.0034044115006863778,0.0007417596273579334,0.017456295038018304,0,0
two_balanced,0.5,estimated,8192,8192,1600,64,126976,pooled_variance,1000,1000,1.0,0.02,0.020003648149180972,5.414276659596337e-06,0.001804236865105358,0.0018441689714782728,0.001804236865105358,0.0034044115006863778,0.000734644358967115,0.017464766925108396,0,0
two_balanced,0.5,estimated,8192,8192,1600,64,126976,signed_range,1000,1000,1.0,0.02,0.020002055310827774,5.414276659596337e-06,0.001804236865105358,0.0018441689714782728,0.001804236865105358,0.0034044115006863778,0.0043618219917930315,0.013835996453929284,0,0
two_balanced,0.5,estimated,8192,8192,1600,64,126976,signed_variance,1000,1000,1.0,0.02,0.020002055310827774,5.414276659596337e-06,0.001804236865105358,0.0018441689714782728,0.001804236865105358,0.0034044115006863778,0.0007417567805272681,0.01745606166519505,0,0
two_balanced,0.5,opposed_shifts,8192,8192,25,64,26176,absolute_range,1000,0,0.0,0.02,-0.0024463763956098085,-0.02249464392368819,0.03542995872961722,0.03542995872961722,-0.012446155950974725,0.022983802778642447,0.04290652597956402,-0.08078286110479115,0,0
two_balanced,0.5,opposed_shifts,8192,8192,25,64,26176,independent_triples,1000,0,0.0,0.02,-0.0024337598025604484,-0.02249464392368819,-0.012446155950974725,0.03542995872961722,-0.012446155950974725,0.022983802778642447,0.017785875473402952,-0.007773479324988668,0,0
two_balanced,0.5,opposed_shifts,8192,8192,25,64,26176,pooled_variance,1000,0,0.0,0.02,-0.0024473233467437365,-0.02249464392368819,-0.012446155950974725,0.03542995872961722,-0.012446155950974725,0.022983802778642447,0.017539353164038346,-0.007540520559807355,0,0
two_balanced,0.5,opposed_shifts,8192,8192,25,64,26176,signed_range,1000,0,0.0,0.02,-0.0024463763956098085,-0.02249464392368819,-0.012446155950974725,0.03542995872961722,-0.012446155950974725,0.022983802778642447,0.04290652597956402,-0.03290674642419911,0,0
two_balanced,0.5,opposed_shifts,8192,8192,25,64,26176,signed_variance,1000,0,0.0,0.02,-0.0024463763956098085,-0.02249464392368819,-0.012446155950974725,0.03542995872961722,-0.012446155950974725,0.022983802778642447,0.01777150553510342,-0.007771725979738496,0,0
two_balanced,0.5,opposed_shifts,8192,8192,100,64,30976,absolute_range,1000,0,0.0,0.02,-0.002492698850906059,-0.02249464392368819,0.03542995872961722,0.03542995872961722,-0.012446155950974725,0.022983802778642447,0.021453262989781986,-0.05937592057030537,0,0
two_balanced,0.5,opposed_shifts,8192,8192,100,64,30976,independent_triples,1000,1000,1.0,0.02,-0.002481084432942261,-0.02249464392368819,-0.012446155950974725,0.03542995872961722,-0.012446155950974725,0.022983802778642447,0.00558994922242148,0.004375122295610883,0,0
two_balanced,0.5,opposed_shifts,8192,8192,100,64,30976,pooled_variance,1000,1000,1.0,0.02,-0.002493889443684079,-0.02249464392368819,-0.012446155950974725,0.03542995872961722,-0.012446155950974725,0.022983802778642447,0.005519334923911036,0.004432931583379508,0,0
two_balanced,0.5,opposed_shifts,8192,8192,100,64,30976,signed_range,1000,0,0.0,0.02,-0.002492698850906059,-0.02249464392368819,-0.012446155950974725,0.03542995872961722,-0.012446155950974725,0.022983802778642447,0.021453262989781986,-0.011499805889713324,0,0
two_balanced,0.5,opposed_shifts,8192,8192,100,64,30976,signed_variance,1000,1000,1.0,0.02,-0.002492698850906059,-0.02249464392368819,-0.012446155950974725,0.03542995872961722,-0.012446155950974725,0.022983802778642447,0.005589052625343944,0.004364404474724621,0,0
two_balanced,0.5,opposed_shifts,8192,8192,400,64,50176,absolute_range,1000,0,0.0,0.02,-0.002483634973116114,-0.02249464392368819,0.03542995872961722,0.03542995872961722,-0.012446155950974725,0.022983802778642447,0.010726631494890969,-0.048640225197624405,0,0
two_balanced,0.5,opposed_shifts,8192,8192,400,64,50176,independent_triples,1000,1000,1.0,0.02,-0.0024856867093826594,-0.02249464392368819,-0.012446155950974725,0.03542995872961722,-0.012446155950974725,0.022983802778642447,0.0019719861502909535,0.007988483091301015,0,0
two_balanced,0.5,opposed_shifts,8192,8192,400,64,50176,pooled_variance,1000,1000,1.0,0.02,-0.0024825824253538425,-0.02249464392368819,-0.012446155950974725,0.03542995872961722,-0.012446155950974725,0.022983802778642447,0.0019503035400978295,0.008013269985522953,0,0
two_balanced,0.5,opposed_shifts,8192,8192,400,64,50176,signed_range,1000,70,0.07,0.02,-0.002483634973116114,-0.02249464392368819,-0.012446155950974725,0.03542995872961722,-0.012446155950974725,0.022983802778642447,0.010726631494890969,-0.0007641105170323629,0,0
two_balanced,0.5,opposed_shifts,8192,8192,400,64,50176,signed_variance,1000,1000,1.0,0.02,-0.002483634973116114,-0.02249464392368819,-0.012446155950974725,0.03542995872961722,-0.012446155950974725,0.022983802778642447,0.0019719301367412574,0.007990590841117255,0,0
two_balanced,0.5,opposed_shifts,8192,8192,1600,64,126976,absolute_range,1000,0,0.0,0.02,-0.0024979848323021937,-0.02249464392368819,0.03542995872961722,0.03542995872961722,-0.012446155950974725,0.022983802778642447,0.005363315747445459,-0.04329125930936498,0,0
two_balanced,0.5,opposed_shifts,8192,8192,1600,64,126976,independent_triples,1000,1000,1.0,0.02,-0.002497746493253485,-0.02249464392368819,-0.012446155950974725,0.03542995872961722,-0.012446155950974725,0.022983802778642447,0.0007802018720067171,0.00916820758571442,0,0
two_balanced,0.5,opposed_shifts,8192,8192,1600,64,126976,pooled_variance,1000,1000,1.0,0.02,-0.0024963919939489996,-0.02249464392368819,-0.012446155950974725,0.03542995872961722,-0.012446155950974725,0.022983802778642447,0.0007724858613217069,0.009177278095703916,0,0
two_balanced,0.5,opposed_shifts,8192,8192,1600,64,126976,signed_range,1000,1000,1.0,0.02,-0.0024979848323021937,-0.02249464392368819,-0.012446155950974725,0.03542995872961722,-0.012446155950974725,0.022983802778642447,0.005363315747445459,0.004584855371226968,0,0
two_balanced,0.5,opposed_shifts,8192,8192,1600,64,126976,signed_variance,1000,1000,1.0,0.02,-0.0024979848323021937,-0.02249464392368819,-0.012446155950974725,0.03542995872961722,-0.012446155950974725,0.022983802778642447,0.0007801983715310507,0.009167972747141375,0,0
