categories,validation_pairs,mass,fit_error,replicate,true_bias,aggregate_upper,rectangle_upper
2,512,balanced,exact,0,0.0,0.012015037557843177,0.011434771386134237
2,512,balanced,same_direction,0,0.0025000000000000014,0.016599206675673342,0.020299928410264942
2,512,balanced,opposite_direction,0,-0.0225,0.012373386447628674,-0.002449137208669753
2,512,balanced,exact,1,0.0,0.01090406914725697,0.01125714512302458
2,512,balanced,same_direction,1,0.0025000000000000014,0.01839934772526038,0.02358980849343032
2,512,balanced,opposite_direction,1,-0.0225,0.012606043061035957,-0.0029546080354682256
2,512,balanced,exact,2,0.0,0.015218725999950026,0.013897463887365093
2,512,balanced,same_direction,2,0.0025000000000000014,0.011682770254448341,0.017003656797763687
2,512,balanced,opposite_direction,2,-0.0225,0.014114820508741553,-0.0018663633673368111
2,512,balanced,exact,3,0.0,0.013506656874139801,0.011874230102512678
2,512,balanced,same_direction,3,0.0025000000000000014,0.019245998338595225,0.021760914268269087
2,512,balanced,opposite_direction,3,-0.0225,0.013083657896077792,-0.0026525338744115374
2,512,balanced,exact,4,0.0,0.013078249098434873,0.011822628777241433
2,512,balanced,same_direction,4,0.0025000000000000014,0.020530039016785497,0.024339290911880203
2,512,balanced,opposite_direction,4,-0.0225,0.009321076199898453,-0.0017352519056315506
2,512,balanced,exact,5,0.0,0.014622480229850462,0.01284715872102624
2,512,balanced,same_direction,5,0.0025000000000000014,0.019224274660646558,0.026715818415356748
2,512,balanced,opposite_direction,5,-0.0225,0.007716949797785273,-0.003644828912817477
2,512,balanced,exact,6,0.0,0.011107478180741766,0.012821257712314509
2,512,balanced,same_direction,6,0.0025000000000000014,0.016423120754215332,0.018600014684552864
2,512,balanced,opposite_direction,6,-0.0225,0.011055738934592742,-0.002700310492869149
2,512,balanced,exact,7,0.0,0.015118203490770437,0.012442525899628104
2,512,balanced,same_direction,7,0.0025000000000000014,0.015389335990358004,0.019592403299208833
2,512,balanced,opposite_direction,7,-0.0225,0.01426459872771246,-0.0036504602967050814
2,512,balanced,exact,8,0.0,0.014487591550009777,0.01594919585472442
2,512,balanced,same_direction,8,0.0025000000000000014,0.02184098149251229,0.018092098706462344
2,512,balanced,opposite_direction,8,-0.0225,0.015522217280515753,-0.0009211328882166845
2,512,balanced,exact,9,0.0,0.010026844198541031,0.012713691427023294
2,512,balanced,same_direction,9,0.0025000000000000014,0.017778309282412995,0.023660709566297327
2,512,balanced,opposite_direction,9,-0.0225,0.012166025559639537,-0.0035784329660433142
2,512,balanced,exact,10,0.0,0.011632366946446494,0.01136786888665374
2,512,balanced,same_direction,10,0.0025000000000000014,0.015447720494180299,0.020379270870038838
2,512,balanced,opposite_direction,10,-0.0225,0.012077395905845629,-0.0024813043771300183
2,512,balanced,exact,11,0.0,0.011561424108455653,0.011800502671412031
2,512,balanced,same_direction,11,0.0025000000000000014,0.016779658684336004,0.01941184876000389
2,512,balanced,opposite_direction,11,-0.0225,0.01461520291163009,-0.0013644996691348544
2,512,balanced,exact,12,0.0,0.012310458786322713,0.010587856958073585
2,512,balanced,same_direction,12,0.0025000000000000014,0.02099514076644459,0.023441335657125754
2,512,balanced,opposite_direction,12,-0.0225,0.010065539275521191,-0.0036015128752131605
2,512,balanced,exact,13,0.0,0.012319974444120422,0.011319548756356615
2,512,balanced,same_direction,13,0.0025000000000000014,0.01882023147711718,0.024517677966158308
2,512,balanced,opposite_direction,13,-0.0225,0.010037638726855697,-0.003352899971583124
2,512,balanced,exact,14,0.0,0.011088387508448387,0.01058168154437739
2,512,balanced,same_direction,14,0.0025000000000000014,0.02198658766074592,0.021170598913035202
2,512,balanced,opposite_direction,14,-0.0225,0.013569738590654306,-0.0016365194608747749
2,512,balanced,exact,15,0.0,0.013628459382205287,0.014709957935083213
2,512,balanced,same_direction,15,0.0025000000000000014,0.02191342266532864,0.029517061182215393
2,512,balanced,opposite_direction,15,-0.0225,0.015561352081885962,0.0004193444179354907
2,512,balanced,exact,16,0.0,0.009757524245928219,0.012103069728082073
2,512,balanced,same_direction,16,0.0025000000000000014,0.01712414842722345,0.019347484802182444
2,512,balanced,opposite_direction,16,-0.0225,0.012707624603556959,-0.002494953892898039
2,512,balanced,exact,17,0.0,0.014196505734784162,0.013526966685052152
2,512,balanced,same_direction,17,0.0025000000000000014,0.018627318946759397,0.022395174308907313
2,512,balanced,opposite_direction,17,-0.0225,0.010827877265411097,-0.0030117463712512503
2,512,balanced,exact,18,0.0,0.011778169743408704,0.011826490095884521
2,512,balanced,same_direction,18,0.0025000000000000014,0.020048806169463407,0.01982003842569572
2,512,balanced,opposite_direction,18,-0.0225,0.012287198118463807,-0.002725354575684266
2,512,balanced,exact,19,0.0,0.01041610446295807,0.012216636073060429
2,512,balanced,same_direction,19,0.0025000000000000014,0.022529893756144254,0.025777211297482054
2,512,balanced,opposite_direction,19,-0.0225,0.011587908508638934,-0.0032673504238943177
2,512,balanced,exact,20,0.0,0.011930734946501131,0.010834860440096563
2,512,balanced,same_direction,20,0.0025000000000000014,0.021437278064875224,0.02381394323650942
2,512,balanced,opposite_direction,20,-0.0225,0.014780782131891476,-0.0017702370064887883
2,512,balanced,exact,21,0.0,0.01670500909973266,0.014121346425078467
2,512,balanced,same_direction,21,0.0025000000000000014,0.03145630448145772,0.02850860763100429
2,512,balanced,opposite_direction,21,-0.0225,0.012799524493641374,-0.0018982052617830076
2,512,balanced,exact,22,0.0,0.01126440608652049,0.010689364335722137
2,512,balanced,same_direction,22,0.0025000000000000014,0.02120861468887353,0.022080022617973684
2,512,balanced,opposite_direction,22,-0.0225,0.011983328510552789,-0.0021385200999150724
2,512,balanced,exact,23,0.0,0.013377475594409953,0.01077131350005566
2,512,balanced,same_direction,23,0.0025000000000000014,0.014228280333703214,0.019865811470873317
2,512,balanced,opposite_direction,23,-0.0225,0.010187447556296863,-0.004760998493857895
2,512,balanced,exact,24,0.0,0.01289062304096457,0.0104514289122663
2,512,balanced,same_direction,24,0.0025000000000000014,0.019201635009576647,0.022042912161479907
2,512,balanced,opposite_direction,24,-0.0225,0.010880244855310708,-0.00372427607108749
2,512,balanced,exact,25,0.0,0.011676626539853253,0.011252761586689983
2,512,balanced,same_direction,25,0.0025000000000000014,0.02264418858337503,0.024364703214920007
2,512,balanced,opposite_direction,25,-0.0225,0.009435854116224236,-0.002905166062762434
2,512,balanced,exact,26,0.0,0.014082381821465761,0.012137781460110455
2,512,balanced,same_direction,26,0.0025000000000000014,0.01683930172883896,0.01881615973761458
2,512,balanced,opposite_direction,26,-0.0225,0.014992813384330481,-0.0014105032293680612
2,512,balanced,exact,27,0.0,0.012234366126363166,0.011294551965077764
2,512,balanced,same_direction,27,0.0025000000000000014,0.017188359713740442,0.020634828286699082
2,512,balanced,opposite_direction,27,-0.0225,0.013420296740067138,-0.0013425747959514077
2,512,balanced,exact,28,0.0,0.009866072342804046,0.011947242038060402
2,512,balanced,same_direction,28,0.0025000000000000014,0.018861870283792843,0.02493078348122268
2,512,balanced,opposite_direction,28,-0.0225,0.011520723558990332,-0.0038730385982569306
2,512,balanced,exact,29,0.0,0.012196024059006414,0.012463152563003382
2,512,balanced,same_direction,29,0.0025000000000000014,0.014670847742136475,0.018149312539619565
2,512,balanced,opposite_direction,29,-0.0225,0.010901735541190716,-0.004577334745005296
2,512,balanced,exact,30,0.0,0.013864209309314738,0.013592718432221235
2,512,balanced,same_direction,30,0.0025000000000000014,0.026055841988882847,0.02501381780184552
2,512,balanced,opposite_direction,30,-0.0225,0.012460606534679975,-0.001751001607546081
2,512,balanced,exact,31,0.0,0.015880143333873373,0.015339999405870431
2,512,balanced,same_direction,31,0.0025000000000000014,0.014097784082655053,0.01547301320056934
2,512,balanced,opposite_direction,31,-0.0225,0.016275685446509508,-0.0006436103195533822
2,512,balanced,exact,32,0.0,0.011112208374233934,0.010802632785856671
2,512,balanced,same_direction,32,0.0025000000000000014,0.018791490215360807,0.0214752428477182
2,512,balanced,opposite_direction,32,-0.0225,0.014099979830176,-0.002164565064668466
2,512,balanced,exact,33,0.0,0.011387226256726918,0.012964113766994759
2,512,balanced,same_direction,33,0.0025000000000000014,0.02343084031893104,0.026843565203449802
2,512,balanced,opposite_direction,33,-0.0225,0.010255620289950992,-0.00233329976092029
2,512,balanced,exact,34,0.0,0.01084383465609686,0.012234368829902267
2,512,balanced,same_direction,34,0.0025000000000000014,0.019141695585988563,0.019193175580453314
2,512,balanced,opposite_direction,34,-0.0225,0.012180779779652817,-0.002721668155173388
2,512,balanced,exact,35,0.0,0.01124562159024466,0.01315671763369142
2,512,balanced,same_direction,35,0.0025000000000000014,0.016733284585833067,0.018377731100144307
2,512,balanced,opposite_direction,35,-0.0225,0.01386534684293295,-0.002340208892215672
2,512,balanced,exact,36,0.0,0.012307364262206542,0.01282691048310292
2,512,balanced,same_direction,36,0.0025000000000000014,0.019968168502142725,0.018543089777094988
2,512,balanced,opposite_direction,36,-0.0225,0.014811133326345432,-0.001789205147806189
2,512,balanced,exact,37,0.0,0.011869744613571862,0.012972755606762766
2,512,balanced,same_direction,37,0.0025000000000000014,0.016600401836022686,0.023763055020639773
2,512,balanced,opposite_direction,37,-0.0225,0.013871405281603837,-0.002128473552883296
2,512,balanced,exact,38,0.0,0.012351353306973303,0.011524683945018755
2,512,balanced,same_direction,38,0.0025000000000000014,0.022443574098851546,0.023214251704929988
2,512,balanced,opposite_direction,38,-0.0225,0.00963802634590497,-0.0036544657404314067
2,512,balanced,exact,39,0.0,0.011720983243142516,0.011549774370301169
2,512,balanced,same_direction,39,0.0025000000000000014,0.024040409929499816,0.024821918871509464
2,512,balanced,opposite_direction,39,-0.0225,0.01312031632250129,-0.002871943094931259
2,512,balanced,exact,40,0.0,0.01243306285816334,0.012787950875216881
2,512,balanced,same_direction,40,0.0025000000000000014,0.023603068715913764,0.02400364234925021
2,512,balanced,opposite_direction,40,-0.0225,0.014199226962455177,-0.0012107398714837644
2,512,balanced,exact,41,0.0,0.015401130517106438,0.013619251788720274
2,512,balanced,same_direction,41,0.0025000000000000014,0.012366943249124504,0.018043342585042643
2,512,balanced,opposite_direction,41,-0.0225,0.01306351904005469,-0.002461951946619199
2,512,balanced,exact,42,0.0,0.009400074340317812,0.010807459025462238
2,512,balanced,same_direction,42,0.0025000000000000014,0.01773647535225798,0.020826972058778447
2,512,balanced,opposite_direction,42,-0.0225,0.012054794993868035,-0.0029270564697806327
2,512,balanced,exact,43,0.0,0.012515641866148203,0.011101523322791497
2,512,balanced,same_direction,43,0.0025000000000000014,0.02146089011163768,0.024156207702366338
2,512,balanced,opposite_direction,43,-0.0225,0.01044409324087316,-0.0031773656197758614
2,512,balanced,exact,44,0.0,0.01431120773531551,0.015373764454371098
2,512,balanced,same_direction,44,0.0025000000000000014,0.02778758978435834,0.030304004091935392
2,512,balanced,opposite_direction,44,-0.0225,0.013651491521700709,-0.00205193523298662
2,512,balanced,exact,45,0.0,0.01298404196468766,0.01508738889194759
2,512,balanced,same_direction,45,0.0025000000000000014,0.01389197435856375,0.015939476103293358
2,512,balanced,opposite_direction,45,-0.0225,0.013786637202293478,-0.00253814383792149
2,512,balanced,exact,46,0.0,0.013040584641976449,0.015905098950773282
2,512,balanced,same_direction,46,0.0025000000000000014,0.019072048754447752,0.02618024790613834
2,512,balanced,opposite_direction,46,-0.0225,0.011315365525587212,-0.0016863893689500458
2,512,balanced,exact,47,0.0,0.010678766145405316,0.013719257664498014
2,512,balanced,same_direction,47,0.0025000000000000014,0.018177716436822068,0.019695526573990225
2,512,balanced,opposite_direction,47,-0.0225,0.012401947665186656,-0.0022737799329487374
2,512,balanced,exact,48,0.0,0.009800196377158536,0.011069354695985478
2,512,balanced,same_direction,48,0.0025000000000000014,0.01733929588046973,0.020654849729521994
2,512,balanced,opposite_direction,48,-0.0225,0.012212439836130625,-0.0028814958626962165
2,512,balanced,exact,49,0.0,0.009302952587526149,0.010568484583478059
2,512,balanced,same_direction,49,0.0025000000000000014,0.019440724380596065,0.022787767281873175
2,512,balanced,opposite_direction,49,-0.0225,0.013170745006153159,-0.0036359633903671465
2,512,balanced,exact,50,0.0,0.010264686195542664,0.011028009504648707
2,512,balanced,same_direction,50,0.0025000000000000014,0.022497239290689905,0.020762742929621124
2,512,balanced,opposite_direction,50,-0.0225,0.012249342101234727,-0.002329064946040401
2,512,balanced,exact,51,0.0,0.009329227074120745,0.012391930891821328
2,512,balanced,same_direction,51,0.0025000000000000014,0.020447660274178433,0.023370830395846167
2,512,balanced,opposite_direction,51,-0.0225,0.012781251941618353,-0.0025223973895260026
2,512,balanced,exact,52,0.0,0.01082988080966946,0.010485402266992579
2,512,balanced,same_direction,52,0.0025000000000000014,0.017247898232921964,0.02198851868192007
2,512,balanced,opposite_direction,52,-0.0225,0.014194455142526685,-0.0021244045628267764
2,512,balanced,exact,53,0.0,0.011328634141202951,0.011899539273603415
2,512,balanced,same_direction,53,0.0025000000000000014,0.018221481562673364,0.021459947246810017
2,512,balanced,opposite_direction,53,-0.0225,0.011849406817300616,-0.0018952186658238112
2,512,balanced,exact,54,0.0,0.01210886981829418,0.013808259515797946
2,512,balanced,same_direction,54,0.0025000000000000014,0.023699882397621875,0.028099914274416313
2,512,balanced,opposite_direction,54,-0.0225,0.010789558218437712,-0.0017610008532545924
2,512,balanced,exact,55,0.0,0.012683939634828006,0.013713040695713875
2,512,balanced,same_direction,55,0.0025000000000000014,0.014818796592971722,0.017809774182734814
2,512,balanced,opposite_direction,55,-0.0225,0.011637781053651453,-0.002198143342325584
2,512,balanced,exact,56,0.0,0.012081487587089032,0.012995913549439339
2,512,balanced,same_direction,56,0.0025000000000000014,0.020293894578128413,0.02325667718492065
2,512,balanced,opposite_direction,56,-0.0225,0.010536056532517542,-0.003108291731847849
2,512,balanced,exact,57,0.0,0.013598296464238957,0.013393866426936425
2,512,balanced,same_direction,57,0.0025000000000000014,0.022028218184062903,0.023963101552393472
2,512,balanced,opposite_direction,57,-0.0225,0.012952949860782298,-0.0014472447417372982
2,512,balanced,exact,58,0.0,0.01323115737544837,0.014171998767483401
2,512,balanced,same_direction,58,0.0025000000000000014,0.02301175139832765,0.028429781881041723
2,512,balanced,opposite_direction,58,-0.0225,0.012594402272953702,-0.0025705621431549646
2,512,balanced,exact,59,0.0,0.012018468030430428,0.012005761352291942
2,512,balanced,same_direction,59,0.0025000000000000014,0.01641882903129057,0.019605675100289842
2,512,balanced,opposite_direction,59,-0.0225,0.011212278346544965,-0.0029864699602583054
2,512,balanced,exact,60,0.0,0.014635139288917142,0.013342947191225417
2,512,balanced,same_direction,60,0.0025000000000000014,0.021347892167003238,0.02184042452754923
2,512,balanced,opposite_direction,60,-0.0225,0.011651681513201154,-0.0036090753038567486
2,512,balanced,exact,61,0.0,0.01199270989595164,0.013280739754693899
2,512,balanced,same_direction,61,0.0025000000000000014,0.022001127543225307,0.02254696418738715
2,512,balanced,opposite_direction,61,-0.0225,0.011223513764907812,-0.002198373140408791
2,512,balanced,exact,62,0.0,0.01375763075847265,0.012202351411633006
2,512,balanced,same_direction,62,0.0025000000000000014,0.025160857658291885,0.023356912198020024
2,512,balanced,opposite_direction,62,-0.0225,0.012471972214560768,-0.0023335516484235845
2,512,balanced,exact,63,0.0,0.01045623180188035,0.011099290080543684
2,512,balanced,same_direction,63,0.0025000000000000014,0.019117680235098453,0.022003381141875823
2,512,balanced,opposite_direction,63,-0.0225,0.013958697503973357,-0.003244086229711758
2,512,balanced,exact,64,0.0,0.010323924897590606,0.011817966841775645
2,512,balanced,same_direction,64,0.0025000000000000014,0.01729772472771683,0.019617179696598826
2,512,balanced,opposite_direction,64,-0.0225,0.013813959445513724,-0.0018696171076536404
2,512,balanced,exact,65,0.0,0.012304117960756263,0.011806869021117517
2,512,balanced,same_direction,65,0.0025000000000000014,0.013746764491787116,0.019220385970090896
2,512,balanced,opposite_direction,65,-0.0225,0.01010331579423028,-0.004192618130020592
2,512,balanced,exact,66,0.0,0.01694564864286334,0.014793269611646634
2,512,balanced,same_direction,66,0.0025000000000000014,0.019638419430893474,0.018338093808759892
2,512,balanced,opposite_direction,66,-0.0225,0.011961950683649886,-0.002091793303047823
2,512,balanced,exact,67,0.0,0.017464880644066674,0.016262819715758468
2,512,balanced,same_direction,67,0.0025000000000000014,0.012894525427663655,0.01472985361012306
2,512,balanced,opposite_direction,67,-0.0225,0.014907007690158345,-0.0015384750080303495
2,512,balanced,exact,68,0.0,0.014306329190939826,0.014415142130635153
2,512,balanced,same_direction,68,0.0025000000000000014,0.028110354832255303,0.02881624271116425
2,512,balanced,opposite_direction,68,-0.0225,0.011560845451521999,-0.002308605455768932
2,512,balanced,exact,69,0.0,0.009991846215265093,0.01182331434213079
2,512,balanced,same_direction,69,0.0025000000000000014,0.02137085124089619,0.024628599203287353
2,512,balanced,opposite_direction,69,-0.0225,0.013157858838373305,-0.0022336469776924944
2,512,balanced,exact,70,0.0,0.010986716155318604,0.012025835292852914
2,512,balanced,same_direction,70,0.0025000000000000014,0.018679045287677963,0.025489115900254378
2,512,balanced,opposite_direction,70,-0.0225,0.013851218121067987,-0.0023388837956934976
2,512,balanced,exact,71,0.0,0.011331285929062932,0.010534110519381731
2,512,balanced,same_direction,71,0.0025000000000000014,0.02174475181730251,0.023361662127012076
2,512,balanced,opposite_direction,71,-0.0225,0.013789867841324284,-0.001529383482999977
2,512,balanced,exact,72,0.0,0.012956364694726418,0.013962047461856697
2,512,balanced,same_direction,72,0.0025000000000000014,0.023170543636168182,0.02568598814708937
2,512,balanced,opposite_direction,72,-0.0225,0.011453543375268044,-0.002294891642840199
2,512,balanced,exact,73,0.0,0.0150466772336769,0.012959990702589566
2,512,balanced,same_direction,73,0.0025000000000000014,0.015048429437646983,0.01880394800177066
2,512,balanced,opposite_direction,73,-0.0225,0.015305672776966959,-0.0008063574900563854
2,512,balanced,exact,74,0.0,0.015662195771855195,0.013401860080510877
2,512,balanced,same_direction,74,0.0025000000000000014,0.023562183207608903,0.020852609237511838
2,512,balanced,opposite_direction,74,-0.0225,0.01588075737271176,-0.0011172599487441837
2,512,balanced,exact,75,0.0,0.012504916974904731,0.015008961059228235
2,512,balanced,same_direction,75,0.0025000000000000014,0.016005994734857993,0.0208763695544686
2,512,balanced,opposite_direction,75,-0.0225,0.014542427899771563,-0.0017569590595525291
2,512,balanced,exact,76,0.0,0.012693426930507172,0.014411230447780511
2,512,balanced,same_direction,76,0.0025000000000000014,0.01537715705617129,0.01871202170619595
2,512,balanced,opposite_direction,76,-0.0225,0.012666330842836627,-0.001461518908091967
2,512,balanced,exact,77,0.0,0.010634019797973022,0.011221431582564854
2,512,balanced,same_direction,77,0.0025000000000000014,0.01901089803629404,0.020175084168948754
2,512,balanced,opposite_direction,77,-0.0225,0.013291451053560003,-0.0015033633690502328
2,512,balanced,exact,78,0.0,0.012393716871774789,0.012633331665590188
2,512,balanced,same_direction,78,0.0025000000000000014,0.015207400212810824,0.018591855363770518
2,512,balanced,opposite_direction,78,-0.0225,0.01392179855744377,-0.0016845301527493553
2,512,balanced,exact,79,0.0,0.009500498407505178,0.011310703142917131
2,512,balanced,same_direction,79,0.0025000000000000014,0.018065460607108043,0.02020257670270218
2,512,balanced,opposite_direction,79,-0.0225,0.012300113225423497,-0.0034041605721988753
2,512,balanced,exact,80,0.0,0.01500672305010569,0.012906185661089167
2,512,balanced,same_direction,80,0.0025000000000000014,0.0265882902442346,0.02595635870113503
2,512,balanced,opposite_direction,80,-0.0225,0.015189710282725708,-0.001296783810636304
2,512,balanced,exact,81,0.0,0.01290599222787837,0.012641370168749062
2,512,balanced,same_direction,81,0.0025000000000000014,0.016265433905504043,0.021989083259676606
2,512,balanced,opposite_direction,81,-0.0225,0.014156858480164784,-0.0021843384025680554
2,512,balanced,exact,82,0.0,0.013827162570648616,0.013845174065478208
2,512,balanced,same_direction,82,0.0025000000000000014,0.016510411178005502,0.018146388152659423
2,512,balanced,opposite_direction,82,-0.0225,0.0128437768266489,-0.0016329157977604434
2,512,balanced,exact,83,0.0,0.013180560380652635,0.01150648247487657
2,512,balanced,same_direction,83,0.0025000000000000014,0.021191196650812708,0.024936418113286278
2,512,balanced,opposite_direction,83,-0.0225,0.007492931226358071,-0.00507104300331756
2,512,balanced,exact,84,0.0,0.013099080249097264,0.013785866885451588
2,512,balanced,same_direction,84,0.0025000000000000014,0.01755643197123897,0.017180187766863007
2,512,balanced,opposite_direction,84,-0.0225,0.012219438589007503,-0.001608674379913614
2,512,balanced,exact,85,0.0,0.012072385247720896,0.013009939218709347
2,512,balanced,same_direction,85,0.0025000000000000014,0.01797048566941337,0.02040363627544428
2,512,balanced,opposite_direction,85,-0.0225,0.010461317493795735,-0.0029260723084226494
2,512,balanced,exact,86,0.0,0.013614818588158894,0.015220511742581589
2,512,balanced,same_direction,86,0.0025000000000000014,0.026849306617296845,0.030083325736267867
2,512,balanced,opposite_direction,86,-0.0225,0.011804452413232788,-0.002032634252381482
2,512,balanced,exact,87,0.0,0.012168405927469893,0.011149624027655822
2,512,balanced,same_direction,87,0.0025000000000000014,0.02069165076754155,0.02210495245764047
2,512,balanced,opposite_direction,87,-0.0225,0.014868455460817071,-0.0021301330513895343
2,512,balanced,exact,88,0.0,0.014486552382854134,0.013019249372525611
2,512,balanced,same_direction,88,0.0025000000000000014,0.024393642136445924,0.024569480826085666
2,512,balanced,opposite_direction,88,-0.0225,0.01490292865345913,-0.0020275440632192723
2,512,balanced,exact,89,0.0,0.011849029866098426,0.011734587079929248
2,512,balanced,same_direction,89,0.0025000000000000014,0.01718553298492294,0.019841756496830017
2,512,balanced,opposite_direction,89,-0.0225,0.010337838302366542,-0.0036148943685971836
2,512,balanced,exact,90,0.0,0.00980811078096205,0.013141815489316354
2,512,balanced,same_direction,90,0.0025000000000000014,0.02091283737523473,0.02713232786626007
2,512,balanced,opposite_direction,90,-0.0225,0.012804746269674875,-0.0011652210841249708
2,512,balanced,exact,91,0.0,0.011472230337409642,0.01195341324043094
2,512,balanced,same_direction,91,0.0025000000000000014,0.01901887808278864,0.022560451869610143
2,512,balanced,opposite_direction,91,-0.0225,0.014518931243103063,-0.001977845506769695
2,512,balanced,exact,92,0.0,0.01111979623650933,0.012603533110425946
2,512,balanced,same_direction,92,0.0025000000000000014,0.023452624407043633,0.026296477873769954
2,512,balanced,opposite_direction,92,-0.0225,0.011759269989713961,-0.002487882135578277
2,512,balanced,exact,93,0.0,0.011731323189322308,0.011887712924842898
2,512,balanced,same_direction,93,0.0025000000000000014,0.015349048898168757,0.019438453704761514
2,512,balanced,opposite_direction,93,-0.0225,0.011189394711438563,-0.00341687480545915
2,512,balanced,exact,94,0.0,0.01278596687158523,0.013185052876591937
2,512,balanced,same_direction,94,0.0025000000000000014,0.016845991190020462,0.020222282826255166
2,512,balanced,opposite_direction,94,-0.0225,0.015020950599448848,-0.0025487954400615826
2,512,balanced,exact,95,0.0,0.015000764448542286,0.011057019802925038
2,512,balanced,same_direction,95,0.0025000000000000014,0.016466321845245057,0.020101434631146366
2,512,balanced,opposite_direction,95,-0.0225,0.016618626707226615,-0.0010390353490569324
2,512,balanced,exact,96,0.0,0.011385970469084222,0.012779819275870127
2,512,balanced,same_direction,96,0.0025000000000000014,0.021772864830048082,0.02659092136007727
2,512,balanced,opposite_direction,96,-0.0225,0.011211882637577344,-0.0022327103648045283
2,512,balanced,exact,97,0.0,0.012499057814244523,0.011286299808924002
2,512,balanced,same_direction,97,0.0025000000000000014,0.01965834960739121,0.02002156532866193
2,512,balanced,opposite_direction,97,-0.0225,0.01479387304415666,-0.0013328507475591066
2,512,balanced,exact,98,0.0,0.01380634193022191,0.010730144612789365
2,512,balanced,same_direction,98,0.0025000000000000014,0.025778707114430102,0.02371042469169845
2,512,balanced,opposite_direction,98,-0.0225,0.014260692208368746,-0.003801071782781308
2,512,balanced,exact,99,0.0,0.012685065493433584,0.012563418507338274
2,512,balanced,same_direction,99,0.0025000000000000014,0.0238800138448162,0.0263089266616785
2,512,balanced,opposite_direction,99,-0.0225,0.010974547676452407,-0.0035128282069776585
2,512,balanced,exact,100,0.0,0.010913021604404955,0.012214853749683105
2,512,balanced,same_direction,100,0.0025000000000000014,0.018524592871837033,0.019215188439178257
2,512,balanced,opposite_direction,100,-0.0225,0.012760758048019478,-0.0020463651768662383
2,512,balanced,exact,101,0.0,0.014348213935486288,0.014286434887586165
2,512,balanced,same_direction,101,0.0025000000000000014,0.012023575084356258,0.016042421469513166
2,512,balanced,opposite_direction,101,-0.0225,0.011914249444655904,-0.004325961802157716
2,512,balanced,exact,102,0.0,0.013993212494855242,0.01401488794350186
2,512,balanced,same_direction,102,0.0025000000000000014,0.022635360343139857,0.024317283140410623
2,512,balanced,opposite_direction,102,-0.0225,0.016003944828294606,-0.0013400163633113488
2,512,balanced,exact,103,0.0,0.013745034785565394,0.012705196601283627
2,512,balanced,same_direction,103,0.0025000000000000014,0.017247358423423405,0.020722389377395505
2,512,balanced,opposite_direction,103,-0.0225,0.014054771247764745,-0.00201366019760208
2,512,balanced,exact,104,0.0,0.013037816750739641,0.01354917316921549
2,512,balanced,same_direction,104,0.0025000000000000014,0.020287885571581656,0.01805799066217899
2,512,balanced,opposite_direction,104,-0.0225,0.014341219488095693,-0.002280197204078929
2,512,balanced,exact,105,0.0,0.014408340880549809,0.012923308005459114
2,512,balanced,same_direction,105,0.0025000000000000014,0.026562587908522953,0.026823187376879797
2,512,balanced,opposite_direction,105,-0.0225,0.012374902462132667,-0.00225874247840645
2,512,balanced,exact,106,0.0,0.012397993420584343,0.011656486972971638
2,512,balanced,same_direction,106,0.0025000000000000014,0.01875784919500771,0.01984239065748295
2,512,balanced,opposite_direction,106,-0.0225,0.012747160712079467,-0.003967389293164465
2,512,balanced,exact,107,0.0,0.01392034632897006,0.01272906426029461
2,512,balanced,same_direction,107,0.0025000000000000014,0.0241931425128327,0.025148177773532572
2,512,balanced,opposite_direction,107,-0.0225,0.015823994689569125,-0.0010889864406018078
2,512,balanced,exact,108,0.0,0.013290639455953771,0.013067610429244612
2,512,balanced,same_direction,108,0.0025000000000000014,0.022599174150773838,0.0221489708551669
2,512,balanced,opposite_direction,108,-0.0225,0.013256766033658319,-0.003168956202285252
2,512,balanced,exact,109,0.0,0.014759240674883637,0.012344013689142083
2,512,balanced,same_direction,109,0.0025000000000000014,0.027434161998526045,0.026016917124520776
2,512,balanced,opposite_direction,109,-0.0225,0.013654649350593639,-0.0018537746092410147
2,512,balanced,exact,110,0.0,0.012886086731356685,0.011935622081572037
2,512,balanced,same_direction,110,0.0025000000000000014,0.022866346860864428,0.022001385015588033
2,512,balanced,opposite_direction,110,-0.0225,0.01117816696705103,-0.004019929076918454
2,512,balanced,exact,111,0.0,0.012143377823234072,0.013426669729832637
2,512,balanced,same_direction,111,0.0025000000000000014,0.0204960040934402,0.022791035425797017
2,512,balanced,opposite_direction,111,-0.0225,0.013827679974440166,-0.0020458856818722842
2,512,balanced,exact,112,0.0,0.012628650415643834,0.011929888144566629
2,512,balanced,same_direction,112,0.0025000000000000014,0.01630657817589988,0.018693617908329047
2,512,balanced,opposite_direction,112,-0.0225,0.012832894896582807,-0.004476373997074819
2,512,balanced,exact,113,0.0,0.01399432701096652,0.012713838628292395
2,512,balanced,same_direction,113,0.0025000000000000014,0.012820721428967244,0.018801774759033357
2,512,balanced,opposite_direction,113,-0.0225,0.013902154229020481,-0.002613132157808835
2,512,balanced,exact,114,0.0,0.009353844930657726,0.01158259017621869
2,512,balanced,same_direction,114,0.0025000000000000014,0.019268598713822468,0.023101207726711342
2,512,balanced,opposite_direction,114,-0.0225,0.013387842710494879,-0.0027093818604547034
2,512,balanced,exact,115,0.0,0.012478523139252256,0.015243438092834648
2,512,balanced,same_direction,115,0.0025000000000000014,0.020964081505670182,0.021863359781735692
2,512,balanced,opposite_direction,115,-0.0225,0.01339491681525725,-0.001236582047483557
2,512,balanced,exact,116,0.0,0.010995612256421393,0.013878733659539684
2,512,balanced,same_direction,116,0.0025000000000000014,0.02026743623337489,0.02581485209287105
2,512,balanced,opposite_direction,116,-0.0225,0.012947666141379308,-0.0012133879643170678
2,512,balanced,exact,117,0.0,0.014726326686029476,0.01247684770011849
2,512,balanced,same_direction,117,0.0025000000000000014,0.01838599777828584,0.018953093673954806
2,512,balanced,opposite_direction,117,-0.0225,0.011557933854710559,-0.0020144503311527546
2,512,balanced,exact,118,0.0,0.014005024256850162,0.010853546753113587
2,512,balanced,same_direction,118,0.0025000000000000014,0.02249970672365141,0.023807751212526526
2,512,balanced,opposite_direction,118,-0.0225,0.015025528043415866,-0.0023482896414486316
2,512,balanced,exact,119,0.0,0.012077472936924839,0.013594835478074078
2,512,balanced,same_direction,119,0.0025000000000000014,0.024868610092641217,0.027433873352498674
2,512,balanced,opposite_direction,119,-0.0225,0.012482815787795986,-0.0020245494823312904
2,512,balanced,exact,120,0.0,0.012923535842671042,0.013856882163996324
2,512,balanced,same_direction,120,0.0025000000000000014,0.026608382944344013,0.028039809672007213
2,512,balanced,opposite_direction,120,-0.0225,0.013357730298887637,-0.0017996468127831609
2,512,balanced,exact,121,0.0,0.009733365260504093,0.010346171177846072
2,512,balanced,same_direction,121,0.0025000000000000014,0.018608199519569685,0.02126986218853693
2,512,balanced,opposite_direction,121,-0.0225,0.01202887531914746,-0.003920959610862683
2,512,balanced,exact,122,0.0,0.012926768011622578,0.013164644031460993
2,512,balanced,same_direction,122,0.0025000000000000014,0.017946623432812246,0.01783520966340356
2,512,balanced,opposite_direction,122,-0.0225,0.008613721774748648,-0.0033883275839373533
2,512,balanced,exact,123,0.0,0.01143574299324623,0.012265633418225574
2,512,balanced,same_direction,123,0.0025000000000000014,0.018896408053646722,0.01888137752961153
2,512,balanced,opposite_direction,123,-0.0225,0.011139086458046697,-0.003774408946533327
2,512,balanced,exact,124,0.0,0.013218360969422928,0.010767280229210946
2,512,balanced,same_direction,124,0.0025000000000000014,0.017724593169198367,0.02061801713214404
2,512,balanced,opposite_direction,124,-0.0225,0.011767412186975246,-0.002892420202182267
2,512,balanced,exact,125,0.0,0.011114224575415077,0.011622501679178339
2,512,balanced,same_direction,125,0.0025000000000000014,0.019013948892826094,0.024870584664024795
2,512,balanced,opposite_direction,125,-0.0225,0.013552897420356941,-0.002913406727967521
2,512,balanced,exact,126,0.0,0.013539603611571025,0.015363767533571791
2,512,balanced,same_direction,126,0.0025000000000000014,0.014221596440639358,0.015757709463091844
2,512,balanced,opposite_direction,126,-0.0225,0.011561818758199421,-0.001942099180323491
2,512,balanced,exact,127,0.0,0.013389148540675747,0.013535313303568518
2,512,balanced,same_direction,127,0.0025000000000000014,0.016527402100926264,0.017649837887304815
2,512,balanced,opposite_direction,127,-0.0225,0.010619136844683642,-0.0032596174003193907
2,512,balanced,exact,128,0.0,0.0131188352897129,0.0146607943867414
2,512,balanced,same_direction,128,0.0025000000000000014,0.015278742624625837,0.017687621306779644
2,512,balanced,opposite_direction,128,-0.0225,0.011580171140856655,-0.0017716937070938674
2,512,balanced,exact,129,0.0,0.01247292754029902,0.011703013535943135
2,512,balanced,same_direction,129,0.0025000000000000014,0.016005122263206353,0.01985675354227074
2,512,balanced,opposite_direction,129,-0.0225,0.014329431333117568,-0.0026624076429608468
2,512,balanced,exact,130,0.0,0.01084188857847539,0.013106541094085962
2,512,balanced,same_direction,130,0.0025000000000000014,0.021926066692100604,0.027119653704770576
2,512,balanced,opposite_direction,130,-0.0225,0.013624313599017604,-0.002207523974275067
2,512,balanced,exact,131,0.0,0.012155655809417323,0.013654134128484081
2,512,balanced,same_direction,131,0.0025000000000000014,0.019300946117123907,0.01972859414686652
2,512,balanced,opposite_direction,131,-0.0225,0.012771975739181027,-0.0017349996106437178
2,512,balanced,exact,132,0.0,0.01152850657289715,0.012410831826190186
2,512,balanced,same_direction,132,0.0025000000000000014,0.018892295296488254,0.01911127147364437
2,512,balanced,opposite_direction,132,-0.0225,0.014747707934302577,-0.00210232845814989
2,512,balanced,exact,133,0.0,0.011139469504794726,0.012052821697043872
2,512,balanced,same_direction,133,0.0025000000000000014,0.01881961667197756,0.022353233340886916
2,512,balanced,opposite_direction,133,-0.0225,0.01045683021430938,-0.0036664302116696966
2,512,balanced,exact,134,0.0,0.009827306373628806,0.012023554828027621
2,512,balanced,same_direction,134,0.0025000000000000014,0.02190095116650954,0.025456245520190768
2,512,balanced,opposite_direction,134,-0.0225,0.013379803863105522,-0.0020819752350315197
2,512,balanced,exact,135,0.0,0.011929435266688201,0.01240423538766075
2,512,balanced,same_direction,135,0.0025000000000000014,0.021070200103296466,0.019871936505900068
2,512,balanced,opposite_direction,135,-0.0225,0.013028243141728721,-0.0037173000150351734
2,512,balanced,exact,136,0.0,0.0116819438033783,0.01219585748330727
2,512,balanced,same_direction,136,0.0025000000000000014,0.021754254277895048,0.02579832627432089
2,512,balanced,opposite_direction,136,-0.0225,0.01051503085607416,-0.0028020574563027553
2,512,balanced,exact,137,0.0,0.015667607691981514,0.014710086962922132
2,512,balanced,same_direction,137,0.0025000000000000014,0.017827644108423843,0.016577279281422167
2,512,balanced,opposite_direction,137,-0.0225,0.01413165512933811,-0.0022452909339986324
2,512,balanced,exact,138,0.0,0.011009100356673745,0.010522602448196108
2,512,balanced,same_direction,138,0.0025000000000000014,0.017455393569588834,0.021659418200930584
2,512,balanced,opposite_direction,138,-0.0225,0.012690788924306569,-0.0026179139913015087
2,512,balanced,exact,139,0.0,0.013076792979415072,0.014025123774324452
2,512,balanced,same_direction,139,0.0025000000000000014,0.014531377523200264,0.017080159226151984
2,512,balanced,opposite_direction,139,-0.0225,0.012650981816331907,-0.0018080197110135806
2,512,balanced,exact,140,0.0,0.00949754529997499,0.011122787275385206
2,512,balanced,same_direction,140,0.0025000000000000014,0.018079859850852063,0.023324338723156625
2,512,balanced,opposite_direction,140,-0.0225,0.012618161391668027,-0.0029099321026060604
2,512,balanced,exact,141,0.0,0.009947281232704653,0.010698668070027097
2,512,balanced,same_direction,141,0.0025000000000000014,0.019089860468866637,0.021173490999135326
2,512,balanced,opposite_direction,141,-0.0225,0.011273349616048367,-0.003658796316030273
2,512,balanced,exact,142,0.0,0.01223873329561213,0.0117336875258463
2,512,balanced,same_direction,142,0.0025000000000000014,0.01871925983048948,0.0207702877587922
2,512,balanced,opposite_direction,142,-0.0225,0.012419577517302485,-0.0020377099150701975
2,512,balanced,exact,143,0.0,0.012366937770500835,0.01135636467141772
2,512,balanced,same_direction,143,0.0025000000000000014,0.02318684874913817,0.0243474654995575
2,512,balanced,opposite_direction,143,-0.0225,0.011587093842441257,-0.002319019256648531
2,512,balanced,exact,144,0.0,0.014367712484273378,0.012804037584004252
2,512,balanced,same_direction,144,0.0025000000000000014,0.02225404776646772,0.026758793331847046
2,512,balanced,opposite_direction,144,-0.0225,0.010945314391934764,-0.0016298862940470832
2,512,balanced,exact,145,0.0,0.015685450599905174,0.014573912604349374
2,512,balanced,same_direction,145,0.0025000000000000014,0.015887513259486636,0.015596752208325794
2,512,balanced,opposite_direction,145,-0.0225,0.013366014482152596,-0.0032958372024737945
2,512,balanced,exact,146,0.0,0.013241933790036025,0.013446284953904073
2,512,balanced,same_direction,146,0.0025000000000000014,0.018707002877938264,0.022184336554324665
2,512,balanced,opposite_direction,146,-0.0225,0.014582501880424235,-0.0018030428958495295
2,512,balanced,exact,147,0.0,0.011737327526665722,0.012979100743562334
2,512,balanced,same_direction,147,0.0025000000000000014,0.020097822242494214,0.0224096864170475
2,512,balanced,opposite_direction,147,-0.0225,0.012260373397889466,-0.0032212309043663807
2,512,balanced,exact,148,0.0,0.014687418598023964,0.013227107761623698
2,512,balanced,same_direction,148,0.0025000000000000014,0.018440142587162582,0.021617188596845305
2,512,balanced,opposite_direction,148,-0.0225,0.012493593085307777,-0.00365979188022935
2,512,balanced,exact,149,0.0,0.013810642761105645,0.014555719904048676
2,512,balanced,same_direction,149,0.0025000000000000014,0.02143725939431928,0.02225044123604103
2,512,balanced,opposite_direction,149,-0.0225,0.01021274451071273,-0.0031188912936642122
2,512,balanced,exact,150,0.0,0.013093782735382543,0.013473216119643862
2,512,balanced,same_direction,150,0.0025000000000000014,0.024475970193949342,0.026190022066730288
2,512,balanced,opposite_direction,150,-0.0225,0.013448888002539057,-0.0018094777074929335
2,512,balanced,exact,151,0.0,0.01255517177588799,0.01336551083466591
2,512,balanced,same_direction,151,0.0025000000000000014,0.02443958427671196,0.02742254570971684
2,512,balanced,opposite_direction,151,-0.0225,0.01245199765083437,-0.002139328259621361
2,512,balanced,exact,152,0.0,0.011698554955404415,0.011721306147131341
2,512,balanced,same_direction,152,0.0025000000000000014,0.02300073356441517,0.02374589078508841
2,512,balanced,opposite_direction,152,-0.0225,0.013481497590778083,-0.00205510638149923
2,512,balanced,exact,153,0.0,0.01169412738573616,0.01266143427161729
2,512,balanced,same_direction,153,0.0025000000000000014,0.016978029119662924,0.01853942518427607
2,512,balanced,opposite_direction,153,-0.0225,0.011419492272314069,-0.0016313869867746011
2,512,balanced,exact,154,0.0,0.013901782401061446,0.014212080352699958
2,512,balanced,same_direction,154,0.0025000000000000014,0.024591503715092715,0.023893536469702357
2,512,balanced,opposite_direction,154,-0.0225,0.01272071320301455,-0.0008613556023479199
2,512,balanced,exact,155,0.0,0.0115136561015876,0.012021395612573076
2,512,balanced,same_direction,155,0.0025000000000000014,0.018139680905527776,0.02326655422701408
2,512,balanced,opposite_direction,155,-0.0225,0.013255838899346142,-0.0012269052924785645
2,512,balanced,exact,156,0.0,0.011324157201566133,0.012216475069043858
2,512,balanced,same_direction,156,0.0025000000000000014,0.023452760225006697,0.025793364985719117
2,512,balanced,opposite_direction,156,-0.0225,0.012909491624244937,-0.003320523177161975
2,512,balanced,exact,157,0.0,0.011963448266785602,0.011076258036767225
2,512,balanced,same_direction,157,0.0025000000000000014,0.023000131013741664,0.022649646880507752
2,512,balanced,opposite_direction,157,-0.0225,0.014579507459187116,-0.0019128154179711638
2,512,balanced,exact,158,0.0,0.013407607279751465,0.012601152621805462
2,512,balanced,same_direction,158,0.0025000000000000014,0.014173498417780957,0.018366476632512292
2,512,balanced,opposite_direction,158,-0.0225,0.015706258074663415,-0.0011565744588774222
2,512,balanced,exact,159,0.0,0.009360767845593016,0.011469250197944276
2,512,balanced,same_direction,159,0.0025000000000000014,0.01833071267792008,0.02012824817522898
2,512,balanced,opposite_direction,159,-0.0225,0.012620941497090737,-0.0020616878090128606
2,512,balanced,exact,160,0.0,0.012995921032975052,0.012531281210668115
2,512,balanced,same_direction,160,0.0025000000000000014,0.02165088997405408,0.026236794824363908
2,512,balanced,opposite_direction,160,-0.0225,0.008253992933055933,-0.0029045366264275063
2,512,balanced,exact,161,0.0,0.009128891063816324,0.01158078557021798
2,512,balanced,same_direction,161,0.0025000000000000014,0.019276633022500975,0.024840633738248324
2,512,balanced,opposite_direction,161,-0.0225,0.011994271807198595,-0.0024785906951675938
2,512,balanced,exact,162,0.0,0.010783977090866946,0.012212237371897295
2,512,balanced,same_direction,162,0.0025000000000000014,0.022472905192068352,0.02581256720118639
2,512,balanced,opposite_direction,162,-0.0225,0.012520654969541677,-0.003287061814341321
2,512,balanced,exact,163,0.0,0.012334228507130944,0.012038671146781966
2,512,balanced,same_direction,163,0.0025000000000000014,0.01573145756701433,0.018997625831223573
2,512,balanced,opposite_direction,163,-0.0225,0.014405891656278074,-0.0030712793039473036
2,512,balanced,exact,164,0.0,0.011101432059026018,0.011331991869869995
2,512,balanced,same_direction,164,0.0025000000000000014,0.01711330467101505,0.020946225133573124
2,512,balanced,opposite_direction,164,-0.0225,0.013606158961807679,-0.0024372480545997535
2,512,balanced,exact,165,0.0,0.01199875330877697,0.01168574880084671
2,512,balanced,same_direction,165,0.0025000000000000014,0.020451254486106046,0.025025231956350175
2,512,balanced,opposite_direction,165,-0.0225,0.01414677950340677,-0.001834560792009012
2,512,balanced,exact,166,0.0,0.015851877574323416,0.01119637636669707
2,512,balanced,same_direction,166,0.0025000000000000014,0.030880701185795466,0.02426833696858225
2,512,balanced,opposite_direction,166,-0.0225,0.01288759488879061,-0.003216480062291855
2,512,balanced,exact,167,0.0,0.010569536030850105,0.011508366644329165
2,512,balanced,same_direction,167,0.0025000000000000014,0.018661296429246816,0.024732775299906834
2,512,balanced,opposite_direction,167,-0.0225,0.012495824361834941,-0.0024620999507479224
2,512,balanced,exact,168,0.0,0.009210550015550028,0.012264615272908732
2,512,balanced,same_direction,168,0.0025000000000000014,0.019716893127732393,0.022557463684120503
2,512,balanced,opposite_direction,168,-0.0225,0.01316149176901399,-0.0025863247984419346
2,512,balanced,exact,169,0.0,0.011526242532471894,0.010226102307089518
2,512,balanced,same_direction,169,0.0025000000000000014,0.018610430421175286,0.02290979052395991
2,512,balanced,opposite_direction,169,-0.0225,0.010258440866191182,-0.0026368936433210674
2,512,balanced,exact,170,0.0,0.011927813868538297,0.012274435719910454
2,512,balanced,same_direction,170,0.0025000000000000014,0.014788459824079211,0.01919531962959317
2,512,balanced,opposite_direction,170,-0.0225,0.01367247311986637,-0.0023150114158443248
2,512,balanced,exact,171,0.0,0.011264015190666846,0.013858575358288642
2,512,balanced,same_direction,171,0.0025000000000000014,0.023267855613944836,0.02594949862154044
2,512,balanced,opposite_direction,171,-0.0225,0.013915724160466294,-0.0009146587514086899
2,512,balanced,exact,172,0.0,0.011766146300726078,0.011819091114632207
2,512,balanced,same_direction,172,0.0025000000000000014,0.021207469455343957,0.020377350952759554
2,512,balanced,opposite_direction,172,-0.0225,0.014155135450052501,-0.0025472713312937587
2,512,balanced,exact,173,0.0,0.01162984358334881,0.011966650086514225
2,512,balanced,same_direction,173,0.0025000000000000014,0.023230894405823287,0.02365660650540762
2,512,balanced,opposite_direction,173,-0.0225,0.011693209081033662,-0.0014376373860742286
2,512,balanced,exact,174,0.0,0.012107199282608373,0.013019366214367443
2,512,balanced,same_direction,174,0.0025000000000000014,0.018316901219232025,0.019771848424206786
2,512,balanced,opposite_direction,174,-0.0225,0.012174275362510076,-0.0028409661585021458
2,512,balanced,exact,175,0.0,0.010830643877683118,0.011255598364567347
2,512,balanced,same_direction,175,0.0025000000000000014,0.016514579163702393,0.020454476352062004
2,512,balanced,opposite_direction,175,-0.0225,0.011773626074282595,-0.002357388484640144
2,512,balanced,exact,176,0.0,0.012430694070200978,0.012546897802943867
2,512,balanced,same_direction,176,0.0025000000000000014,0.025725376065516524,0.026060771120519806
2,512,balanced,opposite_direction,176,-0.0225,0.012845378428110173,-0.002533443942166477
2,512,balanced,exact,177,0.0,0.013148782089032845,0.011470030370907183
2,512,balanced,same_direction,177,0.0025000000000000014,0.022748810840895133,0.024768411204525675
2,512,balanced,opposite_direction,177,-0.0225,0.01290089719668577,-0.0032224667621336333
2,512,balanced,exact,178,0.0,0.015457347902811744,0.012153116508855238
2,512,balanced,same_direction,178,0.0025000000000000014,0.020109693698682853,0.02266168242078422
2,512,balanced,opposite_direction,178,-0.0225,0.005679480054912029,-0.004593363095491337
2,512,balanced,exact,179,0.0,0.012588785550536708,0.011768686084787027
2,512,balanced,same_direction,179,0.0025000000000000014,0.022279672746130748,0.025250204901950173
2,512,balanced,opposite_direction,179,-0.0225,0.011653968722180398,-0.003074407080752997
2,512,balanced,exact,180,0.0,0.013071859672779912,0.010751167793266212
2,512,balanced,same_direction,180,0.0025000000000000014,0.014810207800759876,0.021090616466702718
2,512,balanced,opposite_direction,180,-0.0225,0.012693819225176633,-0.0023083483926705757
2,512,balanced,exact,181,0.0,0.012645856691859348,0.01220646137622609
2,512,balanced,same_direction,181,0.0025000000000000014,0.023663562423093355,0.02576087608882298
2,512,balanced,opposite_direction,181,-0.0225,0.012906240558639464,-0.0021456799519129566
2,512,balanced,exact,182,0.0,0.014565775180726107,0.013329055963127506
2,512,balanced,same_direction,182,0.0025000000000000014,0.028435987185152663,0.02736853901291591
2,512,balanced,opposite_direction,182,-0.0225,0.013948712697891507,-0.0026155587471246456
2,512,balanced,exact,183,0.0,0.011954809943065697,0.01244630642031297
2,512,balanced,same_direction,183,0.0025000000000000014,0.019312657699586393,0.018899179652304927
2,512,balanced,opposite_direction,183,-0.0225,0.012315743418217853,-0.00292263496416155
2,512,balanced,exact,184,0.0,0.01096968414797115,0.01118253888721554
2,512,balanced,same_direction,184,0.0025000000000000014,0.018627014604014586,0.020320136079740408
2,512,balanced,opposite_direction,184,-0.0225,0.012712603467926523,-0.003142426321808612
2,512,balanced,exact,185,0.0,0.012284159403713867,0.011360824656932736
2,512,balanced,same_direction,185,0.0025000000000000014,0.022507187087626238,0.024572567044232645
2,512,balanced,opposite_direction,185,-0.0225,0.010846914757631523,-0.003173410484542792
2,512,balanced,exact,186,0.0,0.012445357578460877,0.01051298985798815
2,512,balanced,same_direction,186,0.0025000000000000014,0.020668997728313064,0.022680946153523715
2,512,balanced,opposite_direction,186,-0.0225,0.00911414986832632,-0.0033793982501954247
2,512,balanced,exact,187,0.0,0.013733420312137739,0.012303412709633952
2,512,balanced,same_direction,187,0.0025000000000000014,0.013395489558105302,0.01916401456547382
2,512,balanced,opposite_direction,187,-0.0225,0.013457135040576372,-0.002241570478425179
2,512,balanced,exact,188,0.0,0.015590885404581787,0.012486862778448146
2,512,balanced,same_direction,188,0.0025000000000000014,0.02939843771404498,0.0259700895908399
2,512,balanced,opposite_direction,188,-0.0225,0.013479941092269347,-0.0025663604191503357
2,512,balanced,exact,189,0.0,0.012586896357948133,0.013914965650056905
2,512,balanced,same_direction,189,0.0025000000000000014,0.022837013696281466,0.026354335170715393
2,512,balanced,opposite_direction,189,-0.0225,0.0134750866419409,-0.000809538818539401
2,512,balanced,exact,190,0.0,0.012985763827936458,0.013452293966104669
2,512,balanced,same_direction,190,0.0025000000000000014,0.02674558787103242,0.027567650811235904
2,512,balanced,opposite_direction,190,-0.0225,0.012023202292305005,-0.002118811608851712
2,512,balanced,exact,191,0.0,0.011213959741064775,0.012754074186993317
2,512,balanced,same_direction,191,0.0025000000000000014,0.016094712505440707,0.020251518631112523
2,512,balanced,opposite_direction,191,-0.0225,0.013013662842802854,-0.0022535178229901483
2,512,balanced,exact,192,0.0,0.011900882798979027,0.01170033507385702
2,512,balanced,same_direction,192,0.0025000000000000014,0.01622152321214873,0.02002106420979874
2,512,balanced,opposite_direction,192,-0.0225,0.01257099150771135,-0.0034100979043833095
2,512,balanced,exact,193,0.0,0.011919601586013306,0.013508607865257038
2,512,balanced,same_direction,193,0.0025000000000000014,0.022387266105649322,0.023984569200172896
2,512,balanced,opposite_direction,193,-0.0225,0.012156795885801517,-0.0024538894535982647
2,512,balanced,exact,194,0.0,0.011532686375719532,0.0140689914859225
2,512,balanced,same_direction,194,0.0025000000000000014,0.020812851258626416,0.02254614611426637
2,512,balanced,opposite_direction,194,-0.0225,0.013961554317263859,-0.0026591895395478545
2,512,balanced,exact,195,0.0,0.01492028210275174,0.014751132017538367
2,512,balanced,same_direction,195,0.0025000000000000014,0.016114746309033583,0.01650030897553946
2,512,balanced,opposite_direction,195,-0.0225,0.011013663755617999,-0.0025238867242125497
2,512,balanced,exact,196,0.0,0.013138303212037216,0.010709547161441664
2,512,balanced,same_direction,196,0.0025000000000000014,0.020231393718096895,0.02361383083301022
2,512,balanced,opposite_direction,196,-0.0225,0.012645384897987668,-0.002916189336441292
2,512,balanced,exact,197,0.0,0.011369610205532565,0.010940384734956824
2,512,balanced,same_direction,197,0.0025000000000000014,0.022145607949209514,0.022647283906131493
2,512,balanced,opposite_direction,197,-0.0225,0.012043251003758443,-0.0033113900338715527
2,512,balanced,exact,198,0.0,0.01706709506340968,0.015667607657969554
2,512,balanced,same_direction,198,0.0025000000000000014,0.02355043481372631,0.022756773584286308
2,512,balanced,opposite_direction,198,-0.0225,0.012151941418325254,-0.003611469018440899
2,512,balanced,exact,199,0.0,0.01653643630577186,0.013340206203085802
2,512,balanced,same_direction,199,0.0025000000000000014,0.028483744696052485,0.02735883439524895
2,512,balanced,opposite_direction,199,-0.0225,0.013005759965292425,-0.0019320576324924567
2,512,one_heavy,exact,0,0.0,0.010362322486693373,0.01053132745013859
2,512,one_heavy,same_direction,0,0.0025000000000000005,0.016307125973260006,0.0211064018209077
2,512,one_heavy,opposite_direction,0,-0.022499999999999992,0.012872658644835831,-0.0031026217056908264
2,512,one_heavy,exact,1,0.0,0.014568134596492553,0.011463224584783863
2,512,one_heavy,same_direction,1,0.0025000000000000005,0.01693393964177555,0.019445646387486762
2,512,one_heavy,opposite_direction,1,-0.022499999999999992,0.013260024852696492,-0.002534955316534147
2,512,one_heavy,exact,2,0.0,0.013514902281502286,0.011706481410279046
2,512,one_heavy,same_direction,2,0.0025000000000000005,0.025604098926493297,0.021616467511102484
2,512,one_heavy,opposite_direction,2,-0.022499999999999992,0.01303110878777189,-0.004433063749637751
2,512,one_heavy,exact,3,0.0,0.013205732335761033,0.011802940951922388
2,512,one_heavy,same_direction,3,0.0025000000000000005,0.021955671438882943,0.02521289835619775
2,512,one_heavy,opposite_direction,3,-0.022499999999999992,0.015340009230904278,-0.0012434731120658017
2,512,one_heavy,exact,4,0.0,0.011979841205531373,0.013917571559925911
2,512,one_heavy,same_direction,4,0.0025000000000000005,0.02073893526945646,0.028007234972585365
2,512,one_heavy,opposite_direction,4,-0.022499999999999992,0.011458183932689247,-0.002245280859661998
2,512,one_heavy,exact,5,0.0,0.012266751206378369,0.011217758581319886
2,512,one_heavy,same_direction,5,0.0025000000000000005,0.016159623643441014,0.019427964488132762
2,512,one_heavy,opposite_direction,5,-0.022499999999999992,0.010839367356020252,-0.004585518522485782
2,512,one_heavy,exact,6,0.0,0.012421323478808569,0.011205149261847978
2,512,one_heavy,same_direction,6,0.0025000000000000005,0.023597987363261,0.023747055414755323
2,512,one_heavy,opposite_direction,6,-0.022499999999999992,0.014501681997040097,-0.0016650115582062643
2,512,one_heavy,exact,7,0.0,0.01385577691575195,0.013158285183672739
2,512,one_heavy,same_direction,7,0.0025000000000000005,0.013219091089339871,0.018299213137995294
2,512,one_heavy,opposite_direction,7,-0.022499999999999992,0.01178183408828523,-0.004777668382364234
2,512,one_heavy,exact,8,0.0,0.01283963649570168,0.012790382681962772
2,512,one_heavy,same_direction,8,0.0025000000000000005,0.01962982465787539,0.024200526794085356
2,512,one_heavy,opposite_direction,8,-0.022499999999999992,0.014243496799354629,-0.0023543510127700673
2,512,one_heavy,exact,9,0.0,0.01635082930640413,0.012713844471392972
2,512,one_heavy,same_direction,9,0.0025000000000000005,0.028638191367995957,0.026631382465880628
2,512,one_heavy,opposite_direction,9,-0.022499999999999992,0.011275802689888648,-0.003284099202014859
2,512,one_heavy,exact,10,0.0,0.013649223219731794,0.015653278117175366
2,512,one_heavy,same_direction,10,0.0025000000000000005,0.02268244650072474,0.02301681850573635
2,512,one_heavy,opposite_direction,10,-0.022499999999999992,0.013178794235524276,-0.0011931466868549537
2,512,one_heavy,exact,11,0.0,0.012774503719270306,0.011948986198395819
2,512,one_heavy,same_direction,11,0.0025000000000000005,0.014102143128394227,0.01971311793587096
2,512,one_heavy,opposite_direction,11,-0.022499999999999992,0.013740541671043998,-0.0029855700415542417
2,512,one_heavy,exact,12,0.0,0.01208272578127213,0.013105312094648274
2,512,one_heavy,same_direction,12,0.0025000000000000005,0.025025770515606883,0.02667082772536194
2,512,one_heavy,opposite_direction,12,-0.022499999999999992,0.014020737207200437,-0.002812733209331806
2,512,one_heavy,exact,13,0.0,0.012729411678291822,0.01010949011427405
2,512,one_heavy,same_direction,13,0.0025000000000000005,0.018898218853331712,0.02215375404226226
2,512,one_heavy,opposite_direction,13,-0.022499999999999992,0.01125738835966071,-0.003474150024865784
2,512,one_heavy,exact,14,0.0,0.012203834270639419,0.009958009449050668
2,512,one_heavy,same_direction,14,0.0025000000000000005,0.02480580427177607,0.02233311066325476
2,512,one_heavy,opposite_direction,14,-0.022499999999999992,0.012816060285599342,-0.0023604082373471958
2,512,one_heavy,exact,15,0.0,0.014682425345295286,0.0188067784869065
2,512,one_heavy,same_direction,15,0.0025000000000000005,0.029068272074055775,0.03439245986347652
2,512,one_heavy,opposite_direction,15,-0.022499999999999992,0.016042616534398375,0.0033403020148388795
2,512,one_heavy,exact,16,0.0,0.015283449515135277,0.013556361730843302
2,512,one_heavy,same_direction,16,0.0025000000000000005,0.023785354307398934,0.024647177439514643
2,512,one_heavy,opposite_direction,16,-0.022499999999999992,0.008005054429806119,-0.005302025690701973
2,512,one_heavy,exact,17,0.0,0.011751279370303838,0.012095108685936502
2,512,one_heavy,same_direction,17,0.0025000000000000005,0.014652053183242059,0.01975630117211349
2,512,one_heavy,opposite_direction,17,-0.022499999999999992,0.014126278855532848,-0.002368666997536551
2,512,one_heavy,exact,18,0.0,0.016241383618566963,0.015596814754624305
2,512,one_heavy,same_direction,18,0.0025000000000000005,0.02148736349474936,0.021738413708234657
2,512,one_heavy,opposite_direction,18,-0.022499999999999992,0.01553698788318711,-0.0033988020405308094
2,512,one_heavy,exact,19,0.0,0.010287788532259335,0.011851807474876259
2,512,one_heavy,same_direction,19,0.0025000000000000005,0.02146028389043421,0.025184554771634636
2,512,one_heavy,opposite_direction,19,-0.022499999999999992,0.011101459740538978,-0.004450518304013663
2,512,one_heavy,exact,20,0.0,0.00969940220165351,0.011345962998284144
2,512,one_heavy,same_direction,20,0.0025000000000000005,0.02078872890071825,0.024366464642137625
2,512,one_heavy,opposite_direction,20,-0.022499999999999992,0.012102836556612508,-0.0031314516315081526
2,512,one_heavy,exact,21,0.0,0.012364607647161354,0.01022676602514621
2,512,one_heavy,same_direction,21,0.0025000000000000005,0.02245271354651921,0.02193836145948915
2,512,one_heavy,opposite_direction,21,-0.022499999999999992,0.012205430149424257,-0.004928717860934875
2,512,one_heavy,exact,22,0.0,0.010906013939725748,0.013234912234918472
2,512,one_heavy,same_direction,22,0.0025000000000000005,0.023171465985433293,0.02565965296692156
2,512,one_heavy,opposite_direction,22,-0.022499999999999992,0.01071046580675148,-0.002763769908369987
2,512,one_heavy,exact,23,0.0,0.011587511966213371,0.012596004393338635
2,512,one_heavy,same_direction,23,0.0025000000000000005,0.02198502440457529,0.026270913543295367
2,512,one_heavy,opposite_direction,23,-0.022499999999999992,0.014549323534643043,-0.002770701790282235
2,512,one_heavy,exact,24,0.0,0.014010205097859905,0.011394242994532643
2,512,one_heavy,same_direction,24,0.0025000000000000005,0.013101180188864673,0.01979056947967745
2,512,one_heavy,opposite_direction,24,-0.022499999999999992,0.01096359461323894,-0.0040764282039719105
2,512,one_heavy,exact,25,0.0,0.016146411861120806,0.014999931011872811
2,512,one_heavy,same_direction,25,0.0025000000000000005,0.0313442186633147,0.02970158241923273
2,512,one_heavy,opposite_direction,25,-0.022499999999999992,0.011316423043353632,-0.004723549076293716
2,512,one_heavy,exact,26,0.0,0.010191112581784699,0.011448320180942806
2,512,one_heavy,same_direction,26,0.0025000000000000005,0.01681412601263683,0.020132587754883108
2,512,one_heavy,opposite_direction,26,-0.022499999999999992,0.011931630098448382,-0.004513559226663699
2,512,one_heavy,exact,27,0.0,0.011783313092179639,0.01201022991823764
2,512,one_heavy,same_direction,27,0.0025000000000000005,0.020926319397167922,0.020751365613402083
2,512,one_heavy,opposite_direction,27,-0.022499999999999992,0.01443760498908358,-0.0022384380234760524
2,512,one_heavy,exact,28,0.0,0.014003741202718911,0.009964328021551904
2,512,one_heavy,same_direction,28,0.0025000000000000005,0.014537731783107268,0.021534737467162623
2,512,one_heavy,opposite_direction,28,-0.022499999999999992,0.015524343838107203,-0.002478823663052967
2,512,one_heavy,exact,29,0.0,0.010855559562404762,0.01077901836163624
2,512,one_heavy,same_direction,29,0.0025000000000000005,0.016867674276419435,0.020199720952316685
2,512,one_heavy,opposite_direction,29,-0.022499999999999992,0.01092574156224058,-0.0067338298053738095
2,512,one_heavy,exact,30,0.0,0.012843739995353935,0.012616396648459378
2,512,one_heavy,same_direction,30,0.0025000000000000005,0.01531044968317555,0.01785290084393583
2,512,one_heavy,opposite_direction,30,-0.022499999999999992,0.012875301849578191,-0.004254878352618494
2,512,one_heavy,exact,31,0.0,0.009982740967344368,0.01063044898048653
2,512,one_heavy,same_direction,31,0.0025000000000000005,0.020774092950043184,0.023322869426244647
2,512,one_heavy,opposite_direction,31,-0.022499999999999992,0.012776077551936924,-0.0020845240292657963
2,512,one_heavy,exact,32,0.0,0.013291444238634592,0.012532755933549043
2,512,one_heavy,same_direction,32,0.0025000000000000005,0.02002278867306875,0.020592153114661102
2,512,one_heavy,opposite_direction,32,-0.022499999999999992,0.010178615978196234,-0.0039417467526588245
2,512,one_heavy,exact,33,0.0,0.012058181513326091,0.015549839820712712
2,512,one_heavy,same_direction,33,0.0025000000000000005,0.016626584898515546,0.023097757593244332
2,512,one_heavy,opposite_direction,33,-0.022499999999999992,0.014576575683471574,-0.0007006888936103932
2,512,one_heavy,exact,34,0.0,0.01288412415169068,0.011994943914026553
2,512,one_heavy,same_direction,34,0.0025000000000000005,0.02262405164301307,0.019932965319954594
2,512,one_heavy,opposite_direction,34,-0.022499999999999992,0.0120235201221527,-0.004239015162163128
2,512,one_heavy,exact,35,0.0,0.014677469584343378,0.010853817519150957
2,512,one_heavy,same_direction,35,0.0025000000000000005,0.02038899088946699,0.023699647913406813
2,512,one_heavy,opposite_direction,35,-0.022499999999999992,0.003970978490704782,-0.005107319348893133
2,512,one_heavy,exact,36,0.0,0.010858959940068212,0.013833231860303566
2,512,one_heavy,same_direction,36,0.0025000000000000005,0.01847960684182927,0.016625567033262414
2,512,one_heavy,opposite_direction,36,-0.022499999999999992,0.011251226497859314,-0.004480536434977618
2,512,one_heavy,exact,37,0.0,0.011057954157285853,0.011594515503165686
2,512,one_heavy,same_direction,37,0.0025000000000000005,0.015611107449517714,0.019839307808869402
2,512,one_heavy,opposite_direction,37,-0.022499999999999992,0.012412526313794449,-0.0037949279589780485
2,512,one_heavy,exact,38,0.0,0.012053537412793944,0.012535076700390814
2,512,one_heavy,same_direction,38,0.0025000000000000005,0.02104430395553036,0.01825248177436401
2,512,one_heavy,opposite_direction,38,-0.022499999999999992,0.009267214470853666,-0.0028128168953551256
2,512,one_heavy,exact,39,0.0,0.013035361836701481,0.01537185924907812
2,512,one_heavy,same_direction,39,0.0025000000000000005,0.026849731338286196,0.030185993664322168
2,512,one_heavy,opposite_direction,39,-0.022499999999999992,0.010776513317232908,-0.002361153376452375
2,512,one_heavy,exact,40,0.0,0.010560857915474071,0.013492472235801852
2,512,one_heavy,same_direction,40,0.0025000000000000005,0.01629973872594862,0.017428125442290044
2,512,one_heavy,opposite_direction,40,-0.022499999999999992,0.013014510798932536,-0.0025721644461449687
2,512,one_heavy,exact,41,0.0,0.010091334941043178,0.012612277447279486
2,512,one_heavy,same_direction,41,0.0025000000000000005,0.02013890283913918,0.02272147814589446
2,512,one_heavy,opposite_direction,41,-0.022499999999999992,0.012546369525080986,-0.0025295569089944566
2,512,one_heavy,exact,42,0.0,0.013546358916181582,0.010261726990615788
2,512,one_heavy,same_direction,42,0.0025000000000000005,0.014713400898273398,0.019631465737492672
2,512,one_heavy,opposite_direction,42,-0.022499999999999992,0.010810612027392441,-0.006487586157563486
2,512,one_heavy,exact,43,0.0,0.011664438290172233,0.012649831688501255
2,512,one_heavy,same_direction,43,0.0025000000000000005,0.015452763874211678,0.017430830154476284
2,512,one_heavy,opposite_direction,43,-0.022499999999999992,0.012929031438478381,-0.0028533427456926466
2,512,one_heavy,exact,44,0.0,0.013195230622500487,0.011145086621230012
2,512,one_heavy,same_direction,44,0.0025000000000000005,0.02019270187493307,0.019519400741603278
2,512,one_heavy,opposite_direction,44,-0.022499999999999992,0.010953212866815396,-0.005246421152484845
2,512,one_heavy,exact,45,0.0,0.011108485918646256,0.011381050379692916
2,512,one_heavy,same_direction,45,0.0025000000000000005,0.015756808119557215,0.01984821338045001
2,512,one_heavy,opposite_direction,45,-0.022499999999999992,0.01276947764673465,-0.0014889044393441085
2,512,one_heavy,exact,46,0.0,0.015068970090166674,0.012245044742085709
2,512,one_heavy,same_direction,46,0.0025000000000000005,0.014459791575724239,0.019832378999508057
2,512,one_heavy,opposite_direction,46,-0.022499999999999992,0.015829016988561755,-0.0028197631252707043
2,512,one_heavy,exact,47,0.0,0.013071504140287082,0.010475348350775838
2,512,one_heavy,same_direction,47,0.0025000000000000005,0.019700261174648084,0.02314714770889986
2,512,one_heavy,opposite_direction,47,-0.022499999999999992,0.01508423434892409,-0.001415602747013828
2,512,one_heavy,exact,48,0.0,0.013566909550554007,0.015046039703886134
2,512,one_heavy,same_direction,48,0.0025000000000000005,0.015727227598929763,0.016181303689269767
2,512,one_heavy,opposite_direction,48,-0.022499999999999992,0.010400532741701687,-0.0024968460399909793
2,512,one_heavy,exact,49,0.0,0.015690559060737352,0.011781431283884137
2,512,one_heavy,same_direction,49,0.0025000000000000005,0.029044243834155728,0.02522119055635668
2,512,one_heavy,opposite_direction,49,-0.022499999999999992,0.014965537603503136,-0.00394959503222333
2,512,one_heavy,exact,50,0.0,0.009861305368142512,0.011788042322906936
2,512,one_heavy,same_direction,50,0.0025000000000000005,0.017062446361885808,0.02419738871525422
2,512,one_heavy,opposite_direction,50,-0.022499999999999992,0.012867162095329473,-0.003272978154635519
2,512,one_heavy,exact,51,0.0,0.011072828219238275,0.010241365682315432
2,512,one_heavy,same_direction,51,0.0025000000000000005,0.019856932342990817,0.02096582780503033
2,512,one_heavy,opposite_direction,51,-0.022499999999999992,0.010085099909655572,-0.0049108317830585035
2,512,one_heavy,exact,52,0.0,0.012339988664354755,0.016035849560264253
2,512,one_heavy,same_direction,52,0.0025000000000000005,0.023175775248963044,0.023961966482859788
2,512,one_heavy,opposite_direction,52,-0.022499999999999992,0.013582078615536343,-0.0006755567973234173
2,512,one_heavy,exact,53,0.0,0.013688187258832463,0.013407971355664624
2,512,one_heavy,same_direction,53,0.0025000000000000005,0.015040074594633723,0.017879651104415868
2,512,one_heavy,opposite_direction,53,-0.022499999999999992,0.011567464361684765,-0.004859123927347872
2,512,one_heavy,exact,54,0.0,0.011147991133581923,0.012133809296412943
2,512,one_heavy,same_direction,54,0.0025000000000000005,0.015471815912752974,0.018970137616365713
2,512,one_heavy,opposite_direction,54,-0.022499999999999992,0.014210958110645927,-0.0027515692549353664
2,512,one_heavy,exact,55,0.0,0.010367472440868209,0.010488249816350648
2,512,one_heavy,same_direction,55,0.0025000000000000005,0.020215973779814336,0.02301017596162863
2,512,one_heavy,opposite_direction,55,-0.022499999999999992,0.012660409396706018,-0.003498739628826502
2,512,one_heavy,exact,56,0.0,0.012088597299703723,0.011143452241727754
2,512,one_heavy,same_direction,56,0.0025000000000000005,0.016670779537093918,0.021168200943902853
2,512,one_heavy,opposite_direction,56,-0.022499999999999992,0.012987906530549265,-0.003491917536585769
2,512,one_heavy,exact,57,0.0,0.01308630180068224,0.012142993583627918
2,512,one_heavy,same_direction,57,0.0025000000000000005,0.017527817241860116,0.018953021165909575
2,512,one_heavy,opposite_direction,57,-0.022499999999999992,0.011665178633178851,-0.0035901630388841493
2,512,one_heavy,exact,58,0.0,0.013096854880762124,0.01256781139446115
2,512,one_heavy,same_direction,58,0.0025000000000000005,0.017614216189630397,0.01960637617933358
2,512,one_heavy,opposite_direction,58,-0.022499999999999992,0.014294134300518317,-0.0010286398512815778
2,512,one_heavy,exact,59,0.0,0.012804211969090106,0.012515519992481235
2,512,one_heavy,same_direction,59,0.0025000000000000005,0.014150445993618319,0.017960702377531737
2,512,one_heavy,opposite_direction,59,-0.022499999999999992,0.013056584952288956,-0.0015753414188159802
2,512,one_heavy,exact,60,0.0,0.015079632904219948,0.014705872613687174
2,512,one_heavy,same_direction,60,0.0025000000000000005,0.013461164018017637,0.01616924755269223
2,512,one_heavy,opposite_direction,60,-0.022499999999999992,0.014840562845819008,-0.0009092927087540191
2,512,one_heavy,exact,61,0.0,0.013135546702024561,0.010819406820342244
2,512,one_heavy,same_direction,61,0.0025000000000000005,0.016957354944779776,0.019290168432074005
2,512,one_heavy,opposite_direction,61,-0.022499999999999992,0.00868868245941115,-0.005044329569009651
2,512,one_heavy,exact,62,0.0,0.014566769359484755,0.01125390671160752
2,512,one_heavy,same_direction,62,0.0025000000000000005,0.016782844152949887,0.022396704767937863
2,512,one_heavy,opposite_direction,62,-0.022499999999999992,0.015284526528486187,-0.0020998413509522185
2,512,one_heavy,exact,63,0.0,0.012780784838139774,0.013366891776727379
2,512,one_heavy,same_direction,63,0.0025000000000000005,0.019638029537370982,0.02728124483397807
2,512,one_heavy,opposite_direction,63,-0.022499999999999992,0.014599214406021205,-0.002135736078738233
2,512,one_heavy,exact,64,0.0,0.012730800888053522,0.011205690052362376
2,512,one_heavy,same_direction,64,0.0025000000000000005,0.018972264439278692,0.01812625917040473
2,512,one_heavy,opposite_direction,64,-0.022499999999999992,0.014898188968267617,0.000732155703058273
2,512,one_heavy,exact,65,0.0,0.013194273099422015,0.013039789689853257
2,512,one_heavy,same_direction,65,0.0025000000000000005,0.015158679439969434,0.02322223770637615
2,512,one_heavy,opposite_direction,65,-0.022499999999999992,0.013002437638231227,-0.003379429839956939
2,512,one_heavy,exact,66,0.0,0.010166339970843445,0.011610706107675148
2,512,one_heavy,same_direction,66,0.0025000000000000005,0.01970292100578974,0.02184927146653142
2,512,one_heavy,opposite_direction,66,-0.022499999999999992,0.012788121179732808,-0.0024408105924111144
2,512,one_heavy,exact,67,0.0,0.011625580010466891,0.013166653757142443
2,512,one_heavy,same_direction,67,0.0025000000000000005,0.023109045498931148,0.02704793014842082
2,512,one_heavy,opposite_direction,67,-0.022499999999999992,0.011902159126028686,-0.0023555642708106
2,512,one_heavy,exact,68,0.0,0.010964150806212526,0.013876651743488058
2,512,one_heavy,same_direction,68,0.0025000000000000005,0.02263490471988558,0.028134590355093903
2,512,one_heavy,opposite_direction,68,-0.022499999999999992,0.011889379747423993,-0.0028803543382940637
2,512,one_heavy,exact,69,0.0,0.014448850240762654,0.014610391788871909
2,512,one_heavy,same_direction,69,0.0025000000000000005,0.013983454697392757,0.01603235677399831
2,512,one_heavy,opposite_direction,69,-0.022499999999999992,0.014054138523802053,-0.002869007062902357
2,512,one_heavy,exact,70,0.0,0.01221582052685526,0.012181389808899002
2,512,one_heavy,same_direction,70,0.0025000000000000005,0.016436980197511594,0.022952674278586858
2,512,one_heavy,opposite_direction,70,-0.022499999999999992,0.015031244604819041,-0.0024635721997719132
2,512,one_heavy,exact,71,0.0,0.013406623093211022,0.011233313285075019
2,512,one_heavy,same_direction,71,0.0025000000000000005,0.018590598883867084,0.02076518072515217
2,512,one_heavy,opposite_direction,71,-0.022499999999999992,0.016022975631058506,0.0005865805378221724
2,512,one_heavy,exact,72,0.0,0.011413707267245965,0.012764921072300539
2,512,one_heavy,same_direction,72,0.0025000000000000005,0.017857485621895028,0.02191299622595544
2,512,one_heavy,opposite_direction,72,-0.022499999999999992,0.014542097757132843,-0.002730266241967693
2,512,one_heavy,exact,73,0.0,0.014327655653128036,0.013574932386314017
2,512,one_heavy,same_direction,73,0.0025000000000000005,0.02424930064580552,0.025763369308563683
2,512,one_heavy,opposite_direction,73,-0.022499999999999992,0.015110895710564958,0.0010083511099112546
2,512,one_heavy,exact,74,0.0,0.012461497328526246,0.01171427862357377
2,512,one_heavy,same_direction,74,0.0025000000000000005,0.0171249672249691,0.01987537925809654
2,512,one_heavy,opposite_direction,74,-0.022499999999999992,0.01388496976062029,-0.0019527388205203289
2,512,one_heavy,exact,75,0.0,0.012411747713234894,0.011784051591396897
2,512,one_heavy,same_direction,75,0.0025000000000000005,0.02273842151004432,0.02486136418859704
2,512,one_heavy,opposite_direction,75,-0.022499999999999992,0.012528517720461565,-0.003427490214729076
2,512,one_heavy,exact,76,0.0,0.013416680669258196,0.013020863594417068
2,512,one_heavy,same_direction,76,0.0025000000000000005,0.021502428223084145,0.021823692057218205
2,512,one_heavy,opposite_direction,76,-0.022499999999999992,0.015584099747287387,0.0005304941916365084
2,512,one_heavy,exact,77,0.0,0.012217746651014466,0.011230169405013531
2,512,one_heavy,same_direction,77,0.0025000000000000005,0.02049410572578781,0.021890744316884453
2,512,one_heavy,opposite_direction,77,-0.022499999999999992,0.013112298433185931,-0.004464074458702684
2,512,one_heavy,exact,78,0.0,0.01423995584615128,0.012653689517858327
2,512,one_heavy,same_direction,78,0.0025000000000000005,0.02753629109085408,0.022299771934212956
2,512,one_heavy,opposite_direction,78,-0.022499999999999992,0.01282288159411539,-0.0019739272771588413
2,512,one_heavy,exact,79,0.0,0.012085890460839275,0.010531207335928765
2,512,one_heavy,same_direction,79,0.0025000000000000005,0.016980251126911594,0.02254291983773892
2,512,one_heavy,opposite_direction,79,-0.022499999999999992,0.009978444274113697,-0.0031013605671500696
2,512,one_heavy,exact,80,0.0,0.013869644339810494,0.011316102360563986
2,512,one_heavy,same_direction,80,0.0025000000000000005,0.02000525093467088,0.0205286240301064
2,512,one_heavy,opposite_direction,80,-0.022499999999999992,0.0075753582623496515,-0.0045185493955853155
2,512,one_heavy,exact,81,0.0,0.010026612609605292,0.011085291039010688
2,512,one_heavy,same_direction,81,0.0025000000000000005,0.022282836543058897,0.020068504238136504
2,512,one_heavy,opposite_direction,81,-0.022499999999999992,0.013305332250034389,-0.003350133612654906
2,512,one_heavy,exact,82,0.0,0.012157315374608704,0.012201620012669525
2,512,one_heavy,same_direction,82,0.0025000000000000005,0.022360825116671132,0.02568005934738104
2,512,one_heavy,opposite_direction,82,-0.022499999999999992,0.013631982177635758,-0.002040087100876415
2,512,one_heavy,exact,83,0.0,0.009753903963311796,0.010865307194171512
2,512,one_heavy,same_direction,83,0.0025000000000000005,0.021075858413206076,0.022558081956482484
2,512,one_heavy,opposite_direction,83,-0.022499999999999992,0.012860983892325184,-0.0012635054700928412
2,512,one_heavy,exact,84,0.0,0.011300369749797014,0.013574126569376094
2,512,one_heavy,same_direction,84,0.0025000000000000005,0.017486607792553087,0.01946315645503881
2,512,one_heavy,opposite_direction,84,-0.022499999999999992,0.0133436158910406,-0.0020238524966858587
2,512,one_heavy,exact,85,0.0,0.010321822766276204,0.012447960776383016
2,512,one_heavy,same_direction,85,0.0025000000000000005,0.0188959261482269,0.021965135053759688
2,512,one_heavy,opposite_direction,85,-0.022499999999999992,0.010478730763224326,-0.004659828433581641
2,512,one_heavy,exact,86,0.0,0.014932963005337675,0.013219649251670164
2,512,one_heavy,same_direction,86,0.0025000000000000005,0.025406885885983124,0.024638769740326825
2,512,one_heavy,opposite_direction,86,-0.022499999999999992,0.015053058443556078,-0.000607422693656251
2,512,one_heavy,exact,87,0.0,0.010967039623053771,0.010581407113364067
2,512,one_heavy,same_direction,87,0.0025000000000000005,0.020507633910347812,0.023115316790945563
2,512,one_heavy,opposite_direction,87,-0.022499999999999992,0.014009580808716476,-0.0033208136238279005
2,512,one_heavy,exact,88,0.0,0.010006312275827094,0.010553171007551775
2,512,one_heavy,same_direction,88,0.0025000000000000005,0.02081240440236482,0.022718604631356137
2,512,one_heavy,opposite_direction,88,-0.022499999999999992,0.011201759430794126,-0.004628457041997627
2,512,one_heavy,exact,89,0.0,0.015114397480611778,0.012688823777035042
2,512,one_heavy,same_direction,89,0.0025000000000000005,0.0257613403093222,0.02096498171901543
2,512,one_heavy,opposite_direction,89,-0.022499999999999992,0.01429118080028123,-0.0032016229374473306
2,512,one_heavy,exact,90,0.0,0.013056431554097846,0.012333781016546001
2,512,one_heavy,same_direction,90,0.0025000000000000005,0.025166981087688795,0.025729681276004994
2,512,one_heavy,opposite_direction,90,-0.022499999999999992,0.013690028826632148,-0.0005335906882799123
2,512,one_heavy,exact,91,0.0,0.014667915138501488,0.013926765454528343
2,512,one_heavy,same_direction,91,0.0025000000000000005,0.017006183601106464,0.016116552481620357
2,512,one_heavy,opposite_direction,91,-0.022499999999999992,0.011921856563457891,-0.000959897560557897
2,512,one_heavy,exact,92,0.0,0.012758004776277941,0.011143845188239836
2,512,one_heavy,same_direction,92,0.0025000000000000005,0.02354482590910513,0.02399226305190241
2,512,one_heavy,opposite_direction,92,-0.022499999999999992,0.015003577343863064,-0.0015510448823008874
2,512,one_heavy,exact,93,0.0,0.010180636967647618,0.01596656467446155
2,512,one_heavy,same_direction,93,0.0025000000000000005,0.02018151560815995,0.021963977492103395
2,512,one_heavy,opposite_direction,93,-0.022499999999999992,0.01326668452392151,-0.0016388707213553433
2,512,one_heavy,exact,94,0.0,0.014782570002973786,0.012711520441033412
2,512,one_heavy,same_direction,94,0.0025000000000000005,0.02449706646492167,0.02348304167748435
2,512,one_heavy,opposite_direction,94,-0.022499999999999992,0.00963537570860297,-0.004414292505414083
2,512,one_heavy,exact,95,0.0,0.012324394477354318,0.012760404479946686
2,512,one_heavy,same_direction,95,0.0025000000000000005,0.023053763885726906,0.026086989341531
2,512,one_heavy,opposite_direction,95,-0.022499999999999992,0.009991116837854632,0.0018735985365208262
2,512,one_heavy,exact,96,0.0,0.010234961806173762,0.011244665904609846
2,512,one_heavy,same_direction,96,0.0025000000000000005,0.021872456167239353,0.02066773254790963
2,512,one_heavy,opposite_direction,96,-0.022499999999999992,0.012459833089407988,-0.004904701996881082
2,512,one_heavy,exact,97,0.0,0.01369543895344098,0.010773856657047255
2,512,one_heavy,same_direction,97,0.0025000000000000005,0.01990707451481154,0.023427451751741386
2,512,one_heavy,opposite_direction,97,-0.022499999999999992,0.007329834906346776,-0.00439488042478854
2,512,one_heavy,exact,98,0.0,0.012582051082380055,0.012009005599983814
2,512,one_heavy,same_direction,98,0.0025000000000000005,0.023824511735137513,0.024046290891073713
2,512,one_heavy,opposite_direction,98,-0.022499999999999992,0.010403611669329524,-0.005920544002374813
2,512,one_heavy,exact,99,0.0,0.010547636159279054,0.012923737585029784
2,512,one_heavy,same_direction,99,0.0025000000000000005,0.017498868129503867,0.019512399804017595
2,512,one_heavy,opposite_direction,99,-0.022499999999999992,0.012047026085081961,-0.00037086223229386775
2,512,one_heavy,exact,100,0.0,0.01450893192582119,0.015345585413294276
2,512,one_heavy,same_direction,100,0.0025000000000000005,0.018048640276868103,0.01722513138634961
2,512,one_heavy,opposite_direction,100,-0.022499999999999992,0.013909114015507531,-0.0021142420048302253
2,512,one_heavy,exact,101,0.0,0.012674573501723093,0.01218261648368409
2,512,one_heavy,same_direction,101,0.0025000000000000005,0.022727178199211592,0.025711219213680074
2,512,one_heavy,opposite_direction,101,-0.022499999999999992,0.014656161192882614,-0.002287291599880744
2,512,one_heavy,exact,102,0.0,0.013633422030269984,0.014893879762842425
2,512,one_heavy,same_direction,102,0.0025000000000000005,0.021561042358500176,0.021570238645492575
2,512,one_heavy,opposite_direction,102,-0.022499999999999992,0.015442572843777027,0.0011650529631645453
2,512,one_heavy,exact,103,0.0,0.0125576631970702,0.011803223260722362
2,512,one_heavy,same_direction,103,0.0025000000000000005,0.018923569062712017,0.024812906713855967
2,512,one_heavy,opposite_direction,103,-0.022499999999999992,0.014311987661221685,-0.002830968580539467
2,512,one_heavy,exact,104,0.0,0.012881272622274662,0.010827497605766456
2,512,one_heavy,same_direction,104,0.0025000000000000005,0.019675458161308508,0.021170749467139302
2,512,one_heavy,opposite_direction,104,-0.022499999999999992,0.012416732495578928,-0.004406080808070722
2,512,one_heavy,exact,105,0.0,0.009731290595778347,0.010178790677426924
2,512,one_heavy,same_direction,105,0.0025000000000000005,0.02074064373486862,0.020758571536066868
2,512,one_heavy,opposite_direction,105,-0.022499999999999992,0.012619762790218595,-0.003050309329509613
2,512,one_heavy,exact,106,0.0,0.013171822559808491,0.012362893584891413
2,512,one_heavy,same_direction,106,0.0025000000000000005,0.023824001225616842,0.02598287947715762
2,512,one_heavy,opposite_direction,106,-0.022499999999999992,0.01367118005018434,-0.0019900126085351695
2,512,one_heavy,exact,107,0.0,0.012064412368050715,0.010724247844238661
2,512,one_heavy,same_direction,107,0.0025000000000000005,0.024814765760474877,0.023506842656908132
2,512,one_heavy,opposite_direction,107,-0.022499999999999992,0.012941155905384633,-0.0035006595940806785
2,512,one_heavy,exact,108,0.0,0.011885729593954088,0.010632394488128626
2,512,one_heavy,same_direction,108,0.0025000000000000005,0.0178929972222328,0.021921656470171188
2,512,one_heavy,opposite_direction,108,-0.022499999999999992,0.012440035188514706,-0.005209788268187747
2,512,one_heavy,exact,109,0.0,0.012867306776008627,0.011328309546753186
2,512,one_heavy,same_direction,109,0.0025000000000000005,0.01367896573060967,0.019784677773906655
2,512,one_heavy,opposite_direction,109,-0.022499999999999992,0.014519623975640394,-0.0020903554369620407
2,512,one_heavy,exact,110,0.0,0.010508486478421694,0.010576060494293434
2,512,one_heavy,same_direction,110,0.0025000000000000005,0.020017502114995128,0.022714335600292228
2,512,one_heavy,opposite_direction,110,-0.022499999999999992,0.013168570195382765,-0.003371635419227774
2,512,one_heavy,exact,111,0.0,0.010931337911482188,0.011196136564566965
2,512,one_heavy,same_direction,111,0.0025000000000000005,0.02095066620074274,0.022561263324614923
2,512,one_heavy,opposite_direction,111,-0.022499999999999992,0.013790468351229039,-0.0024742455363147347
2,512,one_heavy,exact,112,0.0,0.015651403237115752,0.013343183268078637
2,512,one_heavy,same_direction,112,0.0025000000000000005,0.029849231808806727,0.027407612147548138
2,512,one_heavy,opposite_direction,112,-0.022499999999999992,0.013649109026686684,-0.0018799776369844122
2,512,one_heavy,exact,113,0.0,0.014015543509525833,0.013383554154653674
2,512,one_heavy,same_direction,113,0.0025000000000000005,0.015567021376644197,0.017148164345960667
2,512,one_heavy,opposite_direction,113,-0.022499999999999992,0.015678778223538473,-0.0006468368411250373
2,512,one_heavy,exact,114,0.0,0.014651417426624295,0.015015938864967375
2,512,one_heavy,same_direction,114,0.0025000000000000005,0.02785731118663904,0.02920203105265285
2,512,one_heavy,opposite_direction,114,-0.022499999999999992,0.012361931600880354,-0.0015566460849794942
2,512,one_heavy,exact,115,0.0,0.01127259896636532,0.011623734702236817
2,512,one_heavy,same_direction,115,0.0025000000000000005,0.017646470348137037,0.01974320977013574
2,512,one_heavy,opposite_direction,115,-0.022499999999999992,0.012846752007150075,-0.0042561560298985
2,512,one_heavy,exact,116,0.0,0.00952259585589043,0.010980268143125178
2,512,one_heavy,same_direction,116,0.0025000000000000005,0.01998427583422033,0.022478113618438544
2,512,one_heavy,opposite_direction,116,-0.022499999999999992,0.011228259660876743,-0.0036660503715640748
2,512,one_heavy,exact,117,0.0,0.012288351685352533,0.012039649968624312
2,512,one_heavy,same_direction,117,0.0025000000000000005,0.02128418924839788,0.022196737103550492
2,512,one_heavy,opposite_direction,117,-0.022499999999999992,0.009683421856692834,-0.0017789293297143845
2,512,one_heavy,exact,118,0.0,0.014195932220022134,0.01192601982096117
2,512,one_heavy,same_direction,118,0.0025000000000000005,0.028231551651776373,0.025188506759963265
2,512,one_heavy,opposite_direction,118,-0.022499999999999992,0.013045179474442078,-0.003173094600375937
2,512,one_heavy,exact,119,0.0,0.011176919609148565,0.01218133216456238
2,512,one_heavy,same_direction,119,0.0025000000000000005,0.022619107440121855,0.02566935933414651
2,512,one_heavy,opposite_direction,119,-0.022499999999999992,0.012785029646071248,-0.0017230944279616619
2,512,one_heavy,exact,120,0.0,0.013977848928059682,0.013705416027106922
2,512,one_heavy,same_direction,120,0.0025000000000000005,0.018607245083543757,0.022865810029342133
2,512,one_heavy,opposite_direction,120,-0.022499999999999992,0.0158691780490381,-0.0013461230542681313
2,512,one_heavy,exact,121,0.0,0.013362100713837595,0.011528513805459674
2,512,one_heavy,same_direction,121,0.0025000000000000005,0.019634318822641716,0.02034459514479473
2,512,one_heavy,opposite_direction,121,-0.022499999999999992,0.012979204857970527,-0.003992646494468472
2,512,one_heavy,exact,122,0.0,0.014297324707058738,0.012967727173550369
2,512,one_heavy,same_direction,122,0.0025000000000000005,0.016419402435901412,0.018547204454495425
2,512,one_heavy,opposite_direction,122,-0.022499999999999992,0.015398482965363442,-0.002205780997492036
2,512,one_heavy,exact,123,0.0,0.009237193241180467,0.012010619991496038
2,512,one_heavy,same_direction,123,0.0025000000000000005,0.019506211828190394,0.020316235094412258
2,512,one_heavy,opposite_direction,123,-0.022499999999999992,0.013424204386097989,-0.0037771075668112863
2,512,one_heavy,exact,124,0.0,0.010631921636611436,0.013837076017996672
2,512,one_heavy,same_direction,124,0.0025000000000000005,0.01838336850631243,0.01794441528377699
2,512,one_heavy,opposite_direction,124,-0.022499999999999992,0.011616823329592546,-0.001386055564830583
2,512,one_heavy,exact,125,0.0,0.013586700123662082,0.011272895312387125
2,512,one_heavy,same_direction,125,0.0025000000000000005,0.01617193512362467,0.019558171118408477
2,512,one_heavy,opposite_direction,125,-0.022499999999999992,0.009211604225234767,-0.0031789338410301592
2,512,one_heavy,exact,126,0.0,0.011400377537823855,0.01264166844377906
2,512,one_heavy,same_direction,126,0.0025000000000000005,0.01701766156725118,0.0191640787827183
2,512,one_heavy,opposite_direction,126,-0.022499999999999992,0.014114486710388915,-0.0008607214600501764
2,512,one_heavy,exact,127,0.0,0.014644439608522627,0.01392390306155157
2,512,one_heavy,same_direction,127,0.0025000000000000005,0.027613678464084686,0.028075707533037515
2,512,one_heavy,opposite_direction,127,-0.022499999999999992,0.013936957292402569,-0.0022882455770825956
2,512,one_heavy,exact,128,0.0,0.013706539156138205,0.012063231006240207
2,512,one_heavy,same_direction,128,0.0025000000000000005,0.015376878820307152,0.018933805717847738
2,512,one_heavy,opposite_direction,128,-0.022499999999999992,0.009962358628883065,-0.004840077227672863
2,512,one_heavy,exact,129,0.0,0.013274684774050746,0.011305024105593897
2,512,one_heavy,same_direction,129,0.0025000000000000005,0.016692988460975215,0.019015234365249982
2,512,one_heavy,opposite_direction,129,-0.022499999999999992,0.01346931696417001,-0.000991592722287953
2,512,one_heavy,exact,130,0.0,0.013840036370619913,0.012515037776905314
2,512,one_heavy,same_direction,130,0.0025000000000000005,0.02440482517656786,0.025979012988592197
2,512,one_heavy,opposite_direction,130,-0.022499999999999992,0.01358681767511597,-0.004218421479052583
2,512,one_heavy,exact,131,0.0,0.011357835773288352,0.015099904803390515
2,512,one_heavy,same_direction,131,0.0025000000000000005,0.02289542896061046,0.02961167638773947
2,512,one_heavy,opposite_direction,131,-0.022499999999999992,0.014735872860967985,-0.0007368273845076751
2,512,one_heavy,exact,132,0.0,0.011127326911014798,0.010831802141082718
2,512,one_heavy,same_direction,132,0.0025000000000000005,0.022301934715468964,0.02197240983144754
2,512,one_heavy,opposite_direction,132,-0.022499999999999992,0.011961112565673193,-0.0032335680191360474
2,512,one_heavy,exact,133,0.0,0.010305780365014875,0.011688430721743227
2,512,one_heavy,same_direction,133,0.0025000000000000005,0.019944188454990186,0.024960766853712922
2,512,one_heavy,opposite_direction,133,-0.022499999999999992,0.013665742032133825,-0.0027497203716724374
2,512,one_heavy,exact,134,0.0,0.012773062675276312,0.01238527375696704
2,512,one_heavy,same_direction,134,0.0025000000000000005,0.018963289032989796,0.02093963707063322
2,512,one_heavy,opposite_direction,134,-0.022499999999999992,0.01368221585929592,-0.002996405636295089
2,512,one_heavy,exact,135,0.0,0.009558523684792295,0.012669544190191
2,512,one_heavy,same_direction,135,0.0025000000000000005,0.01978028679837631,0.02639836003669227
2,512,one_heavy,opposite_direction,135,-0.022499999999999992,0.011081949964501505,-0.0040938245039991855
2,512,one_heavy,exact,136,0.0,0.012161160870840433,0.011840586097573576
2,512,one_heavy,same_direction,136,0.0025000000000000005,0.02100556121164419,0.02212849356169301
2,512,one_heavy,opposite_direction,136,-0.022499999999999992,0.013633994277496756,-0.002907822202881412
2,512,one_heavy,exact,137,0.0,0.014658916552900216,0.014702256882413028
2,512,one_heavy,same_direction,137,0.0025000000000000005,0.029750545719006642,0.02929670435588954
2,512,one_heavy,opposite_direction,137,-0.022499999999999992,0.01664245357431026,-4.366161043450347e-05
2,512,one_heavy,exact,138,0.0,0.012830041979032352,0.011717841305027708
2,512,one_heavy,same_direction,138,0.0025000000000000005,0.0204676075203494,0.02266616959081568
2,512,one_heavy,opposite_direction,138,-0.022499999999999992,0.011000699474648566,-0.004300587458593358
2,512,one_heavy,exact,139,0.0,0.014665378257207932,0.011984476033980668
2,512,one_heavy,same_direction,139,0.0025000000000000005,0.027780313002876412,0.025057391870064886
2,512,one_heavy,opposite_direction,139,-0.022499999999999992,0.015021774935363632,0.00023526821477491298
2,512,one_heavy,exact,140,0.0,0.012167061371415095,0.012216269117778056
2,512,one_heavy,same_direction,140,0.0025000000000000005,0.019014564871830432,0.025564507074231607
2,512,one_heavy,opposite_direction,140,-0.022499999999999992,0.014542479877467299,-0.002043935468578405
2,512,one_heavy,exact,141,0.0,0.012403017016945742,0.010704847046677037
2,512,one_heavy,same_direction,141,0.0025000000000000005,0.018353469817083544,0.02343643322294469
2,512,one_heavy,opposite_direction,141,-0.022499999999999992,0.009586627550111877,-0.005019558715020318
2,512,one_heavy,exact,142,0.0,0.011914823577028728,0.01241483571139897
2,512,one_heavy,same_direction,142,0.0025000000000000005,0.016227794918465637,0.018370985908540798
2,512,one_heavy,opposite_direction,142,-0.022499999999999992,0.014310926070629825,-0.0020895156185008748
2,512,one_heavy,exact,143,0.0,0.01193959800643175,0.014403167436515823
2,512,one_heavy,same_direction,143,0.0025000000000000005,0.015092567186293013,0.01696957286126243
2,512,one_heavy,opposite_direction,143,-0.022499999999999992,0.013995195337405009,-0.00245181262478332
2,512,one_heavy,exact,144,0.0,0.010107605411160231,0.010875286779789195
2,512,one_heavy,same_direction,144,0.0025000000000000005,0.019813720031548007,0.02082004427933469
2,512,one_heavy,opposite_direction,144,-0.022499999999999992,0.012856653184200317,-0.0033846102207302944
2,512,one_heavy,exact,145,0.0,0.011203409128072293,0.010998423096782011
2,512,one_heavy,same_direction,145,0.0025000000000000005,0.023858278946250012,0.02057930285426989
2,512,one_heavy,opposite_direction,145,-0.022499999999999992,0.013798509836851677,-0.002491990870341184
2,512,one_heavy,exact,146,0.0,0.011627168882180567,0.01065082045961301
2,512,one_heavy,same_direction,146,0.0025000000000000005,0.018445461533785457,0.021492865965356066
2,512,one_heavy,opposite_direction,146,-0.022499999999999992,0.01174136690123243,-0.004825480476704937
2,512,one_heavy,exact,147,0.0,0.01415431377136055,0.01167315377876409
2,512,one_heavy,same_direction,147,0.0025000000000000005,0.026704854793359885,0.02484195641537238
2,512,one_heavy,opposite_direction,147,-0.022499999999999992,0.014339844734226325,-0.003054556317861091
2,512,one_heavy,exact,148,0.0,0.012005804075523843,0.010801592862656
2,512,one_heavy,same_direction,148,0.0025000000000000005,0.020370465124521432,0.02347339222078002
2,512,one_heavy,opposite_direction,148,-0.022499999999999992,0.013368979641011048,-0.003720435063915734
2,512,one_heavy,exact,149,0.0,0.0133379996039821,0.012604243472733655
2,512,one_heavy,same_direction,149,0.0025000000000000005,0.02297773549580311,0.022201243821852793
2,512,one_heavy,opposite_direction,149,-0.022499999999999992,0.011046283959897825,-0.003437212984276948
2,512,one_heavy,exact,150,0.0,0.015337350714765417,0.013886534088467264
2,512,one_heavy,same_direction,150,0.0025000000000000005,0.015824924600032413,0.019554212443562927
2,512,one_heavy,opposite_direction,150,-0.022499999999999992,0.014388265796534832,-0.0026596214100795784
2,512,one_heavy,exact,151,0.0,0.014040879267141607,0.013391442316048068
2,512,one_heavy,same_direction,151,0.0025000000000000005,0.023709848772736346,0.025446882648098215
2,512,one_heavy,opposite_direction,151,-0.022499999999999992,0.011674346300393903,-4.700300378721045e-05
2,512,one_heavy,exact,152,0.0,0.013730534637102342,0.013184659836787134
2,512,one_heavy,same_direction,152,0.0025000000000000005,0.026752105854173293,0.023739092311822717
2,512,one_heavy,opposite_direction,152,-0.022499999999999992,0.014959807146624518,-0.0029524293730914925
2,512,one_heavy,exact,153,0.0,0.010561232137196865,0.012783637401687793
2,512,one_heavy,same_direction,153,0.0025000000000000005,0.02288948933822902,0.02616559115718764
2,512,one_heavy,opposite_direction,153,-0.022499999999999992,0.013268738447762059,-0.002870187248183635
2,512,one_heavy,exact,154,0.0,0.015590229324297359,0.014829934422736009
2,512,one_heavy,same_direction,154,0.0025000000000000005,0.012522153385590616,0.015628154925576468
2,512,one_heavy,opposite_direction,154,-0.022499999999999992,0.011584130458030044,-0.003207762277877798
2,512,one_heavy,exact,155,0.0,0.011621510404088754,0.01277080739414425
2,512,one_heavy,same_direction,155,0.0025000000000000005,0.019421688312609056,0.02460446150906049
2,512,one_heavy,opposite_direction,155,-0.022499999999999992,0.01206584190005357,-0.0034461821698255264
2,512,one_heavy,exact,156,0.0,0.010564622814440525,0.013036326681779429
2,512,one_heavy,same_direction,156,0.0025000000000000005,0.015835476381169777,0.021565107020599054
2,512,one_heavy,opposite_direction,156,-0.022499999999999992,0.014066812427833376,-0.0042642484745487735
2,512,one_heavy,exact,157,0.0,0.010992909636729572,0.01129872138712059
2,512,one_heavy,same_direction,157,0.0025000000000000005,0.02236367600662037,0.022551923503433866
2,512,one_heavy,opposite_direction,157,-0.022499999999999992,0.012183395425092006,-0.003432549818856205
2,512,one_heavy,exact,158,0.0,0.01629311872702137,0.012741228800837131
2,512,one_heavy,same_direction,158,0.0025000000000000005,0.02977530495352615,0.026111287369509503
2,512,one_heavy,opposite_direction,158,-0.022499999999999992,0.013940811138918372,-0.001191502859377283
2,512,one_heavy,exact,159,0.0,0.01074168077711638,0.01063564495686601
2,512,one_heavy,same_direction,159,0.0025000000000000005,0.018542583339418543,0.02355601394969211
2,512,one_heavy,opposite_direction,159,-0.022499999999999992,0.013789393207508379,-0.0011704291504888087
2,512,one_heavy,exact,160,0.0,0.01296407783564292,0.013054004233834788
2,512,one_heavy,same_direction,160,0.0025000000000000005,0.024530692587617694,0.026968480170322565
2,512,one_heavy,opposite_direction,160,-0.022499999999999992,0.010314061312443359,-0.004858604491013884
2,512,one_heavy,exact,161,0.0,0.013996398518421214,0.014267299065333281
2,512,one_heavy,same_direction,161,0.0025000000000000005,0.016540462718577863,0.023791272624957158
2,512,one_heavy,opposite_direction,161,-0.022499999999999992,0.012874362152758124,-0.0005057244879109466
2,512,one_heavy,exact,162,0.0,0.019095404505877992,0.015577702259194548
2,512,one_heavy,same_direction,162,0.0025000000000000005,0.01132681416881874,0.015093637190771472
2,512,one_heavy,opposite_direction,162,-0.022499999999999992,0.015617547365634935,-0.0001997540162668129
2,512,one_heavy,exact,163,0.0,0.0120851337732934,0.011531512267735276
2,512,one_heavy,same_direction,163,0.0025000000000000005,0.02466281038031087,0.024876983874531477
2,512,one_heavy,opposite_direction,163,-0.022499999999999992,0.013131751664499603,-0.0026297090068974484
2,512,one_heavy,exact,164,0.0,0.012531673722456147,0.011988775671350711
2,512,one_heavy,same_direction,164,0.0025000000000000005,0.020578036576390943,0.024832002097225345
2,512,one_heavy,opposite_direction,164,-0.022499999999999992,0.013813948151230684,-0.0027157185282312237
2,512,one_heavy,exact,165,0.0,0.01310973799896852,0.01023052366759367
2,512,one_heavy,same_direction,165,0.0025000000000000005,0.017271216452012274,0.02051177218220262
2,512,one_heavy,opposite_direction,165,-0.022499999999999992,0.007693107624678851,-0.005217331607941536
2,512,one_heavy,exact,166,0.0,0.014290476736159042,0.012580579865523226
2,512,one_heavy,same_direction,166,0.0025000000000000005,0.02343387630674809,0.025871998191818
2,512,one_heavy,opposite_direction,166,-0.022499999999999992,0.013398171043528055,-0.0025597226362505756
2,512,one_heavy,exact,167,0.0,0.014577615164665676,0.015161716040871801
2,512,one_heavy,same_direction,167,0.0025000000000000005,0.028229924591961608,0.029829519645419127
2,512,one_heavy,opposite_direction,167,-0.022499999999999992,0.013494627418798007,-0.0028200280828623784
2,512,one_heavy,exact,168,0.0,0.01344731373309966,0.01392686162696835
2,512,one_heavy,same_direction,168,0.0025000000000000005,0.02156820834283176,0.02361976865896653
2,512,one_heavy,opposite_direction,168,-0.022499999999999992,0.013544293954892478,-0.0006529355847362517
2,512,one_heavy,exact,169,0.0,0.015381255970739697,0.011008052337056488
2,512,one_heavy,same_direction,169,0.0025000000000000005,0.02399215473101341,0.02399539769887337
2,512,one_heavy,opposite_direction,169,-0.022499999999999992,0.011505437834394196,-0.005867913774688853
2,512,one_heavy,exact,170,0.0,0.011730556139841256,0.012984744120162095
2,512,one_heavy,same_direction,170,0.0025000000000000005,0.016246801907235597,0.02049640687546956
2,512,one_heavy,opposite_direction,170,-0.022499999999999992,0.013796832076048801,-0.003384394588499068
2,512,one_heavy,exact,171,0.0,0.012847756179781485,0.012092896662799325
2,512,one_heavy,same_direction,171,0.0025000000000000005,0.022433259882601222,0.024356932568977217
2,512,one_heavy,opposite_direction,171,-0.022499999999999992,0.010881319941568737,-0.0037795228923580494
2,512,one_heavy,exact,172,0.0,0.011857276385631565,0.011796345310604018
2,512,one_heavy,same_direction,172,0.0025000000000000005,0.016390543740662785,0.020907000584861016
2,512,one_heavy,opposite_direction,172,-0.022499999999999992,0.01236055316258987,-0.0035609463222049504
2,512,one_heavy,exact,173,0.0,0.012889810175251815,0.012468419822524628
2,512,one_heavy,same_direction,173,0.0025000000000000005,0.01769353576562674,0.02205132263715657
2,512,one_heavy,opposite_direction,173,-0.022499999999999992,0.014202069317168328,-0.0015052370015106987
2,512,one_heavy,exact,174,0.0,0.014163307878277187,0.013059087646412254
2,512,one_heavy,same_direction,174,0.0025000000000000005,0.026586247913944205,0.026776450327786014
2,512,one_heavy,opposite_direction,174,-0.022499999999999992,0.015269837306842341,-0.0018690868500819044
2,512,one_heavy,exact,175,0.0,0.011233465536986656,0.01333327237177553
2,512,one_heavy,same_direction,175,0.0025000000000000005,0.020744183970691037,0.02726796706252564
2,512,one_heavy,opposite_direction,175,-0.022499999999999992,0.014627290047192472,-0.001976461461792551
2,512,one_heavy,exact,176,0.0,0.012196795302695901,0.012956731340730096
2,512,one_heavy,same_direction,176,0.0025000000000000005,0.023318105161660364,0.0231725337568968
2,512,one_heavy,opposite_direction,176,-0.022499999999999992,0.012199785880036682,-0.003955594660078986
2,512,one_heavy,exact,177,0.0,0.011916622475987902,0.011892533040354031
2,512,one_heavy,same_direction,177,0.0025000000000000005,0.020434885824213232,0.01967247778062984
2,512,one_heavy,opposite_direction,177,-0.022499999999999992,0.01211736843320599,-0.0035961588721036856
2,512,one_heavy,exact,178,0.0,0.015012798026264255,0.012580414048975717
2,512,one_heavy,same_direction,178,0.0025000000000000005,0.021624745148499436,0.020790760147542824
2,512,one_heavy,opposite_direction,178,-0.022499999999999992,0.011889773885072933,-0.0032523599538178674
2,512,one_heavy,exact,179,0.0,0.01612827615031232,0.013422797059662855
2,512,one_heavy,same_direction,179,0.0025000000000000005,0.016158766261369285,0.01959762308128526
2,512,one_heavy,opposite_direction,179,-0.022499999999999992,0.006374255822061709,-0.0021541975414902112
2,512,one_heavy,exact,180,0.0,0.012346320528186856,0.010268811059946098
2,512,one_heavy,same_direction,180,0.0025000000000000005,0.017829279317854392,0.020552061796804376
2,512,one_heavy,opposite_direction,180,-0.022499999999999992,0.0128522720468627,-0.001551472597076153
2,512,one_heavy,exact,181,0.0,0.013421617631140609,0.010341287451550222
2,512,one_heavy,same_direction,181,0.0025000000000000005,0.026293075511091293,0.022736226686357025
2,512,one_heavy,opposite_direction,181,-0.022499999999999992,0.015303643077642128,-0.0033939765004175676
2,512,one_heavy,exact,182,0.0,0.015960052386374143,0.014302697846822922
2,512,one_heavy,same_direction,182,0.0025000000000000005,0.03026809287771707,0.024663534080611022
2,512,one_heavy,opposite_direction,182,-0.022499999999999992,0.013232071869744615,-0.0031379008139262054
2,512,one_heavy,exact,183,0.0,0.01176830176972021,0.01216865471426458
2,512,one_heavy,same_direction,183,0.0025000000000000005,0.024090612437678217,0.021977336229677374
2,512,one_heavy,opposite_direction,183,-0.022499999999999992,0.010787889715942245,-0.003759934428552907
2,512,one_heavy,exact,184,0.0,0.01112127787834632,0.012749469833635601
2,512,one_heavy,same_direction,184,0.0025000000000000005,0.02215345588108389,0.020683703996795463
2,512,one_heavy,opposite_direction,184,-0.022499999999999992,0.013097455493116859,-0.003072061980399764
2,512,one_heavy,exact,185,0.0,0.014050893710676967,0.014214742465054091
2,512,one_heavy,same_direction,185,0.0025000000000000005,0.019928176145227725,0.024442545334246012
2,512,one_heavy,opposite_direction,185,-0.022499999999999992,0.013685791436623079,-0.0015416661958209197
2,512,one_heavy,exact,186,0.0,0.014232572559242396,0.011087362686713445
2,512,one_heavy,same_direction,186,0.0025000000000000005,0.027942077813437414,0.02403762623840731
2,512,one_heavy,opposite_direction,186,-0.022499999999999992,0.013737229710412274,-0.00211719098094816
2,512,one_heavy,exact,187,0.0,0.011995535854739349,0.01318752840014618
2,512,one_heavy,same_direction,187,0.0025000000000000005,0.021891868798436964,0.025100750211852672
2,512,one_heavy,opposite_direction,187,-0.022499999999999992,0.013751080912735887,-0.001732140836311825
2,512,one_heavy,exact,188,0.0,0.012961443936440374,0.010629056223599886
2,512,one_heavy,same_direction,188,0.0025000000000000005,0.02251557456501662,0.02093286370841607
2,512,one_heavy,opposite_direction,188,-0.022499999999999992,0.010694787010453448,-0.0033987524268414763
2,512,one_heavy,exact,189,0.0,0.01296277617888086,0.011955794475218993
2,512,one_heavy,same_direction,189,0.0025000000000000005,0.018280657248826673,0.021209013736454514
2,512,one_heavy,opposite_direction,189,-0.022499999999999992,0.011351901866305292,-0.0034423036719632037
2,512,one_heavy,exact,190,0.0,0.017282646513314383,0.014130845262338364
2,512,one_heavy,same_direction,190,0.0025000000000000005,0.02727861987306409,0.024129219000268855
2,512,one_heavy,opposite_direction,190,-0.022499999999999992,0.012008234126702095,-0.002173109168765713
2,512,one_heavy,exact,191,0.0,0.01188404099281215,0.012086332965200487
2,512,one_heavy,same_direction,191,0.0025000000000000005,0.02527387416542455,0.025501411331709162
2,512,one_heavy,opposite_direction,191,-0.022499999999999992,0.013608007652988655,-0.002228307851208174
2,512,one_heavy,exact,192,0.0,0.014746488567593505,0.011748201733636662
2,512,one_heavy,same_direction,192,0.0025000000000000005,0.027518222611006834,0.023365653840704097
2,512,one_heavy,opposite_direction,192,-0.022499999999999992,0.012535827767219036,-0.0025856403758585675
2,512,one_heavy,exact,193,0.0,0.013203780502093889,0.013012772052353365
2,512,one_heavy,same_direction,193,0.0025000000000000005,0.014211919255899447,0.017388559405380317
2,512,one_heavy,opposite_direction,193,-0.022499999999999992,0.01462300178683362,-0.0019323488567478302
2,512,one_heavy,exact,194,0.0,0.01085621935601167,0.010618305373305062
2,512,one_heavy,same_direction,194,0.0025000000000000005,0.018037400271663423,0.0219265493876045
2,512,one_heavy,opposite_direction,194,-0.022499999999999992,0.012752274742230948,-0.0028595731956043585
2,512,one_heavy,exact,195,0.0,0.012248354993815307,0.01094664627669164
2,512,one_heavy,same_direction,195,0.0025000000000000005,0.01977884956878212,0.021198193315201664
2,512,one_heavy,opposite_direction,195,-0.022499999999999992,0.009840725180152598,-0.005693872595241304
2,512,one_heavy,exact,196,0.0,0.015285473108889672,0.012628168015619078
2,512,one_heavy,same_direction,196,0.0025000000000000005,0.020350823245405485,0.024946752691631803
2,512,one_heavy,opposite_direction,196,-0.022499999999999992,0.014345898855858364,-0.0020229131634452026
2,512,one_heavy,exact,197,0.0,0.013046390901141439,0.011908666028996661
2,512,one_heavy,same_direction,197,0.0025000000000000005,0.018271734292998856,0.02386609691708251
2,512,one_heavy,opposite_direction,197,-0.022499999999999992,0.014616470004664857,-0.002084248851236056
2,512,one_heavy,exact,198,0.0,0.01298673413996573,0.012781897203499652
2,512,one_heavy,same_direction,198,0.0025000000000000005,0.02171481448712497,0.02654595270422708
2,512,one_heavy,opposite_direction,198,-0.022499999999999992,0.013995108130990098,-0.001576286240445326
2,512,one_heavy,exact,199,0.0,0.014211230355945247,0.013972540336972046
2,512,one_heavy,same_direction,199,0.0025000000000000005,0.017206184610600347,0.016951513514131555
2,512,one_heavy,opposite_direction,199,-0.022499999999999992,0.010588237722393265,0.0004230007292893262
2,8192,balanced,exact,0,0.0,0.0009360533014175008,0.000870477697022758
2,8192,balanced,same_direction,0,0.0025000000000000014,0.005661740228432516,0.0059147146126665075
2,8192,balanced,opposite_direction,0,-0.0225,-0.016411486645529903,-0.016121800088242932
2,8192,balanced,exact,1,0.0,0.0007723191788888574,0.0008422920461728065
2,8192,balanced,same_direction,1,0.0025000000000000014,0.005090141516893744,0.005399379134466817
2,8192,balanced,opposite_direction,1,-0.0225,-0.01662558519897311,-0.016049568846157734
2,8192,balanced,exact,2,0.0,0.000717180375036046,0.0006423716816133162
2,8192,balanced,same_direction,2,0.0025000000000000014,0.0048573628130498415,0.0057093129576458145
2,8192,balanced,opposite_direction,2,-0.0225,-0.014770736321315698,-0.014673406561465745
2,8192,balanced,exact,3,0.0,0.0007719329516469565,0.0009026551746206333
2,8192,balanced,same_direction,3,0.0025000000000000014,0.0058770801585178315,0.006409252268314949
2,8192,balanced,opposite_direction,3,-0.0225,-0.0160278805218355,-0.015582782570322282
2,8192,balanced,exact,4,0.0,0.0008601967616383378,0.0008793004233864615
2,8192,balanced,same_direction,4,0.0025000000000000014,0.0060665093161486995,0.0063663634848473896
2,8192,balanced,opposite_direction,4,-0.0225,-0.01447628096846514,-0.014777537235003194
2,8192,balanced,exact,5,0.0,0.0007842325934877633,0.0007673016008498712
2,8192,balanced,same_direction,5,0.0025000000000000014,0.004659340671963167,0.005179057375471502
2,8192,balanced,opposite_direction,5,-0.0225,-0.015949434945118943,-0.01611825843845575
2,8192,balanced,exact,6,0.0,0.00067018288754177,0.000712514829202654
2,8192,balanced,same_direction,6,0.0025000000000000014,0.005176745041745337,0.005278879063859595
2,8192,balanced,opposite_direction,6,-0.0225,-0.014598743428445776,-0.015511407807993784
2,8192,balanced,exact,7,0.0,0.0007420110192889905,0.0007741952285839053
2,8192,balanced,same_direction,7,0.0025000000000000014,0.005693176237126591,0.006072658200449735
2,8192,balanced,opposite_direction,7,-0.0225,-0.015623068568266167,-0.016194052212574334
2,8192,balanced,exact,8,0.0,0.0008374808212740459,0.000769385904667056
2,8192,balanced,same_direction,8,0.0025000000000000014,0.005982694877709974,0.006071025245093715
2,8192,balanced,opposite_direction,8,-0.0225,-0.01539521076917446,-0.01469107311408575
2,8192,balanced,exact,9,0.0,0.0007162990737298957,0.000710804003780044
2,8192,balanced,same_direction,9,0.0025000000000000014,0.005186392669110118,0.005331693946673209
2,8192,balanced,opposite_direction,9,-0.0225,-0.01563984065168681,-0.015144593672143172
2,8192,balanced,exact,10,0.0,0.0007669548769408683,0.0006857035611766166
2,8192,balanced,same_direction,10,0.0025000000000000014,0.005110081452740051,0.005441732977687156
2,8192,balanced,opposite_direction,10,-0.0225,-0.01628342342634288,-0.015508078872113366
2,8192,balanced,exact,11,0.0,0.0006702712190954392,0.0007910588666226496
2,8192,balanced,same_direction,11,0.0025000000000000014,0.004777634933647489,0.005138921130622679
2,8192,balanced,opposite_direction,11,-0.0225,-0.014452300680179567,-0.015998572001904937
2,8192,balanced,exact,12,0.0,0.000566987400809012,0.0006925072867179273
2,8192,balanced,same_direction,12,0.0025000000000000014,0.005027907070800039,0.005499449797297229
2,8192,balanced,opposite_direction,12,-0.0225,-0.01526818727702404,-0.015227939507553594
2,8192,balanced,exact,13,0.0,0.0008120802980041503,0.0007354438448198531
2,8192,balanced,same_direction,13,0.0025000000000000014,0.005693040016165617,0.005872664805420445
2,8192,balanced,opposite_direction,13,-0.0225,-0.014065174710369218,-0.015401907336144502
2,8192,balanced,exact,14,0.0,0.0007300301700922373,0.0007749483602941633
2,8192,balanced,same_direction,14,0.0025000000000000014,0.00472404500134469,0.005144271015386098
2,8192,balanced,opposite_direction,14,-0.0225,-0.01551956744702691,-0.01619885502410247
2,8192,balanced,exact,15,0.0,0.0009458965016064603,0.0010040733606918018
2,8192,balanced,same_direction,15,0.0025000000000000014,0.005660879385826441,0.006080285731049719
2,8192,balanced,opposite_direction,15,-0.0225,-0.01575676824067302,-0.015336318577523121
2,8192,balanced,exact,16,0.0,0.0008684765184657326,0.0008344161443516714
2,8192,balanced,same_direction,16,0.0025000000000000014,0.005111315540572507,0.005822153097013557
2,8192,balanced,opposite_direction,16,-0.0225,-0.016354305860746994,-0.015467514624364711
2,8192,balanced,exact,17,0.0,0.0008881992240460366,0.0008105126813926706
2,8192,balanced,same_direction,17,0.0025000000000000014,0.0057105469658250635,0.006178387101476914
2,8192,balanced,opposite_direction,17,-0.0225,-0.016606628115155342,-0.016818874163248145
2,8192,balanced,exact,18,0.0,0.000845052899271509,0.0007514281669853851
2,8192,balanced,same_direction,18,0.0025000000000000014,0.004646557541923525,0.005249565560969557
2,8192,balanced,opposite_direction,18,-0.0225,-0.013389225290315455,-0.015680378437745498
2,8192,balanced,exact,19,0.0,0.0008741333843620392,0.0009469066875245415
2,8192,balanced,same_direction,19,0.0025000000000000014,0.006356401808692351,0.006535612914050475
2,8192,balanced,opposite_direction,19,-0.0225,-0.01410098277916729,-0.014621890969105312
2,8192,balanced,exact,20,0.0,0.0008101126651879852,0.0008568487284365529
2,8192,balanced,same_direction,20,0.0025000000000000014,0.0061545593417648954,0.006269644017451852
2,8192,balanced,opposite_direction,20,-0.0225,-0.016052627690829366,-0.016082283466671343
2,8192,balanced,exact,21,0.0,0.0006670641108973991,0.0007229050529754114
2,8192,balanced,same_direction,21,0.0025000000000000014,0.005211597122198514,0.005610856166046929
2,8192,balanced,opposite_direction,21,-0.0225,-0.01457666574163874,-0.015423995515636198
2,8192,balanced,exact,22,0.0,0.0010380438542277905,0.0009941155352042152
2,8192,balanced,same_direction,22,0.0025000000000000014,0.006462726400527805,0.006649676385672414
2,8192,balanced,opposite_direction,22,-0.0225,-0.01550054208039446,-0.015554433972896015
2,8192,balanced,exact,23,0.0,0.0007816071835800211,0.000656808484820148
2,8192,balanced,same_direction,23,0.0025000000000000014,0.005141504523715038,0.005668638697407584
2,8192,balanced,opposite_direction,23,-0.0225,-0.014449789135163251,-0.015895333068023938
2,8192,balanced,exact,24,0.0,0.0006955866741470874,0.0007101525707183223
2,8192,balanced,same_direction,24,0.0025000000000000014,0.0051527941713419975,0.0053657518549788666
2,8192,balanced,opposite_direction,24,-0.0225,-0.014775770222293266,-0.01558232847794987
2,8192,balanced,exact,25,0.0,0.0007893889287586635,0.0007662292478004991
2,8192,balanced,same_direction,25,0.0025000000000000014,0.005266808308022865,0.005568935130870947
2,8192,balanced,opposite_direction,25,-0.0225,-0.014337238263776123,-0.015675938769843703
2,8192,balanced,exact,26,0.0,0.0006522328502038355,0.0006680332135315846
2,8192,balanced,same_direction,26,0.0025000000000000014,0.005014540348556265,0.005365284420532695
2,8192,balanced,opposite_direction,26,-0.0225,-0.0161771883362537,-0.01634311026004149
2,8192,balanced,exact,27,0.0,0.0008492731456588283,0.0008591474704944552
2,8192,balanced,same_direction,27,0.0025000000000000014,0.005379062384913279,0.005873649163622255
2,8192,balanced,opposite_direction,27,-0.0225,-0.014245511965198479,-0.01463523866785873
2,8192,balanced,exact,28,0.0,0.0008129628875750237,0.0009096555369491721
2,8192,balanced,same_direction,28,0.0025000000000000014,0.005716334929623219,0.006409536484003839
2,8192,balanced,opposite_direction,28,-0.0225,-0.017202833798368854,-0.015813652377872744
2,8192,balanced,exact,29,0.0,0.0006732604037292538,0.000691580612155493
2,8192,balanced,same_direction,29,0.0025000000000000014,0.0055395468477396435,0.005738859105948272
2,8192,balanced,opposite_direction,29,-0.0225,-0.01549540261220682,-0.015926219309556615
2,8192,balanced,exact,30,0.0,0.0007386801701647324,0.0007484791019478228
2,8192,balanced,same_direction,30,0.0025000000000000014,0.004764461449320753,0.005648484822397972
2,8192,balanced,opposite_direction,30,-0.0225,-0.01570669544040624,-0.015267130585886027
2,8192,balanced,exact,31,0.0,0.0007471038800624645,0.0007868011327027914
2,8192,balanced,same_direction,31,0.0025000000000000014,0.004676227660660077,0.005061140190826966
2,8192,balanced,opposite_direction,31,-0.0225,-0.015050655450307348,-0.016636143868314975
2,8192,balanced,exact,32,0.0,0.0008478168017539032,0.0007958325218573958
2,8192,balanced,same_direction,32,0.0025000000000000014,0.005095401458396554,0.005655159660055907
2,8192,balanced,opposite_direction,32,-0.0225,-0.016510828327813906,-0.01620586976711294
2,8192,balanced,exact,33,0.0,0.0006874084650758305,0.0008360767569098287
2,8192,balanced,same_direction,33,0.0025000000000000014,0.005170407547592677,0.0051353848386930506
2,8192,balanced,opposite_direction,33,-0.0225,-0.0147455471501288,-0.014888861571654834
2,8192,balanced,exact,34,0.0,0.0007119657181706396,0.0007983914461605009
2,8192,balanced,same_direction,34,0.0025000000000000014,0.0047462513033936365,0.005135525322500009
2,8192,balanced,opposite_direction,34,-0.0225,-0.01496770840857263,-0.015317128252094709
2,8192,balanced,exact,35,0.0,0.0007288437642520321,0.0007599042224017906
2,8192,balanced,same_direction,35,0.0025000000000000014,0.004802905870656975,0.005173625810077375
2,8192,balanced,opposite_direction,35,-0.0225,-0.01588763390896611,-0.016525050920545174
2,8192,balanced,exact,36,0.0,0.000727959016065853,0.0006744346759259509
2,8192,balanced,same_direction,36,0.0025000000000000014,0.005536953838319142,0.005790494140837426
2,8192,balanced,opposite_direction,36,-0.0225,-0.014889040753686444,-0.014816089870366846
2,8192,balanced,exact,37,0.0,0.0007160706991190173,0.0006853094816191111
2,8192,balanced,same_direction,37,0.0025000000000000014,0.005245862411023359,0.005549628172823786
2,8192,balanced,opposite_direction,37,-0.0225,-0.015834536827858847,-0.01584275061283265
2,8192,balanced,exact,38,0.0,0.0007404075262482095,0.0008869083551054297
2,8192,balanced,same_direction,38,0.0025000000000000014,0.005511389710528461,0.006367630169856487
2,8192,balanced,opposite_direction,38,-0.0225,-0.014940649904630244,-0.015928335280136256
2,8192,balanced,exact,39,0.0,0.0007079282657656001,0.0008173549123571801
2,8192,balanced,same_direction,39,0.0025000000000000014,0.005321723857372618,0.005614017528859214
2,8192,balanced,opposite_direction,39,-0.0225,-0.01527613990137292,-0.015965072724798704
2,8192,balanced,exact,40,0.0,0.0007945649580455387,0.0006833411092552498
2,8192,balanced,same_direction,40,0.0025000000000000014,0.005580213342853567,0.005806850341632388
2,8192,balanced,opposite_direction,40,-0.0225,-0.013925689415836402,-0.01552392896253027
2,8192,balanced,exact,41,0.0,0.0008455835152739904,0.0008151742006380665
2,8192,balanced,same_direction,41,0.0025000000000000014,0.005843882885310519,0.0060557534013081
2,8192,balanced,opposite_direction,41,-0.0225,-0.015129273258305,-0.01529229039683487
2,8192,balanced,exact,42,0.0,0.0007434161406447135,0.0008344723609897469
2,8192,balanced,same_direction,42,0.0025000000000000014,0.005433473718162441,0.00622953381389138
2,8192,balanced,opposite_direction,42,-0.0225,-0.01430896577226689,-0.01517474334304811
2,8192,balanced,exact,43,0.0,0.0007803054245418123,0.0008185597952301412
2,8192,balanced,same_direction,43,0.0025000000000000014,0.005425929341004832,0.0059794815840997235
2,8192,balanced,opposite_direction,43,-0.0225,-0.015953873027178985,-0.016349459628459587
2,8192,balanced,exact,44,0.0,0.0009367110633323136,0.0009821311997706373
2,8192,balanced,same_direction,44,0.0025000000000000014,0.005321511474720715,0.005444319387842754
2,8192,balanced,opposite_direction,44,-0.0225,-0.01533919035453206,-0.015508941880211194
2,8192,balanced,exact,45,0.0,0.0006969942306425758,0.0007314064679397607
2,8192,balanced,same_direction,45,0.0025000000000000014,0.005683579273022644,0.005952919833306653
2,8192,balanced,opposite_direction,45,-0.0225,-0.016342319309400225,-0.016348343566060505
2,8192,balanced,exact,46,0.0,0.0007034954025876252,0.0007422669637327991
2,8192,balanced,same_direction,46,0.0025000000000000014,0.0056297513730508425,0.005726700192880282
2,8192,balanced,opposite_direction,46,-0.0225,-0.01590390114117613,-0.01566635076560207
2,8192,balanced,exact,47,0.0,0.0006666132099622947,0.0007460235298821267
2,8192,balanced,same_direction,47,0.0025000000000000014,0.005046666103380299,0.005446510329979809
2,8192,balanced,opposite_direction,47,-0.0225,-0.01552874030657985,-0.01548778679123822
2,8192,balanced,exact,48,0.0,0.0006752258662333554,0.0006916302437984694
2,8192,balanced,same_direction,48,0.0025000000000000014,0.004962063128832128,0.005384538363284835
2,8192,balanced,opposite_direction,48,-0.0225,-0.015585739271875594,-0.015157398797253668
2,8192,balanced,exact,49,0.0,0.0006965786001136068,0.0006866370037249832
2,8192,balanced,same_direction,49,0.0025000000000000014,0.005018303844909359,0.005479874202215219
2,8192,balanced,opposite_direction,49,-0.0225,-0.015060731189235971,-0.016032639141819433
2,8192,balanced,exact,50,0.0,0.0007441357061540587,0.0007605890468859601
2,8192,balanced,same_direction,50,0.0025000000000000014,0.005938969665143727,0.006018429510998904
2,8192,balanced,opposite_direction,50,-0.0225,-0.014595391747588504,-0.015240725302849856
2,8192,balanced,exact,51,0.0,0.0007423037764126888,0.0007148592522105044
2,8192,balanced,same_direction,51,0.0025000000000000014,0.005331120858739823,0.005889917574534397
2,8192,balanced,opposite_direction,51,-0.0225,-0.016086618207727235,-0.015939640147918533
2,8192,balanced,exact,52,0.0,0.0007125800998160545,0.000886882094547589
2,8192,balanced,same_direction,52,0.0025000000000000014,0.005003555208197991,0.004864746095044228
2,8192,balanced,opposite_direction,52,-0.0225,-0.014010216033922534,-0.014849082504727308
2,8192,balanced,exact,53,0.0,0.00076821037255239,0.0007261106292054231
2,8192,balanced,same_direction,53,0.0025000000000000014,0.004542821033699549,0.005286673859022711
2,8192,balanced,opposite_direction,53,-0.0225,-0.01486385211845889,-0.016058365061114625
2,8192,balanced,exact,54,0.0,0.0007240432825262783,0.0006641655222016931
2,8192,balanced,same_direction,54,0.0025000000000000014,0.004819079818896723,0.005508052572646209
2,8192,balanced,opposite_direction,54,-0.0225,-0.014634655076068268,-0.015959809956510782
2,8192,balanced,exact,55,0.0,0.0008620587277656438,0.0008392382466416201
2,8192,balanced,same_direction,55,0.0025000000000000014,0.004796761302100671,0.005319445128075605
2,8192,balanced,opposite_direction,55,-0.0225,-0.01468773034870414,-0.015502558200051125
2,8192,balanced,exact,56,0.0,0.0006184281036360534,0.0007562483074258232
2,8192,balanced,same_direction,56,0.0025000000000000014,0.0055237317955378305,0.0060169724660698795
2,8192,balanced,opposite_direction,56,-0.0225,-0.014645444653200418,-0.01617478119154351
2,8192,balanced,exact,57,0.0,0.0007793903538372353,0.0007444150228516279
2,8192,balanced,same_direction,57,0.0025000000000000014,0.004999897008259735,0.005240679663583829
2,8192,balanced,opposite_direction,57,-0.0225,-0.013720157270740212,-0.015140168996147074
2,8192,balanced,exact,58,0.0,0.0007313686909315381,0.0007268337375822072
2,8192,balanced,same_direction,58,0.0025000000000000014,0.005384044692286188,0.005400027865590308
2,8192,balanced,opposite_direction,58,-0.0225,-0.015925348606199284,-0.01633320238632123
2,8192,balanced,exact,59,0.0,0.0007900699249577137,0.0006948632230122399
2,8192,balanced,same_direction,59,0.0025000000000000014,0.004934581393685688,0.005561022037345311
2,8192,balanced,opposite_direction,59,-0.0225,-0.013874945002871245,-0.014588968371723406
2,8192,balanced,exact,60,0.0,0.0006560414243197889,0.0008424731703529211
2,8192,balanced,same_direction,60,0.0025000000000000014,0.004840139815981804,0.004994390074264969
2,8192,balanced,opposite_direction,60,-0.0225,-0.014792593033118973,-0.015512751410338319
2,8192,balanced,exact,61,0.0,0.0007534941678348824,0.0007973790121678648
2,8192,balanced,same_direction,61,0.0025000000000000014,0.005830881281902884,0.0057781334325042
2,8192,balanced,opposite_direction,61,-0.0225,-0.014901626297224526,-0.01543105798400768
2,8192,balanced,exact,62,0.0,0.0009335028718043461,0.000937922586699393
2,8192,balanced,same_direction,62,0.0025000000000000014,0.005682062130436513,0.0063685255018345165
2,8192,balanced,opposite_direction,62,-0.0225,-0.015832773023458042,-0.015190652947308623
2,8192,balanced,exact,63,0.0,0.0008267109432524045,0.0008430572780565174
2,8192,balanced,same_direction,63,0.0025000000000000014,0.005134994870976162,0.0057367231349798814
2,8192,balanced,opposite_direction,63,-0.0225,-0.017205264728860612,-0.017074695192278062
2,8192,balanced,exact,64,0.0,0.000803125905417071,0.000788076917621041
2,8192,balanced,same_direction,64,0.0025000000000000014,0.005856622758562775,0.006065807750780649
2,8192,balanced,opposite_direction,64,-0.0225,-0.0157023759037697,-0.01579911184640346
2,8192,balanced,exact,65,0.0,0.0006698115534615687,0.0007463821531002092
2,8192,balanced,same_direction,65,0.0025000000000000014,0.00548607152594245,0.005978537805103115
2,8192,balanced,opposite_direction,65,-0.0225,-0.015265096425899682,-0.01560897053438768
2,8192,balanced,exact,66,0.0,0.0007793146956104869,0.0007348511273752366
2,8192,balanced,same_direction,66,0.0025000000000000014,0.0048803617937941005,0.00539257465641582
2,8192,balanced,opposite_direction,66,-0.0225,-0.014475632636900404,-0.015199160881541239
2,8192,balanced,exact,67,0.0,0.0008305755741232551,0.0008882526920385263
2,8192,balanced,same_direction,67,0.0025000000000000014,0.005460000882545685,0.006049711425877119
2,8192,balanced,opposite_direction,67,-0.0225,-0.015743639822255646,-0.015861504561848747
2,8192,balanced,exact,68,0.0,0.0008229785961977342,0.0008884743088463229
2,8192,balanced,same_direction,68,0.0025000000000000014,0.004901222841195486,0.005820237945810094
2,8192,balanced,opposite_direction,68,-0.0225,-0.016414541386585636,-0.015654636615938997
2,8192,balanced,exact,69,0.0,0.0006685302429800939,0.0007931425188151757
2,8192,balanced,same_direction,69,0.0025000000000000014,0.0052973980239722765,0.006102843245454522
2,8192,balanced,opposite_direction,69,-0.0225,-0.014960204202346793,-0.01524077143125263
2,8192,balanced,exact,70,0.0,0.0007222872181667173,0.0007787141422468797
2,8192,balanced,same_direction,70,0.0025000000000000014,0.00482549006986016,0.005242602733133981
2,8192,balanced,opposite_direction,70,-0.0225,-0.015884586776150643,-0.015879792743760782
2,8192,balanced,exact,71,0.0,0.0007166138803908666,0.0007810510445114589
2,8192,balanced,same_direction,71,0.0025000000000000014,0.0055516009942515225,0.005486260318056292
2,8192,balanced,opposite_direction,71,-0.0225,-0.016456946238345094,-0.015619532319032138
2,8192,balanced,exact,72,0.0,0.0007623360448132567,0.0007996903659208813
2,8192,balanced,same_direction,72,0.0025000000000000014,0.0054700320235305175,0.005522239704535011
2,8192,balanced,opposite_direction,72,-0.0225,-0.015888932242585353,-0.01572600066255872
2,8192,balanced,exact,73,0.0,0.0007494754796381425,0.0007693370524380701
2,8192,balanced,same_direction,73,0.0025000000000000014,0.005457365422054843,0.006048051715659593
2,8192,balanced,opposite_direction,73,-0.0225,-0.015090531682291134,-0.015185660083267254
2,8192,balanced,exact,74,0.0,0.0008306971920005227,0.0007300691661659179
2,8192,balanced,same_direction,74,0.0025000000000000014,0.005362386933116423,0.005959576183813188
2,8192,balanced,opposite_direction,74,-0.0225,-0.01735431373176003,-0.0165418402293621
2,8192,balanced,exact,75,0.0,0.000889177862440539,0.0009953485108357813
2,8192,balanced,same_direction,75,0.0025000000000000014,0.004239857517176479,0.00462888889138394
2,8192,balanced,opposite_direction,75,-0.0225,-0.013028342798981817,-0.014895369406331752
2,8192,balanced,exact,76,0.0,0.0006701257388461553,0.000706281252516066
2,8192,balanced,same_direction,76,0.0025000000000000014,0.005382741507844784,0.005898227132171845
2,8192,balanced,opposite_direction,76,-0.0225,-0.01573493882690191,-0.014587920628828636
2,8192,balanced,exact,77,0.0,0.0007218944702018952,0.0008358268506127973
2,8192,balanced,same_direction,77,0.0025000000000000014,0.00558037175695731,0.005468043979628733
2,8192,balanced,opposite_direction,77,-0.0225,-0.015767297588446794,-0.016470044864755767
2,8192,balanced,exact,78,0.0,0.0006665786399158184,0.0007439550964843261
2,8192,balanced,same_direction,78,0.0025000000000000014,0.004841393967071709,0.005258102576376867
2,8192,balanced,opposite_direction,78,-0.0225,-0.015407340365013195,-0.015576539434934035
2,8192,balanced,exact,79,0.0,0.0007630748345700359,0.0006765222913294255
2,8192,balanced,same_direction,79,0.0025000000000000014,0.005542305351409807,0.005783461398942126
2,8192,balanced,opposite_direction,79,-0.0225,-0.013818432029087719,-0.015256547548878407
2,8192,balanced,exact,80,0.0,0.0007378521879099383,0.0009194441020612383
2,8192,balanced,same_direction,80,0.0025000000000000014,0.004905337613423684,0.004803292094956483
2,8192,balanced,opposite_direction,80,-0.0225,-0.016233138836118825,-0.01625506825739123
2,8192,balanced,exact,81,0.0,0.0007277449377626349,0.000765267684509839
2,8192,balanced,same_direction,81,0.0025000000000000014,0.005724101770906928,0.006032980912504215
2,8192,balanced,opposite_direction,81,-0.0225,-0.014412660984535124,-0.015651553724856798
2,8192,balanced,exact,82,0.0,0.0007118506801955598,0.0007355785829425518
2,8192,balanced,same_direction,82,0.0025000000000000014,0.004977451942671647,0.005639833826295702
2,8192,balanced,opposite_direction,82,-0.0225,-0.015650583503672683,-0.015330599536129148
2,8192,balanced,exact,83,0.0,0.0008212301689102775,0.0006511338858136337
2,8192,balanced,same_direction,83,0.0025000000000000014,0.005425745781879748,0.005621020891782456
2,8192,balanced,opposite_direction,83,-0.0225,-0.01712625213491732,-0.016638219107310313
2,8192,balanced,exact,84,0.0,0.0008347850273105529,0.0008464486646995082
2,8192,balanced,same_direction,84,0.0025000000000000014,0.00598945843725478,0.006253965172278733
2,8192,balanced,opposite_direction,84,-0.0225,-0.015332668355324939,-0.015710215656514398
2,8192,balanced,exact,85,0.0,0.0007526835372758374,0.00079736888160693
2,8192,balanced,same_direction,85,0.0025000000000000014,0.004726408251146875,0.005308225644072056
2,8192,balanced,opposite_direction,85,-0.0225,-0.015478938361421508,-0.015721978517161627
2,8192,balanced,exact,86,0.0,0.000742025399966501,0.000856939642616697
2,8192,balanced,same_direction,86,0.0025000000000000014,0.004650477789650056,0.004941018594302279
2,8192,balanced,opposite_direction,86,-0.0225,-0.015319335148540754,-0.01516018772423344
2,8192,balanced,exact,87,0.0,0.0006956115613248266,0.000623406281959742
2,8192,balanced,same_direction,87,0.0025000000000000014,0.005580182153228039,0.0056139572937950535
2,8192,balanced,opposite_direction,87,-0.0225,-0.014619091382309523,-0.015583757632862382
2,8192,balanced,exact,88,0.0,0.0008122344024871025,0.0009067530940734744
2,8192,balanced,same_direction,88,0.0025000000000000014,0.0046824222843014456,0.004846925147717731
2,8192,balanced,opposite_direction,88,-0.0225,-0.015587803365794045,-0.015317976431691357
2,8192,balanced,exact,89,0.0,0.0008704451387790193,0.0008273932491974845
2,8192,balanced,same_direction,89,0.0025000000000000014,0.005101316631050773,0.005832088914600025
2,8192,balanced,opposite_direction,89,-0.0225,-0.01511181244832262,-0.015172175641166095
2,8192,balanced,exact,90,0.0,0.0006970325512537345,0.000683316846772577
2,8192,balanced,same_direction,90,0.0025000000000000014,0.005105501531858641,0.005421443771799974
2,8192,balanced,opposite_direction,90,-0.0225,-0.014616510383171692,-0.015796351418411937
2,8192,balanced,exact,91,0.0,0.0007012729227704299,0.0006570734577013137
2,8192,balanced,same_direction,91,0.0025000000000000014,0.004887189992860091,0.005536435264126158
2,8192,balanced,opposite_direction,91,-0.0225,-0.01413521079893896,-0.015441380321724735
2,8192,balanced,exact,92,0.0,0.0006526936200140644,0.0007819964338137365
2,8192,balanced,same_direction,92,0.0025000000000000014,0.005432740733958849,0.006069962605726362
2,8192,balanced,opposite_direction,92,-0.0225,-0.01468025170898457,-0.015417450714245766
2,8192,balanced,exact,93,0.0,0.0008413905198996314,0.0009325690743855128
2,8192,balanced,same_direction,93,0.0025000000000000014,0.004381373166521835,0.005001904108266947
2,8192,balanced,opposite_direction,93,-0.0225,-0.014044611671872275,-0.014781559951938823
2,8192,balanced,exact,94,0.0,0.0005984649234553167,0.0007272639778264291
2,8192,balanced,same_direction,94,0.0025000000000000014,0.004975284931001545,0.005301936750039873
2,8192,balanced,opposite_direction,94,-0.0225,-0.015351986409818467,-0.015601273639605
2,8192,balanced,exact,95,0.0,0.0007475379840117594,0.0007419676148495692
2,8192,balanced,same_direction,95,0.0025000000000000014,0.005927883795981486,0.00596776553668325
2,8192,balanced,opposite_direction,95,-0.0225,-0.014488411626244462,-0.015400133580819174
2,8192,balanced,exact,96,0.0,0.0006888994195975521,0.000681204469464108
2,8192,balanced,same_direction,96,0.0025000000000000014,0.004997485751652684,0.005386558862106554
2,8192,balanced,opposite_direction,96,-0.0225,-0.014298721635197569,-0.015315368007654059
2,8192,balanced,exact,97,0.0,0.0007137373346254687,0.0006711094104430056
2,8192,balanced,same_direction,97,0.0025000000000000014,0.004992195514684991,0.005550894199279302
2,8192,balanced,opposite_direction,97,-0.0225,-0.015491091933139363,-0.015509840584312132
2,8192,balanced,exact,98,0.0,0.0007167761492697799,0.0007939998462594462
2,8192,balanced,same_direction,98,0.0025000000000000014,0.005170095919025964,0.005555099601961814
2,8192,balanced,opposite_direction,98,-0.0225,-0.015890690868337082,-0.015820941630875905
2,8192,balanced,exact,99,0.0,0.0006121325037726477,0.0007950097161262889
2,8192,balanced,same_direction,99,0.0025000000000000014,0.005022054234159158,0.005125706234594253
2,8192,balanced,opposite_direction,99,-0.0225,-0.015480114127082306,-0.015650273683293626
2,8192,balanced,exact,100,0.0,0.0006564523382929007,0.0007685191361347702
2,8192,balanced,same_direction,100,0.0025000000000000014,0.005298749476412524,0.005331015646572127
2,8192,balanced,opposite_direction,100,-0.0225,-0.015551072341729876,-0.015878375895952368
2,8192,balanced,exact,101,0.0,0.0007050773382093001,0.0007031246522421874
2,8192,balanced,same_direction,101,0.0025000000000000014,0.005230677058528179,0.005595688237052371
2,8192,balanced,opposite_direction,101,-0.0225,-0.01556378088458059,-0.015112414439484679
2,8192,balanced,exact,102,0.0,0.0007226837106214044,0.0006402347974313173
2,8192,balanced,same_direction,102,0.0025000000000000014,0.005483244849184292,0.0056780120293561664
2,8192,balanced,opposite_direction,102,-0.0225,-0.01642609068553786,-0.015558256284768094
2,8192,balanced,exact,103,0.0,0.0007408106997254787,0.0007025541170624478
2,8192,balanced,same_direction,103,0.0025000000000000014,0.004640294035996822,0.005367216746907269
2,8192,balanced,opposite_direction,103,-0.0225,-0.016197629339233646,-0.015506889168045466
2,8192,balanced,exact,104,0.0,0.0007081895427584887,0.0006707537345853732
2,8192,balanced,same_direction,104,0.0025000000000000014,0.005159970004881644,0.00567137198184367
2,8192,balanced,opposite_direction,104,-0.0225,-0.014664639606886232,-0.015196888611678118
2,8192,balanced,exact,105,0.0,0.0007915309229492217,0.000728180447131403
2,8192,balanced,same_direction,105,0.0025000000000000014,0.005251437932804552,0.005301302760889706
2,8192,balanced,opposite_direction,105,-0.0225,-0.015213743651705722,-0.01575414175286185
2,8192,balanced,exact,106,0.0,0.000728743801455017,0.000844624196992132
2,8192,balanced,same_direction,106,0.0025000000000000014,0.005597194469266389,0.006249303729918899
2,8192,balanced,opposite_direction,106,-0.0225,-0.01586991873389229,-0.015502421265056937
2,8192,balanced,exact,107,0.0,0.0006441650352253465,0.0007577838005455079
2,8192,balanced,same_direction,107,0.0025000000000000014,0.00490121272782595,0.005331127801251475
2,8192,balanced,opposite_direction,107,-0.0225,-0.01479685201807019,-0.01543931956173665
2,8192,balanced,exact,108,0.0,0.0007521914668647861,0.0008139546610761107
2,8192,balanced,same_direction,108,0.0025000000000000014,0.00551257319629175,0.00538122833968715
2,8192,balanced,opposite_direction,108,-0.0225,-0.0155082580259346,-0.01593868889730451
2,8192,balanced,exact,109,0.0,0.0008281974293020035,0.0008610150660155501
2,8192,balanced,same_direction,109,0.0025000000000000014,0.006208867095683638,0.006293670503963051
2,8192,balanced,opposite_direction,109,-0.0225,-0.01578744871509417,-0.015722604397340648
2,8192,balanced,exact,110,0.0,0.0007782022350224877,0.0007383947679340774
2,8192,balanced,same_direction,110,0.0025000000000000014,0.004988891218661191,0.005211955479206849
2,8192,balanced,opposite_direction,110,-0.0225,-0.016766834625348087,-0.01674588521025211
2,8192,balanced,exact,111,0.0,0.0007587143983016566,0.0006606094254424854
2,8192,balanced,same_direction,111,0.0025000000000000014,0.0053206957297660396,0.005478047393386315
2,8192,balanced,opposite_direction,111,-0.0225,-0.014030172692818402,-0.015287453092132313
2,8192,balanced,exact,112,0.0,0.0008447889954961961,0.0008889908837404073
2,8192,balanced,same_direction,112,0.0025000000000000014,0.005328514438897221,0.005633934296371244
2,8192,balanced,opposite_direction,112,-0.0225,-0.015332192658899431,-0.016339785037875035
2,8192,balanced,exact,113,0.0,0.0009281793443589946,0.0010090821254266295
2,8192,balanced,same_direction,113,0.0025000000000000014,0.004732729175447708,0.005244653032716666
2,8192,balanced,opposite_direction,113,-0.0225,-0.015589980294159077,-0.015152566908999883
2,8192,balanced,exact,114,0.0,0.0008509128174205774,0.0008546811877947617
2,8192,balanced,same_direction,114,0.0025000000000000014,0.006257671787439265,0.0062849647518327615
2,8192,balanced,opposite_direction,114,-0.0225,-0.0155479181775877,-0.015217189653688746
2,8192,balanced,exact,115,0.0,0.0007083427354937769,0.0006983004205536353
2,8192,balanced,same_direction,115,0.0025000000000000014,0.005030949330479453,0.005853282322621918
2,8192,balanced,opposite_direction,115,-0.0225,-0.014999652578982843,-0.01520663396520655
2,8192,balanced,exact,116,0.0,0.0007421792686342042,0.0007318420952332719
2,8192,balanced,same_direction,116,0.0025000000000000014,0.005892824960623984,0.005969512916338584
2,8192,balanced,opposite_direction,116,-0.0225,-0.015581923310543625,-0.01573261342523738
2,8192,balanced,exact,117,0.0,0.0006008518196744998,0.0006550590506928582
2,8192,balanced,same_direction,117,0.0025000000000000014,0.005488729638499418,0.00556524366579839
2,8192,balanced,opposite_direction,117,-0.0225,-0.015734223241357828,-0.014811333486195608
2,8192,balanced,exact,118,0.0,0.0007180668287511134,0.0007313750783633742
2,8192,balanced,same_direction,118,0.0025000000000000014,0.005348155376388521,0.005743557926939506
2,8192,balanced,opposite_direction,118,-0.0225,-0.01402453922336277,-0.01572446698983604
2,8192,balanced,exact,119,0.0,0.0007054278091266094,0.0007742749391899562
2,8192,balanced,same_direction,119,0.0025000000000000014,0.005203080155655044,0.00581143540586599
2,8192,balanced,opposite_direction,119,-0.0225,-0.0162587098894273,-0.015722553711746842
2,8192,balanced,exact,120,0.0,0.0006908531639771871,0.0007071310902908901
2,8192,balanced,same_direction,120,0.0025000000000000014,0.0055192045372695385,0.005753927828757918
2,8192,balanced,opposite_direction,120,-0.0225,-0.015761565237993238,-0.015670411374825652
2,8192,balanced,exact,121,0.0,0.0006873665978349605,0.0008171549837709333
2,8192,balanced,same_direction,121,0.0025000000000000014,0.005125452064798616,0.00553228306202077
2,8192,balanced,opposite_direction,121,-0.0225,-0.014409397391320517,-0.016343803289593003
2,8192,balanced,exact,122,0.0,0.0007511236709993246,0.0008708659425040808
2,8192,balanced,same_direction,122,0.0025000000000000014,0.005901004361399521,0.006320342946713782
2,8192,balanced,opposite_direction,122,-0.0225,-0.015004574152075572,-0.015955603025843125
2,8192,balanced,exact,123,0.0,0.0007180365473947089,0.0008610074114657569
2,8192,balanced,same_direction,123,0.0025000000000000014,0.005656740556849799,0.006195544263917567
2,8192,balanced,opposite_direction,123,-0.0225,-0.015151275629046739,-0.015318874408667459
2,8192,balanced,exact,124,0.0,0.0007636244372216823,0.0008059029489898982
2,8192,balanced,same_direction,124,0.0025000000000000014,0.004593463158731445,0.005309929244625363
2,8192,balanced,opposite_direction,124,-0.0225,-0.015310011046449589,-0.015513055714667344
2,8192,balanced,exact,125,0.0,0.0008302974148479054,0.0007680159076206507
2,8192,balanced,same_direction,125,0.0025000000000000014,0.006073801830085198,0.006061802264901906
2,8192,balanced,opposite_direction,125,-0.0225,-0.01611037067883723,-0.01513243444959623
2,8192,balanced,exact,126,0.0,0.0007184072219203518,0.0006815120249342204
2,8192,balanced,same_direction,126,0.0025000000000000014,0.005314349939115728,0.005793026316620757
2,8192,balanced,opposite_direction,126,-0.0225,-0.01569868571445326,-0.015314052736903538
2,8192,balanced,exact,127,0.0,0.0009423220745972695,0.0010029934956215282
2,8192,balanced,same_direction,127,0.0025000000000000014,0.0046278794322835454,0.004723644187785349
2,8192,balanced,opposite_direction,127,-0.0225,-0.015477872862035327,-0.016129065507150354
2,8192,balanced,exact,128,0.0,0.0009167717417579212,0.0009094736171095868
2,8192,balanced,same_direction,128,0.0025000000000000014,0.005809051732393616,0.006414470436932496
2,8192,balanced,opposite_direction,128,-0.0225,-0.016274789722064673,-0.016086245671655675
2,8192,balanced,exact,129,0.0,0.0007943112500048983,0.000826450836201039
2,8192,balanced,same_direction,129,0.0025000000000000014,0.005546740979113876,0.00562822647988336
2,8192,balanced,opposite_direction,129,-0.0225,-0.01400797657756794,-0.015508325601180296
2,8192,balanced,exact,130,0.0,0.000815505919258762,0.0007417074413315815
2,8192,balanced,same_direction,130,0.0025000000000000014,0.005439508292936827,0.005210493049059318
2,8192,balanced,opposite_direction,130,-0.0225,-0.014785728218316233,-0.01476192785975983
2,8192,balanced,exact,131,0.0,0.001131401750562644,0.0011256626099876996
2,8192,balanced,same_direction,131,0.0025000000000000014,0.00477209881192243,0.005319372421149367
2,8192,balanced,opposite_direction,131,-0.0225,-0.014234482021721843,-0.015182445351018871
2,8192,balanced,exact,132,0.0,0.0008366941772063222,0.0007351769347597626
2,8192,balanced,same_direction,132,0.0025000000000000014,0.005206145279855377,0.00525156590269332
2,8192,balanced,opposite_direction,132,-0.0225,-0.016497024428401667,-0.015346019658501985
2,8192,balanced,exact,133,0.0,0.0006500631865075102,0.0008095458262746683
2,8192,balanced,same_direction,133,0.0025000000000000014,0.005353736020881441,0.006158225387410026
2,8192,balanced,opposite_direction,133,-0.0225,-0.014503684868614693,-0.01596291370376072
2,8192,balanced,exact,134,0.0,0.0007927514317230999,0.0006902332057607663
2,8192,balanced,same_direction,134,0.0025000000000000014,0.005076483346619724,0.005391262790964236
2,8192,balanced,opposite_direction,134,-0.0225,-0.014799339552243542,-0.01539163878042044
2,8192,balanced,exact,135,0.0,0.000902422935295513,0.0006760884036892578
2,8192,balanced,same_direction,135,0.0025000000000000014,0.006112559690559704,0.005775374459885427
2,8192,balanced,opposite_direction,135,-0.0225,-0.015597747369285713,-0.015465517655622405
2,8192,balanced,exact,136,0.0,0.000901485999127005,0.0008495949830092124
2,8192,balanced,same_direction,136,0.0025000000000000014,0.005713341135946849,0.00625647100019085
2,8192,balanced,opposite_direction,136,-0.0225,-0.013950302460987312,-0.015085608606356847
2,8192,balanced,exact,137,0.0,0.0006861093312741499,0.0006466821252788309
2,8192,balanced,same_direction,137,0.0025000000000000014,0.005771478528229219,0.005644460797037478
2,8192,balanced,opposite_direction,137,-0.0225,-0.015542858946882796,-0.016264082227973646
2,8192,balanced,exact,138,0.0,0.0008865821990329595,0.0007905995073610524
2,8192,balanced,same_direction,138,0.0025000000000000014,0.005180636538570994,0.005686251989909189
2,8192,balanced,opposite_direction,138,-0.0225,-0.015639502409684133,-0.015666773150286924
2,8192,balanced,exact,139,0.0,0.0007173472272080767,0.0007830013530533706
2,8192,balanced,same_direction,139,0.0025000000000000014,0.004812507575449019,0.0051531194086490515
2,8192,balanced,opposite_direction,139,-0.0225,-0.015237118906756284,-0.015476099114028051
2,8192,balanced,exact,140,0.0,0.0006398392482058694,0.000806670600473251
2,8192,balanced,same_direction,140,0.0025000000000000014,0.005675968641789766,0.006141260736560445
2,8192,balanced,opposite_direction,140,-0.0225,-0.015761960423213678,-0.015638758636857906
2,8192,balanced,exact,141,0.0,0.0007964699102145721,0.0008109809718700898
2,8192,balanced,same_direction,141,0.0025000000000000014,0.004549089268489881,0.005097334735192721
2,8192,balanced,opposite_direction,141,-0.0225,-0.015572415060335855,-0.015679332168346133
2,8192,balanced,exact,142,0.0,0.0006355340613703078,0.0007145099586789547
2,8192,balanced,same_direction,142,0.0025000000000000014,0.005405849829817692,0.005650346783099576
2,8192,balanced,opposite_direction,142,-0.0225,-0.015442437998491522,-0.015779465885955826
2,8192,balanced,exact,143,0.0,0.0005903222696748208,0.0007885124375903868
2,8192,balanced,same_direction,143,0.0025000000000000014,0.005474223901105461,0.0061028503205618825
2,8192,balanced,opposite_direction,143,-0.0225,-0.014951385324528192,-0.015416207158937273
2,8192,balanced,exact,144,0.0,0.0007308060846159491,0.000656522548068378
2,8192,balanced,same_direction,144,0.0025000000000000014,0.005460677597917579,0.005507692997683783
2,8192,balanced,opposite_direction,144,-0.0225,-0.016797473870231838,-0.01635491536416306
2,8192,balanced,exact,145,0.0,0.0007444521602698248,0.0006895590154745207
2,8192,balanced,same_direction,145,0.0025000000000000014,0.005200747375513548,0.005828360529333049
2,8192,balanced,opposite_direction,145,-0.0225,-0.015142972933673834,-0.0150168038331401
2,8192,balanced,exact,146,0.0,0.0007025867937283481,0.000734814478238203
2,8192,balanced,same_direction,146,0.0025000000000000014,0.005579785291060112,0.005971701592942967
2,8192,balanced,opposite_direction,146,-0.0225,-0.01499816299011986,-0.01532771286747002
2,8192,balanced,exact,147,0.0,0.0006711451494426096,0.00071377123646107
2,8192,balanced,same_direction,147,0.0025000000000000014,0.0052418222176047625,0.0058868364840354275
2,8192,balanced,opposite_direction,147,-0.0225,-0.015370156174045942,-0.016031285561957806
2,8192,balanced,exact,148,0.0,0.0008770809947589589,0.0007395382397449504
2,8192,balanced,same_direction,148,0.0025000000000000014,0.005051524837569517,0.005262126014721099
2,8192,balanced,opposite_direction,148,-0.0225,-0.015519670936394482,-0.015564670335673655
2,8192,balanced,exact,149,0.0,0.0008481535287675209,0.0007584321397250235
2,8192,balanced,same_direction,149,0.0025000000000000014,0.006224382470724333,0.00604464776769841
2,8192,balanced,opposite_direction,149,-0.0225,-0.014756876036434117,-0.014600692125833191
2,8192,balanced,exact,150,0.0,0.0008993974503599802,0.0008204460069557652
2,8192,balanced,same_direction,150,0.0025000000000000014,0.004336772002623525,0.00503873987809975
2,8192,balanced,opposite_direction,150,-0.0225,-0.014439972330382106,-0.016060596974968016
2,8192,balanced,exact,151,0.0,0.0007630363949565201,0.0007477425486333459
2,8192,balanced,same_direction,151,0.0025000000000000014,0.004726533260948393,0.005240514365889322
2,8192,balanced,opposite_direction,151,-0.0225,-0.014521391617018651,-0.015925797674891468
2,8192,balanced,exact,152,0.0,0.0007022425941166834,0.0006749973017599888
2,8192,balanced,same_direction,152,0.0025000000000000014,0.00523786189785364,0.005698392203520948
2,8192,balanced,opposite_direction,152,-0.0225,-0.014469493593033395,-0.015004142861023587
2,8192,balanced,exact,153,0.0,0.0010720194371331383,0.0009902193410357275
2,8192,balanced,same_direction,153,0.0025000000000000014,0.005624839888104576,0.005910287154323429
2,8192,balanced,opposite_direction,153,-0.0225,-0.013197613104080535,-0.01478018050843952
2,8192,balanced,exact,154,0.0,0.0007643454127943484,0.000659315499210918
2,8192,balanced,same_direction,154,0.0025000000000000014,0.005116384640449816,0.005561221898322954
2,8192,balanced,opposite_direction,154,-0.0225,-0.014451452378913536,-0.015543371679702187
2,8192,balanced,exact,155,0.0,0.000773758518588829,0.0006794189168701384
2,8192,balanced,same_direction,155,0.0025000000000000014,0.005409217224954533,0.005786943327822225
2,8192,balanced,opposite_direction,155,-0.0225,-0.015791774887606448,-0.015949248882325517
2,8192,balanced,exact,156,0.0,0.0007385615424159184,0.0007526431490016135
2,8192,balanced,same_direction,156,0.0025000000000000014,0.00483155971711271,0.0053374739939179615
2,8192,balanced,opposite_direction,156,-0.0225,-0.015123128946317036,-0.01647303594315041
2,8192,balanced,exact,157,0.0,0.00087628051411458,0.0007951339158959868
2,8192,balanced,same_direction,157,0.0025000000000000014,0.004451766916289192,0.005466346541017099
2,8192,balanced,opposite_direction,157,-0.0225,-0.015625390851954652,-0.015566571710648361
2,8192,balanced,exact,158,0.0,0.0007678957517331375,0.0010699829575855774
2,8192,balanced,same_direction,158,0.0025000000000000014,0.005066912398730114,0.005788635097073416
2,8192,balanced,opposite_direction,158,-0.0225,-0.014715662352823131,-0.015141479290169136
2,8192,balanced,exact,159,0.0,0.0007633184464953746,0.0007538624130653376
2,8192,balanced,same_direction,159,0.0025000000000000014,0.005144965817196012,0.006023355415990529
2,8192,balanced,opposite_direction,159,-0.0225,-0.01688264000015751,-0.016133486482292514
2,8192,balanced,exact,160,0.0,0.0005870472510847097,0.0007106888785821872
2,8192,balanced,same_direction,160,0.0025000000000000014,0.005324053464076574,0.005878610224305695
2,8192,balanced,opposite_direction,160,-0.0225,-0.015009353952192706,-0.015867563886266995
2,8192,balanced,exact,161,0.0,0.0007405633252138809,0.0008391119064088094
2,8192,balanced,same_direction,161,0.0025000000000000014,0.004922339576879544,0.005168200924099775
2,8192,balanced,opposite_direction,161,-0.0225,-0.015380526776700683,-0.015645148385312266
2,8192,balanced,exact,162,0.0,0.0007343038547111989,0.0008358375035373686
2,8192,balanced,same_direction,162,0.0025000000000000014,0.005486753623343506,0.005411251995200126
2,8192,balanced,opposite_direction,162,-0.0225,-0.01478831653706924,-0.015444312924851501
2,8192,balanced,exact,163,0.0,0.0006706210762159161,0.0007477628374049096
2,8192,balanced,same_direction,163,0.0025000000000000014,0.005623505033651272,0.005974356336366978
2,8192,balanced,opposite_direction,163,-0.0225,-0.014666715294904356,-0.016112569657725166
2,8192,balanced,exact,164,0.0,0.0007637703346245713,0.0008197633776136329
2,8192,balanced,same_direction,164,0.0025000000000000014,0.00468242456814135,0.005403317737449257
2,8192,balanced,opposite_direction,164,-0.0225,-0.014766427938430578,-0.015598406398606305
2,8192,balanced,exact,165,0.0,0.0007786208435254711,0.0007980386153615946
2,8192,balanced,same_direction,165,0.0025000000000000014,0.006043579537578076,0.006144378360247886
2,8192,balanced,opposite_direction,165,-0.0225,-0.016062752593714046,-0.016529290099095092
2,8192,balanced,exact,166,0.0,0.0008069507017860718,0.0008327927144945971
2,8192,balanced,same_direction,166,0.0025000000000000014,0.005730759072451384,0.0061635112578072694
2,8192,balanced,opposite_direction,166,-0.0225,-0.015148697508153178,-0.01550367077132733
2,8192,balanced,exact,167,0.0,0.0007193238580359904,0.0008422268407281565
2,8192,balanced,same_direction,167,0.0025000000000000014,0.005010779965012565,0.005261350218022905
2,8192,balanced,opposite_direction,167,-0.0225,-0.015396527161545041,-0.015594416344991873
2,8192,balanced,exact,168,0.0,0.0006586336735173364,0.0007151392055826755
2,8192,balanced,same_direction,168,0.0025000000000000014,0.005318307207593121,0.005886122738909873
2,8192,balanced,opposite_direction,168,-0.0225,-0.014357437037905362,-0.015732595035046714
2,8192,balanced,exact,169,0.0,0.0007799122101654822,0.000898834690480618
2,8192,balanced,same_direction,169,0.0025000000000000014,0.005959687661347704,0.006120350533243366
2,8192,balanced,opposite_direction,169,-0.0225,-0.01651072013786225,-0.016009423262596946
2,8192,balanced,exact,170,0.0,0.0007544850833545552,0.0007108476684676286
2,8192,balanced,same_direction,170,0.0025000000000000014,0.005572496607076556,0.005882433128909521
2,8192,balanced,opposite_direction,170,-0.0225,-0.014908903397489053,-0.015111214726211068
2,8192,balanced,exact,171,0.0,0.0006573682398693558,0.0006923644794182795
2,8192,balanced,same_direction,171,0.0025000000000000014,0.005429984938582307,0.005826627751440773
2,8192,balanced,opposite_direction,171,-0.0225,-0.014462001601655219,-0.015338761853502029
2,8192,balanced,exact,172,0.0,0.0006973375733371458,0.0007585550461478216
2,8192,balanced,same_direction,172,0.0025000000000000014,0.005698541418872499,0.006008769503389837
2,8192,balanced,opposite_direction,172,-0.0225,-0.014725556122321985,-0.015483115343783958
2,8192,balanced,exact,173,0.0,0.0009120358248875784,0.0008898100859040514
2,8192,balanced,same_direction,173,0.0025000000000000014,0.005684235698056256,0.006119808446537808
2,8192,balanced,opposite_direction,173,-0.0225,-0.01333474182850518,-0.014791526281561532
2,8192,balanced,exact,174,0.0,0.0007230866847075082,0.0007236131697739511
2,8192,balanced,same_direction,174,0.0025000000000000014,0.0046494555263493905,0.005481959706886811
2,8192,balanced,opposite_direction,174,-0.0225,-0.015586409602050152,-0.015724005862520006
2,8192,balanced,exact,175,0.0,0.0009225673305167453,0.0007575252238624392
2,8192,balanced,same_direction,175,0.0025000000000000014,0.004832895954730577,0.005230821065060785
2,8192,balanced,opposite_direction,175,-0.0225,-0.015483593051436597,-0.015269950873340305
2,8192,balanced,exact,176,0.0,0.0006816638209662713,0.000808937226428299
2,8192,balanced,same_direction,176,0.0025000000000000014,0.004849000328407781,0.00508764902516857
2,8192,balanced,opposite_direction,176,-0.0225,-0.01508117085439759,-0.015475423575369414
2,8192,balanced,exact,177,0.0,0.0009083614490578757,0.0009410518837008463
2,8192,balanced,same_direction,177,0.0025000000000000014,0.006239592185184995,0.006503984905834794
2,8192,balanced,opposite_direction,177,-0.0225,-0.014354348419205593,-0.015417987511722098
2,8192,balanced,exact,178,0.0,0.0006671256056871856,0.0008238594782794424
2,8192,balanced,same_direction,178,0.0025000000000000014,0.005382972815253099,0.006181971439849806
2,8192,balanced,opposite_direction,178,-0.0225,-0.015158374650886621,-0.015167010746995826
2,8192,balanced,exact,179,0.0,0.0008276889485987928,0.0007874676696039955
2,8192,balanced,same_direction,179,0.0025000000000000014,0.005373340196416784,0.006065005740159534
2,8192,balanced,opposite_direction,179,-0.0225,-0.01677466563116519,-0.016344395813449066
2,8192,balanced,exact,180,0.0,0.0011119571260981413,0.0009993839980316451
2,8192,balanced,same_direction,180,0.0025000000000000014,0.006897856914961745,0.00664723526286898
2,8192,balanced,opposite_direction,180,-0.0225,-0.015593763571615016,-0.015714980569411556
2,8192,balanced,exact,181,0.0,0.0006798212474356949,0.0007344286866024557
2,8192,balanced,same_direction,181,0.0025000000000000014,0.005308516309632971,0.005954230855722188
2,8192,balanced,opposite_direction,181,-0.0225,-0.015238097308339651,-0.01582496828812105
2,8192,balanced,exact,182,0.0,0.0006093732871413453,0.0006866043174346781
2,8192,balanced,same_direction,182,0.0025000000000000014,0.005337694901149267,0.005412531491366947
2,8192,balanced,opposite_direction,182,-0.0225,-0.01575623247454287,-0.01578726923156226
2,8192,balanced,exact,183,0.0,0.0008328308889550539,0.0007877957529974603
2,8192,balanced,same_direction,183,0.0025000000000000014,0.005403996833002755,0.0061148652910059725
2,8192,balanced,opposite_direction,183,-0.0225,-0.015935563573850897,-0.015543628198733436
2,8192,balanced,exact,184,0.0,0.0010717690266153577,0.0011091124463698562
2,8192,balanced,same_direction,184,0.0025000000000000014,0.003849901201264066,0.004422069100627142
2,8192,balanced,opposite_direction,184,-0.0225,-0.014564501238138863,-0.015520760223068055
2,8192,balanced,exact,185,0.0,0.0009509104432443726,0.0008756025474029761
2,8192,balanced,same_direction,185,0.0025000000000000014,0.004234315790639195,0.0049161587821960505
2,8192,balanced,opposite_direction,185,-0.0225,-0.01443323371496705,-0.015592536379429058
2,8192,balanced,exact,186,0.0,0.0008780730444899289,0.0008154105498321374
2,8192,balanced,same_direction,186,0.0025000000000000014,0.004703829576720539,0.0051906071536161336
2,8192,balanced,opposite_direction,186,-0.0225,-0.016061899207788395,-0.015936642383798296
2,8192,balanced,exact,187,0.0,0.0007966273519778566,0.0007392761738703234
2,8192,balanced,same_direction,187,0.0025000000000000014,0.0051515637052329585,0.005962425815924226
2,8192,balanced,opposite_direction,187,-0.0225,-0.016326083268422394,-0.01608142757543391
2,8192,balanced,exact,188,0.0,0.0007942864876101589,0.0007346557510062269
2,8192,balanced,same_direction,188,0.0025000000000000014,0.005343914886111881,0.005783742490106099
2,8192,balanced,opposite_direction,188,-0.0225,-0.014027595763349202,-0.01541022193583991
2,8192,balanced,exact,189,0.0,0.0007143189080921481,0.0006291892488883377
2,8192,balanced,same_direction,189,0.0025000000000000014,0.0052527092506523786,0.005424338195730172
2,8192,balanced,opposite_direction,189,-0.0225,-0.016711110670578788,-0.01681236913333241
2,8192,balanced,exact,190,0.0,0.0008739073557414308,0.0009383262947853535
2,8192,balanced,same_direction,190,0.0025000000000000014,0.006129546847633078,0.006468018907141096
2,8192,balanced,opposite_direction,190,-0.0225,-0.0161054745794596,-0.01595121610006135
2,8192,balanced,exact,191,0.0,0.0007861441156394026,0.0008374377979227872
2,8192,balanced,same_direction,191,0.0025000000000000014,0.004426438664237437,0.0050037174224014875
2,8192,balanced,opposite_direction,191,-0.0225,-0.014472811030376656,-0.014964379695473973
2,8192,balanced,exact,192,0.0,0.0008449019427682903,0.0007509764845867867
2,8192,balanced,same_direction,192,0.0025000000000000014,0.004920538350423855,0.005719806166885487
2,8192,balanced,opposite_direction,192,-0.0225,-0.014149124556386497,-0.015357274748322762
2,8192,balanced,exact,193,0.0,0.0007719179458317408,0.0006596580063914404
2,8192,balanced,same_direction,193,0.0025000000000000014,0.005196375573558504,0.005491587292035355
2,8192,balanced,opposite_direction,193,-0.0225,-0.014750879313929433,-0.015541310874918484
2,8192,balanced,exact,194,0.0,0.0008280677213500921,0.0007077082384746535
2,8192,balanced,same_direction,194,0.0025000000000000014,0.005121370818367244,0.005912464410542041
2,8192,balanced,opposite_direction,194,-0.0225,-0.01378523855950403,-0.014456803415783433
2,8192,balanced,exact,195,0.0,0.0006634994109840822,0.0007249957783428123
2,8192,balanced,same_direction,195,0.0025000000000000014,0.005147660987124031,0.005937358921953784
2,8192,balanced,opposite_direction,195,-0.0225,-0.014405008274614842,-0.015320811873675157
2,8192,balanced,exact,196,0.0,0.0007940379402509644,0.0007424792257855222
2,8192,balanced,same_direction,196,0.0025000000000000014,0.005531115604671831,0.005978035145904096
2,8192,balanced,opposite_direction,196,-0.0225,-0.015859844802556325,-0.01638815261959147
2,8192,balanced,exact,197,0.0,0.0007872244041257914,0.0008147729899825441
2,8192,balanced,same_direction,197,0.0025000000000000014,0.006068017601325719,0.006171473589668974
2,8192,balanced,opposite_direction,197,-0.0225,-0.015228091446994312,-0.015325465533725265
2,8192,balanced,exact,198,0.0,0.0008104807881545485,0.0008191033512769
2,8192,balanced,same_direction,198,0.0025000000000000014,0.004579500670007562,0.005366219041341
2,8192,balanced,opposite_direction,198,-0.0225,-0.016695417494718232,-0.015886229713317823
2,8192,balanced,exact,199,0.0,0.0009269788683091138,0.0008296676268096998
2,8192,balanced,same_direction,199,0.0025000000000000014,0.006015598886381788,0.00622261227997746
2,8192,balanced,opposite_direction,199,-0.0225,-0.014471316265326644,-0.015104346552192623
2,8192,one_heavy,exact,0,0.0,0.000784107457061624,0.000852551711131566
2,8192,one_heavy,same_direction,0,0.0025000000000000005,0.004578988916134491,0.004911389881483318
2,8192,one_heavy,opposite_direction,0,-0.022499999999999992,-0.015698549099597902,-0.015657136285954353
2,8192,one_heavy,exact,1,0.0,0.0009454146685525791,0.0009354601530855097
2,8192,one_heavy,same_direction,1,0.0025000000000000005,0.004238045404913302,0.004764356091523165
2,8192,one_heavy,opposite_direction,1,-0.022499999999999992,-0.015024223240008893,-0.01618546013411418
2,8192,one_heavy,exact,2,0.0,0.0007840476891105416,0.0006425554306343795
2,8192,one_heavy,same_direction,2,0.0025000000000000005,0.005316041081501581,0.005437687410914633
2,8192,one_heavy,opposite_direction,2,-0.022499999999999992,-0.014676520342331991,-0.016419363472637255
2,8192,one_heavy,exact,3,0.0,0.0007289449077698494,0.000718253600321323
2,8192,one_heavy,same_direction,3,0.0025000000000000005,0.005231909522632323,0.005873883618183351
2,8192,one_heavy,opposite_direction,3,-0.022499999999999992,-0.013943236261875611,-0.015508144930116808
2,8192,one_heavy,exact,4,0.0,0.0007446839748394193,0.0007030019933777134
2,8192,one_heavy,same_direction,4,0.0025000000000000005,0.00559286940245534,0.005465294988274424
2,8192,one_heavy,opposite_direction,4,-0.022499999999999992,-0.015415496444915118,-0.014749702081921594
2,8192,one_heavy,exact,5,0.0,0.0008011741500678584,0.0007619265738084439
2,8192,one_heavy,same_direction,5,0.0025000000000000005,0.00471948263995159,0.005102419469002167
2,8192,one_heavy,opposite_direction,5,-0.022499999999999992,-0.014855275385789521,-0.015526943895394371
2,8192,one_heavy,exact,6,0.0,0.0008641129097864955,0.0007262995865460161
2,8192,one_heavy,same_direction,6,0.0025000000000000005,0.00518572104115587,0.005138522592466322
2,8192,one_heavy,opposite_direction,6,-0.022499999999999992,-0.013376651646219002,-0.014148182781145487
2,8192,one_heavy,exact,7,0.0,0.0008117799694262115,0.0007537829789929348
2,8192,one_heavy,same_direction,7,0.0025000000000000005,0.005971262974300681,0.005986516276405472
2,8192,one_heavy,opposite_direction,7,-0.022499999999999992,-0.014686754117030775,-0.015376927021290003
2,8192,one_heavy,exact,8,0.0,0.000851093049398047,0.0006348324717902084
2,8192,one_heavy,same_direction,8,0.0025000000000000005,0.005367179031936033,0.005518744064382249
2,8192,one_heavy,opposite_direction,8,-0.022499999999999992,-0.017106574037452135,-0.015991590748619944
2,8192,one_heavy,exact,9,0.0,0.0007798060759166994,0.0006303591144880749
2,8192,one_heavy,same_direction,9,0.0025000000000000005,0.005153568536650643,0.00555202755262817
2,8192,one_heavy,opposite_direction,9,-0.022499999999999992,-0.014458799208374108,-0.015647867447557053
2,8192,one_heavy,exact,10,0.0,0.0006717372706416544,0.0009158089046637152
2,8192,one_heavy,same_direction,10,0.0025000000000000005,0.005571495840195974,0.006378522233743711
2,8192,one_heavy,opposite_direction,10,-0.022499999999999992,-0.01604230419261237,-0.01566788512343901
2,8192,one_heavy,exact,11,0.0,0.0008851041391104084,0.0006979365745441684
2,8192,one_heavy,same_direction,11,0.0025000000000000005,0.004370384011734199,0.005390133688761587
2,8192,one_heavy,opposite_direction,11,-0.022499999999999992,-0.014896442386088525,-0.015540434633926676
2,8192,one_heavy,exact,12,0.0,0.0008010639195933445,0.0008761242138221211
2,8192,one_heavy,same_direction,12,0.0025000000000000005,0.004495338661900635,0.004841397626624466
2,8192,one_heavy,opposite_direction,12,-0.022499999999999992,-0.01663293586100964,-0.01623276733566236
2,8192,one_heavy,exact,13,0.0,0.0007293242455942075,0.0007831176654304153
2,8192,one_heavy,same_direction,13,0.0025000000000000005,0.004883195050826222,0.005222672841114303
2,8192,one_heavy,opposite_direction,13,-0.022499999999999992,-0.015020297764073232,-0.016046389839399055
2,8192,one_heavy,exact,14,0.0,0.0009553869629523855,0.000702018483587251
2,8192,one_heavy,same_direction,14,0.0025000000000000005,0.004380515858698817,0.005213008601368162
2,8192,one_heavy,opposite_direction,14,-0.022499999999999992,-0.014904869033553883,-0.015328022864102762
2,8192,one_heavy,exact,15,0.0,0.0005885778142084196,0.0007058322981185591
2,8192,one_heavy,same_direction,15,0.0025000000000000005,0.00520344076798655,0.005373127564466788
2,8192,one_heavy,opposite_direction,15,-0.022499999999999992,-0.015188903132405132,-0.016748389274889666
2,8192,one_heavy,exact,16,0.0,0.0007028810579830338,0.0007346231160427488
2,8192,one_heavy,same_direction,16,0.0025000000000000005,0.005312993837053443,0.005708679693806009
2,8192,one_heavy,opposite_direction,16,-0.022499999999999992,-0.015851272077484796,-0.015855776115808972
2,8192,one_heavy,exact,17,0.0,0.0007614696554347617,0.000620307175623227
2,8192,one_heavy,same_direction,17,0.0025000000000000005,0.0055202646072195155,0.005456940842350517
2,8192,one_heavy,opposite_direction,17,-0.022499999999999992,-0.014750664843363083,-0.015480617350099476
2,8192,one_heavy,exact,18,0.0,0.0008201834935037925,0.000877333633780712
2,8192,one_heavy,same_direction,18,0.0025000000000000005,0.005061932681188905,0.004895066670225805
2,8192,one_heavy,opposite_direction,18,-0.022499999999999992,-0.016343731912038195,-0.01577910034498884
2,8192,one_heavy,exact,19,0.0,0.000843059094858925,0.0007187732698099353
2,8192,one_heavy,same_direction,19,0.0025000000000000005,0.005704924866668871,0.005319285142012835
2,8192,one_heavy,opposite_direction,19,-0.022499999999999992,-0.016273244194525808,-0.01628586418273352
2,8192,one_heavy,exact,20,0.0,0.0007184260294892373,0.0007471860393077233
2,8192,one_heavy,same_direction,20,0.0025000000000000005,0.00532537456022221,0.005785016797016397
2,8192,one_heavy,opposite_direction,20,-0.022499999999999992,-0.015026092711534956,-0.015483702158322465
2,8192,one_heavy,exact,21,0.0,0.0006392875648197294,0.0006555921545784845
2,8192,one_heavy,same_direction,21,0.0025000000000000005,0.005287590564093729,0.005675644642841421
2,8192,one_heavy,opposite_direction,21,-0.022499999999999992,-0.015334342891724416,-0.016387125543746363
2,8192,one_heavy,exact,22,0.0,0.0009717649049563711,0.0009545535885849543
2,8192,one_heavy,same_direction,22,0.0025000000000000005,0.005503754395553234,0.0054481522196863415
2,8192,one_heavy,opposite_direction,22,-0.022499999999999992,-0.01439526660936563,-0.015943444793442806
2,8192,one_heavy,exact,23,0.0,0.0007514418343054486,0.0006729256208466225
2,8192,one_heavy,same_direction,23,0.0025000000000000005,0.005833230649752082,0.0057208680536691035
2,8192,one_heavy,opposite_direction,23,-0.022499999999999992,-0.013904342694892434,-0.015252951631706788
2,8192,one_heavy,exact,24,0.0,0.0009125263641990976,0.0009834363916566672
2,8192,one_heavy,same_direction,24,0.0025000000000000005,0.005703137120562056,0.0065858842822780475
2,8192,one_heavy,opposite_direction,24,-0.022499999999999992,-0.01478199855934906,-0.015229524017302272
2,8192,one_heavy,exact,25,0.0,0.0007278477072745551,0.0006899144784707017
2,8192,one_heavy,same_direction,25,0.0025000000000000005,0.004908548632621264,0.005783848387128277
2,8192,one_heavy,opposite_direction,25,-0.022499999999999992,-0.01632633899577622,-0.015795120100325143
2,8192,one_heavy,exact,26,0.0,0.0008728182936540859,0.0007737346347925578
2,8192,one_heavy,same_direction,26,0.0025000000000000005,0.004780772922011067,0.005139674664220065
2,8192,one_heavy,opposite_direction,26,-0.022499999999999992,-0.013784693203905907,-0.014674951620745684
2,8192,one_heavy,exact,27,0.0,0.0008001429226069426,0.0007187830780673447
2,8192,one_heavy,same_direction,27,0.0025000000000000005,0.00586167220135712,0.0058957279018864075
2,8192,one_heavy,opposite_direction,27,-0.022499999999999992,-0.015402658982161211,-0.014983252812631754
2,8192,one_heavy,exact,28,0.0,0.0009127787724976966,0.0007076818109844946
2,8192,one_heavy,same_direction,28,0.0025000000000000005,0.0043738905734744754,0.005265961438272586
2,8192,one_heavy,opposite_direction,28,-0.022499999999999992,-0.015332762667991915,-0.015944578694112473
2,8192,one_heavy,exact,29,0.0,0.0008219877732928124,0.000661279485556102
2,8192,one_heavy,same_direction,29,0.0025000000000000005,0.005151176421509326,0.005465427746268661
2,8192,one_heavy,opposite_direction,29,-0.022499999999999992,-0.016778739428594723,-0.01716619278384554
2,8192,one_heavy,exact,30,0.0,0.000850680654884709,0.0007122124015655572
2,8192,one_heavy,same_direction,30,0.0025000000000000005,0.0051534170092180035,0.0054041881577669695
2,8192,one_heavy,opposite_direction,30,-0.022499999999999992,-0.013929969244678302,-0.015195797285579987
2,8192,one_heavy,exact,31,0.0,0.0008324248105834125,0.0008807651906547349
2,8192,one_heavy,same_direction,31,0.0025000000000000005,0.0055745256181593955,0.00551666689566899
2,8192,one_heavy,opposite_direction,31,-0.022499999999999992,-0.016088480216394068,-0.016418569801925582
2,8192,one_heavy,exact,32,0.0,0.0007331705277961608,0.0006823537604797318
2,8192,one_heavy,same_direction,32,0.0025000000000000005,0.005218586269331641,0.005361569938671873
2,8192,one_heavy,opposite_direction,32,-0.022499999999999992,-0.016057926856143843,-0.016185458771248953
2,8192,one_heavy,exact,33,0.0,0.0007007040354239256,0.0007363280827442839
2,8192,one_heavy,same_direction,33,0.0025000000000000005,0.005352666928686047,0.005414991927807542
2,8192,one_heavy,opposite_direction,33,-0.022499999999999992,-0.01578686823079777,-0.016115813389799945
2,8192,one_heavy,exact,34,0.0,0.0007594941295739159,0.0007681726328148608
2,8192,one_heavy,same_direction,34,0.0025000000000000005,0.0052088005880453064,0.0051049215225796255
2,8192,one_heavy,opposite_direction,34,-0.022499999999999992,-0.016175072968944867,-0.0161326837739781
2,8192,one_heavy,exact,35,0.0,0.000842746445889119,0.0007128892475610859
2,8192,one_heavy,same_direction,35,0.0025000000000000005,0.006223965449257881,0.005687838970841491
2,8192,one_heavy,opposite_direction,35,-0.022499999999999992,-0.01607890304555652,-0.015901108689737143
2,8192,one_heavy,exact,36,0.0,0.0006971934321892857,0.0007203992698329544
2,8192,one_heavy,same_direction,36,0.0025000000000000005,0.005297761421146906,0.005645079285529781
2,8192,one_heavy,opposite_direction,36,-0.022499999999999992,-0.014302810472331659,-0.015463697622535143
2,8192,one_heavy,exact,37,0.0,0.0007788756148178908,0.0008175307419482905
2,8192,one_heavy,same_direction,37,0.0025000000000000005,0.005396938681588612,0.005681106496489461
2,8192,one_heavy,opposite_direction,37,-0.022499999999999992,-0.015895173465896705,-0.016224285242174223
2,8192,one_heavy,exact,38,0.0,0.0008878224177051498,0.0008666782235948411
2,8192,one_heavy,same_direction,38,0.0025000000000000005,0.004630849345900703,0.0049764786471274206
2,8192,one_heavy,opposite_direction,38,-0.022499999999999992,-0.015575850107879933,-0.01599025809364566
2,8192,one_heavy,exact,39,0.0,0.0007266252484327126,0.0006249676894135325
2,8192,one_heavy,same_direction,39,0.0025000000000000005,0.0052523440936747415,0.005513207798284391
2,8192,one_heavy,opposite_direction,39,-0.022499999999999992,-0.013982230167882711,-0.015174667383965052
2,8192,one_heavy,exact,40,0.0,0.0006994090960169912,0.0008814036293871079
2,8192,one_heavy,same_direction,40,0.0025000000000000005,0.005641808877420763,0.005773156951726148
2,8192,one_heavy,opposite_direction,40,-0.022499999999999992,-0.014595510310267939,-0.01576633691191416
2,8192,one_heavy,exact,41,0.0,0.000994776017420964,0.000727592666137452
2,8192,one_heavy,same_direction,41,0.0025000000000000005,0.004606345939073796,0.0049030255250369515
2,8192,one_heavy,opposite_direction,41,-0.022499999999999992,-0.013124068786881203,-0.013833863071246184
2,8192,one_heavy,exact,42,0.0,0.0008203925923028367,0.000792574438216942
2,8192,one_heavy,same_direction,42,0.0025000000000000005,0.00501409342643022,0.005149838776753814
2,8192,one_heavy,opposite_direction,42,-0.022499999999999992,-0.016502071008308798,-0.015619769294857175
2,8192,one_heavy,exact,43,0.0,0.0006432041666655739,0.0007960575610494018
2,8192,one_heavy,same_direction,43,0.0025000000000000005,0.0052721694623031855,0.005975330185419587
2,8192,one_heavy,opposite_direction,43,-0.022499999999999992,-0.014630606823253962,-0.01601394292832196
2,8192,one_heavy,exact,44,0.0,0.0007727549845118762,0.0006986145461143427
2,8192,one_heavy,same_direction,44,0.0025000000000000005,0.0053071345898155235,0.00535962322052876
2,8192,one_heavy,opposite_direction,44,-0.022499999999999992,-0.014208967576086178,-0.015423265217912627
2,8192,one_heavy,exact,45,0.0,0.0008042905960345948,0.0008195418505759592
2,8192,one_heavy,same_direction,45,0.0025000000000000005,0.004844020554442284,0.005005836270744746
2,8192,one_heavy,opposite_direction,45,-0.022499999999999992,-0.015332518395416366,-0.016176638557531063
2,8192,one_heavy,exact,46,0.0,0.0006786689287890915,0.0007322882786498755
2,8192,one_heavy,same_direction,46,0.0025000000000000005,0.005257816574474658,0.005204462593709445
2,8192,one_heavy,opposite_direction,46,-0.022499999999999992,-0.014441899620488407,-0.015645537425025884
2,8192,one_heavy,exact,47,0.0,0.000809025732422529,0.0006511684082886029
2,8192,one_heavy,same_direction,47,0.0025000000000000005,0.005303549251705613,0.0056529246075952165
2,8192,one_heavy,opposite_direction,47,-0.022499999999999992,-0.013988234991571025,-0.015178091984044325
2,8192,one_heavy,exact,48,0.0,0.0007295128716205558,0.0009431299082350987
2,8192,one_heavy,same_direction,48,0.0025000000000000005,0.005466936184410212,0.0065092620021661406
2,8192,one_heavy,opposite_direction,48,-0.022499999999999992,-0.015235708351640249,-0.01590214868742635
2,8192,one_heavy,exact,49,0.0,0.000676004855383676,0.0006931333268546339
2,8192,one_heavy,same_direction,49,0.0025000000000000005,0.004772001585228516,0.00534084994226385
2,8192,one_heavy,opposite_direction,49,-0.022499999999999992,-0.014937990264098385,-0.015469483214437758
2,8192,one_heavy,exact,50,0.0,0.0007732482503891647,0.0007217302123131179
2,8192,one_heavy,same_direction,50,0.0025000000000000005,0.005573361818321256,0.005723544554690207
2,8192,one_heavy,opposite_direction,50,-0.022499999999999992,-0.015917457130867552,-0.0165233290074119
2,8192,one_heavy,exact,51,0.0,0.0006290791663906575,0.0006359716882745196
2,8192,one_heavy,same_direction,51,0.0025000000000000005,0.004921141269748878,0.005594420307295834
2,8192,one_heavy,opposite_direction,51,-0.022499999999999992,-0.015129176982510619,-0.014875184880270535
2,8192,one_heavy,exact,52,0.0,0.0008778488624489931,0.0008492629118584263
2,8192,one_heavy,same_direction,52,0.0025000000000000005,0.004462134823180575,0.004975037108006471
2,8192,one_heavy,opposite_direction,52,-0.022499999999999992,-0.014849538798405441,-0.015859509555456175
2,8192,one_heavy,exact,53,0.0,0.0007449685127182218,0.0006329567637675117
2,8192,one_heavy,same_direction,53,0.0025000000000000005,0.005377022115236022,0.0056428494609927615
2,8192,one_heavy,opposite_direction,53,-0.022499999999999992,-0.01685880533475928,-0.017009249877369823
2,8192,one_heavy,exact,54,0.0,0.0007567432800253686,0.0007654313668899684
2,8192,one_heavy,same_direction,54,0.0025000000000000005,0.005903827398639163,0.00604174210639097
2,8192,one_heavy,opposite_direction,54,-0.022499999999999992,-0.014327171137855768,-0.014780927638717231
2,8192,one_heavy,exact,55,0.0,0.0008682842203766139,0.0007612879228038635
2,8192,one_heavy,same_direction,55,0.0025000000000000005,0.005544201384586718,0.005938519473986986
2,8192,one_heavy,opposite_direction,55,-0.022499999999999992,-0.014240190540757055,-0.015610135131076385
2,8192,one_heavy,exact,56,0.0,0.000839406270645748,0.0009054982747066747
2,8192,one_heavy,same_direction,56,0.0025000000000000005,0.004721199019620117,0.004757098634856333
2,8192,one_heavy,opposite_direction,56,-0.022499999999999992,-0.01625914910479235,-0.015701306673090904
2,8192,one_heavy,exact,57,0.0,0.0007578883075181123,0.0006873436808486692
2,8192,one_heavy,same_direction,57,0.0025000000000000005,0.005579835344179768,0.005305920549134738
2,8192,one_heavy,opposite_direction,57,-0.022499999999999992,-0.01369249269076804,-0.01506231345023851
2,8192,one_heavy,exact,58,0.0,0.0009873515400982264,0.0009416319961156214
2,8192,one_heavy,same_direction,58,0.0025000000000000005,0.0038460507312738142,0.0046884589401411225
2,8192,one_heavy,opposite_direction,58,-0.022499999999999992,-0.017499337410481226,-0.01646323080158714
2,8192,one_heavy,exact,59,0.0,0.000755837626144871,0.0008851073510501313
2,8192,one_heavy,same_direction,59,0.0025000000000000005,0.0058386266774591924,0.006305753174295219
2,8192,one_heavy,opposite_direction,59,-0.022499999999999992,-0.013762580618678485,-0.015367656315308984
2,8192,one_heavy,exact,60,0.0,0.0006921591125978214,0.0006514273178990333
2,8192,one_heavy,same_direction,60,0.0025000000000000005,0.005297734623849898,0.005464107205331489
2,8192,one_heavy,opposite_direction,60,-0.022499999999999992,-0.01625706334938147,-0.015928112890495394
2,8192,one_heavy,exact,61,0.0,0.00081427340208242,0.0006565425859835444
2,8192,one_heavy,same_direction,61,0.0025000000000000005,0.005871396875117805,0.005690764448234326
2,8192,one_heavy,opposite_direction,61,-0.022499999999999992,-0.014018807672749605,-0.015276293650932846
2,8192,one_heavy,exact,62,0.0,0.0008798260693349374,0.0007078057798178365
2,8192,one_heavy,same_direction,62,0.0025000000000000005,0.005798620796717521,0.005885587609744475
2,8192,one_heavy,opposite_direction,62,-0.022499999999999992,-0.01583438660368738,-0.01589656134416825
2,8192,one_heavy,exact,63,0.0,0.0006631996723532397,0.0007565540667119886
2,8192,one_heavy,same_direction,63,0.0025000000000000005,0.005484685869368268,0.005922386450857187
2,8192,one_heavy,opposite_direction,63,-0.022499999999999992,-0.014892974946460304,-0.016023293725731254
2,8192,one_heavy,exact,64,0.0,0.0006617480784102426,0.0007134143411635438
2,8192,one_heavy,same_direction,64,0.0025000000000000005,0.005381223530566246,0.005828646337542492
2,8192,one_heavy,opposite_direction,64,-0.022499999999999992,-0.014994777940091054,-0.015428760924259294
2,8192,one_heavy,exact,65,0.0,0.0007538493724971124,0.0007294281515161202
2,8192,one_heavy,same_direction,65,0.0025000000000000005,0.004886133031299082,0.00587730714656462
2,8192,one_heavy,opposite_direction,65,-0.022499999999999992,-0.014836800325260961,-0.015775191633971723
2,8192,one_heavy,exact,66,0.0,0.000701401920120459,0.0007194274001772498
2,8192,one_heavy,same_direction,66,0.0025000000000000005,0.004837362210905432,0.0055011228868212655
2,8192,one_heavy,opposite_direction,66,-0.022499999999999992,-0.015494164405615882,-0.015657449670294074
2,8192,one_heavy,exact,67,0.0,0.0010453022491480508,0.0009531283026231849
2,8192,one_heavy,same_direction,67,0.0025000000000000005,0.004897987739189279,0.005586159880642731
2,8192,one_heavy,opposite_direction,67,-0.022499999999999992,-0.014257846919707133,-0.015551617817591443
2,8192,one_heavy,exact,68,0.0,0.000882060760585356,0.0007774396698101305
2,8192,one_heavy,same_direction,68,0.0025000000000000005,0.004261297964868146,0.0050611643629133885
2,8192,one_heavy,opposite_direction,68,-0.022499999999999992,-0.014744002147355403,-0.016669314389743128
2,8192,one_heavy,exact,69,0.0,0.0010380658607303088,0.0007970897668153256
2,8192,one_heavy,same_direction,69,0.0025000000000000005,0.004784330729169822,0.005159362412324544
2,8192,one_heavy,opposite_direction,69,-0.022499999999999992,-0.014084960461549587,-0.015108271259325474
2,8192,one_heavy,exact,70,0.0,0.0009815442698945262,0.0010778167518686605
2,8192,one_heavy,same_direction,70,0.0025000000000000005,0.005591865126618851,0.0058111940962810825
2,8192,one_heavy,opposite_direction,70,-0.022499999999999992,-0.014917872346939335,-0.016058472589037538
2,8192,one_heavy,exact,71,0.0,0.0008595021597687082,0.0008584249019315374
2,8192,one_heavy,same_direction,71,0.0025000000000000005,0.005291958920042741,0.005231065936348239
2,8192,one_heavy,opposite_direction,71,-0.022499999999999992,-0.014670816371567084,-0.015943951663449446
2,8192,one_heavy,exact,72,0.0,0.0007408366943281552,0.0007013771814325571
2,8192,one_heavy,same_direction,72,0.0025000000000000005,0.0045607308991481525,0.0052892290787674625
2,8192,one_heavy,opposite_direction,72,-0.022499999999999992,-0.015554917096725322,-0.015343025008917351
2,8192,one_heavy,exact,73,0.0,0.0008016093188315486,0.0007883971715854623
2,8192,one_heavy,same_direction,73,0.0025000000000000005,0.0058755978663528625,0.005453388322569974
2,8192,one_heavy,opposite_direction,73,-0.022499999999999992,-0.014767573043522504,-0.01584176552707283
2,8192,one_heavy,exact,74,0.0,0.0007115320002161396,0.0006790236687531325
2,8192,one_heavy,same_direction,74,0.0025000000000000005,0.0046820690528010305,0.005541214231517853
2,8192,one_heavy,opposite_direction,74,-0.022499999999999992,-0.015119811640514232,-0.015309375384626765
2,8192,one_heavy,exact,75,0.0,0.0008829111763654894,0.0008975473559345011
2,8192,one_heavy,same_direction,75,0.0025000000000000005,0.006222880331148837,0.006359155334369757
2,8192,one_heavy,opposite_direction,75,-0.022499999999999992,-0.015132103599318051,-0.01547200371362699
2,8192,one_heavy,exact,76,0.0,0.0006881024708162008,0.0007783084426542714
2,8192,one_heavy,same_direction,76,0.0025000000000000005,0.005488749772407297,0.005931452031220185
2,8192,one_heavy,opposite_direction,76,-0.022499999999999992,-0.015211941844153195,-0.015621979462417748
2,8192,one_heavy,exact,77,0.0,0.0006608764099630875,0.0007602181667485686
2,8192,one_heavy,same_direction,77,0.0025000000000000005,0.005544867509959431,0.00568778626566528
2,8192,one_heavy,opposite_direction,77,-0.022499999999999992,-0.015097234209644917,-0.01525027177903732
2,8192,one_heavy,exact,78,0.0,0.0006717696175490592,0.0006441271868372835
2,8192,one_heavy,same_direction,78,0.0025000000000000005,0.004841357647437762,0.005343049639890604
2,8192,one_heavy,opposite_direction,78,-0.022499999999999992,-0.014861440534294673,-0.014841108030766981
2,8192,one_heavy,exact,79,0.0,0.0008092296905760094,0.0008732962558086403
2,8192,one_heavy,same_direction,79,0.0025000000000000005,0.004664096034686669,0.005189957478066429
2,8192,one_heavy,opposite_direction,79,-0.022499999999999992,-0.014253442460000685,-0.015404914631138706
2,8192,one_heavy,exact,80,0.0,0.0007215585358719633,0.000689649195121178
2,8192,one_heavy,same_direction,80,0.0025000000000000005,0.0048607998058605535,0.00576710406815272
2,8192,one_heavy,opposite_direction,80,-0.022499999999999992,-0.01569063636657652,-0.016090302040499584
2,8192,one_heavy,exact,81,0.0,0.0008443023942521339,0.0007997811868072965
2,8192,one_heavy,same_direction,81,0.0025000000000000005,0.004811460656093002,0.00499807514590797
2,8192,one_heavy,opposite_direction,81,-0.022499999999999992,-0.017219970297845343,-0.01717565194576786
2,8192,one_heavy,exact,82,0.0,0.0010577744915477526,0.0007697807442162208
2,8192,one_heavy,same_direction,82,0.0025000000000000005,0.006551652195409099,0.005855978588587028
2,8192,one_heavy,opposite_direction,82,-0.022499999999999992,-0.01566922056302893,-0.016453318394822752
2,8192,one_heavy,exact,83,0.0,0.0010053647620595699,0.0010362688041300775
2,8192,one_heavy,same_direction,83,0.0025000000000000005,0.00661612894331071,0.006752041979215221
2,8192,one_heavy,opposite_direction,83,-0.022499999999999992,-0.015554346078121502,-0.01639085608894248
2,8192,one_heavy,exact,84,0.0,0.0008050144875306983,0.0009052946117763753
2,8192,one_heavy,same_direction,84,0.0025000000000000005,0.0051536274616464,0.00521014885968492
2,8192,one_heavy,opposite_direction,84,-0.022499999999999992,-0.01526845376987179,-0.01645033902753512
2,8192,one_heavy,exact,85,0.0,0.0007682963388861633,0.0006516812904690515
2,8192,one_heavy,same_direction,85,0.0025000000000000005,0.005316781990204096,0.005634544968952999
2,8192,one_heavy,opposite_direction,85,-0.022499999999999992,-0.015287752521204857,-0.0159632042424083
2,8192,one_heavy,exact,86,0.0,0.0008229908780371406,0.0008380480625406338
2,8192,one_heavy,same_direction,86,0.0025000000000000005,0.004695456158402692,0.004953116624638725
2,8192,one_heavy,opposite_direction,86,-0.022499999999999992,-0.01592226593760049,-0.016567100588389914
2,8192,one_heavy,exact,87,0.0,0.0009028976524990068,0.0008682501064607136
2,8192,one_heavy,same_direction,87,0.0025000000000000005,0.005449384123683607,0.005478192495302111
2,8192,one_heavy,opposite_direction,87,-0.022499999999999992,-0.014737033156192493,-0.016526465192325618
2,8192,one_heavy,exact,88,0.0,0.0006650687737683601,0.0007289116359530813
2,8192,one_heavy,same_direction,88,0.0025000000000000005,0.0052216963937984535,0.005882541136721789
2,8192,one_heavy,opposite_direction,88,-0.022499999999999992,-0.015071653832557303,-0.015522909586008543
2,8192,one_heavy,exact,89,0.0,0.0009064280284265845,0.0008438616370612687
2,8192,one_heavy,same_direction,89,0.0025000000000000005,0.005839239385412813,0.005919279348626847
2,8192,one_heavy,opposite_direction,89,-0.022499999999999992,-0.016175058889854627,-0.01605119174759157
2,8192,one_heavy,exact,90,0.0,0.0011419761723894589,0.0009539847406834867
2,8192,one_heavy,same_direction,90,0.0025000000000000005,0.00662701884937321,0.006523504414362066
2,8192,one_heavy,opposite_direction,90,-0.022499999999999992,-0.016975563938016813,-0.017233300392993874
2,8192,one_heavy,exact,91,0.0,0.0008995111845079935,0.0007058334377444828
2,8192,one_heavy,same_direction,91,0.0025000000000000005,0.005932341853040793,0.005883283116303726
2,8192,one_heavy,opposite_direction,91,-0.022499999999999992,-0.012834326535232015,-0.014535139564755512
2,8192,one_heavy,exact,92,0.0,0.0008135959676388788,0.0007688478476865234
2,8192,one_heavy,same_direction,92,0.0025000000000000005,0.0049978765468159,0.005177328017369195
2,8192,one_heavy,opposite_direction,92,-0.022499999999999992,-0.016377412309671636,-0.0158528433234889
2,8192,one_heavy,exact,93,0.0,0.0008093347957730456,0.0006612079684522045
2,8192,one_heavy,same_direction,93,0.0025000000000000005,0.004891080919820937,0.005382184695618351
2,8192,one_heavy,opposite_direction,93,-0.022499999999999992,-0.014271671106762276,-0.014948457444570186
2,8192,one_heavy,exact,94,0.0,0.000683415854557658,0.0007439394396860291
2,8192,one_heavy,same_direction,94,0.0025000000000000005,0.004719167892690606,0.005342009906038524
2,8192,one_heavy,opposite_direction,94,-0.022499999999999992,-0.014990491623088303,-0.015378189443980667
2,8192,one_heavy,exact,95,0.0,0.0008899205232652651,0.0007255740356123359
2,8192,one_heavy,same_direction,95,0.0025000000000000005,0.005232431624614469,0.005372520927927432
2,8192,one_heavy,opposite_direction,95,-0.022499999999999992,-0.014669379575051754,-0.015432748869919709
2,8192,one_heavy,exact,96,0.0,0.0006828342627104993,0.0006946568305192638
2,8192,one_heavy,same_direction,96,0.0025000000000000005,0.0053883874356729505,0.005782422436876414
2,8192,one_heavy,opposite_direction,96,-0.022499999999999992,-0.014977861132491757,-0.01617741549767765
2,8192,one_heavy,exact,97,0.0,0.0007090750195083368,0.0007105881133890851
2,8192,one_heavy,same_direction,97,0.0025000000000000005,0.005101513003811285,0.005500711645950331
2,8192,one_heavy,opposite_direction,97,-0.022499999999999992,-0.015909657132419205,-0.01601875281098091
2,8192,one_heavy,exact,98,0.0,0.0006932800503798872,0.0007898543195699169
2,8192,one_heavy,same_direction,98,0.0025000000000000005,0.0053601336684977125,0.0057867718788032416
2,8192,one_heavy,opposite_direction,98,-0.022499999999999992,-0.014928500588885316,-0.015724763836356195
2,8192,one_heavy,exact,99,0.0,0.000834965484705772,0.0007722940341697727
2,8192,one_heavy,same_direction,99,0.0025000000000000005,0.00459351026326957,0.005653278988384983
2,8192,one_heavy,opposite_direction,99,-0.022499999999999992,-0.01577793061756991,-0.01616435612148707
2,8192,one_heavy,exact,100,0.0,0.0006223522428585415,0.0006657917258199452
2,8192,one_heavy,same_direction,100,0.0025000000000000005,0.005283614471078559,0.0054826945555005654
2,8192,one_heavy,opposite_direction,100,-0.022499999999999992,-0.015427285822698707,-0.015031554724868362
2,8192,one_heavy,exact,101,0.0,0.0006137919711936391,0.0007004327379504334
2,8192,one_heavy,same_direction,101,0.0025000000000000005,0.005373544475499729,0.005307288381465702
2,8192,one_heavy,opposite_direction,101,-0.022499999999999992,-0.0146858099144902,-0.015475253312158968
2,8192,one_heavy,exact,102,0.0,0.0007798258846392061,0.0007570553862310278
2,8192,one_heavy,same_direction,102,0.0025000000000000005,0.004700267348242058,0.005335678367038589
2,8192,one_heavy,opposite_direction,102,-0.022499999999999992,-0.015285027817040324,-0.015357813895846556
2,8192,one_heavy,exact,103,0.0,0.0008215714607927764,0.0007572805719315359
2,8192,one_heavy,same_direction,103,0.0025000000000000005,0.005282539548247006,0.005151927157852654
2,8192,one_heavy,opposite_direction,103,-0.022499999999999992,-0.015205602054226426,-0.015175566842574827
2,8192,one_heavy,exact,104,0.0,0.0008665668411853527,0.0008377158647287421
2,8192,one_heavy,same_direction,104,0.0025000000000000005,0.00521465922048208,0.005849575254990881
2,8192,one_heavy,opposite_direction,104,-0.022499999999999992,-0.013202791563385484,-0.01431474504614664
2,8192,one_heavy,exact,105,0.0,0.0008699453249403033,0.0009086826417043609
2,8192,one_heavy,same_direction,105,0.0025000000000000005,0.005871563888540508,0.0056978035473155865
2,8192,one_heavy,opposite_direction,105,-0.022499999999999992,-0.015269782363245566,-0.01540846313192586
2,8192,one_heavy,exact,106,0.0,0.0009483894492320006,0.0009328932504531543
2,8192,one_heavy,same_direction,106,0.0025000000000000005,0.004830007853535244,0.005191835736417984
2,8192,one_heavy,opposite_direction,106,-0.022499999999999992,-0.014271892639306878,-0.015585866311936656
2,8192,one_heavy,exact,107,0.0,0.0008187516884993018,0.0006714070326342272
2,8192,one_heavy,same_direction,107,0.0025000000000000005,0.0053855358331430314,0.005746232696433538
2,8192,one_heavy,opposite_direction,107,-0.022499999999999992,-0.013137421767694587,-0.014240445615118173
2,8192,one_heavy,exact,108,0.0,0.0009551556594743551,0.0008115190142698489
2,8192,one_heavy,same_direction,108,0.0025000000000000005,0.005823003419338465,0.006060337923857155
2,8192,one_heavy,opposite_direction,108,-0.022499999999999992,-0.016673463557867047,-0.01658873786196103
2,8192,one_heavy,exact,109,0.0,0.0007770044667545968,0.0007648162982694957
2,8192,one_heavy,same_direction,109,0.0025000000000000005,0.00491153826321674,0.0051203312333585735
2,8192,one_heavy,opposite_direction,109,-0.022499999999999992,-0.01597005351275575,-0.015524086230490014
2,8192,one_heavy,exact,110,0.0,0.0006962324151826383,0.0007098925686304035
2,8192,one_heavy,same_direction,110,0.0025000000000000005,0.005103291190542875,0.005309721282594837
2,8192,one_heavy,opposite_direction,110,-0.022499999999999992,-0.014335066479572852,-0.01562726960501703
2,8192,one_heavy,exact,111,0.0,0.0007639282353107191,0.0009582723887370543
2,8192,one_heavy,same_direction,111,0.0025000000000000005,0.006010335548367418,0.006555113154800236
2,8192,one_heavy,opposite_direction,111,-0.022499999999999992,-0.01571887348984452,-0.015847013712760823
2,8192,one_heavy,exact,112,0.0,0.000790759551915272,0.000751954332299392
2,8192,one_heavy,same_direction,112,0.0025000000000000005,0.006052269387818101,0.00593776007141486
2,8192,one_heavy,opposite_direction,112,-0.022499999999999992,-0.01446455408133068,-0.015108396905329492
2,8192,one_heavy,exact,113,0.0,0.0007166300433555684,0.0007215353017962351
2,8192,one_heavy,same_direction,113,0.0025000000000000005,0.004750358067251275,0.005384632068945666
2,8192,one_heavy,opposite_direction,113,-0.022499999999999992,-0.01416224603250921,-0.01545019775768551
2,8192,one_heavy,exact,114,0.0,0.0007595103404958786,0.0007500261850953579
2,8192,one_heavy,same_direction,114,0.0025000000000000005,0.005115814574842595,0.00596074623712505
2,8192,one_heavy,opposite_direction,114,-0.022499999999999992,-0.014042115063636439,-0.015381525846077672
2,8192,one_heavy,exact,115,0.0,0.0006846589323142848,0.0007332091236913413
2,8192,one_heavy,same_direction,115,0.0025000000000000005,0.005268412595626777,0.005240289876099643
2,8192,one_heavy,opposite_direction,115,-0.022499999999999992,-0.01565611030834549,-0.0165173338553888
2,8192,one_heavy,exact,116,0.0,0.0006756623184599168,0.0006747472835793905
2,8192,one_heavy,same_direction,116,0.0025000000000000005,0.005323626520910896,0.00540115487072648
2,8192,one_heavy,opposite_direction,116,-0.022499999999999992,-0.015289983386253836,-0.015950982945081762
2,8192,one_heavy,exact,117,0.0,0.0006410506553660459,0.0007137797980234324
2,8192,one_heavy,same_direction,117,0.0025000000000000005,0.005267316996924949,0.005506389914455874
2,8192,one_heavy,opposite_direction,117,-0.022499999999999992,-0.015559909232517675,-0.015506407570603595
2,8192,one_heavy,exact,118,0.0,0.0007890684414256771,0.0006494427414836304
2,8192,one_heavy,same_direction,118,0.0025000000000000005,0.006099702617483671,0.0056506226456307426
2,8192,one_heavy,opposite_direction,118,-0.022499999999999992,-0.016310523743179636,-0.016230534629399485
2,8192,one_heavy,exact,119,0.0,0.0008625445383719402,0.000672048284772767
2,8192,one_heavy,same_direction,119,0.0025000000000000005,0.00566992646331707,0.005726091723151836
2,8192,one_heavy,opposite_direction,119,-0.022499999999999992,-0.014542121981252949,-0.016368466560480216
2,8192,one_heavy,exact,120,0.0,0.0007953031459449278,0.0007995904864634006
2,8192,one_heavy,same_direction,120,0.0025000000000000005,0.004494016830939981,0.00508123251893445
2,8192,one_heavy,opposite_direction,120,-0.022499999999999992,-0.0159320455680659,-0.015745808033597857
2,8192,one_heavy,exact,121,0.0,0.0007706277015036596,0.0007860278284761733
2,8192,one_heavy,same_direction,121,0.0025000000000000005,0.005434972606001252,0.006048847335392883
2,8192,one_heavy,opposite_direction,121,-0.022499999999999992,-0.01603719941999522,-0.016549608413420125
2,8192,one_heavy,exact,122,0.0,0.0009190268204113115,0.0008603985714000884
2,8192,one_heavy,same_direction,122,0.0025000000000000005,0.006398471586519348,0.006272973905941014
2,8192,one_heavy,opposite_direction,122,-0.022499999999999992,-0.014406883826862978,-0.015543962942086972
2,8192,one_heavy,exact,123,0.0,0.0007753747899351637,0.0006408017902639375
2,8192,one_heavy,same_direction,123,0.0025000000000000005,0.005247545055355872,0.005533301657631766
2,8192,one_heavy,opposite_direction,123,-0.022499999999999992,-0.01394797070511405,-0.015109889156841264
2,8192,one_heavy,exact,124,0.0,0.0010015566569714829,0.0007709779211508344
2,8192,one_heavy,same_direction,124,0.0025000000000000005,0.00600383447713373,0.006222323627602819
2,8192,one_heavy,opposite_direction,124,-0.022499999999999992,-0.01509435565516743,-0.01565851423726116
2,8192,one_heavy,exact,125,0.0,0.0007820704462688666,0.0008462743496486182
2,8192,one_heavy,same_direction,125,0.0025000000000000005,0.005068231584740827,0.005277963645466042
2,8192,one_heavy,opposite_direction,125,-0.022499999999999992,-0.01441275286557428,-0.016301903560226153
2,8192,one_heavy,exact,126,0.0,0.0005804995524414314,0.0007331137992301047
2,8192,one_heavy,same_direction,126,0.0025000000000000005,0.005460767320858628,0.005864083849840461
2,8192,one_heavy,opposite_direction,126,-0.022499999999999992,-0.015132717663110511,-0.01576751522893612
2,8192,one_heavy,exact,127,0.0,0.0006486088802880295,0.0007642994462608757
2,8192,one_heavy,same_direction,127,0.0025000000000000005,0.005146742316897732,0.0056233106737939185
2,8192,one_heavy,opposite_direction,127,-0.022499999999999992,-0.014951106654737865,-0.015108797746025613
2,8192,one_heavy,exact,128,0.0,0.0008615357690656852,0.0010059735085762714
2,8192,one_heavy,same_direction,128,0.0025000000000000005,0.005924057967714336,0.005683162195127829
2,8192,one_heavy,opposite_direction,128,-0.022499999999999992,-0.01590338664475436,-0.01656906571534459
2,8192,one_heavy,exact,129,0.0,0.0007926137445687537,0.0008833084022684901
2,8192,one_heavy,same_direction,129,0.0025000000000000005,0.005280718877904262,0.005717987406380588
2,8192,one_heavy,opposite_direction,129,-0.022499999999999992,-0.01655497023771407,-0.01589710197355599
2,8192,one_heavy,exact,130,0.0,0.0007430299977658458,0.0006747948690879351
2,8192,one_heavy,same_direction,130,0.0025000000000000005,0.005156802762724456,0.00574350545881428
2,8192,one_heavy,opposite_direction,130,-0.022499999999999992,-0.015099753005420293,-0.015475825316525997
2,8192,one_heavy,exact,131,0.0,0.0007241443790193521,0.0007275781450837567
2,8192,one_heavy,same_direction,131,0.0025000000000000005,0.005196872691560753,0.005845334955563393
2,8192,one_heavy,opposite_direction,131,-0.022499999999999992,-0.013992120159181647,-0.015468259446644103
2,8192,one_heavy,exact,132,0.0,0.0007805548199816953,0.0007308537039278452
2,8192,one_heavy,same_direction,132,0.0025000000000000005,0.0052147638362129885,0.005657138750280493
2,8192,one_heavy,opposite_direction,132,-0.022499999999999992,-0.01421577287526984,-0.016019380764079376
2,8192,one_heavy,exact,133,0.0,0.0005920349423745425,0.0007189352255634962
2,8192,one_heavy,same_direction,133,0.0025000000000000005,0.005087702369585128,0.005871176555309049
2,8192,one_heavy,opposite_direction,133,-0.022499999999999992,-0.014796944359046651,-0.016055722677219872
2,8192,one_heavy,exact,134,0.0,0.0007844405370457629,0.0007443360695552285
2,8192,one_heavy,same_direction,134,0.0025000000000000005,0.0044358187033714195,0.005139408037523634
2,8192,one_heavy,opposite_direction,134,-0.022499999999999992,-0.014681427932947983,-0.015257899912722136
2,8192,one_heavy,exact,135,0.0,0.0010381298456945145,0.0009751502340538601
2,8192,one_heavy,same_direction,135,0.0025000000000000005,0.006448640128747652,0.0065832851423659215
2,8192,one_heavy,opposite_direction,135,-0.022499999999999992,-0.014938856773012819,-0.016005912925701065
2,8192,one_heavy,exact,136,0.0,0.000764070224346542,0.0007750529424914204
2,8192,one_heavy,same_direction,136,0.0025000000000000005,0.005254630843709299,0.005703581921376846
2,8192,one_heavy,opposite_direction,136,-0.022499999999999992,-0.014058825581929087,-0.015566799358517885
2,8192,one_heavy,exact,137,0.0,0.0007858210206319927,0.0010634985493933801
2,8192,one_heavy,same_direction,137,0.0025000000000000005,0.005842803898789787,0.005777777543201069
2,8192,one_heavy,opposite_direction,137,-0.022499999999999992,-0.014486255771550601,-0.014986944498035046
2,8192,one_heavy,exact,138,0.0,0.000950529702936887,0.0008484541746891507
2,8192,one_heavy,same_direction,138,0.0025000000000000005,0.005206716146067112,0.005533547661185131
2,8192,one_heavy,opposite_direction,138,-0.022499999999999992,-0.013106667055889627,-0.014725064298545795
2,8192,one_heavy,exact,139,0.0,0.0008086934596205628,0.0007070515695166229
2,8192,one_heavy,same_direction,139,0.0025000000000000005,0.005350599700703946,0.005781954754831521
2,8192,one_heavy,opposite_direction,139,-0.022499999999999992,-0.015065487239813864,-0.01614437540352636
2,8192,one_heavy,exact,140,0.0,0.000730744273996952,0.0006538207317029042
2,8192,one_heavy,same_direction,140,0.0025000000000000005,0.0047441685817071755,0.005356169224927222
2,8192,one_heavy,opposite_direction,140,-0.022499999999999992,-0.015473364350851481,-0.015426471384841368
2,8192,one_heavy,exact,141,0.0,0.0010532124219693273,0.000781169226552605
2,8192,one_heavy,same_direction,141,0.0025000000000000005,0.003972432996888641,0.0051178850375821145
2,8192,one_heavy,opposite_direction,141,-0.022499999999999992,-0.014945298784595235,-0.015796392544871623
2,8192,one_heavy,exact,142,0.0,0.0007859387900118779,0.0006486863736078097
2,8192,one_heavy,same_direction,142,0.0025000000000000005,0.004506909868937852,0.005460186154779539
2,8192,one_heavy,opposite_direction,142,-0.022499999999999992,-0.015545397244478829,-0.016170886878845724
2,8192,one_heavy,exact,143,0.0,0.0008282287547091475,0.0008626518682559616
2,8192,one_heavy,same_direction,143,0.0025000000000000005,0.005491869109790549,0.005605597558521752
2,8192,one_heavy,opposite_direction,143,-0.022499999999999992,-0.016382068222365487,-0.015826954706110556
2,8192,one_heavy,exact,144,0.0,0.0007199991626944881,0.0006896686759700445
2,8192,one_heavy,same_direction,144,0.0025000000000000005,0.005164194375222635,0.0055771894544776966
2,8192,one_heavy,opposite_direction,144,-0.022499999999999992,-0.016026985954231757,-0.01640370675107423
2,8192,one_heavy,exact,145,0.0,0.0006661765131942973,0.0008068691673233841
2,8192,one_heavy,same_direction,145,0.0025000000000000005,0.004852780111448003,0.005318707534288313
2,8192,one_heavy,opposite_direction,145,-0.022499999999999992,-0.0151056723635447,-0.015175117096015496
2,8192,one_heavy,exact,146,0.0,0.0007830291316291921,0.0006879283547358596
2,8192,one_heavy,same_direction,146,0.0025000000000000005,0.005813351413675265,0.005756842934265009
2,8192,one_heavy,opposite_direction,146,-0.022499999999999992,-0.016230627218992433,-0.016139804510437054
2,8192,one_heavy,exact,147,0.0,0.0007243885579812815,0.0006814081775578949
2,8192,one_heavy,same_direction,147,0.0025000000000000005,0.005279064498963317,0.005713576353222412
2,8192,one_heavy,opposite_direction,147,-0.022499999999999992,-0.015518998471373153,-0.015890411535072174
2,8192,one_heavy,exact,148,0.0,0.0008283170131293028,0.0007166627047398955
2,8192,one_heavy,same_direction,148,0.0025000000000000005,0.0044970174132383,0.005253963299397013
2,8192,one_heavy,opposite_direction,148,-0.022499999999999992,-0.014486471020579816,-0.01513772667286873
2,8192,one_heavy,exact,149,0.0,0.0006647601656134272,0.0007384683800197608
2,8192,one_heavy,same_direction,149,0.0025000000000000005,0.004965946888985104,0.005681238105788399
2,8192,one_heavy,opposite_direction,149,-0.022499999999999992,-0.014552033411717947,-0.016047659518045144
2,8192,one_heavy,exact,150,0.0,0.0009004234971697351,0.0007750792832403753
2,8192,one_heavy,same_direction,150,0.0025000000000000005,0.00609516665500327,0.005966525484572592
2,8192,one_heavy,opposite_direction,150,-0.022499999999999992,-0.014114116653468057,-0.015090946172166258
2,8192,one_heavy,exact,151,0.0,0.0007565422506959198,0.0007369464979670537
2,8192,one_heavy,same_direction,151,0.0025000000000000005,0.005921793598257561,0.005183455059605722
2,8192,one_heavy,opposite_direction,151,-0.022499999999999992,-0.014191368945746834,-0.015189655989152803
2,8192,one_heavy,exact,152,0.0,0.0006931661688213994,0.0007140359791574077
2,8192,one_heavy,same_direction,152,0.0025000000000000005,0.004969119428102312,0.00568211261810954
2,8192,one_heavy,opposite_direction,152,-0.022499999999999992,-0.014650838180677266,-0.016459635686814904
2,8192,one_heavy,exact,153,0.0,0.0011160224606309348,0.0009526363025401526
2,8192,one_heavy,same_direction,153,0.0025000000000000005,0.005813834822650696,0.006551737799944007
2,8192,one_heavy,opposite_direction,153,-0.022499999999999992,-0.015100427955920093,-0.016157305476996536
2,8192,one_heavy,exact,154,0.0,0.000703390569359227,0.0006192095958600387
2,8192,one_heavy,same_direction,154,0.0025000000000000005,0.004894762965980486,0.005503533404396085
2,8192,one_heavy,opposite_direction,154,-0.022499999999999992,-0.016374898966301753,-0.016764600843315026
2,8192,one_heavy,exact,155,0.0,0.000753764508805765,0.0007029509591354307
2,8192,one_heavy,same_direction,155,0.0025000000000000005,0.005112880017009538,0.005594442840596736
2,8192,one_heavy,opposite_direction,155,-0.022499999999999992,-0.015945457619219703,-0.015699683364241837
2,8192,one_heavy,exact,156,0.0,0.0008385809334026887,0.0007423576791552541
2,8192,one_heavy,same_direction,156,0.0025000000000000005,0.004667099018913857,0.005102384787907652
2,8192,one_heavy,opposite_direction,156,-0.022499999999999992,-0.01385043503822442,-0.015050755712127979
2,8192,one_heavy,exact,157,0.0,0.0009084431267231954,0.0011553753557439175
2,8192,one_heavy,same_direction,157,0.0025000000000000005,0.005998273627666277,0.005967108541256922
2,8192,one_heavy,opposite_direction,157,-0.022499999999999992,-0.015832017257195123,-0.01535972413457565
2,8192,one_heavy,exact,158,0.0,0.0010042354484985085,0.0008825904064104464
2,8192,one_heavy,same_direction,158,0.0025000000000000005,0.006439977752055926,0.006363886906515327
2,8192,one_heavy,opposite_direction,158,-0.022499999999999992,-0.013980662580654656,-0.015012509207003144
2,8192,one_heavy,exact,159,0.0,0.0006571646768066627,0.0007377140415459912
2,8192,one_heavy,same_direction,159,0.0025000000000000005,0.0055942032215679,0.005554120187239063
2,8192,one_heavy,opposite_direction,159,-0.022499999999999992,-0.01509054153087515,-0.016611705293574495
2,8192,one_heavy,exact,160,0.0,0.0009474600339729167,0.0008563899520764748
2,8192,one_heavy,same_direction,160,0.0025000000000000005,0.005989361667371187,0.005841854846747189
2,8192,one_heavy,opposite_direction,160,-0.022499999999999992,-0.016066135921615057,-0.016150730988761283
2,8192,one_heavy,exact,161,0.0,0.0007930804738256975,0.0008947834206340206
2,8192,one_heavy,same_direction,161,0.0025000000000000005,0.006137130431060332,0.00635186127503831
2,8192,one_heavy,opposite_direction,161,-0.022499999999999992,-0.014313924039956885,-0.015143503736674422
2,8192,one_heavy,exact,162,0.0,0.0006965670691742321,0.0006505036661817551
2,8192,one_heavy,same_direction,162,0.0025000000000000005,0.0046832019605576505,0.005450643554368443
2,8192,one_heavy,opposite_direction,162,-0.022499999999999992,-0.014323803027817095,-0.015762407367488053
2,8192,one_heavy,exact,163,0.0,0.0006716205385696179,0.0007015864373943594
2,8192,one_heavy,same_direction,163,0.0025000000000000005,0.005546574689317263,0.005795495001926427
2,8192,one_heavy,opposite_direction,163,-0.022499999999999992,-0.014296382537804313,-0.014966445486825276
2,8192,one_heavy,exact,164,0.0,0.0006514613226218138,0.0007161921123664652
2,8192,one_heavy,same_direction,164,0.0025000000000000005,0.005240263671560818,0.005287241320792217
2,8192,one_heavy,opposite_direction,164,-0.022499999999999992,-0.015910051887227456,-0.015814135146253586
2,8192,one_heavy,exact,165,0.0,0.000997772238097393,0.0009414379047652972
2,8192,one_heavy,same_direction,165,0.0025000000000000005,0.006248457475063475,0.006510635809778281
2,8192,one_heavy,opposite_direction,165,-0.022499999999999992,-0.015293766465223905,-0.01521110784143127
2,8192,one_heavy,exact,166,0.0,0.0009606190600819694,0.0007722356806185047
2,8192,one_heavy,same_direction,166,0.0025000000000000005,0.004672623745466169,0.00563617336557024
2,8192,one_heavy,opposite_direction,166,-0.022499999999999992,-0.013694311431525401,-0.015150871365469503
2,8192,one_heavy,exact,167,0.0,0.0008792590736227823,0.0007438465885748898
2,8192,one_heavy,same_direction,167,0.0025000000000000005,0.006124164363513345,0.0059024771491623385
2,8192,one_heavy,opposite_direction,167,-0.022499999999999992,-0.015540579497345858,-0.015413289473823588
2,8192,one_heavy,exact,168,0.0,0.0007885114756512984,0.0006550472544967254
2,8192,one_heavy,same_direction,168,0.0025000000000000005,0.005919614870792745,0.0056875323089152375
2,8192,one_heavy,opposite_direction,168,-0.022499999999999992,-0.015887171818017513,-0.016830718601202183
2,8192,one_heavy,exact,169,0.0,0.0008771863404103466,0.0006895235593794285
2,8192,one_heavy,same_direction,169,0.0025000000000000005,0.005674828587816667,0.00581064648243463
2,8192,one_heavy,opposite_direction,169,-0.022499999999999992,-0.014715052732164769,-0.014754689865727328
2,8192,one_heavy,exact,170,0.0,0.0009701867728067748,0.0008932031514118371
2,8192,one_heavy,same_direction,170,0.0025000000000000005,0.006565981552030498,0.006292431764977071
2,8192,one_heavy,opposite_direction,170,-0.022499999999999992,-0.014846934698816792,-0.01628505011132974
2,8192,one_heavy,exact,171,0.0,0.0008370112813922828,0.0007147377927830152
2,8192,one_heavy,same_direction,171,0.0025000000000000005,0.004798287676257917,0.00530850715283874
2,8192,one_heavy,opposite_direction,171,-0.022499999999999992,-0.015362350394235799,-0.015957428759809773
2,8192,one_heavy,exact,172,0.0,0.0008315580583232209,0.000773773225594186
2,8192,one_heavy,same_direction,172,0.0025000000000000005,0.00466781309800548,0.005113093633726762
2,8192,one_heavy,opposite_direction,172,-0.022499999999999992,-0.014452666840601466,-0.016056400202196383
2,8192,one_heavy,exact,173,0.0,0.0005438124329103335,0.0009148549887191826
2,8192,one_heavy,same_direction,173,0.0025000000000000005,0.005277131746486867,0.004743664970055028
2,8192,one_heavy,opposite_direction,173,-0.022499999999999992,-0.015230743307411159,-0.015040330263205448
2,8192,one_heavy,exact,174,0.0,0.0007428189035902201,0.0007098674316781347
2,8192,one_heavy,same_direction,174,0.0025000000000000005,0.005865794320973214,0.005790313961445959
2,8192,one_heavy,opposite_direction,174,-0.022499999999999992,-0.01494589138104842,-0.015755457819926995
2,8192,one_heavy,exact,175,0.0,0.0006660060886761712,0.0006182466033642489
2,8192,one_heavy,same_direction,175,0.0025000000000000005,0.00534456757262094,0.005563576247809456
2,8192,one_heavy,opposite_direction,175,-0.022499999999999992,-0.0160292117124714,-0.01606281504368188
2,8192,one_heavy,exact,176,0.0,0.000701921168957454,0.0006482102589859664
2,8192,one_heavy,same_direction,176,0.0025000000000000005,0.005412343955579854,0.005680381842303714
2,8192,one_heavy,opposite_direction,176,-0.022499999999999992,-0.01469005522450147,-0.014935484975312555
2,8192,one_heavy,exact,177,0.0,0.0006378669090422159,0.0006960017905734475
2,8192,one_heavy,same_direction,177,0.0025000000000000005,0.004896353314848688,0.005371160051094529
2,8192,one_heavy,opposite_direction,177,-0.022499999999999992,-0.014871432539902696,-0.015889249280741438
2,8192,one_heavy,exact,178,0.0,0.000676883242151205,0.0007264334977389762
2,8192,one_heavy,same_direction,178,0.0025000000000000005,0.0055166377529532835,0.00518937332767485
2,8192,one_heavy,opposite_direction,178,-0.022499999999999992,-0.015472968984262266,-0.015928805743193008
2,8192,one_heavy,exact,179,0.0,0.000746989744416963,0.0007253263853255118
2,8192,one_heavy,same_direction,179,0.0025000000000000005,0.005120549292474009,0.0053636925405841146
2,8192,one_heavy,opposite_direction,179,-0.022499999999999992,-0.01652077809001478,-0.01671599636617915
2,8192,one_heavy,exact,180,0.0,0.0008877501102978651,0.0007732629006750604
2,8192,one_heavy,same_direction,180,0.0025000000000000005,0.005999629664597397,0.005951237770678269
2,8192,one_heavy,opposite_direction,180,-0.022499999999999992,-0.015774910735773837,-0.015695128355952697
2,8192,one_heavy,exact,181,0.0,0.0007918470720514734,0.0008762854027662112
2,8192,one_heavy,same_direction,181,0.0025000000000000005,0.006028572431470635,0.006343243287329377
2,8192,one_heavy,opposite_direction,181,-0.022499999999999992,-0.015662727782457496,-0.015736598225352956
2,8192,one_heavy,exact,182,0.0,0.000795973835281418,0.000640802412671724
2,8192,one_heavy,same_direction,182,0.0025000000000000005,0.004807960665283364,0.00563614222846891
2,8192,one_heavy,opposite_direction,182,-0.022499999999999992,-0.013684711667144904,-0.015338450616642277
2,8192,one_heavy,exact,183,0.0,0.0007178522576103136,0.0006979237158208694
2,8192,one_heavy,same_direction,183,0.0025000000000000005,0.005214824153113392,0.00530166774088008
2,8192,one_heavy,opposite_direction,183,-0.022499999999999992,-0.015451426908917135,-0.01618882552774048
2,8192,one_heavy,exact,184,0.0,0.0007622617755233341,0.0007864083284959795
2,8192,one_heavy,same_direction,184,0.0025000000000000005,0.005790829750271775,0.006068691118612555
2,8192,one_heavy,opposite_direction,184,-0.022499999999999992,-0.014233766924377804,-0.015009559237426057
2,8192,one_heavy,exact,185,0.0,0.0007402406268284011,0.0008031751394296451
2,8192,one_heavy,same_direction,185,0.0025000000000000005,0.005035644514917844,0.004985149253144142
2,8192,one_heavy,opposite_direction,185,-0.022499999999999992,-0.01595379806505131,-0.016388261446694665
2,8192,one_heavy,exact,186,0.0,0.0007086970906402457,0.0007254931885687297
2,8192,one_heavy,same_direction,186,0.0025000000000000005,0.005157214846162526,0.005187563997618354
2,8192,one_heavy,opposite_direction,186,-0.022499999999999992,-0.015450777581531962,-0.015840374943968026
2,8192,one_heavy,exact,187,0.0,0.0009263520570258506,0.0009722763126578215
2,8192,one_heavy,same_direction,187,0.0025000000000000005,0.005192527193473517,0.005347993268537275
2,8192,one_heavy,opposite_direction,187,-0.022499999999999992,-0.013883564209508552,-0.014869538668854567
2,8192,one_heavy,exact,188,0.0,0.0007475740572646165,0.0007696439212751711
2,8192,one_heavy,same_direction,188,0.0025000000000000005,0.004748093717568642,0.005100472663768747
2,8192,one_heavy,opposite_direction,188,-0.022499999999999992,-0.01656943665918652,-0.016621251729111178
2,8192,one_heavy,exact,189,0.0,0.0007149164332775854,0.0007669597744902855
2,8192,one_heavy,same_direction,189,0.0025000000000000005,0.005642244234388459,0.005988063772347722
2,8192,one_heavy,opposite_direction,189,-0.022499999999999992,-0.016002068189305173,-0.01599829276316874
2,8192,one_heavy,exact,190,0.0,0.0007208332501312149,0.0008274214415449276
2,8192,one_heavy,same_direction,190,0.0025000000000000005,0.004940467875474909,0.005153018302864543
2,8192,one_heavy,opposite_direction,190,-0.022499999999999992,-0.016142970671899824,-0.01588575077794013
2,8192,one_heavy,exact,191,0.0,0.0008639289207008702,0.0007898080543362088
2,8192,one_heavy,same_direction,191,0.0025000000000000005,0.00439953824263673,0.005060002802372656
2,8192,one_heavy,opposite_direction,191,-0.022499999999999992,-0.014998392587113328,-0.015466349027106046
2,8192,one_heavy,exact,192,0.0,0.0008257445610627692,0.0008644257344469807
2,8192,one_heavy,same_direction,192,0.0025000000000000005,0.0051145131204365785,0.005664260269554371
2,8192,one_heavy,opposite_direction,192,-0.022499999999999992,-0.01465083699481847,-0.015465410855561062
2,8192,one_heavy,exact,193,0.0,0.0006307982337339412,0.0006962981649183948
2,8192,one_heavy,same_direction,193,0.0025000000000000005,0.0051874060536354705,0.005457875362808194
2,8192,one_heavy,opposite_direction,193,-0.022499999999999992,-0.015059577242233252,-0.016058309777941877
2,8192,one_heavy,exact,194,0.0,0.0006908751826165105,0.0006930185858988298
2,8192,one_heavy,same_direction,194,0.0025000000000000005,0.004847790711829176,0.005777573171876456
2,8192,one_heavy,opposite_direction,194,-0.022499999999999992,-0.015588924001093612,-0.016195159015183126
2,8192,one_heavy,exact,195,0.0,0.0007718969323341955,0.0007932808194813544
2,8192,one_heavy,same_direction,195,0.0025000000000000005,0.005185368088923661,0.0060243592412021355
2,8192,one_heavy,opposite_direction,195,-0.022499999999999992,-0.01661499795477535,-0.01578342787870283
2,8192,one_heavy,exact,196,0.0,0.0006916492299483745,0.0008447194678691645
2,8192,one_heavy,same_direction,196,0.0025000000000000005,0.005528918190589904,0.006094409730683737
2,8192,one_heavy,opposite_direction,196,-0.022499999999999992,-0.015053505605725624,-0.0158362733886286
2,8192,one_heavy,exact,197,0.0,0.0008588179842264731,0.0007553852694520899
2,8192,one_heavy,same_direction,197,0.0025000000000000005,0.0048990647420605795,0.005076256401272015
2,8192,one_heavy,opposite_direction,197,-0.022499999999999992,-0.0162477754380896,-0.016311647655786514
2,8192,one_heavy,exact,198,0.0,0.00079319034839808,0.0008726047257169654
2,8192,one_heavy,same_direction,198,0.0025000000000000005,0.004565107826856296,0.004782323126005093
2,8192,one_heavy,opposite_direction,198,-0.022499999999999992,-0.015837546350067875,-0.015273982045188934
2,8192,one_heavy,exact,199,0.0,0.0008448508163328842,0.0009131548576051865
2,8192,one_heavy,same_direction,199,0.0025000000000000005,0.004386092244887083,0.004897731109014485
2,8192,one_heavy,opposite_direction,199,-0.022499999999999992,-0.017016940288543295,-0.016481045406865368
32,512,balanced,exact,0,0.0,0.04974717392487147,0.2503463233287921
32,512,balanced,same_direction,0,0.0025000000000000022,0.0575901422010184,0.2604952875308671
32,512,balanced,opposite_direction,0,-0.022500000000000006,0.040343535386107174,0.22535165981344227
32,512,balanced,exact,1,0.0,0.050141431883570994,0.2538816273273031
32,512,balanced,same_direction,1,0.0025000000000000022,0.05158659735287853,0.2609127777253306
32,512,balanced,opposite_direction,1,-0.022500000000000006,0.03772602177355139,0.23098383345646917
32,512,balanced,exact,2,0.0,0.05515299861206603,0.2322680263377237
32,512,balanced,same_direction,2,0.0025000000000000022,0.05787377858328281,0.24509757544590344
32,512,balanced,opposite_direction,2,-0.022500000000000006,0.04448423130518953,0.21118030114042569
32,512,balanced,exact,3,0.0,0.05490953228607239,0.259834171652032
32,512,balanced,same_direction,3,0.0025000000000000022,0.058948200812266385,0.2749907236149069
32,512,balanced,opposite_direction,3,-0.022500000000000006,0.04412924571995669,0.23815211843084716
32,512,balanced,exact,4,0.0,0.051485060646892004,0.25034753501278195
32,512,balanced,same_direction,4,0.0025000000000000022,0.05613048238588334,0.2603430980681989
32,512,balanced,opposite_direction,4,-0.022500000000000006,0.045936626068467004,0.22738963965620665
32,512,balanced,exact,5,0.0,0.04982937236286125,0.23974824021553298
32,512,balanced,same_direction,5,0.0025000000000000022,0.05188997113709533,0.2523127956857286
32,512,balanced,opposite_direction,5,-0.022500000000000006,0.04163602823897695,0.21803036665279854
32,512,balanced,exact,6,0.0,0.049947374525902304,0.23222075975142764
32,512,balanced,same_direction,6,0.0025000000000000022,0.051842998234811435,0.2579520216660825
32,512,balanced,opposite_direction,6,-0.022500000000000006,0.043139223399929455,0.20665977060147964
32,512,balanced,exact,7,0.0,0.05355260600422461,0.24072162285643664
32,512,balanced,same_direction,7,0.0025000000000000022,0.06000507930954712,0.25858408729073545
32,512,balanced,opposite_direction,7,-0.022500000000000006,0.04231295706969035,0.21783756635213486
32,512,balanced,exact,8,0.0,0.05338347291983749,0.24556671225885393
32,512,balanced,same_direction,8,0.0025000000000000022,0.05800004174862255,0.26289103414153747
32,512,balanced,opposite_direction,8,-0.022500000000000006,0.04065179567207416,0.22057267115488843
32,512,balanced,exact,9,0.0,0.05958104403665947,0.2362972090228148
32,512,balanced,same_direction,9,0.0025000000000000022,0.06183325080103098,0.25433191960856394
32,512,balanced,opposite_direction,9,-0.022500000000000006,0.052051786438475134,0.2180983480610878
32,512,balanced,exact,10,0.0,0.04266885010537219,0.24283502746306382
32,512,balanced,same_direction,10,0.0025000000000000022,0.04995050526268889,0.26240389936686104
32,512,balanced,opposite_direction,10,-0.022500000000000006,0.03685397635300619,0.22305538906544134
32,512,balanced,exact,11,0.0,0.04736003538254693,0.24442936389734515
32,512,balanced,same_direction,11,0.0025000000000000022,0.04837180820035611,0.2526636048940872
32,512,balanced,opposite_direction,11,-0.022500000000000006,0.039834267129474105,0.22523863054662305
32,512,balanced,exact,12,0.0,0.052257789068373604,0.24597162702944628
32,512,balanced,same_direction,12,0.0025000000000000022,0.05783425448258761,0.25990187442948115
32,512,balanced,opposite_direction,12,-0.022500000000000006,0.04325016594240118,0.22193641907238248
32,512,balanced,exact,13,0.0,0.046047298581478005,0.2582384212399974
32,512,balanced,same_direction,13,0.0025000000000000022,0.049828794706955136,0.2711921435438729
32,512,balanced,opposite_direction,13,-0.022500000000000006,0.033395652974339426,0.23406924264182583
32,512,balanced,exact,14,0.0,0.05474746068787222,0.25665164012581165
32,512,balanced,same_direction,14,0.0025000000000000022,0.06093418314884784,0.27447854344524397
32,512,balanced,opposite_direction,14,-0.022500000000000006,0.03795291973341438,0.2280210963046858
32,512,balanced,exact,15,0.0,0.04979630549754286,0.24577283738738423
32,512,balanced,same_direction,15,0.0025000000000000022,0.0524730072322845,0.26646800078832455
32,512,balanced,opposite_direction,15,-0.022500000000000006,0.04252670358303902,0.22068606626784132
32,512,balanced,exact,16,0.0,0.04680173782852453,0.24970528234826284
32,512,balanced,same_direction,16,0.0025000000000000022,0.05121971494020242,0.25598203612717046
32,512,balanced,opposite_direction,16,-0.022500000000000006,0.03243024392466094,0.2237809062387298
32,512,balanced,exact,17,0.0,0.04476378002377522,0.24822209975639029
32,512,balanced,same_direction,17,0.0025000000000000022,0.0530708151764159,0.2575370765759475
32,512,balanced,opposite_direction,17,-0.022500000000000006,0.03888040290926694,0.22645748194536452
32,512,balanced,exact,18,0.0,0.05642400119231659,0.241966970985555
32,512,balanced,same_direction,18,0.0025000000000000022,0.06077279390310723,0.25903714407946254
32,512,balanced,opposite_direction,18,-0.022500000000000006,0.04488042577934266,0.2180063930884733
32,512,balanced,exact,19,0.0,0.05197025908848034,0.22943615809342902
32,512,balanced,same_direction,19,0.0025000000000000022,0.058690101086902174,0.2465784527572555
32,512,balanced,opposite_direction,19,-0.022500000000000006,0.04564676377977414,0.2067468070925432
32,512,balanced,exact,20,0.0,0.05614099062360477,0.2559121030177435
32,512,balanced,same_direction,20,0.0025000000000000022,0.0609289258102257,0.27205826090260055
32,512,balanced,opposite_direction,20,-0.022500000000000006,0.04688763132129081,0.23159033472663587
32,512,balanced,exact,21,0.0,0.06886210880234671,0.2479170562632654
32,512,balanced,same_direction,21,0.0025000000000000022,0.07184594733097617,0.2638319996604371
32,512,balanced,opposite_direction,21,-0.022500000000000006,0.057109944304098874,0.22572443213808716
32,512,balanced,exact,22,0.0,0.04315563134325309,0.24336645912109145
32,512,balanced,same_direction,22,0.0025000000000000022,0.051073858724542134,0.26682840775129874
32,512,balanced,opposite_direction,22,-0.022500000000000006,0.038568472191880004,0.22514824076984744
32,512,balanced,exact,23,0.0,0.04509206711633054,0.2595202044546704
32,512,balanced,same_direction,23,0.0025000000000000022,0.044554102332213796,0.2777148055491617
32,512,balanced,opposite_direction,23,-0.022500000000000006,0.033253852381651086,0.23719688439846703
32,512,balanced,exact,24,0.0,0.06174607440731955,0.25672348810253387
32,512,balanced,same_direction,24,0.0025000000000000022,0.06252239390570086,0.2672299138774043
32,512,balanced,opposite_direction,24,-0.022500000000000006,0.04620308647973233,0.23325925002480896
32,512,balanced,exact,25,0.0,0.053237717789211034,0.2622472424298191
32,512,balanced,same_direction,25,0.0025000000000000022,0.05599770291022896,0.27029363647489607
32,512,balanced,opposite_direction,25,-0.022500000000000006,0.03960751002196705,0.24076325455386935
32,512,balanced,exact,26,0.0,0.04909114196068316,0.24792798236399774
32,512,balanced,same_direction,26,0.0025000000000000022,0.049078264001204124,0.2549557337195422
32,512,balanced,opposite_direction,26,-0.022500000000000006,0.041708412158901836,0.22638845147837075
32,512,balanced,exact,27,0.0,0.054647491938142154,0.2634379680243098
32,512,balanced,same_direction,27,0.0025000000000000022,0.058461976529146344,0.2726873254930305
32,512,balanced,opposite_direction,27,-0.022500000000000006,0.048584256499562564,0.24244179009230832
32,512,balanced,exact,28,0.0,0.0516691600329708,0.2493046188828131
32,512,balanced,same_direction,28,0.0025000000000000022,0.05527470663484581,0.2673477953166674
32,512,balanced,opposite_direction,28,-0.022500000000000006,0.041685278300655985,0.22538468858037963
32,512,balanced,exact,29,0.0,0.04908584897346059,0.26179321098758784
32,512,balanced,same_direction,29,0.0025000000000000022,0.054331815816403235,0.2793863282456282
32,512,balanced,opposite_direction,29,-0.022500000000000006,0.04223357459813551,0.2410927287132128
32,512,balanced,exact,30,0.0,0.06040812246991739,0.24581370212858694
32,512,balanced,same_direction,30,0.0025000000000000022,0.06807510851470636,0.26167482311670925
32,512,balanced,opposite_direction,30,-0.022500000000000006,0.05029524697621701,0.22403455374865933
32,512,balanced,exact,31,0.0,0.043779811546544034,0.2626045785057611
32,512,balanced,same_direction,31,0.0025000000000000022,0.04504591841864265,0.27161675489972753
32,512,balanced,opposite_direction,31,-0.022500000000000006,0.03587817146683063,0.2417197834724533
32,512,balanced,exact,32,0.0,0.056119757641027765,0.25073146267009916
32,512,balanced,same_direction,32,0.0025000000000000022,0.060904205243451984,0.26763956254288884
32,512,balanced,opposite_direction,32,-0.022500000000000006,0.04638660799296489,0.2318033329199572
32,512,balanced,exact,33,0.0,0.054322146870618204,0.2431280444905015
32,512,balanced,same_direction,33,0.0025000000000000022,0.058033449956152575,0.2547063064979583
32,512,balanced,opposite_direction,33,-0.022500000000000006,0.04271666915860014,0.2197684076209349
32,512,balanced,exact,34,0.0,0.06061232719479813,0.23968836471950733
32,512,balanced,same_direction,34,0.0025000000000000022,0.061162187183466735,0.2511420278375485
32,512,balanced,opposite_direction,34,-0.022500000000000006,0.05430150183590614,0.21931391941756595
32,512,balanced,exact,35,0.0,0.05269805443183967,0.24496061857972906
32,512,balanced,same_direction,35,0.0025000000000000022,0.05859572802573991,0.25691832096688827
32,512,balanced,opposite_direction,35,-0.022500000000000006,0.04680769810265428,0.22440790407294117
32,512,balanced,exact,36,0.0,0.05800647067353739,0.25382576394539974
32,512,balanced,same_direction,36,0.0025000000000000022,0.0590916304061585,0.2667570649433863
32,512,balanced,opposite_direction,36,-0.022500000000000006,0.043937361203943114,0.2332059657526508
32,512,balanced,exact,37,0.0,0.044567834966084366,0.2541771366385998
32,512,balanced,same_direction,37,0.0025000000000000022,0.04593962682830309,0.27322005140857564
32,512,balanced,opposite_direction,37,-0.022500000000000006,0.04137896956394577,0.23636082444683024
32,512,balanced,exact,38,0.0,0.05780583578316962,0.24674928842223592
32,512,balanced,same_direction,38,0.0025000000000000022,0.062378172970041855,0.26567918601693885
32,512,balanced,opposite_direction,38,-0.022500000000000006,0.048440666864899215,0.22461696905107445
32,512,balanced,exact,39,0.0,0.05026950222232764,0.24444360433733225
32,512,balanced,same_direction,39,0.0025000000000000022,0.058353147909220575,0.2651577020280327
32,512,balanced,opposite_direction,39,-0.022500000000000006,0.04131276310795886,0.21693198954028586
32,512,balanced,exact,40,0.0,0.05961822888102346,0.25094458928087904
32,512,balanced,same_direction,40,0.0025000000000000022,0.062224263341479555,0.2563670223761213
32,512,balanced,opposite_direction,40,-0.022500000000000006,0.04984345249724041,0.2275929434382701
32,512,balanced,exact,41,0.0,0.05953597571672445,0.2462391160969032
32,512,balanced,same_direction,41,0.0025000000000000022,0.06036736903271195,0.2539309769607672
32,512,balanced,opposite_direction,41,-0.022500000000000006,0.04791805449127361,0.22051553068310273
32,512,balanced,exact,42,0.0,0.05491045721169245,0.23305259870145204
32,512,balanced,same_direction,42,0.0025000000000000022,0.061211959458873116,0.2562437295607018
32,512,balanced,opposite_direction,42,-0.022500000000000006,0.04702061147965833,0.2102590442594885
32,512,balanced,exact,43,0.0,0.05201994059562099,0.24436244254084002
32,512,balanced,same_direction,43,0.0025000000000000022,0.052176583575129,0.2518472411295549
32,512,balanced,opposite_direction,43,-0.022500000000000006,0.04104347378664602,0.22317854340739327
32,512,balanced,exact,44,0.0,0.05132662294484089,0.26228189476987757
32,512,balanced,same_direction,44,0.0025000000000000022,0.05333050499939952,0.26857384131503115
32,512,balanced,opposite_direction,44,-0.022500000000000006,0.0406727476217484,0.2401429042541682
32,512,balanced,exact,45,0.0,0.05619739765745979,0.23746736443627647
32,512,balanced,same_direction,45,0.0025000000000000022,0.0642036970137172,0.2550998548523141
32,512,balanced,opposite_direction,45,-0.022500000000000006,0.05055197082342296,0.21606354100337816
32,512,balanced,exact,46,0.0,0.04277991441762039,0.2486653077400728
32,512,balanced,same_direction,46,0.0025000000000000022,0.052589938167152815,0.2668070666392666
32,512,balanced,opposite_direction,46,-0.022500000000000006,0.03822643091782323,0.2280672926694772
32,512,balanced,exact,47,0.0,0.052629641729745213,0.22592145105448402
32,512,balanced,same_direction,47,0.0025000000000000022,0.05696977593451135,0.24404317874273423
32,512,balanced,opposite_direction,47,-0.022500000000000006,0.04513924306607192,0.20483579151122971
32,512,balanced,exact,48,0.0,0.05584429123297753,0.2423673036605394
32,512,balanced,same_direction,48,0.0025000000000000022,0.06338942198076288,0.2541674136151791
32,512,balanced,opposite_direction,48,-0.022500000000000006,0.044720902553839634,0.22235757162293976
32,512,balanced,exact,49,0.0,0.05152909950066649,0.2564304178030498
32,512,balanced,same_direction,49,0.0025000000000000022,0.05714976795912044,0.2608981825404046
32,512,balanced,opposite_direction,49,-0.022500000000000006,0.043940891929796375,0.23441147774490792
32,512,balanced,exact,50,0.0,0.052216110700643054,0.22207874193006144
32,512,balanced,same_direction,50,0.0025000000000000022,0.0568412934206278,0.24175053191413617
32,512,balanced,opposite_direction,50,-0.022500000000000006,0.038185712333020705,0.1997334551324269
32,512,balanced,exact,51,0.0,0.049766618164165485,0.2412725277890813
32,512,balanced,same_direction,51,0.0025000000000000022,0.05301958763052546,0.2540520529039622
32,512,balanced,opposite_direction,51,-0.022500000000000006,0.038292016305557265,0.21625718902398092
32,512,balanced,exact,52,0.0,0.054178586043369545,0.22497829584191964
32,512,balanced,same_direction,52,0.0025000000000000022,0.057325425757008504,0.23737367112526492
32,512,balanced,opposite_direction,52,-0.022500000000000006,0.04566698180111073,0.2019992693278224
32,512,balanced,exact,53,0.0,0.04912433008170314,0.25597510026657383
32,512,balanced,same_direction,53,0.0025000000000000022,0.050456831007388354,0.2649186885772954
32,512,balanced,opposite_direction,53,-0.022500000000000006,0.037956922980931895,0.23555923868419734
32,512,balanced,exact,54,0.0,0.050379328460374434,0.2617329809765177
32,512,balanced,same_direction,54,0.0025000000000000022,0.052675991897097776,0.268848109600062
32,512,balanced,opposite_direction,54,-0.022500000000000006,0.04166516531129398,0.23600410450222103
32,512,balanced,exact,55,0.0,0.05806900548704785,0.23485375532460756
32,512,balanced,same_direction,55,0.0025000000000000022,0.063167384639708,0.2536293955743204
32,512,balanced,opposite_direction,55,-0.022500000000000006,0.05267346281089311,0.2136072999443904
32,512,balanced,exact,56,0.0,0.042917183030236235,0.2541820738773487
32,512,balanced,same_direction,56,0.0025000000000000022,0.0480972900255078,0.2754508379553439
32,512,balanced,opposite_direction,56,-0.022500000000000006,0.030777795532138785,0.2307496177922704
32,512,balanced,exact,57,0.0,0.05017055052015541,0.23716140639092975
32,512,balanced,same_direction,57,0.0025000000000000022,0.05361402363993045,0.25309781581484503
32,512,balanced,opposite_direction,57,-0.022500000000000006,0.03920555322990703,0.21589981840699807
32,512,balanced,exact,58,0.0,0.05049528944549602,0.24914649329605487
32,512,balanced,same_direction,58,0.0025000000000000022,0.056880077419809195,0.2688540804855151
32,512,balanced,opposite_direction,58,-0.022500000000000006,0.040768384280811115,0.22434424973621953
32,512,balanced,exact,59,0.0,0.0518778519074177,0.25010240268720996
32,512,balanced,same_direction,59,0.0025000000000000022,0.0586274375707996,0.2620332582377204
32,512,balanced,opposite_direction,59,-0.022500000000000006,0.04397620032289842,0.22936877493486263
32,512,balanced,exact,60,0.0,0.05027207302994498,0.26744703973192374
32,512,balanced,same_direction,60,0.0025000000000000022,0.05816197254516926,0.2829487697906222
32,512,balanced,opposite_direction,60,-0.022500000000000006,0.039172051961856524,0.2442694215638284
32,512,balanced,exact,61,0.0,0.05174755744152251,0.24777007849884689
32,512,balanced,same_direction,61,0.0025000000000000022,0.05227476075805104,0.2573858443745796
32,512,balanced,opposite_direction,61,-0.022500000000000006,0.04713561701906666,0.23046916045083393
32,512,balanced,exact,62,0.0,0.05239951672259874,0.23839361940009837
32,512,balanced,same_direction,62,0.0025000000000000022,0.05792116042945939,0.25775509505939675
32,512,balanced,opposite_direction,62,-0.022500000000000006,0.04515936797316183,0.21786192042580751
32,512,balanced,exact,63,0.0,0.051070905305077574,0.25245551991975457
32,512,balanced,same_direction,63,0.0025000000000000022,0.05646944798258713,0.264266144362431
32,512,balanced,opposite_direction,63,-0.022500000000000006,0.040812460279291876,0.23104698719423056
32,512,balanced,exact,64,0.0,0.05554979809881724,0.24546300592591855
32,512,balanced,same_direction,64,0.0025000000000000022,0.05430860445118213,0.26202603867262503
32,512,balanced,opposite_direction,64,-0.022500000000000006,0.041137086730792645,0.22054613437591225
32,512,balanced,exact,65,0.0,0.04427493459723028,0.24941125131474998
32,512,balanced,same_direction,65,0.0025000000000000022,0.050170550006014454,0.2655088699157841
32,512,balanced,opposite_direction,65,-0.022500000000000006,0.039195960194271594,0.22661823993037686
32,512,balanced,exact,66,0.0,0.04957363847486049,0.25477632906355735
32,512,balanced,same_direction,66,0.0025000000000000022,0.056420682932889044,0.2715854338726616
32,512,balanced,opposite_direction,66,-0.022500000000000006,0.04188528090112702,0.23591850971532916
32,512,balanced,exact,67,0.0,0.07050571708873425,0.2284786598348968
32,512,balanced,same_direction,67,0.0025000000000000022,0.06965128024024486,0.24330843215702902
32,512,balanced,opposite_direction,67,-0.022500000000000006,0.06308900474660589,0.20765505688499586
32,512,balanced,exact,68,0.0,0.05032477682508385,0.23850052116353357
32,512,balanced,same_direction,68,0.0025000000000000022,0.05086891749870183,0.2511203905456216
32,512,balanced,opposite_direction,68,-0.022500000000000006,0.04127410621979166,0.2179972417479952
32,512,balanced,exact,69,0.0,0.08098442590632933,0.25324487549333025
32,512,balanced,same_direction,69,0.0025000000000000022,0.07894107415403555,0.2527277504691505
32,512,balanced,opposite_direction,69,-0.022500000000000006,0.07352127769541152,0.2316399359798398
32,512,balanced,exact,70,0.0,0.056000772650714,0.2434547564819858
32,512,balanced,same_direction,70,0.0025000000000000022,0.055842422318238466,0.25201241162014615
32,512,balanced,opposite_direction,70,-0.022500000000000006,0.04656040268628761,0.22064181200409225
32,512,balanced,exact,71,0.0,0.055825822420239715,0.22946157642396675
32,512,balanced,same_direction,71,0.0025000000000000022,0.06175360866771286,0.24926484867685653
32,512,balanced,opposite_direction,71,-0.022500000000000006,0.04931985420319625,0.20981414756864242
32,512,balanced,exact,72,0.0,0.051292024942521,0.2592572909449196
32,512,balanced,same_direction,72,0.0025000000000000022,0.05456306780918971,0.27628640255244996
32,512,balanced,opposite_direction,72,-0.022500000000000006,0.046720727060566666,0.23659365476138125
32,512,balanced,exact,73,0.0,0.052273078056055536,0.23338117345525927
32,512,balanced,same_direction,73,0.0025000000000000022,0.05021340810286522,0.24612491136840872
32,512,balanced,opposite_direction,73,-0.022500000000000006,0.04166874681703965,0.2076004984137667
32,512,balanced,exact,74,0.0,0.05725947010335537,0.24704803901514877
32,512,balanced,same_direction,74,0.0025000000000000022,0.05905477902307443,0.25604583429262323
32,512,balanced,opposite_direction,74,-0.022500000000000006,0.05046789562081405,0.23061124527099564
32,512,balanced,exact,75,0.0,0.0528417913677061,0.2477297145805843
32,512,balanced,same_direction,75,0.0025000000000000022,0.058307904845844014,0.261848956023715
32,512,balanced,opposite_direction,75,-0.022500000000000006,0.045909702954524303,0.22732106151607095
32,512,balanced,exact,76,0.0,0.046542378911705755,0.24630917792926948
32,512,balanced,same_direction,76,0.0025000000000000022,0.05069906721111247,0.2613013669926786
32,512,balanced,opposite_direction,76,-0.022500000000000006,0.03546006836402807,0.21954615136372102
32,512,balanced,exact,77,0.0,0.048852666959831106,0.24521052064622506
32,512,balanced,same_direction,77,0.0025000000000000022,0.05522831423210679,0.2681901836935824
32,512,balanced,opposite_direction,77,-0.022500000000000006,0.04004117965696053,0.2236380944762451
32,512,balanced,exact,78,0.0,0.055261877341349255,0.27393168944076735
32,512,balanced,same_direction,78,0.0025000000000000022,0.05913582283062224,0.285408891097737
32,512,balanced,opposite_direction,78,-0.022500000000000006,0.0459488812223347,0.25048721942635105
32,512,balanced,exact,79,0.0,0.05650389882954102,0.2504566633541199
32,512,balanced,same_direction,79,0.0025000000000000022,0.06268338809378549,0.2665710607497943
32,512,balanced,opposite_direction,79,-0.022500000000000006,0.04989509256968684,0.22749718479431455
32,512,balanced,exact,80,0.0,0.05202665943469668,0.25772667593893744
32,512,balanced,same_direction,80,0.0025000000000000022,0.05940022802701587,0.26893293743761243
32,512,balanced,opposite_direction,80,-0.022500000000000006,0.04645716191742595,0.2384650184033937
32,512,balanced,exact,81,0.0,0.0529357024289889,0.24734154531595245
32,512,balanced,same_direction,81,0.0025000000000000022,0.06612521230929651,0.27128372779220594
32,512,balanced,opposite_direction,81,-0.022500000000000006,0.05003492756358288,0.2242732702793228
32,512,balanced,exact,82,0.0,0.055284763826484645,0.2439178184562421
32,512,balanced,same_direction,82,0.0025000000000000022,0.06091074660977491,0.25960869768098654
32,512,balanced,opposite_direction,82,-0.022500000000000006,0.04329078651735759,0.22304965590598316
32,512,balanced,exact,83,0.0,0.04439331797775929,0.25137688566200056
32,512,balanced,same_direction,83,0.0025000000000000022,0.046045305077818274,0.2614649589690355
32,512,balanced,opposite_direction,83,-0.022500000000000006,0.03661898581374107,0.22815123026505374
32,512,balanced,exact,84,0.0,0.05193059859349676,0.25238318699233264
32,512,balanced,same_direction,84,0.0025000000000000022,0.052847227982615465,0.2608953645798826
32,512,balanced,opposite_direction,84,-0.022500000000000006,0.03911750388363967,0.2273603121940481
32,512,balanced,exact,85,0.0,0.057986139040625634,0.2585426374405138
32,512,balanced,same_direction,85,0.0025000000000000022,0.062424717880633376,0.2681147655698065
32,512,balanced,opposite_direction,85,-0.022500000000000006,0.050933032875601664,0.2357624466993551
32,512,balanced,exact,86,0.0,0.05263595624022594,0.2348167821128304
32,512,balanced,same_direction,86,0.0025000000000000022,0.060496243503685154,0.24934536494825837
32,512,balanced,opposite_direction,86,-0.022500000000000006,0.04226165057936729,0.21179463119927225
32,512,balanced,exact,87,0.0,0.05008197898590398,0.2359781540314456
32,512,balanced,same_direction,87,0.0025000000000000022,0.052873316776596194,0.2535245294789355
32,512,balanced,opposite_direction,87,-0.022500000000000006,0.04411446895135407,0.21575608286126632
32,512,balanced,exact,88,0.0,0.05505759219801031,0.2365021047630967
32,512,balanced,same_direction,88,0.0025000000000000022,0.05788917716728138,0.25657648479920964
32,512,balanced,opposite_direction,88,-0.022500000000000006,0.048727126797803576,0.2137557143743789
32,512,balanced,exact,89,0.0,0.046297135688959656,0.25981457375964284
32,512,balanced,same_direction,89,0.0025000000000000022,0.050365682900423134,0.2718440429661471
32,512,balanced,opposite_direction,89,-0.022500000000000006,0.04208861276094593,0.24022262669984162
32,512,balanced,exact,90,0.0,0.0557253185975992,0.2490014622930651
32,512,balanced,same_direction,90,0.0025000000000000022,0.05852883057885274,0.26390930041978183
32,512,balanced,opposite_direction,90,-0.022500000000000006,0.04488599913309547,0.2234588010395616
32,512,balanced,exact,91,0.0,0.04367018707396336,0.234844067384834
32,512,balanced,same_direction,91,0.0025000000000000022,0.05333100312386439,0.25550829359783406
32,512,balanced,opposite_direction,91,-0.022500000000000006,0.03471264413760576,0.21357573696542367
32,512,balanced,exact,92,0.0,0.048257689370596796,0.24092734053846138
32,512,balanced,same_direction,92,0.0025000000000000022,0.05487501423814726,0.2600157329314406
32,512,balanced,opposite_direction,92,-0.022500000000000006,0.042302856302052654,0.2193914116676612
32,512,balanced,exact,93,0.0,0.052748180979865555,0.258813367682232
32,512,balanced,same_direction,93,0.0025000000000000022,0.05672907019034525,0.27766484502053723
32,512,balanced,opposite_direction,93,-0.022500000000000006,0.049615904323845286,0.23999768369680835
32,512,balanced,exact,94,0.0,0.05017370571645248,0.2528500733380185
32,512,balanced,same_direction,94,0.0025000000000000022,0.05544564879462673,0.2634786138305133
32,512,balanced,opposite_direction,94,-0.022500000000000006,0.03814589189795034,0.22776771644553093
32,512,balanced,exact,95,0.0,0.05005728222170295,0.24431925595516044
32,512,balanced,same_direction,95,0.0025000000000000022,0.04839172927190571,0.2521881198800114
32,512,balanced,opposite_direction,95,-0.022500000000000006,0.04364048812050303,0.22156241664744475
32,512,balanced,exact,96,0.0,0.05530865675828199,0.2501135211265309
32,512,balanced,same_direction,96,0.0025000000000000022,0.06186880659177453,0.2692237657484191
32,512,balanced,opposite_direction,96,-0.022500000000000006,0.04854557132426848,0.22740259984030337
32,512,balanced,exact,97,0.0,0.044678404549434905,0.24944052390355373
32,512,balanced,same_direction,97,0.0025000000000000022,0.04890125555095831,0.26782263547687213
32,512,balanced,opposite_direction,97,-0.022500000000000006,0.03295030575955871,0.22595184895446485
32,512,balanced,exact,98,0.0,0.05102635777244025,0.2448423199897534
32,512,balanced,same_direction,98,0.0025000000000000022,0.05910351476976877,0.2590316913718534
32,512,balanced,opposite_direction,98,-0.022500000000000006,0.0410346969392882,0.2246720809479814
32,512,balanced,exact,99,0.0,0.045575314387358595,0.2414729688113752
32,512,balanced,same_direction,99,0.0025000000000000022,0.05009869332874345,0.26472266103565567
32,512,balanced,opposite_direction,99,-0.022500000000000006,0.040289419816927664,0.2190361152617831
32,512,balanced,exact,100,0.0,0.05876563856411554,0.2394972740710265
32,512,balanced,same_direction,100,0.0025000000000000022,0.06220650889702756,0.25085878129205824
32,512,balanced,opposite_direction,100,-0.022500000000000006,0.05288381998645455,0.21934490277810398
32,512,balanced,exact,101,0.0,0.04727399393202289,0.23950864603835548
32,512,balanced,same_direction,101,0.0025000000000000022,0.0552086304104821,0.25411373950618843
32,512,balanced,opposite_direction,101,-0.022500000000000006,0.036679139694344734,0.21979539377234894
32,512,balanced,exact,102,0.0,0.06703004553615162,0.24511490061903793
32,512,balanced,same_direction,102,0.0025000000000000022,0.06971429424658826,0.25804026743778813
32,512,balanced,opposite_direction,102,-0.022500000000000006,0.05877516407053074,0.2219760146357991
32,512,balanced,exact,103,0.0,0.050134191221295275,0.241062818531673
32,512,balanced,same_direction,103,0.0025000000000000022,0.05846562096531477,0.2592038205671881
32,512,balanced,opposite_direction,103,-0.022500000000000006,0.03531535858468977,0.211659703408264
32,512,balanced,exact,104,0.0,0.045694614774567086,0.250817543043858
32,512,balanced,same_direction,104,0.0025000000000000022,0.04745939751390967,0.2607337117150836
32,512,balanced,opposite_direction,104,-0.022500000000000006,0.037269395027586166,0.2308262268230442
32,512,balanced,exact,105,0.0,0.069780166806051,0.25727526606757856
32,512,balanced,same_direction,105,0.0025000000000000022,0.06930991777713595,0.2636654202265578
32,512,balanced,opposite_direction,105,-0.022500000000000006,0.0509781748724957,0.2344480042970455
32,512,balanced,exact,106,0.0,0.05368708032910861,0.24511113603795498
32,512,balanced,same_direction,106,0.0025000000000000022,0.05916852008722535,0.26264876657156616
32,512,balanced,opposite_direction,106,-0.022500000000000006,0.045203246467418606,0.2237811843328593
32,512,balanced,exact,107,0.0,0.05310020487437136,0.25081434113766676
32,512,balanced,same_direction,107,0.0025000000000000022,0.05892538624615096,0.262153075486839
32,512,balanced,opposite_direction,107,-0.022500000000000006,0.04152133384565994,0.2260108433378285
32,512,balanced,exact,108,0.0,0.04896506060039084,0.24040453682103244
32,512,balanced,same_direction,108,0.0025000000000000022,0.05855195502630371,0.2596055834735069
32,512,balanced,opposite_direction,108,-0.022500000000000006,0.03649021965341259,0.21803332607272582
32,512,balanced,exact,109,0.0,0.05274355892549852,0.23673977381537195
32,512,balanced,same_direction,109,0.0025000000000000022,0.05770131788823454,0.25093797926400385
32,512,balanced,opposite_direction,109,-0.022500000000000006,0.036282230520356104,0.2121021397835299
32,512,balanced,exact,110,0.0,0.04540095673931316,0.25493316844341396
32,512,balanced,same_direction,110,0.0025000000000000022,0.045237110283004846,0.26787294031645453
32,512,balanced,opposite_direction,110,-0.022500000000000006,0.035575942512865645,0.2337027200531257
32,512,balanced,exact,111,0.0,0.04845179783910825,0.2589521715894146
32,512,balanced,same_direction,111,0.0025000000000000022,0.05324101495461744,0.2724721308717406
32,512,balanced,opposite_direction,111,-0.022500000000000006,0.03882864163662439,0.2363667409413551
32,512,balanced,exact,112,0.0,0.05826439605276887,0.256025004337961
32,512,balanced,same_direction,112,0.0025000000000000022,0.05828332697050215,0.27013395637948423
32,512,balanced,opposite_direction,112,-0.022500000000000006,0.04887369250864617,0.23336370569916323
32,512,balanced,exact,113,0.0,0.04518292750192722,0.24787055653473983
32,512,balanced,same_direction,113,0.0025000000000000022,0.046545571687817436,0.26172743015502653
32,512,balanced,opposite_direction,113,-0.022500000000000006,0.03632105681313988,0.22267672019951984
32,512,balanced,exact,114,0.0,0.05167666912264745,0.25513594006927487
32,512,balanced,same_direction,114,0.0025000000000000022,0.05476818192815493,0.2597388899606803
32,512,balanced,opposite_direction,114,-0.022500000000000006,0.04631990087498494,0.23388210264416484
32,512,balanced,exact,115,0.0,0.04752671472451592,0.25111816591562586
32,512,balanced,same_direction,115,0.0025000000000000022,0.050020511644555954,0.2625752518973569
32,512,balanced,opposite_direction,115,-0.022500000000000006,0.04039735122066451,0.23234507658001063
32,512,balanced,exact,116,0.0,0.07522791138926407,0.24948326548207997
32,512,balanced,same_direction,116,0.0025000000000000022,0.0855528743012962,0.26213457266490575
32,512,balanced,opposite_direction,116,-0.022500000000000006,0.06464122518424215,0.22699906883201715
32,512,balanced,exact,117,0.0,0.05127763695166379,0.23766819594832228
32,512,balanced,same_direction,117,0.0025000000000000022,0.05577851781231959,0.2519917771487342
32,512,balanced,opposite_direction,117,-0.022500000000000006,0.03995370343118965,0.21841134387490402
32,512,balanced,exact,118,0.0,0.08735865402665535,0.25109389444849084
32,512,balanced,same_direction,118,0.0025000000000000022,0.0865141179578437,0.2670339626913887
32,512,balanced,opposite_direction,118,-0.022500000000000006,0.07296450342514832,0.2302389132187292
32,512,balanced,exact,119,0.0,0.057699025837988166,0.24638501099656968
32,512,balanced,same_direction,119,0.0025000000000000022,0.05938862018186848,0.2639337186564724
32,512,balanced,opposite_direction,119,-0.022500000000000006,0.05182260049820994,0.22162627624902537
32,512,balanced,exact,120,0.0,0.044469495814091015,0.23687257559830374
32,512,balanced,same_direction,120,0.0025000000000000022,0.05228443358265312,0.2596644194654858
32,512,balanced,opposite_direction,120,-0.022500000000000006,0.040190734998916844,0.21515378813713432
32,512,balanced,exact,121,0.0,0.044988291048382256,0.2525285276204633
32,512,balanced,same_direction,121,0.0025000000000000022,0.049909364298268935,0.2680043009210802
32,512,balanced,opposite_direction,121,-0.022500000000000006,0.03414613815841555,0.23093794869071738
32,512,balanced,exact,122,0.0,0.04593707909168046,0.2528517311407074
32,512,balanced,same_direction,122,0.0025000000000000022,0.05121282348223212,0.266306586430627
32,512,balanced,opposite_direction,122,-0.022500000000000006,0.038012357499183774,0.2339755002285886
32,512,balanced,exact,123,0.0,0.04978628038598562,0.24118611368862544
32,512,balanced,same_direction,123,0.0025000000000000022,0.05284593844779722,0.2465683263274751
32,512,balanced,opposite_direction,123,-0.022500000000000006,0.034670593049455405,0.2187502881613234
32,512,balanced,exact,124,0.0,0.05780092080094516,0.24115134002793856
32,512,balanced,same_direction,124,0.0025000000000000022,0.0659523251963792,0.2634416516785908
32,512,balanced,opposite_direction,124,-0.022500000000000006,0.048287365137670166,0.2191503970289107
32,512,balanced,exact,125,0.0,0.051432164210606104,0.23957240678675076
32,512,balanced,same_direction,125,0.0025000000000000022,0.060413202384098814,0.2645492895240723
32,512,balanced,opposite_direction,125,-0.022500000000000006,0.04136371896157385,0.2153712513936922
32,512,balanced,exact,126,0.0,0.06567891024696562,0.24659253686107618
32,512,balanced,same_direction,126,0.0025000000000000022,0.06997443811808463,0.2562368610175487
32,512,balanced,opposite_direction,126,-0.022500000000000006,0.0568069044748253,0.22784365359757913
32,512,balanced,exact,127,0.0,0.043283900811287,0.2537301121057956
32,512,balanced,same_direction,127,0.0025000000000000022,0.04735528271452706,0.27013507655149116
32,512,balanced,opposite_direction,127,-0.022500000000000006,0.03474740658276791,0.2299323677130352
32,512,balanced,exact,128,0.0,0.0548822251246023,0.2671161414372424
32,512,balanced,same_direction,128,0.0025000000000000022,0.06418957443873179,0.28929139125120473
32,512,balanced,opposite_direction,128,-0.022500000000000006,0.04582570403010976,0.24387400255844463
32,512,balanced,exact,129,0.0,0.04824644565827006,0.24034502047166717
32,512,balanced,same_direction,129,0.0025000000000000022,0.051388490498730996,0.25725571713687595
32,512,balanced,opposite_direction,129,-0.022500000000000006,0.04107476255726514,0.2185390203746295
32,512,balanced,exact,130,0.0,0.054760454590407695,0.23579791250959484
32,512,balanced,same_direction,130,0.0025000000000000022,0.05901412656618936,0.250337219457703
32,512,balanced,opposite_direction,130,-0.022500000000000006,0.04591196759304705,0.21306192515047773
32,512,balanced,exact,131,0.0,0.05194303724600698,0.2324309141717606
32,512,balanced,same_direction,131,0.0025000000000000022,0.05655484497259508,0.25792373898642673
32,512,balanced,opposite_direction,131,-0.022500000000000006,0.046563631527611185,0.21311699214718188
32,512,balanced,exact,132,0.0,0.055891036408435436,0.24074802252108773
32,512,balanced,same_direction,132,0.0025000000000000022,0.059665973208285684,0.25744142364335043
32,512,balanced,opposite_direction,132,-0.022500000000000006,0.045355480392830494,0.21811411794479585
32,512,balanced,exact,133,0.0,0.05814004231016561,0.2469019302291702
32,512,balanced,same_direction,133,0.0025000000000000022,0.06075429723213133,0.2564951281106769
32,512,balanced,opposite_direction,133,-0.022500000000000006,0.04597838406180339,0.2275099363665526
32,512,balanced,exact,134,0.0,0.04813356025759362,0.24217824325823697
32,512,balanced,same_direction,134,0.0025000000000000022,0.051245916832428975,0.25426912429587356
32,512,balanced,opposite_direction,134,-0.022500000000000006,0.04034102372182842,0.22294965114329784
32,512,balanced,exact,135,0.0,0.05112476762708504,0.24363071623386878
32,512,balanced,same_direction,135,0.0025000000000000022,0.0516787747938934,0.26194362526143655
32,512,balanced,opposite_direction,135,-0.022500000000000006,0.04490109673774409,0.22231715348040237
32,512,balanced,exact,136,0.0,0.05004101001182766,0.25606589495842463
32,512,balanced,same_direction,136,0.0025000000000000022,0.05640640327153978,0.27008678472036135
32,512,balanced,opposite_direction,136,-0.022500000000000006,0.043015699483877214,0.23232348556367413
32,512,balanced,exact,137,0.0,0.05535026444939321,0.23945709237887708
32,512,balanced,same_direction,137,0.0025000000000000022,0.05761118351447998,0.2551505016306219
32,512,balanced,opposite_direction,137,-0.022500000000000006,0.05232944949769351,0.2220558648297965
32,512,balanced,exact,138,0.0,0.05746826138133196,0.2372371902488479
32,512,balanced,same_direction,138,0.0025000000000000022,0.06146942191445062,0.2545508007983304
32,512,balanced,opposite_direction,138,-0.022500000000000006,0.0485412638062408,0.21467414998176637
32,512,balanced,exact,139,0.0,0.05733170572076559,0.24762889183148856
32,512,balanced,same_direction,139,0.0025000000000000022,0.05911194778075558,0.25893912884433706
32,512,balanced,opposite_direction,139,-0.022500000000000006,0.04956351298182851,0.22766658170114432
32,512,balanced,exact,140,0.0,0.05183379008058602,0.2439898213921396
32,512,balanced,same_direction,140,0.0025000000000000022,0.050448582999515115,0.25643339418119726
32,512,balanced,opposite_direction,140,-0.022500000000000006,0.0455214436633542,0.22222321122271646
32,512,balanced,exact,141,0.0,0.06169011371756705,0.25328928323930167
32,512,balanced,same_direction,141,0.0025000000000000022,0.07018954157963013,0.2719643447460146
32,512,balanced,opposite_direction,141,-0.022500000000000006,0.048786626099516534,0.2304577726832415
32,512,balanced,exact,142,0.0,0.05499174151766928,0.2484362431755475
32,512,balanced,same_direction,142,0.0025000000000000022,0.06093033046548431,0.26721552531795595
32,512,balanced,opposite_direction,142,-0.022500000000000006,0.046744757351089156,0.22553747441296312
32,512,balanced,exact,143,0.0,0.05762348549831432,0.2372993883152768
32,512,balanced,same_direction,143,0.0025000000000000022,0.06182901655004948,0.2507180502223097
32,512,balanced,opposite_direction,143,-0.022500000000000006,0.050501286584481525,0.21232983897891927
32,512,balanced,exact,144,0.0,0.05446840401445455,0.24461625410423454
32,512,balanced,same_direction,144,0.0025000000000000022,0.06240052782055751,0.26556962664094064
32,512,balanced,opposite_direction,144,-0.022500000000000006,0.0434201348873903,0.22034830755987275
32,512,balanced,exact,145,0.0,0.0481774627133541,0.2598513792801284
32,512,balanced,same_direction,145,0.0025000000000000022,0.05083060828237208,0.27273097443470296
32,512,balanced,opposite_direction,145,-0.022500000000000006,0.03623013811329428,0.23782407117220913
32,512,balanced,exact,146,0.0,0.058972535939157786,0.24009731311604454
32,512,balanced,same_direction,146,0.0025000000000000022,0.06226718006517919,0.2585000790237691
32,512,balanced,opposite_direction,146,-0.022500000000000006,0.04527809221552652,0.216922535412893
32,512,balanced,exact,147,0.0,0.051495412328549414,0.24067588611790527
32,512,balanced,same_direction,147,0.0025000000000000022,0.05511324982360667,0.261822831794708
32,512,balanced,opposite_direction,147,-0.022500000000000006,0.04224497409518134,0.21728018982784458
32,512,balanced,exact,148,0.0,0.05891825893993705,0.2524093462329362
32,512,balanced,same_direction,148,0.0025000000000000022,0.057167054537104786,0.2678389612990008
32,512,balanced,opposite_direction,148,-0.022500000000000006,0.04703646233574413,0.23050680965552325
32,512,balanced,exact,149,0.0,0.04723085380751055,0.24541780559476917
32,512,balanced,same_direction,149,0.0025000000000000022,0.048213790171441756,0.2527664167002705
32,512,balanced,opposite_direction,149,-0.022500000000000006,0.03941868071635018,0.22495885975318516
32,512,balanced,exact,150,0.0,0.06089972624787368,0.25560478225989947
32,512,balanced,same_direction,150,0.0025000000000000022,0.06610355086054481,0.26582607248502077
32,512,balanced,opposite_direction,150,-0.022500000000000006,0.051666365766688906,0.23502262294841403
32,512,balanced,exact,151,0.0,0.048769862549417176,0.2526162403923699
32,512,balanced,same_direction,151,0.0025000000000000022,0.05553193781186072,0.26587201581242204
32,512,balanced,opposite_direction,151,-0.022500000000000006,0.03982295769218608,0.22925547475255606
32,512,balanced,exact,152,0.0,0.05729905561605977,0.24571223165200762
32,512,balanced,same_direction,152,0.0025000000000000022,0.05985776612203679,0.25671576606074503
32,512,balanced,opposite_direction,152,-0.022500000000000006,0.04691943633648715,0.22669043781281226
32,512,balanced,exact,153,0.0,0.050390305831589,0.22577114045230418
32,512,balanced,same_direction,153,0.0025000000000000022,0.052888919505395905,0.23948804719566544
32,512,balanced,opposite_direction,153,-0.022500000000000006,0.041339998990041316,0.2035701146418503
32,512,balanced,exact,154,0.0,0.044128183822609884,0.247553177252192
32,512,balanced,same_direction,154,0.0025000000000000022,0.04695128220960212,0.2588034914952491
32,512,balanced,opposite_direction,154,-0.022500000000000006,0.0394524295620379,0.22640008788920274
32,512,balanced,exact,155,0.0,0.049154640217457767,0.2512502722567329
32,512,balanced,same_direction,155,0.0025000000000000022,0.05179479059128884,0.2656363076331068
32,512,balanced,opposite_direction,155,-0.022500000000000006,0.042880114938882,0.22738905416679786
32,512,balanced,exact,156,0.0,0.05761799091883246,0.24681610831295273
32,512,balanced,same_direction,156,0.0025000000000000022,0.06002873773419808,0.2628805416605351
32,512,balanced,opposite_direction,156,-0.022500000000000006,0.04508052144198643,0.22488004994079697
32,512,balanced,exact,157,0.0,0.048181187787246754,0.2411063788926958
32,512,balanced,same_direction,157,0.0025000000000000022,0.05243428629231929,0.24958408611415853
32,512,balanced,opposite_direction,157,-0.022500000000000006,0.04118610823941759,0.2148549193351816
32,512,balanced,exact,158,0.0,0.05227260399995198,0.2535528497706571
32,512,balanced,same_direction,158,0.0025000000000000022,0.053607636777856585,0.2621697285528935
32,512,balanced,opposite_direction,158,-0.022500000000000006,0.039057906743284736,0.23351951463363438
32,512,balanced,exact,159,0.0,0.04654461716953734,0.24384638369989012
32,512,balanced,same_direction,159,0.0025000000000000022,0.051068418590358024,0.2562782503075642
32,512,balanced,opposite_direction,159,-0.022500000000000006,0.03491060888065075,0.22171015239091837
32,512,balanced,exact,160,0.0,0.05227142886347067,0.2409981699198069
32,512,balanced,same_direction,160,0.0025000000000000022,0.0587030239911238,0.2562804402200427
32,512,balanced,opposite_direction,160,-0.022500000000000006,0.04345693928499686,0.21727363084058007
32,512,balanced,exact,161,0.0,0.06049724197567801,0.2541867476916654
32,512,balanced,same_direction,161,0.0025000000000000022,0.06826093342663447,0.26552579610148147
32,512,balanced,opposite_direction,161,-0.022500000000000006,0.05054940840338208,0.23046692787285605
32,512,balanced,exact,162,0.0,0.05695254728127712,0.23054441997516625
32,512,balanced,same_direction,162,0.0025000000000000022,0.06370431756907186,0.25002003005247203
32,512,balanced,opposite_direction,162,-0.022500000000000006,0.045162456752741734,0.20528912849712871
32,512,balanced,exact,163,0.0,0.058545344439041365,0.257601289556294
32,512,balanced,same_direction,163,0.0025000000000000022,0.060916588024532446,0.26303446250775664
32,512,balanced,opposite_direction,163,-0.022500000000000006,0.045282589299205186,0.23616678656912696
32,512,balanced,exact,164,0.0,0.07033136239849823,0.24763972095289447
32,512,balanced,same_direction,164,0.0025000000000000022,0.07139206498468273,0.2610638551716621
32,512,balanced,opposite_direction,164,-0.022500000000000006,0.059343922590951295,0.22487799755076798
32,512,balanced,exact,165,0.0,0.07187507948584775,0.2475988251571125
32,512,balanced,same_direction,165,0.0025000000000000022,0.07261367433292576,0.2618206456145333
32,512,balanced,opposite_direction,165,-0.022500000000000006,0.06570708158198602,0.22837774845677764
32,512,balanced,exact,166,0.0,0.043428359165739845,0.24508523021238712
32,512,balanced,same_direction,166,0.0025000000000000022,0.0508315243753464,0.2530724039646396
32,512,balanced,opposite_direction,166,-0.022500000000000006,0.03152673616342605,0.22060842448970627
32,512,balanced,exact,167,0.0,0.04999371205892545,0.24746039115986004
32,512,balanced,same_direction,167,0.0025000000000000022,0.05183955910588739,0.2588168118093052
32,512,balanced,opposite_direction,167,-0.022500000000000006,0.04277903887327435,0.229705166554817
32,512,balanced,exact,168,0.0,0.05159089681470869,0.24309699895402576
32,512,balanced,same_direction,168,0.0025000000000000022,0.05975772787052251,0.2571614879665341
32,512,balanced,opposite_direction,168,-0.022500000000000006,0.04240795782661674,0.22244716367630776
32,512,balanced,exact,169,0.0,0.06310259953039542,0.25676118164034517
32,512,balanced,same_direction,169,0.0025000000000000022,0.07008981112075069,0.2814017520020734
32,512,balanced,opposite_direction,169,-0.022500000000000006,0.054277807148460935,0.23412595820304516
32,512,balanced,exact,170,0.0,0.049937878057361273,0.263796245728282
32,512,balanced,same_direction,170,0.0025000000000000022,0.05274281549192117,0.27346514610234224
32,512,balanced,opposite_direction,170,-0.022500000000000006,0.03735399833278921,0.23677592862206057
32,512,balanced,exact,171,0.0,0.0531353635872263,0.242112798264771
32,512,balanced,same_direction,171,0.0025000000000000022,0.05283734661614334,0.2548222499735551
32,512,balanced,opposite_direction,171,-0.022500000000000006,0.04190982844928907,0.22066145775960874
32,512,balanced,exact,172,0.0,0.04584089653598676,0.2401221053178446
32,512,balanced,same_direction,172,0.0025000000000000022,0.04730859269840192,0.24988610196204614
32,512,balanced,opposite_direction,172,-0.022500000000000006,0.037483239138203395,0.22000597693259488
32,512,balanced,exact,173,0.0,0.05999864553501925,0.2532670648228267
32,512,balanced,same_direction,173,0.0025000000000000022,0.06951824590412208,0.2659390798085472
32,512,balanced,opposite_direction,173,-0.022500000000000006,0.051611313056874705,0.2297656827670747
32,512,balanced,exact,174,0.0,0.05267254763286769,0.24036652095341213
32,512,balanced,same_direction,174,0.0025000000000000022,0.05945097744287583,0.2531798569671523
32,512,balanced,opposite_direction,174,-0.022500000000000006,0.044269005767553236,0.22008405997888672
32,512,balanced,exact,175,0.0,0.05041792581425339,0.24617092997134069
32,512,balanced,same_direction,175,0.0025000000000000022,0.05539329496697879,0.26261723780890595
32,512,balanced,opposite_direction,175,-0.022500000000000006,0.03670543040807534,0.22252343481383136
32,512,balanced,exact,176,0.0,0.054321019818090746,0.2485419553008965
32,512,balanced,same_direction,176,0.0025000000000000022,0.06304670536976156,0.2653421250303271
32,512,balanced,opposite_direction,176,-0.022500000000000006,0.045322313189288504,0.2221485828916573
32,512,balanced,exact,177,0.0,0.0436263047989611,0.2498173872625962
32,512,balanced,same_direction,177,0.0025000000000000022,0.0433069461575147,0.2577552781471979
32,512,balanced,opposite_direction,177,-0.022500000000000006,0.03638833820044517,0.22903418147307428
32,512,balanced,exact,178,0.0,0.045348153715295186,0.24983835008910676
32,512,balanced,same_direction,178,0.0025000000000000022,0.04925617830231722,0.2634227601201141
32,512,balanced,opposite_direction,178,-0.022500000000000006,0.03139928609003158,0.22770740808151801
32,512,balanced,exact,179,0.0,0.05902007996786143,0.23626346016929767
32,512,balanced,same_direction,179,0.0025000000000000022,0.06222535245869475,0.2462575602743045
32,512,balanced,opposite_direction,179,-0.022500000000000006,0.04858761679285364,0.21360190930099732
32,512,balanced,exact,180,0.0,0.0565295663044804,0.24703923824860913
32,512,balanced,same_direction,180,0.0025000000000000022,0.06513634929984793,0.2618711961455143
32,512,balanced,opposite_direction,180,-0.022500000000000006,0.04576459325498143,0.2242195136317666
32,512,balanced,exact,181,0.0,0.044167232069713847,0.24091681960357525
32,512,balanced,same_direction,181,0.0025000000000000022,0.04966783359358706,0.2539398555124401
32,512,balanced,opposite_direction,181,-0.022500000000000006,0.04147416156194453,0.22303382555143997
32,512,balanced,exact,182,0.0,0.059660582077441696,0.2370355423623684
32,512,balanced,same_direction,182,0.0025000000000000022,0.06573359643617147,0.2514592613734156
32,512,balanced,opposite_direction,182,-0.022500000000000006,0.05219006596695354,0.2154871245785379
32,512,balanced,exact,183,0.0,0.05589405331296422,0.24056719547732014
32,512,balanced,same_direction,183,0.0025000000000000022,0.062484925239064355,0.25669403436822413
32,512,balanced,opposite_direction,183,-0.022500000000000006,0.04892931419135599,0.21782738355959416
32,512,balanced,exact,184,0.0,0.07421914943594776,0.2452099095684968
32,512,balanced,same_direction,184,0.0025000000000000022,0.07384175354055462,0.2540054590909715
32,512,balanced,opposite_direction,184,-0.022500000000000006,0.06334449028145633,0.22840374568102276
32,512,balanced,exact,185,0.0,0.05459581774565372,0.2432586453402872
32,512,balanced,same_direction,185,0.0025000000000000022,0.05426222664149001,0.26233746427121174
32,512,balanced,opposite_direction,185,-0.022500000000000006,0.041674015851968185,0.21728842234473308
32,512,balanced,exact,186,0.0,0.052283109272226326,0.2445020019532371
32,512,balanced,same_direction,186,0.0025000000000000022,0.05703264456235919,0.25930325715769
32,512,balanced,opposite_direction,186,-0.022500000000000006,0.04208684220167951,0.22191488920849078
32,512,balanced,exact,187,0.0,0.058587526737193786,0.24079447316689884
32,512,balanced,same_direction,187,0.0025000000000000022,0.06607864408376352,0.2552700916978101
32,512,balanced,opposite_direction,187,-0.022500000000000006,0.046611119160365866,0.2134043497604732
32,512,balanced,exact,188,0.0,0.045332988895696376,0.23345891646092168
32,512,balanced,same_direction,188,0.0025000000000000022,0.0499231483649991,0.2571053287058198
32,512,balanced,opposite_direction,188,-0.022500000000000006,0.0361470511795977,0.21080834098122012
32,512,balanced,exact,189,0.0,0.056164351978531105,0.2546647596082067
32,512,balanced,same_direction,189,0.0025000000000000022,0.06429455300372294,0.2694929756327516
32,512,balanced,opposite_direction,189,-0.022500000000000006,0.05187995973862264,0.2329326654684691
32,512,balanced,exact,190,0.0,0.06053601887787235,0.24974720748864565
32,512,balanced,same_direction,190,0.0025000000000000022,0.067090576093929,0.26919407477996876
32,512,balanced,opposite_direction,190,-0.022500000000000006,0.04829962964159533,0.22665366627795044
32,512,balanced,exact,191,0.0,0.05737509137689777,0.24179588263288976
32,512,balanced,same_direction,191,0.0025000000000000022,0.06511831024155966,0.2590204731337731
32,512,balanced,opposite_direction,191,-0.022500000000000006,0.04414679581425778,0.2206366270383674
32,512,balanced,exact,192,0.0,0.05207552494079383,0.23249541186902328
32,512,balanced,same_direction,192,0.0025000000000000022,0.05814060414782074,0.24609287976430383
32,512,balanced,opposite_direction,192,-0.022500000000000006,0.039695436707335816,0.20630313776030354
32,512,balanced,exact,193,0.0,0.05521870385858736,0.2458424512818195
32,512,balanced,same_direction,193,0.0025000000000000022,0.055145373326030624,0.26073187318349617
32,512,balanced,opposite_direction,193,-0.022500000000000006,0.04504950110225027,0.22471485537361488
32,512,balanced,exact,194,0.0,0.056104880154132786,0.2462535262370854
32,512,balanced,same_direction,194,0.0025000000000000022,0.06206183052736609,0.26794767636715644
32,512,balanced,opposite_direction,194,-0.022500000000000006,0.042629023206296565,0.21680292874205506
32,512,balanced,exact,195,0.0,0.0444872901993776,0.2597482479860448
32,512,balanced,same_direction,195,0.0025000000000000022,0.04899899526780142,0.27291326947729394
32,512,balanced,opposite_direction,195,-0.022500000000000006,0.03674298178628328,0.23486090750704772
32,512,balanced,exact,196,0.0,0.05654622999723195,0.2517483220952502
32,512,balanced,same_direction,196,0.0025000000000000022,0.06536953496320728,0.2700587066753405
32,512,balanced,opposite_direction,196,-0.022500000000000006,0.05045953690401775,0.2364845764152255
32,512,balanced,exact,197,0.0,0.04702432091564108,0.2586278830784844
32,512,balanced,same_direction,197,0.0025000000000000022,0.051907965516009014,0.27671412090588354
32,512,balanced,opposite_direction,197,-0.022500000000000006,0.039165845105011206,0.23758893202232242
32,512,balanced,exact,198,0.0,0.04700598035171938,0.24879136915315803
32,512,balanced,same_direction,198,0.0025000000000000022,0.05348417582856624,0.2719236707088096
32,512,balanced,opposite_direction,198,-0.022500000000000006,0.03531461008041361,0.2262603662295962
32,512,balanced,exact,199,0.0,0.05706700252095185,0.23733474230568094
32,512,balanced,same_direction,199,0.0025000000000000022,0.06134554459210756,0.24922851443510613
32,512,balanced,opposite_direction,199,-0.022500000000000006,0.04963244800960137,0.21668895042826425
32,512,one_heavy,exact,0,0.0,0.06855710410949885,0.10890900489829286
32,512,one_heavy,same_direction,0,0.0025000000000000044,0.07781574887800063,0.1350065159188525
32,512,one_heavy,opposite_direction,0,-0.022500000000000006,0.05934312275552664,0.09208081070231058
32,512,one_heavy,exact,1,0.0,0.068783587676555,0.11204635159267871
32,512,one_heavy,same_direction,1,0.0025000000000000044,0.06982678639678278,0.1292642307734124
32,512,one_heavy,opposite_direction,1,-0.022500000000000006,0.05897225626071978,0.09376820870506046
32,512,one_heavy,exact,2,0.0,0.0634170253648092,0.10874502759540212
32,512,one_heavy,same_direction,2,0.0025000000000000044,0.06950678788033492,0.13479115275330097
32,512,one_heavy,opposite_direction,2,-0.022500000000000006,0.05414346375165061,0.09436315294208342
32,512,one_heavy,exact,3,0.0,0.07292522686656128,0.1088581151282818
32,512,one_heavy,same_direction,3,0.0025000000000000044,0.07913270836785122,0.13038469740847805
32,512,one_heavy,opposite_direction,3,-0.022500000000000006,0.06372600226496511,0.09228120297014737
32,512,one_heavy,exact,4,0.0,0.06551379222551768,0.10838653595043062
32,512,one_heavy,same_direction,4,0.0025000000000000044,0.07352614355310817,0.13457214371052625
32,512,one_heavy,opposite_direction,4,-0.022500000000000006,0.05664992899677831,0.09227085211237239
32,512,one_heavy,exact,5,0.0,0.06121430144891728,0.11012643320633092
32,512,one_heavy,same_direction,5,0.0025000000000000044,0.0672074609519737,0.1367671577292824
32,512,one_heavy,opposite_direction,5,-0.022500000000000006,0.052104432971041836,0.09182729675884314
32,512,one_heavy,exact,6,0.0,0.0666026167448895,0.11080408903505999
32,512,one_heavy,same_direction,6,0.0025000000000000044,0.0721004743229314,0.13007085798069734
32,512,one_heavy,opposite_direction,6,-0.022500000000000006,0.056690103356999075,0.0931812997920035
32,512,one_heavy,exact,7,0.0,0.06308446909614165,0.11077336162915831
32,512,one_heavy,same_direction,7,0.0025000000000000044,0.06994046999336434,0.13774852927020315
32,512,one_heavy,opposite_direction,7,-0.022500000000000006,0.05209908901840426,0.09213997352769045
32,512,one_heavy,exact,8,0.0,0.07078847600967553,0.11030557718744634
32,512,one_heavy,same_direction,8,0.0025000000000000044,0.07693234022318429,0.1292386535846592
32,512,one_heavy,opposite_direction,8,-0.022500000000000006,0.061955769607677916,0.09336289523542977
32,512,one_heavy,exact,9,0.0,0.06932255321309151,0.1091608831520133
32,512,one_heavy,same_direction,9,0.0025000000000000044,0.07436678137878963,0.1357403453318164
32,512,one_heavy,opposite_direction,9,-0.022500000000000006,0.05199852849271622,0.09051698945652381
32,512,one_heavy,exact,10,0.0,0.06918700604051331,0.10875282818479128
32,512,one_heavy,same_direction,10,0.0025000000000000044,0.07848436302579034,0.13269873268400334
32,512,one_heavy,opposite_direction,10,-0.022500000000000006,0.05707971161176627,0.09223836327386964
32,512,one_heavy,exact,11,0.0,0.066325410155234,0.10763788053912625
32,512,one_heavy,same_direction,11,0.0025000000000000044,0.07283136665450735,0.1332679090118611
32,512,one_heavy,opposite_direction,11,-0.022500000000000006,0.055459682313953616,0.09177005917509824
32,512,one_heavy,exact,12,0.0,0.06894867790987766,0.10946054649013395
32,512,one_heavy,same_direction,12,0.0025000000000000044,0.07509472007091436,0.13260199978906934
32,512,one_heavy,opposite_direction,12,-0.022500000000000006,0.05917314522648851,0.09314489073759806
32,512,one_heavy,exact,13,0.0,0.0731814300799843,0.10846943537476929
32,512,one_heavy,same_direction,13,0.0025000000000000044,0.085662881340166,0.13516222235305572
32,512,one_heavy,opposite_direction,13,-0.022500000000000006,0.057243272305042184,0.08804949059258671
32,512,one_heavy,exact,14,0.0,0.07661179820422319,0.10774027225434496
32,512,one_heavy,same_direction,14,0.0025000000000000044,0.08730324036989781,0.13346018388786987
32,512,one_heavy,opposite_direction,14,-0.022500000000000006,0.06839535579558846,0.09258906931152945
32,512,one_heavy,exact,15,0.0,0.06133004036231299,0.1071722429658948
32,512,one_heavy,same_direction,15,0.0025000000000000044,0.06724967095599566,0.1330841525137216
32,512,one_heavy,opposite_direction,15,-0.022500000000000006,0.04996737358524137,0.09116630352742544
32,512,one_heavy,exact,16,0.0,0.06077168011101046,0.10708069970076126
32,512,one_heavy,same_direction,16,0.0025000000000000044,0.06982408654221298,0.13287821439561878
32,512,one_heavy,opposite_direction,16,-0.022500000000000006,0.05200784752466856,0.09102124515597759
32,512,one_heavy,exact,17,0.0,0.07357445676833146,0.10914366670694407
32,512,one_heavy,same_direction,17,0.0025000000000000044,0.08604900472555563,0.13553708209626839
32,512,one_heavy,opposite_direction,17,-0.022500000000000006,0.06144734300789495,0.0911998172754252
32,512,one_heavy,exact,18,0.0,0.06393336113749172,0.1103787567478138
32,512,one_heavy,same_direction,18,0.0025000000000000044,0.07080588581855868,0.13711060726036042
32,512,one_heavy,opposite_direction,18,-0.022500000000000006,0.055208673238153115,0.09410972866754916
32,512,one_heavy,exact,19,0.0,0.06902214343596871,0.10836398545722929
32,512,one_heavy,same_direction,19,0.0025000000000000044,0.07605894793617651,0.13302083902780218
32,512,one_heavy,opposite_direction,19,-0.022500000000000006,0.059549235273118874,0.09261004124987579
32,512,one_heavy,exact,20,0.0,0.0661258946784963,0.10822410945589396
32,512,one_heavy,same_direction,20,0.0025000000000000044,0.07273862901650716,0.13332311083225795
32,512,one_heavy,opposite_direction,20,-0.022500000000000006,0.060480088734269445,0.0920176611528604
32,512,one_heavy,exact,21,0.0,0.07093896077849987,0.11125786350988572
32,512,one_heavy,same_direction,21,0.0025000000000000044,0.07840710657093118,0.1294044090359576
32,512,one_heavy,opposite_direction,21,-0.022500000000000006,0.060522527473762126,0.09248647522165401
32,512,one_heavy,exact,22,0.0,0.07292836032049589,0.10897749927052673
32,512,one_heavy,same_direction,22,0.0025000000000000044,0.08254991209304657,0.1348735713289233
32,512,one_heavy,opposite_direction,22,-0.022500000000000006,0.06388948706076727,0.09180790539266302
32,512,one_heavy,exact,23,0.0,0.07080853577690976,0.10962364451959575
32,512,one_heavy,same_direction,23,0.0025000000000000044,0.07984732176367891,0.13577473935515066
32,512,one_heavy,opposite_direction,23,-0.022500000000000006,0.060977349199466624,0.09300736219094749
32,512,one_heavy,exact,24,0.0,0.06210269687449258,0.10902897252122433
32,512,one_heavy,same_direction,24,0.0025000000000000044,0.06859394866365347,0.13215768732601105
32,512,one_heavy,opposite_direction,24,-0.022500000000000006,0.05346048043999426,0.09227265800598315
32,512,one_heavy,exact,25,0.0,0.07531191966030375,0.11047392758328521
32,512,one_heavy,same_direction,25,0.0025000000000000044,0.08576026526163763,0.13706345904129758
32,512,one_heavy,opposite_direction,25,-0.022500000000000006,0.06287870636601038,0.09277313917790943
32,512,one_heavy,exact,26,0.0,0.05450987677180901,0.11016866893757823
32,512,one_heavy,same_direction,26,0.0025000000000000044,0.05182335450862949,0.12895307603179626
32,512,one_heavy,opposite_direction,26,-0.022500000000000006,0.0441821873343308,0.09120976783539392
32,512,one_heavy,exact,27,0.0,0.0636806515427022,0.10943535518755151
32,512,one_heavy,same_direction,27,0.0025000000000000044,0.07001493986286247,0.13579232136268
32,512,one_heavy,opposite_direction,27,-0.022500000000000006,0.05635324560070283,0.09270640038849187
32,512,one_heavy,exact,28,0.0,0.06422425458410529,0.10918988973705512
32,512,one_heavy,same_direction,28,0.0025000000000000044,0.06748306342681916,0.13208182497185006
32,512,one_heavy,opposite_direction,28,-0.022500000000000006,0.0560291192424059,0.09300193860228903
32,512,one_heavy,exact,29,0.0,0.07906006648764355,0.10866114462843825
32,512,one_heavy,same_direction,29,0.0025000000000000044,0.08749683875240506,0.13081548467687185
32,512,one_heavy,opposite_direction,29,-0.022500000000000006,0.0723997146927613,0.09301128685698391
32,512,one_heavy,exact,30,0.0,0.07685070950779645,0.11096507411783507
32,512,one_heavy,same_direction,30,0.0025000000000000044,0.08826119337818203,0.13808928481247762
32,512,one_heavy,opposite_direction,30,-0.022500000000000006,0.0672330058975093,0.09259162924337432
32,512,one_heavy,exact,31,0.0,0.070443583332456,0.10913190184618084
32,512,one_heavy,same_direction,31,0.0025000000000000044,0.07817700528211736,0.13113165452749315
32,512,one_heavy,opposite_direction,31,-0.022500000000000006,0.06111370629524021,0.09139889197525815
32,512,one_heavy,exact,32,0.0,0.060542996733016385,0.11008479091513798
32,512,one_heavy,same_direction,32,0.0025000000000000044,0.06604862102273074,0.13652431142537375
32,512,one_heavy,opposite_direction,32,-0.022500000000000006,0.04762902914335082,0.09314348831878726
32,512,one_heavy,exact,33,0.0,0.06838104222528152,0.10797645969412435
32,512,one_heavy,same_direction,33,0.0025000000000000044,0.0689604369149256,0.12970102358172708
32,512,one_heavy,opposite_direction,33,-0.022500000000000006,0.06104081909263591,0.09186635505052555
32,512,one_heavy,exact,34,0.0,0.06964093685096467,0.11111388850741598
32,512,one_heavy,same_direction,34,0.0025000000000000044,0.08034138671037883,0.13853546400834535
32,512,one_heavy,opposite_direction,34,-0.022500000000000006,0.06098550056293162,0.09282747238057965
32,512,one_heavy,exact,35,0.0,0.07499446735078277,0.10904625328626667
32,512,one_heavy,same_direction,35,0.0025000000000000044,0.0833766683816726,0.1331320522951144
32,512,one_heavy,opposite_direction,35,-0.022500000000000006,0.0689516383387471,0.09345890991495118
32,512,one_heavy,exact,36,0.0,0.059921451256848,0.1088807629008269
32,512,one_heavy,same_direction,36,0.0025000000000000044,0.06811635159285717,0.13261171184192536
32,512,one_heavy,opposite_direction,36,-0.022500000000000006,0.04903902257003416,0.09261125869037491
32,512,one_heavy,exact,37,0.0,0.07918915679354029,0.10815174194592742
32,512,one_heavy,same_direction,37,0.0025000000000000044,0.0878575181598012,0.1339030250761759
32,512,one_heavy,opposite_direction,37,-0.022500000000000006,0.07175515040606216,0.09348155869721371
32,512,one_heavy,exact,38,0.0,0.05962337121169613,0.10845644457545549
32,512,one_heavy,same_direction,38,0.0025000000000000044,0.06642805719578818,0.13431712446551602
32,512,one_heavy,opposite_direction,38,-0.022500000000000006,0.052983334385667755,0.09328908828801159
32,512,one_heavy,exact,39,0.0,0.07128000086339242,0.11404325057202654
32,512,one_heavy,same_direction,39,0.0025000000000000044,0.08253648506508339,0.14252561847512418
32,512,one_heavy,opposite_direction,39,-0.022500000000000006,0.05418898111782558,0.09238178335723879
32,512,one_heavy,exact,40,0.0,0.06978066289944948,0.10838938168304156
32,512,one_heavy,same_direction,40,0.0025000000000000044,0.07458470425379521,0.13158650883577303
32,512,one_heavy,opposite_direction,40,-0.022500000000000006,0.060882191770137054,0.0927013190664492
32,512,one_heavy,exact,41,0.0,0.07140455622910934,0.11208085419159158
32,512,one_heavy,same_direction,41,0.0025000000000000044,0.07956916363833955,0.13953484990148554
32,512,one_heavy,opposite_direction,41,-0.022500000000000006,0.060405296125378136,0.09294169901311027
32,512,one_heavy,exact,42,0.0,0.0643721800363776,0.1093666703939117
32,512,one_heavy,same_direction,42,0.0025000000000000044,0.07156357646919377,0.13262507859645584
32,512,one_heavy,opposite_direction,42,-0.022500000000000006,0.05883122264642217,0.09296466329731218
32,512,one_heavy,exact,43,0.0,0.060903340427737075,0.11103674797981307
32,512,one_heavy,same_direction,43,0.0025000000000000044,0.06283346330675374,0.1320157016482247
32,512,one_heavy,opposite_direction,43,-0.022500000000000006,0.05010212528057159,0.0935610972062155
32,512,one_heavy,exact,44,0.0,0.06635714603950243,0.10876876929941769
32,512,one_heavy,same_direction,44,0.0025000000000000044,0.07706217712537924,0.13476635428367004
32,512,one_heavy,opposite_direction,44,-0.022500000000000006,0.05695402183066957,0.09311977311686548
32,512,one_heavy,exact,45,0.0,0.07896270829097826,0.10786941872341325
32,512,one_heavy,same_direction,45,0.0025000000000000044,0.08809859268990607,0.13226950233022455
32,512,one_heavy,opposite_direction,45,-0.022500000000000006,0.07087470421939378,0.09248229285597226
32,512,one_heavy,exact,46,0.0,0.07042692131656103,0.10892543429074064
32,512,one_heavy,same_direction,46,0.0025000000000000044,0.07672802220619052,0.13490075820134054
32,512,one_heavy,opposite_direction,46,-0.022500000000000006,0.06397476168503684,0.09340235411873941
32,512,one_heavy,exact,47,0.0,0.06240190009635327,0.10660703437947576
32,512,one_heavy,same_direction,47,0.0025000000000000044,0.06998951405748172,0.13076892925298447
32,512,one_heavy,opposite_direction,47,-0.022500000000000006,0.054899861456743214,0.0907408398559731
32,512,one_heavy,exact,48,0.0,0.07357487420519095,0.1107794015518352
32,512,one_heavy,same_direction,48,0.0025000000000000044,0.07970001492680802,0.13822417837311005
32,512,one_heavy,opposite_direction,48,-0.022500000000000006,0.06047068521916753,0.08976156916775775
32,512,one_heavy,exact,49,0.0,0.05575422926075578,0.10806668836509574
32,512,one_heavy,same_direction,49,0.0025000000000000044,0.05861572745106182,0.13426512859369408
32,512,one_heavy,opposite_direction,49,-0.022500000000000006,0.0480390084785913,0.09192596119516747
32,512,one_heavy,exact,50,0.0,0.06988422725020701,0.11105985208884189
32,512,one_heavy,same_direction,50,0.0025000000000000044,0.07717464219928397,0.13788740978648847
32,512,one_heavy,opposite_direction,50,-0.022500000000000006,0.05802233222806778,0.09292553200236543
32,512,one_heavy,exact,51,0.0,0.0703897957673842,0.10721350467904885
32,512,one_heavy,same_direction,51,0.0025000000000000044,0.07629811799129624,0.1298584587119471
32,512,one_heavy,opposite_direction,51,-0.022500000000000006,0.05722087533785358,0.09042424527602677
32,512,one_heavy,exact,52,0.0,0.06813134211416597,0.1100080439967246
32,512,one_heavy,same_direction,52,0.0025000000000000044,0.07367031457660728,0.13057863414372012
32,512,one_heavy,opposite_direction,52,-0.022500000000000006,0.05010455529888735,0.09173696919203471
32,512,one_heavy,exact,53,0.0,0.07301946858980742,0.11034088645154884
32,512,one_heavy,same_direction,53,0.0025000000000000044,0.08532401977924094,0.1371633993898788
32,512,one_heavy,opposite_direction,53,-0.022500000000000006,0.06428858491103218,0.09190252620311098
32,512,one_heavy,exact,54,0.0,0.07117974636190691,0.10710130712580973
32,512,one_heavy,same_direction,54,0.0025000000000000044,0.07998219832208454,0.13274758136917741
32,512,one_heavy,opposite_direction,54,-0.022500000000000006,0.061260292272713956,0.09025436235127281
32,512,one_heavy,exact,55,0.0,0.06708431642418569,0.10752870619019246
32,512,one_heavy,same_direction,55,0.0025000000000000044,0.07565072375758927,0.12893399696286903
32,512,one_heavy,opposite_direction,55,-0.022500000000000006,0.060759676038738386,0.09173464942936105
32,512,one_heavy,exact,56,0.0,0.06156405628428412,0.10731966552576687
32,512,one_heavy,same_direction,56,0.0025000000000000044,0.06482079966884255,0.13344578219010245
32,512,one_heavy,opposite_direction,56,-0.022500000000000006,0.050719160725331384,0.08913331837975855
32,512,one_heavy,exact,57,0.0,0.07231920404977117,0.11068601787180009
32,512,one_heavy,same_direction,57,0.0025000000000000044,0.08022821363734575,0.13767839327181214
32,512,one_heavy,opposite_direction,57,-0.022500000000000006,0.06578277064896706,0.0928381279490424
32,512,one_heavy,exact,58,0.0,0.05800976255957726,0.10896981379347394
32,512,one_heavy,same_direction,58,0.0025000000000000044,0.06221888383728453,0.1353980326107511
32,512,one_heavy,opposite_direction,58,-0.022500000000000006,0.04758702448739028,0.093615985674695
32,512,one_heavy,exact,59,0.0,0.050782055626225425,0.106896063721381
32,512,one_heavy,same_direction,59,0.0025000000000000044,0.057304388301883724,0.13297814413792372
32,512,one_heavy,opposite_direction,59,-0.022500000000000006,0.04079465874033634,0.09016790051188735
32,512,one_heavy,exact,60,0.0,0.0632095469136997,0.11193045839614738
32,512,one_heavy,same_direction,60,0.0025000000000000044,0.06885488595519333,0.13093467480690194
32,512,one_heavy,opposite_direction,60,-0.022500000000000006,0.04953804396086729,0.09272906716366844
32,512,one_heavy,exact,61,0.0,0.060786528278748406,0.10924202466967531
32,512,one_heavy,same_direction,61,0.0025000000000000044,0.06491809900002157,0.1357656888393743
32,512,one_heavy,opposite_direction,61,-0.022500000000000006,0.05129308247698166,0.0911100426312509
32,512,one_heavy,exact,62,0.0,0.04891091626162966,0.11240398568391893
32,512,one_heavy,same_direction,62,0.0025000000000000044,0.05303652713867881,0.1320166573421003
32,512,one_heavy,opposite_direction,62,-0.022500000000000006,0.04048154551274777,0.09324276883333239
32,512,one_heavy,exact,63,0.0,0.07094899505601795,0.11230577636839509
32,512,one_heavy,same_direction,63,0.0025000000000000044,0.07785568462651525,0.13973265445764735
32,512,one_heavy,opposite_direction,63,-0.022500000000000006,0.06014422605259617,0.09234109803984714
32,512,one_heavy,exact,64,0.0,0.05363246493572113,0.1087300630015051
32,512,one_heavy,same_direction,64,0.0025000000000000044,0.054523923800452394,0.13209651226905805
32,512,one_heavy,opposite_direction,64,-0.022500000000000006,0.04176436367829719,0.09256530901980692
32,512,one_heavy,exact,65,0.0,0.055549709311940046,0.10908339023666343
32,512,one_heavy,same_direction,65,0.0025000000000000044,0.061706922592136414,0.1355535472836184
32,512,one_heavy,opposite_direction,65,-0.022500000000000006,0.04427465839588451,0.09244521763722108
32,512,one_heavy,exact,66,0.0,0.07187260643466876,0.11047631945284103
32,512,one_heavy,same_direction,66,0.0025000000000000044,0.07674969161460153,0.13268981207718616
32,512,one_heavy,opposite_direction,66,-0.022500000000000006,0.05989933597736051,0.09330634170353862
32,512,one_heavy,exact,67,0.0,0.06985564396530045,0.10660707560668166
32,512,one_heavy,same_direction,67,0.0025000000000000044,0.0754654223378017,0.1325080380750748
32,512,one_heavy,opposite_direction,67,-0.022500000000000006,0.06032608778269161,0.08942304413551223
32,512,one_heavy,exact,68,0.0,0.06728621837670881,0.1116136519252036
32,512,one_heavy,same_direction,68,0.0025000000000000044,0.07893574685441201,0.13923873126301003
32,512,one_heavy,opposite_direction,68,-0.022500000000000006,0.05632237633004417,0.09092990512692839
32,512,one_heavy,exact,69,0.0,0.0709923066221546,0.11000007952383901
32,512,one_heavy,same_direction,69,0.0025000000000000044,0.07438344737564252,0.12468471246238917
32,512,one_heavy,opposite_direction,69,-0.022500000000000006,0.06621129083063668,0.09215502279631486
32,512,one_heavy,exact,70,0.0,0.06705540682850611,0.10831275003893218
32,512,one_heavy,same_direction,70,0.0025000000000000044,0.07221804968687881,0.13450400818302732
32,512,one_heavy,opposite_direction,70,-0.022500000000000006,0.05655481819986667,0.09274695039029413
32,512,one_heavy,exact,71,0.0,0.06907573424468776,0.10856456084680684
32,512,one_heavy,same_direction,71,0.0025000000000000044,0.0763312814456715,0.1325262342681213
32,512,one_heavy,opposite_direction,71,-0.022500000000000006,0.06054607919409725,0.09238812263060034
32,512,one_heavy,exact,72,0.0,0.06891489363703557,0.10998586452290288
32,512,one_heavy,same_direction,72,0.0025000000000000044,0.07485309569361576,0.13664118204948963
32,512,one_heavy,opposite_direction,72,-0.022500000000000006,0.060024972394819034,0.09175959464224819
32,512,one_heavy,exact,73,0.0,0.07072601962852511,0.10868508694650054
32,512,one_heavy,same_direction,73,0.0025000000000000044,0.08288748697990272,0.13488287059701765
32,512,one_heavy,opposite_direction,73,-0.022500000000000006,0.05597055100784287,0.09152423283959586
32,512,one_heavy,exact,74,0.0,0.07331734769032629,0.11068221302102876
32,512,one_heavy,same_direction,74,0.0025000000000000044,0.07913485135673426,0.13142655698758282
32,512,one_heavy,opposite_direction,74,-0.022500000000000006,0.06059593312516482,0.09201454179218942
32,512,one_heavy,exact,75,0.0,0.06490309720602638,0.11005657988718152
32,512,one_heavy,same_direction,75,0.0025000000000000044,0.07217331168214543,0.1332325981847434
32,512,one_heavy,opposite_direction,75,-0.022500000000000006,0.0465046068613406,0.09221822914010405
32,512,one_heavy,exact,76,0.0,0.058525837474735026,0.10914193171370802
32,512,one_heavy,same_direction,76,0.0025000000000000044,0.06703192071641627,0.13258943136805768
32,512,one_heavy,opposite_direction,76,-0.022500000000000006,0.048436425056371926,0.09133189139818138
32,512,one_heavy,exact,77,0.0,0.07639041726477316,0.10538760324545694
32,512,one_heavy,same_direction,77,0.0025000000000000044,0.08289887551458135,0.13104419660406222
32,512,one_heavy,opposite_direction,77,-0.022500000000000006,0.06503033256912126,0.08924846818210763
32,512,one_heavy,exact,78,0.0,0.058320081157767184,0.10978771314164452
32,512,one_heavy,same_direction,78,0.0025000000000000044,0.0637286221522735,0.13256726369767596
32,512,one_heavy,opposite_direction,78,-0.022500000000000006,0.044807228672716755,0.09149926765184598
32,512,one_heavy,exact,79,0.0,0.06419229863234795,0.10830012159441553
32,512,one_heavy,same_direction,79,0.0025000000000000044,0.07336710645240241,0.1337019081886732
32,512,one_heavy,opposite_direction,79,-0.022500000000000006,0.05786926759561982,0.09342279435372745
32,512,one_heavy,exact,80,0.0,0.06428752476182309,0.10773517949091894
32,512,one_heavy,same_direction,80,0.0025000000000000044,0.07249475894873814,0.1343692104445331
32,512,one_heavy,opposite_direction,80,-0.022500000000000006,0.054581026098181926,0.09067472834864482
32,512,one_heavy,exact,81,0.0,0.05480369384099765,0.11061381537345492
32,512,one_heavy,same_direction,81,0.0025000000000000044,0.058579007153127784,0.13210353132880162
32,512,one_heavy,opposite_direction,81,-0.022500000000000006,0.049470829227930224,0.09232100047121125
32,512,one_heavy,exact,82,0.0,0.07165319646186223,0.11111396324628395
32,512,one_heavy,same_direction,82,0.0025000000000000044,0.07554507930206442,0.12860772605987622
32,512,one_heavy,opposite_direction,82,-0.022500000000000006,0.06127479175724814,0.09188270861425252
32,512,one_heavy,exact,83,0.0,0.07278324416968034,0.11091808215592337
32,512,one_heavy,same_direction,83,0.0025000000000000044,0.07340698993225417,0.12901918791917247
32,512,one_heavy,opposite_direction,83,-0.022500000000000006,0.05991694309066366,0.09116412147944991
32,512,one_heavy,exact,84,0.0,0.06448339842863487,0.10796567420758213
32,512,one_heavy,same_direction,84,0.0025000000000000044,0.0700719121440579,0.12758419868213802
32,512,one_heavy,opposite_direction,84,-0.022500000000000006,0.05919796385352538,0.09058614143297501
32,512,one_heavy,exact,85,0.0,0.05315991509442833,0.10812788943919248
32,512,one_heavy,same_direction,85,0.0025000000000000044,0.05959605053257203,0.13314252000515875
32,512,one_heavy,opposite_direction,85,-0.022500000000000006,0.04683484191714331,0.09128151062801092
32,512,one_heavy,exact,86,0.0,0.06294631698483086,0.11113566038143671
32,512,one_heavy,same_direction,86,0.0025000000000000044,0.06562163166866125,0.12856072812423583
32,512,one_heavy,opposite_direction,86,-0.022500000000000006,0.05323373331649673,0.0930638058801941
32,512,one_heavy,exact,87,0.0,0.0671531219324482,0.10834487226961913
32,512,one_heavy,same_direction,87,0.0025000000000000044,0.0740497644258626,0.13449795495358957
32,512,one_heavy,opposite_direction,87,-0.022500000000000006,0.05427350937270872,0.0906805883073461
32,512,one_heavy,exact,88,0.0,0.07228633733728342,0.10789923828785736
32,512,one_heavy,same_direction,88,0.0025000000000000044,0.07495761401675244,0.13368416963834487
32,512,one_heavy,opposite_direction,88,-0.022500000000000006,0.06209099622878518,0.09241179287527759
32,512,one_heavy,exact,89,0.0,0.06453328362640227,0.11056174977979552
32,512,one_heavy,same_direction,89,0.0025000000000000044,0.0666938476587125,0.1292458668617069
32,512,one_heavy,opposite_direction,89,-0.022500000000000006,0.05380188673856135,0.09143428292942415
32,512,one_heavy,exact,90,0.0,0.058504269537160196,0.10917848887817762
32,512,one_heavy,same_direction,90,0.0025000000000000044,0.060722507025445654,0.13343142801242364
32,512,one_heavy,opposite_direction,90,-0.022500000000000006,0.04990616302646547,0.09266499233737363
32,512,one_heavy,exact,91,0.0,0.0702258335012621,0.10784134549968413
32,512,one_heavy,same_direction,91,0.0025000000000000044,0.08046901055335325,0.13376059588955783
32,512,one_heavy,opposite_direction,91,-0.022500000000000006,0.062038968615920814,0.09100784208955126
32,512,one_heavy,exact,92,0.0,0.06865703846407528,0.10910542014349356
32,512,one_heavy,same_direction,92,0.0025000000000000044,0.08077917762263741,0.13545186419892366
32,512,one_heavy,opposite_direction,92,-0.022500000000000006,0.05512295613526283,0.0911099602582488
32,512,one_heavy,exact,93,0.0,0.06319525417913457,0.1092699646928765
32,512,one_heavy,same_direction,93,0.0025000000000000044,0.07091725144050923,0.13406151585214057
32,512,one_heavy,opposite_direction,93,-0.022500000000000006,0.04772473608694966,0.09153269298205657
32,512,one_heavy,exact,94,0.0,0.06429361282375909,0.10881586851909339
32,512,one_heavy,same_direction,94,0.0025000000000000044,0.07218454585830734,0.13454078015145318
32,512,one_heavy,opposite_direction,94,-0.022500000000000006,0.05331470273593154,0.09246495498833575
32,512,one_heavy,exact,95,0.0,0.07034259677061978,0.11044091296048833
32,512,one_heavy,same_direction,95,0.0025000000000000044,0.07947299693002335,0.13731660520716105
32,512,one_heavy,opposite_direction,95,-0.022500000000000006,0.05790678218361722,0.0919471002845674
32,512,one_heavy,exact,96,0.0,0.07104121610750841,0.1103337560287039
32,512,one_heavy,same_direction,96,0.0025000000000000044,0.08355725551991985,0.13688598694090692
32,512,one_heavy,opposite_direction,96,-0.022500000000000006,0.06277098927057463,0.093647495284077
32,512,one_heavy,exact,97,0.0,0.07379899366568857,0.10905485460599447
32,512,one_heavy,same_direction,97,0.0025000000000000044,0.08444541193606803,0.13519082964864243
32,512,one_heavy,opposite_direction,97,-0.022500000000000006,0.061891579539612454,0.0933619544156964
32,512,one_heavy,exact,98,0.0,0.06725456005129712,0.10531062700202917
32,512,one_heavy,same_direction,98,0.0025000000000000044,0.0717358243880376,0.12998020404517785
32,512,one_heavy,opposite_direction,98,-0.022500000000000006,0.0517204111834253,0.08763887658250648
32,512,one_heavy,exact,99,0.0,0.06331998433948036,0.1128451829635122
32,512,one_heavy,same_direction,99,0.0025000000000000044,0.0660524073291723,0.12914940474009595
32,512,one_heavy,opposite_direction,99,-0.022500000000000006,0.04959466110717335,0.09235076349351111
32,512,one_heavy,exact,100,0.0,0.060570152069061745,0.1104236426242908
32,512,one_heavy,same_direction,100,0.0025000000000000044,0.061992097496436215,0.13108909271644167
32,512,one_heavy,opposite_direction,100,-0.022500000000000006,0.053345521916208734,0.09293523673940471
32,512,one_heavy,exact,101,0.0,0.06265368646234655,0.10866455392903895
32,512,one_heavy,same_direction,101,0.0025000000000000044,0.06907801045873141,0.1274340429297606
32,512,one_heavy,opposite_direction,101,-0.022500000000000006,0.054897829919630096,0.0897002840816726
32,512,one_heavy,exact,102,0.0,0.06653274029465192,0.1104939866744343
32,512,one_heavy,same_direction,102,0.0025000000000000044,0.06914040708881311,0.13018002577780521
32,512,one_heavy,opposite_direction,102,-0.022500000000000006,0.06176896105075713,0.0941107228355562
32,512,one_heavy,exact,103,0.0,0.06946915187230585,0.10774277882832756
32,512,one_heavy,same_direction,103,0.0025000000000000044,0.07644504083296513,0.1332294142612443
32,512,one_heavy,opposite_direction,103,-0.022500000000000006,0.060144133929275395,0.09156118223013393
32,512,one_heavy,exact,104,0.0,0.0718807987576243,0.10818719709800624
32,512,one_heavy,same_direction,104,0.0025000000000000044,0.07347899705245328,0.13310701100432398
32,512,one_heavy,opposite_direction,104,-0.022500000000000006,0.060767459186329614,0.09347143953210846
32,512,one_heavy,exact,105,0.0,0.07562669275001391,0.111331782405916
32,512,one_heavy,same_direction,105,0.0025000000000000044,0.0787670301485508,0.12871981252139192
32,512,one_heavy,opposite_direction,105,-0.022500000000000006,0.061033974264753016,0.08993314147962456
32,512,one_heavy,exact,106,0.0,0.06937963664275479,0.10993329232397339
32,512,one_heavy,same_direction,106,0.0025000000000000044,0.0777697811850184,0.13650252677087402
32,512,one_heavy,opposite_direction,106,-0.022500000000000006,0.05425230603229148,0.0922298229554047
32,512,one_heavy,exact,107,0.0,0.07274120417557556,0.11274835851342872
32,512,one_heavy,same_direction,107,0.0025000000000000044,0.07870251065903025,0.12943874792349688
32,512,one_heavy,opposite_direction,107,-0.022500000000000006,0.05908479246430824,0.09304583733987977
32,512,one_heavy,exact,108,0.0,0.06363053384830512,0.10713463807593716
32,512,one_heavy,same_direction,108,0.0025000000000000044,0.07050853319191704,0.13259304546574932
32,512,one_heavy,opposite_direction,108,-0.022500000000000006,0.052440976087613805,0.09065345580405083
32,512,one_heavy,exact,109,0.0,0.07376166419775297,0.1090883058720025
32,512,one_heavy,same_direction,109,0.0025000000000000044,0.08170787610747669,0.13564352576031824
32,512,one_heavy,opposite_direction,109,-0.022500000000000006,0.0627262490242378,0.09316646949716782
32,512,one_heavy,exact,110,0.0,0.05734852174763839,0.11032658955612668
32,512,one_heavy,same_direction,110,0.0025000000000000044,0.0618513011444776,0.12881410941143803
32,512,one_heavy,opposite_direction,110,-0.022500000000000006,0.04202902453523478,0.09040852907369934
32,512,one_heavy,exact,111,0.0,0.06748093062774285,0.10923081916750485
32,512,one_heavy,same_direction,111,0.0025000000000000044,0.07606731732057269,0.135876428903217
32,512,one_heavy,opposite_direction,111,-0.022500000000000006,0.05860107631474385,0.09182993875289903
32,512,one_heavy,exact,112,0.0,0.06801845094824013,0.11055103669635653
32,512,one_heavy,same_direction,112,0.0025000000000000044,0.07378182328378152,0.1374971122704441
32,512,one_heavy,opposite_direction,112,-0.022500000000000006,0.056598608956755905,0.09290685684684137
32,512,one_heavy,exact,113,0.0,0.07463629009982986,0.10930622789489776
32,512,one_heavy,same_direction,113,0.0025000000000000044,0.08446325722338499,0.1358428656673696
32,512,one_heavy,opposite_direction,113,-0.022500000000000006,0.06141938723795275,0.09067577224745735
32,512,one_heavy,exact,114,0.0,0.0717810122870199,0.10876674136667058
32,512,one_heavy,same_direction,114,0.0025000000000000044,0.07940951314236525,0.13480788511347472
32,512,one_heavy,opposite_direction,114,-0.022500000000000006,0.06152294658883185,0.0928937686171969
32,512,one_heavy,exact,115,0.0,0.07049298339144405,0.1092232250164795
32,512,one_heavy,same_direction,115,0.0025000000000000044,0.07669448244722452,0.13580442963907732
32,512,one_heavy,opposite_direction,115,-0.022500000000000006,0.06148541012149701,0.09165774592097294
32,512,one_heavy,exact,116,0.0,0.0667834417325822,0.10589687219478479
32,512,one_heavy,same_direction,116,0.0025000000000000044,0.07440600806843552,0.13156910296404029
32,512,one_heavy,opposite_direction,116,-0.022500000000000006,0.060002925241794604,0.0923150093276702
32,512,one_heavy,exact,117,0.0,0.06679413342824642,0.11041539031739302
32,512,one_heavy,same_direction,117,0.0025000000000000044,0.07563193007323875,0.13775806830872397
32,512,one_heavy,opposite_direction,117,-0.022500000000000006,0.06367338794556006,0.09379335484775844
32,512,one_heavy,exact,118,0.0,0.06575618054652571,0.10940831322681407
32,512,one_heavy,same_direction,118,0.0025000000000000044,0.0720771308069666,0.13554372680896704
32,512,one_heavy,opposite_direction,118,-0.022500000000000006,0.058785900324707194,0.09301123089166032
32,512,one_heavy,exact,119,0.0,0.06218781774752726,0.10801923394659851
32,512,one_heavy,same_direction,119,0.0025000000000000044,0.06642776754341723,0.1335975055939795
32,512,one_heavy,opposite_direction,119,-0.022500000000000006,0.04981407464139971,0.09200719856462547
32,512,one_heavy,exact,120,0.0,0.06342165292408383,0.1108124180436409
32,512,one_heavy,same_direction,120,0.0025000000000000044,0.07028619137263475,0.13724432474154594
32,512,one_heavy,opposite_direction,120,-0.022500000000000006,0.05380082625838349,0.09147350176056569
32,512,one_heavy,exact,121,0.0,0.07193894511316279,0.11137312552217134
32,512,one_heavy,same_direction,121,0.0025000000000000044,0.07895950551981379,0.1379441622606783
32,512,one_heavy,opposite_direction,121,-0.022500000000000006,0.061393407235593916,0.09370281854360862
32,512,one_heavy,exact,122,0.0,0.06556260681912895,0.11155769198917047
32,512,one_heavy,same_direction,122,0.0025000000000000044,0.06830745284429068,0.1260256422067379
32,512,one_heavy,opposite_direction,122,-0.022500000000000006,0.05482359311847826,0.09139940219466407
32,512,one_heavy,exact,123,0.0,0.07076933370231722,0.10977650921047734
32,512,one_heavy,same_direction,123,0.0025000000000000044,0.07175529799789185,0.1307228295293163
32,512,one_heavy,opposite_direction,123,-0.022500000000000006,0.06338057703859498,0.09389999986126986
32,512,one_heavy,exact,124,0.0,0.07210108394262885,0.10941979993044212
32,512,one_heavy,same_direction,124,0.0025000000000000044,0.08475338934856588,0.13597478261399473
32,512,one_heavy,opposite_direction,124,-0.022500000000000006,0.061285452788469384,0.09218761608853346
32,512,one_heavy,exact,125,0.0,0.07172800918947429,0.11039516727739171
32,512,one_heavy,same_direction,125,0.0025000000000000044,0.08052667721630459,0.13761080812730783
32,512,one_heavy,opposite_direction,125,-0.022500000000000006,0.062240496711655754,0.09260859437364483
32,512,one_heavy,exact,126,0.0,0.06423918804904014,0.10890105826195469
32,512,one_heavy,same_direction,126,0.0025000000000000044,0.07217945462589893,0.13519895805177273
32,512,one_heavy,opposite_direction,126,-0.022500000000000006,0.05783843045531631,0.09100089389970659
32,512,one_heavy,exact,127,0.0,0.05626209992285579,0.10682784476540391
32,512,one_heavy,same_direction,127,0.0025000000000000044,0.06064304539248977,0.13281928165729948
32,512,one_heavy,opposite_direction,127,-0.022500000000000006,0.046538630239199935,0.090049019600981
32,512,one_heavy,exact,128,0.0,0.06623015486421104,0.10792483387305861
32,512,one_heavy,same_direction,128,0.0025000000000000044,0.07180112080843151,0.13228011715041135
32,512,one_heavy,opposite_direction,128,-0.022500000000000006,0.05728519610527731,0.09160270165810364
32,512,one_heavy,exact,129,0.0,0.06365310280991011,0.10785221875225623
32,512,one_heavy,same_direction,129,0.0025000000000000044,0.07282103715659086,0.13383315480778335
32,512,one_heavy,opposite_direction,129,-0.022500000000000006,0.0566645872817967,0.0937280618701544
32,512,one_heavy,exact,130,0.0,0.06742232563981876,0.10890629913365377
32,512,one_heavy,same_direction,130,0.0025000000000000044,0.07339444694901132,0.13469808173767062
32,512,one_heavy,opposite_direction,130,-0.022500000000000006,0.05582019738909217,0.0918081692955443
32,512,one_heavy,exact,131,0.0,0.06133473785706105,0.10827559433082695
32,512,one_heavy,same_direction,131,0.0025000000000000044,0.06741987227698434,0.13235736292521802
32,512,one_heavy,opposite_direction,131,-0.022500000000000006,0.04886919426596563,0.09039954908396403
32,512,one_heavy,exact,132,0.0,0.08245077482185426,0.10931037162694655
32,512,one_heavy,same_direction,132,0.0025000000000000044,0.09340741838806157,0.1362122086229294
32,512,one_heavy,opposite_direction,132,-0.022500000000000006,0.06751811066555138,0.08969959236648338
32,512,one_heavy,exact,133,0.0,0.06001822748556085,0.11004982670854088
32,512,one_heavy,same_direction,133,0.0025000000000000044,0.07031731782973724,0.1368538311099399
32,512,one_heavy,opposite_direction,133,-0.022500000000000006,0.051010176058357073,0.09280338209946787
32,512,one_heavy,exact,134,0.0,0.07447149233182139,0.1114700326619798
32,512,one_heavy,same_direction,134,0.0025000000000000044,0.08247270500170199,0.1292562414669389
32,512,one_heavy,opposite_direction,134,-0.022500000000000006,0.06658133163569885,0.0925778896191693
32,512,one_heavy,exact,135,0.0,0.06581432805993774,0.10906023067901165
32,512,one_heavy,same_direction,135,0.0025000000000000044,0.07301512443650145,0.13442775765083034
32,512,one_heavy,opposite_direction,135,-0.022500000000000006,0.0538069082252167,0.09219154981874673
32,512,one_heavy,exact,136,0.0,0.07842455922469471,0.10770412220160133
32,512,one_heavy,same_direction,136,0.0025000000000000044,0.0853737443798466,0.13403305099655252
32,512,one_heavy,opposite_direction,136,-0.022500000000000006,0.06913038941075883,0.0906538668384156
32,512,one_heavy,exact,137,0.0,0.06670935584783935,0.10932108303342479
32,512,one_heavy,same_direction,137,0.0025000000000000044,0.07558419314928319,0.13550699025547355
32,512,one_heavy,opposite_direction,137,-0.022500000000000006,0.058137576113694564,0.09303241495851118
32,512,one_heavy,exact,138,0.0,0.058641050915647044,0.1117036356499152
32,512,one_heavy,same_direction,138,0.0025000000000000044,0.06524660700084199,0.138892687153775
32,512,one_heavy,opposite_direction,138,-0.022500000000000006,0.04768337576248482,0.09313975044150433
32,512,one_heavy,exact,139,0.0,0.07248746278594012,0.1087765758787086
32,512,one_heavy,same_direction,139,0.0025000000000000044,0.07550033386479928,0.13299174102622566
32,512,one_heavy,opposite_direction,139,-0.022500000000000006,0.06163993261658445,0.09258902144769846
32,512,one_heavy,exact,140,0.0,0.06992320541097538,0.11039115237906527
32,512,one_heavy,same_direction,140,0.0025000000000000044,0.07577960831424728,0.12825264436100473
32,512,one_heavy,opposite_direction,140,-0.022500000000000006,0.059908909215128016,0.09092109256227729
32,512,one_heavy,exact,141,0.0,0.061457899221017034,0.10648143034399835
32,512,one_heavy,same_direction,141,0.0025000000000000044,0.06784782426128658,0.1316552977654913
32,512,one_heavy,opposite_direction,141,-0.022500000000000006,0.0538979299355722,0.09110118530156855
32,512,one_heavy,exact,142,0.0,0.05732872720753823,0.10788492795493936
32,512,one_heavy,same_direction,142,0.0025000000000000044,0.0648403533507898,0.13200855211131812
32,512,one_heavy,opposite_direction,142,-0.022500000000000006,0.04923662223668865,0.09169121722025185
32,512,one_heavy,exact,143,0.0,0.07532193562520155,0.1081897130242632
32,512,one_heavy,same_direction,143,0.0025000000000000044,0.08526969748182119,0.1343589271670151
32,512,one_heavy,opposite_direction,143,-0.022500000000000006,0.06067929226715728,0.09152924295324932
32,512,one_heavy,exact,144,0.0,0.0535437424923599,0.10985827902317506
32,512,one_heavy,same_direction,144,0.0025000000000000044,0.0595388518413489,0.13260332707158928
32,512,one_heavy,opposite_direction,144,-0.022500000000000006,0.0477418452719285,0.09350504106708551
32,512,one_heavy,exact,145,0.0,0.05724681071871558,0.10740975566942886
32,512,one_heavy,same_direction,145,0.0025000000000000044,0.06125967627251937,0.13089677436889952
32,512,one_heavy,opposite_direction,145,-0.022500000000000006,0.04129512067143196,0.088789871545481
32,512,one_heavy,exact,146,0.0,0.06783209341391869,0.11082916266735601
32,512,one_heavy,same_direction,146,0.0025000000000000044,0.07321853309929265,0.12946234438858625
32,512,one_heavy,opposite_direction,146,-0.022500000000000006,0.05822021047162928,0.0925483605300418
32,512,one_heavy,exact,147,0.0,0.08038885149829568,0.10966516723728477
32,512,one_heavy,same_direction,147,0.0025000000000000044,0.08813473260921297,0.13566494334680754
32,512,one_heavy,opposite_direction,147,-0.022500000000000006,0.07145660688927565,0.09279716872959061
32,512,one_heavy,exact,148,0.0,0.07091723308681801,0.10999962087787866
32,512,one_heavy,same_direction,148,0.0025000000000000044,0.07954139842951359,0.13664355575992607
32,512,one_heavy,opposite_direction,148,-0.022500000000000006,0.0596941779418479,0.09342049515613719
32,512,one_heavy,exact,149,0.0,0.07840973495124429,0.11353694422826915
32,512,one_heavy,same_direction,149,0.0025000000000000044,0.08963197743194973,0.14135570490986102
32,512,one_heavy,opposite_direction,149,-0.022500000000000006,0.06242307882323614,0.09278969554793583
32,512,one_heavy,exact,150,0.0,0.06412267973120854,0.1048699308125067
32,512,one_heavy,same_direction,150,0.0025000000000000044,0.07190982413394707,0.13079441372626519
32,512,one_heavy,opposite_direction,150,-0.022500000000000006,0.04987755365262693,0.0880066826239484
32,512,one_heavy,exact,151,0.0,0.05874776555704278,0.11316196965577974
32,512,one_heavy,same_direction,151,0.0025000000000000044,0.06551406574642753,0.1410845963950463
32,512,one_heavy,opposite_direction,151,-0.022500000000000006,0.048356316848509426,0.09345670868653012
32,512,one_heavy,exact,152,0.0,0.07088497421481457,0.10604053771903622
32,512,one_heavy,same_direction,152,0.0025000000000000044,0.07644397854284699,0.131854112434801
32,512,one_heavy,opposite_direction,152,-0.022500000000000006,0.06276205770704812,0.09106267323393435
32,512,one_heavy,exact,153,0.0,0.07060018553390623,0.10917271647916583
32,512,one_heavy,same_direction,153,0.0025000000000000044,0.07829705640130913,0.13253908256650998
32,512,one_heavy,opposite_direction,153,-0.022500000000000006,0.06249899899758667,0.09260716344741399
32,512,one_heavy,exact,154,0.0,0.07134625421549504,0.10972637759772196
32,512,one_heavy,same_direction,154,0.0025000000000000044,0.07332522568178663,0.1322524486018435
32,512,one_heavy,opposite_direction,154,-0.022500000000000006,0.06277556380153543,0.09335259598990377
32,512,one_heavy,exact,155,0.0,0.06250273607645697,0.10828063529191281
32,512,one_heavy,same_direction,155,0.0025000000000000044,0.06773136035244268,0.13286633543155715
32,512,one_heavy,opposite_direction,155,-0.022500000000000006,0.05333484251530882,0.09272075168183146
32,512,one_heavy,exact,156,0.0,0.07148547115825081,0.10940163315944769
32,512,one_heavy,same_direction,156,0.0025000000000000044,0.07770098479406783,0.12994484325937672
32,512,one_heavy,opposite_direction,156,-0.022500000000000006,0.05888674971443749,0.09111025556049096
32,512,one_heavy,exact,157,0.0,0.06246880618550524,0.10883106486343108
32,512,one_heavy,same_direction,157,0.0025000000000000044,0.06344149041940617,0.1331816753185989
32,512,one_heavy,opposite_direction,157,-0.022500000000000006,0.052336687293531525,0.09197585173745895
32,512,one_heavy,exact,158,0.0,0.0694490210573265,0.10891200801440527
32,512,one_heavy,same_direction,158,0.0025000000000000044,0.07603273059341657,0.13497496408064494
32,512,one_heavy,opposite_direction,158,-0.022500000000000006,0.058777812995612036,0.09414846472933669
32,512,one_heavy,exact,159,0.0,0.05776482679364955,0.11113219661995315
32,512,one_heavy,same_direction,159,0.0025000000000000044,0.06023281527630839,0.12878127166057968
32,512,one_heavy,opposite_direction,159,-0.022500000000000006,0.0501328569232304,0.09369469040825579
32,512,one_heavy,exact,160,0.0,0.05916793200187186,0.11123119712331905
32,512,one_heavy,same_direction,160,0.0025000000000000044,0.06463704947071677,0.1278989048908215
32,512,one_heavy,opposite_direction,160,-0.022500000000000006,0.049583193373426225,0.09148013707096504
32,512,one_heavy,exact,161,0.0,0.06333770224970339,0.11217833430586147
32,512,one_heavy,same_direction,161,0.0025000000000000044,0.07043767030132966,0.13986211659943037
32,512,one_heavy,opposite_direction,161,-0.022500000000000006,0.048406834422775095,0.09170535505067913
32,512,one_heavy,exact,162,0.0,0.05954042498990577,0.10980907587695833
32,512,one_heavy,same_direction,162,0.0025000000000000044,0.06889091879227298,0.13149655570045
32,512,one_heavy,opposite_direction,162,-0.022500000000000006,0.054786002196239525,0.09353211265759444
32,512,one_heavy,exact,163,0.0,0.06430100125312216,0.11054640480911414
32,512,one_heavy,same_direction,163,0.0025000000000000044,0.07195239906657078,0.13730118890551699
32,512,one_heavy,opposite_direction,163,-0.022500000000000006,0.057639271429376464,0.09345185012010611
32,512,one_heavy,exact,164,0.0,0.05804540971726302,0.10566591045362833
32,512,one_heavy,same_direction,164,0.0025000000000000044,0.06608233454279507,0.13113725557066816
32,512,one_heavy,opposite_direction,164,-0.022500000000000006,0.04978713459498993,0.08935620520013379
32,512,one_heavy,exact,165,0.0,0.052244106425173006,0.10813675671554647
32,512,one_heavy,same_direction,165,0.0025000000000000044,0.058488209966190724,0.1341642234407528
32,512,one_heavy,opposite_direction,165,-0.022500000000000006,0.04693933335582354,0.09289480906600169
32,512,one_heavy,exact,166,0.0,0.06295727002539173,0.11415699812219698
32,512,one_heavy,same_direction,166,0.0025000000000000044,0.06327709478012267,0.1278656124769778
32,512,one_heavy,opposite_direction,166,-0.022500000000000006,0.05190346007498356,0.09235063703782398
32,512,one_heavy,exact,167,0.0,0.06576317888381077,0.11195299159757925
32,512,one_heavy,same_direction,167,0.0025000000000000044,0.06543819934068709,0.13021930353717162
32,512,one_heavy,opposite_direction,167,-0.022500000000000006,0.05522878840565618,0.09319853277085119
32,512,one_heavy,exact,168,0.0,0.06677577753483338,0.10731672724533202
32,512,one_heavy,same_direction,168,0.0025000000000000044,0.07595776174182522,0.13313771444728686
32,512,one_heavy,opposite_direction,168,-0.022500000000000006,0.054974244610743274,0.09080134654003309
32,512,one_heavy,exact,169,0.0,0.06330649984117587,0.10924156377996241
32,512,one_heavy,same_direction,169,0.0025000000000000044,0.0664691106826884,0.13533647089182288
32,512,one_heavy,opposite_direction,169,-0.022500000000000006,0.05343295159586299,0.092873676279693
32,512,one_heavy,exact,170,0.0,0.07241743884226862,0.11166999677926692
32,512,one_heavy,same_direction,170,0.0025000000000000044,0.0747640295880571,0.12820412677733864
32,512,one_heavy,opposite_direction,170,-0.022500000000000006,0.06506789432586198,0.09310470175968381
32,512,one_heavy,exact,171,0.0,0.0685819798049778,0.11094350964492707
32,512,one_heavy,same_direction,171,0.0025000000000000044,0.07089482792647622,0.12850742714525598
32,512,one_heavy,opposite_direction,171,-0.022500000000000006,0.06361954945513176,0.092592788803675
32,512,one_heavy,exact,172,0.0,0.07570646941349347,0.10633478424609313
32,512,one_heavy,same_direction,172,0.0025000000000000044,0.08483479495045529,0.12884289534414997
32,512,one_heavy,opposite_direction,172,-0.022500000000000006,0.06515532969236451,0.08912767733240425
32,512,one_heavy,exact,173,0.0,0.05939820792497729,0.10755105273444673
32,512,one_heavy,same_direction,173,0.0025000000000000044,0.0635417367170185,0.13244422387819205
32,512,one_heavy,opposite_direction,173,-0.022500000000000006,0.045874715005076054,0.09065995996929867
32,512,one_heavy,exact,174,0.0,0.06872431650983894,0.11162119662377352
32,512,one_heavy,same_direction,174,0.0025000000000000044,0.07623458449443674,0.13066420637578896
32,512,one_heavy,opposite_direction,174,-0.022500000000000006,0.052027638248248506,0.09146695507885098
32,512,one_heavy,exact,175,0.0,0.06459908195724925,0.10870259812948548
32,512,one_heavy,same_direction,175,0.0025000000000000044,0.06895940691215625,0.13457530628817096
32,512,one_heavy,opposite_direction,175,-0.022500000000000006,0.05425857559526636,0.09312816312477493
32,512,one_heavy,exact,176,0.0,0.05173627100814139,0.10999845944707969
32,512,one_heavy,same_direction,176,0.0025000000000000044,0.05656050035568117,0.1299226260123594
32,512,one_heavy,opposite_direction,176,-0.022500000000000006,0.04270725939305722,0.09265908664310639
32,512,one_heavy,exact,177,0.0,0.08099690661939321,0.10933726773357683
32,512,one_heavy,same_direction,177,0.0025000000000000044,0.08913495188758386,0.13260952227887957
32,512,one_heavy,opposite_direction,177,-0.022500000000000006,0.07361744587975817,0.09379325562748118
32,512,one_heavy,exact,178,0.0,0.053943361681310295,0.11083644189909522
32,512,one_heavy,same_direction,178,0.0025000000000000044,0.05867146392798327,0.13064892201975054
32,512,one_heavy,opposite_direction,178,-0.022500000000000006,0.0420711489820604,0.09114334068189771
32,512,one_heavy,exact,179,0.0,0.07387302977202373,0.10710965437316616
32,512,one_heavy,same_direction,179,0.0025000000000000044,0.08320110917660009,0.12995416383682537
32,512,one_heavy,opposite_direction,179,-0.022500000000000006,0.06511304832772898,0.08983425875463665
32,512,one_heavy,exact,180,0.0,0.05663410381749505,0.11114635105524026
32,512,one_heavy,same_direction,180,0.0025000000000000044,0.06501446413111898,0.13844795245079225
32,512,one_heavy,opposite_direction,180,-0.022500000000000006,0.044202356800037826,0.09315777540350556
32,512,one_heavy,exact,181,0.0,0.06843517041969671,0.10900924657819155
32,512,one_heavy,same_direction,181,0.0025000000000000044,0.07421424337097277,0.1289580180432444
32,512,one_heavy,opposite_direction,181,-0.022500000000000006,0.055112570495755416,0.08987579457209577
32,512,one_heavy,exact,182,0.0,0.06098081130308524,0.10836037352378888
32,512,one_heavy,same_direction,182,0.0025000000000000044,0.06841030862897009,0.13443492650144714
32,512,one_heavy,opposite_direction,182,-0.022500000000000006,0.051202057515011556,0.09198466229600821
32,512,one_heavy,exact,183,0.0,0.06562712121172215,0.10951004462224014
32,512,one_heavy,same_direction,183,0.0025000000000000044,0.07102573462666076,0.13587982036634688
32,512,one_heavy,opposite_direction,183,-0.022500000000000006,0.0543152180153757,0.09206107229685724
32,512,one_heavy,exact,184,0.0,0.07216390105420226,0.10937270108701194
32,512,one_heavy,same_direction,184,0.0025000000000000044,0.08282368617142072,0.1354752624980254
32,512,one_heavy,opposite_direction,184,-0.022500000000000006,0.06395597972660128,0.09315632575378335
32,512,one_heavy,exact,185,0.0,0.0650349078060784,0.10740877099398327
32,512,one_heavy,same_direction,185,0.0025000000000000044,0.06570851158214465,0.12846827867374438
32,512,one_heavy,opposite_direction,185,-0.022500000000000006,0.0581376476535527,0.08944224490667928
32,512,one_heavy,exact,186,0.0,0.07922745537578853,0.10609877041152596
32,512,one_heavy,same_direction,186,0.0025000000000000044,0.08157388828102333,0.13043528526591636
32,512,one_heavy,opposite_direction,186,-0.022500000000000006,0.06985635326491317,0.09081223967386175
32,512,one_heavy,exact,187,0.0,0.07108730379498508,0.10990823605179471
32,512,one_heavy,same_direction,187,0.0025000000000000044,0.07258309940324247,0.13101798872861448
32,512,one_heavy,opposite_direction,187,-0.022500000000000006,0.06383150441473429,0.09346950258906561
32,512,one_heavy,exact,188,0.0,0.06360379878848171,0.10897267613955673
32,512,one_heavy,same_direction,188,0.0025000000000000044,0.0729515739887231,0.1339392295635912
32,512,one_heavy,opposite_direction,188,-0.022500000000000006,0.0543827737129471,0.09306581972893019
32,512,one_heavy,exact,189,0.0,0.06633040944865606,0.10799225783854154
32,512,one_heavy,same_direction,189,0.0025000000000000044,0.07436612843325133,0.135054483441577
32,512,one_heavy,opposite_direction,189,-0.022500000000000006,0.05337042682517075,0.08817769189091357
32,512,one_heavy,exact,190,0.0,0.07052644844365942,0.11102962613803706
32,512,one_heavy,same_direction,190,0.0025000000000000044,0.07616488387389414,0.13841381449399423
32,512,one_heavy,opposite_direction,190,-0.022500000000000006,0.06386858745209077,0.09403974767438186
32,512,one_heavy,exact,191,0.0,0.0684496912488115,0.10815088700892338
32,512,one_heavy,same_direction,191,0.0025000000000000044,0.07226093119477771,0.1336983767075602
32,512,one_heavy,opposite_direction,191,-0.022500000000000006,0.06013046578823175,0.09236457115934901
32,512,one_heavy,exact,192,0.0,0.0748692355300652,0.11022765822457573
32,512,one_heavy,same_direction,192,0.0025000000000000044,0.08279562689255124,0.13100287500547728
32,512,one_heavy,opposite_direction,192,-0.022500000000000006,0.05954517897821478,0.09279019534513172
32,512,one_heavy,exact,193,0.0,0.06143278139908556,0.10817671744045515
32,512,one_heavy,same_direction,193,0.0025000000000000044,0.06829778065861002,0.13150885957892514
32,512,one_heavy,opposite_direction,193,-0.022500000000000006,0.050890780416696285,0.09229835273454538
32,512,one_heavy,exact,194,0.0,0.06815035398244151,0.10822328254384742
32,512,one_heavy,same_direction,194,0.0025000000000000044,0.07521565757254708,0.1344265276727278
32,512,one_heavy,opposite_direction,194,-0.022500000000000006,0.05956367665006222,0.09149587950039414
32,512,one_heavy,exact,195,0.0,0.06677923408837938,0.11223311318507023
32,512,one_heavy,same_direction,195,0.0025000000000000044,0.06535167411240946,0.1293031940193972
32,512,one_heavy,opposite_direction,195,-0.022500000000000006,0.056167818576205585,0.09313487183176854
32,512,one_heavy,exact,196,0.0,0.06219401512441809,0.11184999146410327
32,512,one_heavy,same_direction,196,0.0025000000000000044,0.07056809748842971,0.13062025054041337
32,512,one_heavy,opposite_direction,196,-0.022500000000000006,0.05255863158832276,0.09361838701500308
32,512,one_heavy,exact,197,0.0,0.07000428433997734,0.10947720832442015
32,512,one_heavy,same_direction,197,0.0025000000000000044,0.07825639790512708,0.13590541487783844
32,512,one_heavy,opposite_direction,197,-0.022500000000000006,0.05959295146340817,0.09226271011581015
32,512,one_heavy,exact,198,0.0,0.07032010151927641,0.10827184803648585
32,512,one_heavy,same_direction,198,0.0025000000000000044,0.07852152794609782,0.13306461645094142
32,512,one_heavy,opposite_direction,198,-0.022500000000000006,0.05980998939021877,0.09227174396696297
32,512,one_heavy,exact,199,0.0,0.07815654221377424,0.10885292868425182
32,512,one_heavy,same_direction,199,0.0025000000000000044,0.08726906367340392,0.13468718592640214
32,512,one_heavy,opposite_direction,199,-0.022500000000000006,0.06571715162420969,0.09210499160666143
32,8192,balanced,exact,0,0.0,0.002330930886888039,0.01753380845863102
32,8192,balanced,same_direction,0,0.0025000000000000022,0.006148187558415161,0.02940276583715203
32,8192,balanced,opposite_direction,0,-0.022500000000000006,-0.014472603246906994,-0.00047328493525937074
32,8192,balanced,exact,1,0.0,0.0025487295757244495,0.018660250166834577
32,8192,balanced,same_direction,1,0.0025000000000000022,0.006493060545528709,0.030690883305296436
32,8192,balanced,opposite_direction,1,-0.022500000000000006,-0.013860585604800047,-0.000172192130560541
32,8192,balanced,exact,2,0.0,0.0024411249538820847,0.018118796695949454
32,8192,balanced,same_direction,2,0.0025000000000000022,0.006691363611253716,0.03110080081555318
32,8192,balanced,opposite_direction,2,-0.022500000000000006,-0.014469832825572859,4.3382780660026436e-05
32,8192,balanced,exact,3,0.0,0.0025849121553015004,0.017993321929613344
32,8192,balanced,same_direction,3,0.0025000000000000022,0.0062801416340141315,0.029721998071113257
32,8192,balanced,opposite_direction,3,-0.022500000000000006,-0.015853818619878772,-0.0003291119551289172
32,8192,balanced,exact,4,0.0,0.0025917963336976003,0.01856349249452586
32,8192,balanced,same_direction,4,0.0025000000000000022,0.006279530112017451,0.030174033475403438
32,8192,balanced,opposite_direction,4,-0.022500000000000006,-0.014323596453591244,0.0003098179456918221
32,8192,balanced,exact,5,0.0,0.0026120258272169733,0.019115824404782596
32,8192,balanced,same_direction,5,0.0025000000000000022,0.006436883935503003,0.029998558595798176
32,8192,balanced,opposite_direction,5,-0.022500000000000006,-0.014490310221243377,0.0003677897077917881
32,8192,balanced,exact,6,0.0,0.002471677676348549,0.01837193005409566
32,8192,balanced,same_direction,6,0.0025000000000000022,0.005709347384949963,0.02967289086799035
32,8192,balanced,opposite_direction,6,-0.022500000000000006,-0.012594793701799088,-0.00018623039846121843
32,8192,balanced,exact,7,0.0,0.0026396114793522897,0.017487002644335788
32,8192,balanced,same_direction,7,0.0025000000000000022,0.005777317946621923,0.030460684836426027
32,8192,balanced,opposite_direction,7,-0.022500000000000006,-0.014460694826545478,-0.00035409871697230847
32,8192,balanced,exact,8,0.0,0.0024465206556643915,0.01773470726593639
32,8192,balanced,same_direction,8,0.0025000000000000022,0.006615229717928272,0.030353522407554318
32,8192,balanced,opposite_direction,8,-0.022500000000000006,-0.013416358122007605,-9.47097726644686e-05
32,8192,balanced,exact,9,0.0,0.0028217448414137886,0.02008614437597847
32,8192,balanced,same_direction,9,0.0025000000000000022,0.006677504300748193,0.031770050391372574
32,8192,balanced,opposite_direction,9,-0.022500000000000006,-0.014554392645009514,0.00033814627428686286
32,8192,balanced,exact,10,0.0,0.002600825643894811,0.018429035333020986
32,8192,balanced,same_direction,10,0.0025000000000000022,0.005561495075655522,0.02919827976329251
32,8192,balanced,opposite_direction,10,-0.022500000000000006,-0.0141231412736582,0.00021154468049778614
32,8192,balanced,exact,11,0.0,0.00259631938732343,0.018539010773128577
32,8192,balanced,same_direction,11,0.0025000000000000022,0.006838128521294869,0.032000369714601594
32,8192,balanced,opposite_direction,11,-0.022500000000000006,-0.014145334711932106,0.0002574266166754316
32,8192,balanced,exact,12,0.0,0.002721404171510863,0.01886877999606759
32,8192,balanced,same_direction,12,0.0025000000000000022,0.007496988450120319,0.03179719306457107
32,8192,balanced,opposite_direction,12,-0.022500000000000006,-0.014078755241074097,-0.0001846866879127893
32,8192,balanced,exact,13,0.0,0.0025488542353175885,0.01835644056468937
32,8192,balanced,same_direction,13,0.0025000000000000022,0.0060632363339642925,0.031035255638864508
32,8192,balanced,opposite_direction,13,-0.022500000000000006,-0.013406530974328628,3.854310396219683e-05
32,8192,balanced,exact,14,0.0,0.0026624057395391266,0.01915763251937016
32,8192,balanced,same_direction,14,0.0025000000000000022,0.006928804882651171,0.03056532960270371
32,8192,balanced,opposite_direction,14,-0.022500000000000006,-0.013487598714309329,8.592427111364701e-05
32,8192,balanced,exact,15,0.0,0.0025506031494041126,0.018524637411124933
32,8192,balanced,same_direction,15,0.0025000000000000022,0.006989073634606088,0.031235023317399253
32,8192,balanced,opposite_direction,15,-0.022500000000000006,-0.015472687465137289,-0.00014441439414625737
32,8192,balanced,exact,16,0.0,0.0024677384888410515,0.018682867825118462
32,8192,balanced,same_direction,16,0.0025000000000000022,0.005359160523911062,0.0279519221993338
32,8192,balanced,opposite_direction,16,-0.022500000000000006,-0.012451867589073625,0.00046692705306022376
32,8192,balanced,exact,17,0.0,0.003018712120214615,0.01944999187495241
32,8192,balanced,same_direction,17,0.0025000000000000022,0.007083814283518064,0.029950369715038415
32,8192,balanced,opposite_direction,17,-0.022500000000000006,-0.015057501040246467,9.379815002867324e-05
32,8192,balanced,exact,18,0.0,0.002985376605627796,0.019135352380379778
32,8192,balanced,same_direction,18,0.0025000000000000022,0.005773589879567781,0.02967902090281865
32,8192,balanced,opposite_direction,18,-0.022500000000000006,-0.013254189150461304,0.00047588841359664814
32,8192,balanced,exact,19,0.0,0.002680319012744107,0.01895472776036683
32,8192,balanced,same_direction,19,0.0025000000000000022,0.00680436601848319,0.03083862905542628
32,8192,balanced,opposite_direction,19,-0.022500000000000006,-0.012395307691800847,0.00028616473170072024
32,8192,balanced,exact,20,0.0,0.0025415017045858834,0.018940451790411858
32,8192,balanced,same_direction,20,0.0025000000000000022,0.007075482950850259,0.03261406628056148
32,8192,balanced,opposite_direction,20,-0.022500000000000006,-0.013582489100971882,0.0002950244242968135
32,8192,balanced,exact,21,0.0,0.0026399751563555536,0.01827230357154933
32,8192,balanced,same_direction,21,0.0025000000000000022,0.006573756422551865,0.031060178075028925
32,8192,balanced,opposite_direction,21,-0.022500000000000006,-0.014124267474921922,-0.0005581442820361642
32,8192,balanced,exact,22,0.0,0.002264119759425866,0.017676581329509704
32,8192,balanced,same_direction,22,0.0025000000000000022,0.005688868912849996,0.02923070106278334
32,8192,balanced,opposite_direction,22,-0.022500000000000006,-0.012678305064029349,9.103908636840516e-05
32,8192,balanced,exact,23,0.0,0.0029270156194778846,0.01934780022272948
32,8192,balanced,same_direction,23,0.0025000000000000022,0.008027226323121953,0.032014788976068145
32,8192,balanced,opposite_direction,23,-0.022500000000000006,-0.015022258612312666,0.000693629955493362
32,8192,balanced,exact,24,0.0,0.0024685188698263185,0.018582511627733087
32,8192,balanced,same_direction,24,0.0025000000000000022,0.006213333113012575,0.03209580688232558
32,8192,balanced,opposite_direction,24,-0.022500000000000006,-0.013485579266571956,0.00048638163720252987
32,8192,balanced,exact,25,0.0,0.0026049160812559417,0.018603587626461207
32,8192,balanced,same_direction,25,0.0025000000000000022,0.006304469222583852,0.03001026589225215
32,8192,balanced,opposite_direction,25,-0.022500000000000006,-0.0139633240076494,1.0928799322541654e-05
32,8192,balanced,exact,26,0.0,0.0025954642679159785,0.018358107726769615
32,8192,balanced,same_direction,26,0.0025000000000000022,0.00703848969109023,0.031182840129801607
32,8192,balanced,opposite_direction,26,-0.022500000000000006,-0.014671173056552902,-0.00022734730141691143
32,8192,balanced,exact,27,0.0,0.0022727278644274406,0.01875626540508494
32,8192,balanced,same_direction,27,0.0025000000000000022,0.006334061034382402,0.030074330061921072
32,8192,balanced,opposite_direction,27,-0.022500000000000006,-0.015090098473041958,-0.00019008972646802362
32,8192,balanced,exact,28,0.0,0.0026442308569584144,0.019033708481514113
32,8192,balanced,same_direction,28,0.0025000000000000022,0.006619918897144408,0.031012644545485062
32,8192,balanced,opposite_direction,28,-0.022500000000000006,-0.013639774185580548,0.00019332218879063032
32,8192,balanced,exact,29,0.0,0.0029488387879430997,0.01887558347629925
32,8192,balanced,same_direction,29,0.0025000000000000022,0.006722761939888881,0.030313822038446625
32,8192,balanced,opposite_direction,29,-0.022500000000000006,-0.01180309498304471,0.0007059703265679502
32,8192,balanced,exact,30,0.0,0.0027554592651532683,0.018476431594916323
32,8192,balanced,same_direction,30,0.0025000000000000022,0.0063581991532873465,0.029707594824042956
32,8192,balanced,opposite_direction,30,-0.022500000000000006,-0.014534336775064605,0.00022166453188839728
32,8192,balanced,exact,31,0.0,0.0028200640007543915,0.018525797861567828
32,8192,balanced,same_direction,31,0.0025000000000000022,0.0059583868422691325,0.029451321565021553
32,8192,balanced,opposite_direction,31,-0.022500000000000006,-0.015573073376248766,-0.0005627434882098058
32,8192,balanced,exact,32,0.0,0.0029686326708540356,0.0185367820084601
32,8192,balanced,same_direction,32,0.0025000000000000022,0.006886806128619795,0.030900120980048525
32,8192,balanced,opposite_direction,32,-0.022500000000000006,-0.013584613955041163,-5.960960611759171e-05
32,8192,balanced,exact,33,0.0,0.0026078160114099374,0.018812873304087853
32,8192,balanced,same_direction,33,0.0025000000000000022,0.006878497896808159,0.031146358732961215
32,8192,balanced,opposite_direction,33,-0.022500000000000006,-0.015645228393759418,-0.00034419935959301666
32,8192,balanced,exact,34,0.0,0.0027616711635793166,0.018434669359584703
32,8192,balanced,same_direction,34,0.0025000000000000022,0.005898679178775359,0.029065740090708742
32,8192,balanced,opposite_direction,34,-0.022500000000000006,-0.01510852550988604,-0.0002817201855574566
32,8192,balanced,exact,35,0.0,0.002239523148024893,0.017773224061928442
32,8192,balanced,same_direction,35,0.0025000000000000022,0.0059441871635048,0.030156269834465416
32,8192,balanced,opposite_direction,35,-0.022500000000000006,-0.013631964308689279,-0.0001516607921139593
32,8192,balanced,exact,36,0.0,0.0028379163918633974,0.018612306163132235
32,8192,balanced,same_direction,36,0.0025000000000000022,0.006437654915001163,0.029642164136976464
32,8192,balanced,opposite_direction,36,-0.022500000000000006,-0.015261452891044674,-0.00017272072446884314
32,8192,balanced,exact,37,0.0,0.002748322059755289,0.018280011637069393
32,8192,balanced,same_direction,37,0.0025000000000000022,0.007053258647784734,0.03047876506973747
32,8192,balanced,opposite_direction,37,-0.022500000000000006,-0.014229797949330634,-1.7393751942445634e-05
32,8192,balanced,exact,38,0.0,0.002460721387966858,0.01804533240860096
32,8192,balanced,same_direction,38,0.0025000000000000022,0.006997090709972661,0.03126043098585005
32,8192,balanced,opposite_direction,38,-0.022500000000000006,-0.014575766343845028,-0.0003753633779739849
32,8192,balanced,exact,39,0.0,0.0027202961937934627,0.018259322848971717
32,8192,balanced,same_direction,39,0.0025000000000000022,0.005471662582360724,0.02885500859714006
32,8192,balanced,opposite_direction,39,-0.022500000000000006,-0.01356972622381414,8.354795457370176e-05
32,8192,balanced,exact,40,0.0,0.0029873914684216754,0.018368339073478988
32,8192,balanced,same_direction,40,0.0025000000000000022,0.006879043666618702,0.030854594010839738
32,8192,balanced,opposite_direction,40,-0.022500000000000006,-0.014781384485802913,-6.474495789774316e-05
32,8192,balanced,exact,41,0.0,0.0024715239770540156,0.018610021537698536
32,8192,balanced,same_direction,41,0.0025000000000000022,0.0061640160323726415,0.0308416548289868
32,8192,balanced,opposite_direction,41,-0.022500000000000006,-0.01521422440416389,-0.0002509040795962385
32,8192,balanced,exact,42,0.0,0.0026774052568509007,0.018436028447110175
32,8192,balanced,same_direction,42,0.0025000000000000022,0.0074405217425825496,0.03154253408848528
32,8192,balanced,opposite_direction,42,-0.022500000000000006,-0.014923331479193428,1.281399597725009e-05
32,8192,balanced,exact,43,0.0,0.002580951793886479,0.01903374270669884
32,8192,balanced,same_direction,43,0.0025000000000000022,0.0056488995297219475,0.030347194828196415
32,8192,balanced,opposite_direction,43,-0.022500000000000006,-0.014948361190999702,0.0007603449681568597
32,8192,balanced,exact,44,0.0,0.002674310128085949,0.018267671105937182
32,8192,balanced,same_direction,44,0.0025000000000000022,0.007135048553267629,0.0310925719898288
32,8192,balanced,opposite_direction,44,-0.022500000000000006,-0.014225869164145356,2.177877493109971e-05
32,8192,balanced,exact,45,0.0,0.0026499967561921974,0.01822185033550127
32,8192,balanced,same_direction,45,0.0025000000000000022,0.005694142062282524,0.030809391186731594
32,8192,balanced,opposite_direction,45,-0.022500000000000006,-0.015112935446554128,-0.0006518623723834242
32,8192,balanced,exact,46,0.0,0.0027580859639454915,0.018397277220505763
32,8192,balanced,same_direction,46,0.0025000000000000022,0.005891455510314569,0.030219934082288083
32,8192,balanced,opposite_direction,46,-0.022500000000000006,-0.015522219398485915,-0.0005189080467128981
32,8192,balanced,exact,47,0.0,0.002674664323781669,0.018966804577628314
32,8192,balanced,same_direction,47,0.0025000000000000022,0.005963502453430169,0.030676750982810728
32,8192,balanced,opposite_direction,47,-0.022500000000000006,-0.014204124099669308,-7.317787060428455e-05
32,8192,balanced,exact,48,0.0,0.002451270436611041,0.01828534872832981
32,8192,balanced,same_direction,48,0.0025000000000000022,0.006965379395726516,0.03237959522286828
32,8192,balanced,opposite_direction,48,-0.022500000000000006,-0.015092636884189856,-0.00030823096060350884
32,8192,balanced,exact,49,0.0,0.0026372470714631506,0.019302958890971028
32,8192,balanced,same_direction,49,0.0025000000000000022,0.006363649160652681,0.030618385494532493
32,8192,balanced,opposite_direction,49,-0.022500000000000006,-0.015032751232161187,0.0003998347980146553
32,8192,balanced,exact,50,0.0,0.002845426542649728,0.01849487667444459
32,8192,balanced,same_direction,50,0.0025000000000000022,0.006362262911931836,0.03005903768812239
32,8192,balanced,opposite_direction,50,-0.022500000000000006,-0.012110860028888,0.0003659306637980893
32,8192,balanced,exact,51,0.0,0.0025592760216549488,0.01840725360219254
32,8192,balanced,same_direction,51,0.0025000000000000022,0.007092478212656431,0.03178020748147603
32,8192,balanced,opposite_direction,51,-0.022500000000000006,-0.01363406014762404,-5.4780154545258746e-05
32,8192,balanced,exact,52,0.0,0.002502976433873892,0.01795356806237789
32,8192,balanced,same_direction,52,0.0025000000000000022,0.006112609873487196,0.030525910838186482
32,8192,balanced,opposite_direction,52,-0.022500000000000006,-0.013811251868060474,-6.0731396066374974e-05
32,8192,balanced,exact,53,0.0,0.002234712893399821,0.01857255856631972
32,8192,balanced,same_direction,53,0.0025000000000000022,0.005574344684284005,0.029628903866153255
32,8192,balanced,opposite_direction,53,-0.022500000000000006,-0.013892247539973677,0.00016586325575590396
32,8192,balanced,exact,54,0.0,0.0026664319333700587,0.01850401687686791
32,8192,balanced,same_direction,54,0.0025000000000000022,0.005736998059666573,0.03111909566037272
32,8192,balanced,opposite_direction,54,-0.022500000000000006,-0.016166519914110673,-0.00025017061765775044
32,8192,balanced,exact,55,0.0,0.0028716288561912917,0.01829444628698222
32,8192,balanced,same_direction,55,0.0025000000000000022,0.006539630779250714,0.030510170769697136
32,8192,balanced,opposite_direction,55,-0.022500000000000006,-0.013855370010886856,-3.801115548518855e-05
32,8192,balanced,exact,56,0.0,0.0031353243218618437,0.019728974350681782
32,8192,balanced,same_direction,56,0.0025000000000000022,0.006906897251281179,0.03025652094830388
32,8192,balanced,opposite_direction,56,-0.022500000000000006,-0.014263504916458034,0.000918502314723082
32,8192,balanced,exact,57,0.0,0.00275772755565479,0.018397343773176825
32,8192,balanced,same_direction,57,0.0025000000000000022,0.007125012989651791,0.03128266557569379
32,8192,balanced,opposite_direction,57,-0.022500000000000006,-0.016049685663368236,-0.0006330300816462265
32,8192,balanced,exact,58,0.0,0.002764846050384749,0.018166564067514566
32,8192,balanced,same_direction,58,0.0025000000000000022,0.00611390413498015,0.029857134218703067
32,8192,balanced,opposite_direction,58,-0.022500000000000006,-0.013654822389637979,-6.693404835132238e-05
32,8192,balanced,exact,59,0.0,0.0026014346368720474,0.01883109378809212
32,8192,balanced,same_direction,59,0.0025000000000000022,0.005443489335284694,0.02865471558563136
32,8192,balanced,opposite_direction,59,-0.022500000000000006,-0.0137519146277803,1.6753716291011361e-06
32,8192,balanced,exact,60,0.0,0.0026049817179003816,0.01823746003281655
32,8192,balanced,same_direction,60,0.0025000000000000022,0.005901854946310816,0.02883354838248566
32,8192,balanced,opposite_direction,60,-0.022500000000000006,-0.014071744107154834,-3.3044707161911545e-05
32,8192,balanced,exact,61,0.0,0.0025770897570112786,0.018748304401628616
32,8192,balanced,same_direction,61,0.0025000000000000022,0.006346492834427491,0.03010023026913104
32,8192,balanced,opposite_direction,61,-0.022500000000000006,-0.012011148015185382,0.0006438522791971713
32,8192,balanced,exact,62,0.0,0.002289342701346994,0.01817072885974494
32,8192,balanced,same_direction,62,0.0025000000000000022,0.0059178845939548,0.029286170628365353
32,8192,balanced,opposite_direction,62,-0.022500000000000006,-0.013499247495052963,0.00010303852968243631
32,8192,balanced,exact,63,0.0,0.002716807190150346,0.018540619913981763
32,8192,balanced,same_direction,63,0.0025000000000000022,0.006245502248356155,0.029713338987749225
32,8192,balanced,opposite_direction,63,-0.022500000000000006,-0.013103128146268102,-1.955788845090821e-05
32,8192,balanced,exact,64,0.0,0.0026015269282015493,0.01833482541076567
32,8192,balanced,same_direction,64,0.0025000000000000022,0.006262837197740283,0.029363464527711082
32,8192,balanced,opposite_direction,64,-0.022500000000000006,-0.014833767439620893,-0.00029448226884443173
32,8192,balanced,exact,65,0.0,0.002779713233874861,0.01872192094821551
32,8192,balanced,same_direction,65,0.0025000000000000022,0.0068492599101257524,0.030803120769480014
32,8192,balanced,opposite_direction,65,-0.022500000000000006,-0.01427228668955881,-0.00038217887324398775
32,8192,balanced,exact,66,0.0,0.0026931545503464296,0.01906643958767983
32,8192,balanced,same_direction,66,0.0025000000000000022,0.007157736095181907,0.03083253189835843
32,8192,balanced,opposite_direction,66,-0.022500000000000006,-0.015820601937931392,0.0001378578886148626
32,8192,balanced,exact,67,0.0,0.002578848688877489,0.018500726794363022
32,8192,balanced,same_direction,67,0.0025000000000000022,0.0063283561232579544,0.029649718310754265
32,8192,balanced,opposite_direction,67,-0.022500000000000006,-0.013712465904192535,-0.00013897317793892756
32,8192,balanced,exact,68,0.0,0.0025030126939093863,0.018887628017658017
32,8192,balanced,same_direction,68,0.0025000000000000022,0.006360034589278858,0.03112710947218565
32,8192,balanced,opposite_direction,68,-0.022500000000000006,-0.01664929044403852,-0.00035423748901120434
32,8192,balanced,exact,69,0.0,0.0026997853268786393,0.018480975477150205
32,8192,balanced,same_direction,69,0.0025000000000000022,0.007024899378007612,0.031091304755771796
32,8192,balanced,opposite_direction,69,-0.022500000000000006,-0.014200714575179282,-0.00030645901983006167
32,8192,balanced,exact,70,0.0,0.0024527881062978265,0.018476293446624124
32,8192,balanced,same_direction,70,0.0025000000000000022,0.006438296993931961,0.030937003132339696
32,8192,balanced,opposite_direction,70,-0.022500000000000006,-0.01395293408401887,5.981594108843249e-05
32,8192,balanced,exact,71,0.0,0.0025855860112310065,0.01851268234372152
32,8192,balanced,same_direction,71,0.0025000000000000022,0.00576328346682109,0.03013272227544047
32,8192,balanced,opposite_direction,71,-0.022500000000000006,-0.013657923247768827,0.0007109455913569804
32,8192,balanced,exact,72,0.0,0.0031022655711085744,0.018992921980594435
32,8192,balanced,same_direction,72,0.0025000000000000022,0.0063705780962716434,0.030847550924578197
32,8192,balanced,opposite_direction,72,-0.022500000000000006,-0.013449381894486974,0.00034543412573662477
32,8192,balanced,exact,73,0.0,0.0027486656410981823,0.018433560771026165
32,8192,balanced,same_direction,73,0.0025000000000000022,0.005956959113052142,0.029158584930787806
32,8192,balanced,opposite_direction,73,-0.022500000000000006,-0.012588072853708191,0.00025579837904146613
32,8192,balanced,exact,74,0.0,0.002528403220079499,0.018305896848382665
32,8192,balanced,same_direction,74,0.0025000000000000022,0.006827656922540438,0.031757247480012914
32,8192,balanced,opposite_direction,74,-0.022500000000000006,-0.015801900041078405,-0.0006422975886126651
32,8192,balanced,exact,75,0.0,0.002502072946902105,0.01858201925847249
32,8192,balanced,same_direction,75,0.0025000000000000022,0.005854138630838297,0.03012526230486889
32,8192,balanced,opposite_direction,75,-0.022500000000000006,-0.013157132730682426,0.0001903576676107742
32,8192,balanced,exact,76,0.0,0.002863565031256677,0.018872197914166396
32,8192,balanced,same_direction,76,0.0025000000000000022,0.007102231056275929,0.031203031621252663
32,8192,balanced,opposite_direction,76,-0.022500000000000006,-0.01381600731890756,0.0006175704144225666
32,8192,balanced,exact,77,0.0,0.002796154159834043,0.018296057000534056
32,8192,balanced,same_direction,77,0.0025000000000000022,0.006967513224459746,0.0307704420259402
32,8192,balanced,opposite_direction,77,-0.022500000000000006,-0.013679415676483422,-0.000426725419433643
32,8192,balanced,exact,78,0.0,0.002570207702997128,0.018115958726855296
32,8192,balanced,same_direction,78,0.0025000000000000022,0.0068154829639224925,0.030664065488177177
32,8192,balanced,opposite_direction,78,-0.022500000000000006,-0.013857306595913043,0.000122773253604139
32,8192,balanced,exact,79,0.0,0.0029882525009584725,0.019488626396077815
32,8192,balanced,same_direction,79,0.0025000000000000022,0.005967482960936249,0.030025680242288126
32,8192,balanced,opposite_direction,79,-0.022500000000000006,-0.012633977767856113,0.0003100300490730952
32,8192,balanced,exact,80,0.0,0.0021914532355525266,0.017649072615675044
32,8192,balanced,same_direction,80,0.0025000000000000022,0.006146359804323367,0.029919180921787036
32,8192,balanced,opposite_direction,80,-0.022500000000000006,-0.013314253394656625,-0.00035131999089515006
32,8192,balanced,exact,81,0.0,0.0026422723201467192,0.01897131561966504
32,8192,balanced,same_direction,81,0.0025000000000000022,0.006751890953362553,0.031153020500617534
32,8192,balanced,opposite_direction,81,-0.022500000000000006,-0.01542972917050453,-5.480249429581406e-05
32,8192,balanced,exact,82,0.0,0.0024684946021725374,0.01795194293089452
32,8192,balanced,same_direction,82,0.0025000000000000022,0.00616552209809021,0.03003947966086692
32,8192,balanced,opposite_direction,82,-0.022500000000000006,-0.01484079144822719,-0.00034744177651666795
32,8192,balanced,exact,83,0.0,0.0029462859081474044,0.018875997666857672
32,8192,balanced,same_direction,83,0.0025000000000000022,0.006991110986496519,0.029614967303827334
32,8192,balanced,opposite_direction,83,-0.022500000000000006,-0.013834094893991138,0.00037822013973193286
32,8192,balanced,exact,84,0.0,0.0026274966501893256,0.018226662229032103
32,8192,balanced,same_direction,84,0.0025000000000000022,0.006175895149378136,0.030109458221518247
32,8192,balanced,opposite_direction,84,-0.022500000000000006,-0.01518565098234047,-1.1783018518246698e-05
32,8192,balanced,exact,85,0.0,0.0031834299880653828,0.018506955764937185
32,8192,balanced,same_direction,85,0.0025000000000000022,0.006976232896003506,0.030303131308093402
32,8192,balanced,opposite_direction,85,-0.022500000000000006,-0.014715972267887461,8.961688965331076e-06
32,8192,balanced,exact,86,0.0,0.002559579452585641,0.019011691373831855
32,8192,balanced,same_direction,86,0.0025000000000000022,0.007220255486432215,0.03175595881812227
32,8192,balanced,opposite_direction,86,-0.022500000000000006,-0.014524451164022073,-0.00012625261215091853
32,8192,balanced,exact,87,0.0,0.0026824010038330537,0.019202549297776206
32,8192,balanced,same_direction,87,0.0025000000000000022,0.005547051460980601,0.028574089463935307
32,8192,balanced,opposite_direction,87,-0.022500000000000006,-0.014694062053533751,0.00015239218208973633
32,8192,balanced,exact,88,0.0,0.002606694796433103,0.01788204464047874
32,8192,balanced,same_direction,88,0.0025000000000000022,0.006274728794350948,0.030484139624929105
32,8192,balanced,opposite_direction,88,-0.022500000000000006,-0.015623259839224291,-0.0006762053967794658
32,8192,balanced,exact,89,0.0,0.0028625108495527077,0.0186137897636654
32,8192,balanced,same_direction,89,0.0025000000000000022,0.007014561437038247,0.031456199189946056
32,8192,balanced,opposite_direction,89,-0.022500000000000006,-0.012442977730834498,0.00018646326910665267
32,8192,balanced,exact,90,0.0,0.002516463899991705,0.018421925978416152
32,8192,balanced,same_direction,90,0.0025000000000000022,0.005635090626739309,0.030049996284067362
32,8192,balanced,opposite_direction,90,-0.022500000000000006,-0.014644481805602991,-0.0007833078402753271
32,8192,balanced,exact,91,0.0,0.0027190511932364426,0.019423697027505835
32,8192,balanced,same_direction,91,0.0025000000000000022,0.0058380861119757994,0.029435763237918543
32,8192,balanced,opposite_direction,91,-0.022500000000000006,-0.014245582733402925,0.00014245336257914505
32,8192,balanced,exact,92,0.0,0.002753949271055457,0.018400298697930792
32,8192,balanced,same_direction,92,0.0025000000000000022,0.007047060529590908,0.031162842754912223
32,8192,balanced,opposite_direction,92,-0.022500000000000006,-0.014338204596392531,-0.0005123152181898678
32,8192,balanced,exact,93,0.0,0.0026215888655143323,0.018104336797466692
32,8192,balanced,same_direction,93,0.0025000000000000022,0.005712681250535895,0.02932838940117065
32,8192,balanced,opposite_direction,93,-0.022500000000000006,-0.015178189093406447,-0.00041726554423387265
32,8192,balanced,exact,94,0.0,0.0023469400937895834,0.018222171227968285
32,8192,balanced,same_direction,94,0.0025000000000000022,0.005992268275637518,0.03092846573307433
32,8192,balanced,opposite_direction,94,-0.022500000000000006,-0.013798729602016231,-0.0001299345171335777
32,8192,balanced,exact,95,0.0,0.0026438862853685585,0.018775528406983488
32,8192,balanced,same_direction,95,0.0025000000000000022,0.005494533156253327,0.028280542090038496
32,8192,balanced,opposite_direction,95,-0.022500000000000006,-0.015047717790690151,-0.00037274664959246974
32,8192,balanced,exact,96,0.0,0.0024435999210531724,0.01853533506761266
32,8192,balanced,same_direction,96,0.0025000000000000022,0.006275856994466515,0.03133662971215815
32,8192,balanced,opposite_direction,96,-0.022500000000000006,-0.01426948365179156,1.3191784861763617e-05
32,8192,balanced,exact,97,0.0,0.0030131038203940652,0.018673143954612646
32,8192,balanced,same_direction,97,0.0025000000000000022,0.006431492954348771,0.030698405218873497
32,8192,balanced,opposite_direction,97,-0.022500000000000006,-0.013330726589816327,0.0002881168602607123
32,8192,balanced,exact,98,0.0,0.002584177517000807,0.018217863064302203
32,8192,balanced,same_direction,98,0.0025000000000000022,0.0061429077061417835,0.02876892841972459
32,8192,balanced,opposite_direction,98,-0.022500000000000006,-0.015133929369741622,-0.00028339222828515276
32,8192,balanced,exact,99,0.0,0.002984192585114961,0.01898201351160379
32,8192,balanced,same_direction,99,0.0025000000000000022,0.005169655963267957,0.028106001583672054
32,8192,balanced,opposite_direction,99,-0.022500000000000006,-0.014480614765310507,-0.00023903815271549374
32,8192,balanced,exact,100,0.0,0.0028638508244085512,0.018746667978649573
32,8192,balanced,same_direction,100,0.0025000000000000022,0.007289789007421247,0.03134542936465649
32,8192,balanced,opposite_direction,100,-0.022500000000000006,-0.014519290031150737,-4.736175550846245e-05
32,8192,balanced,exact,101,0.0,0.0023681361784534923,0.01825952449650772
32,8192,balanced,same_direction,101,0.0025000000000000022,0.006380124786783314,0.030825764923435292
32,8192,balanced,opposite_direction,101,-0.022500000000000006,-0.01290483216335513,0.00020900282357374093
32,8192,balanced,exact,102,0.0,0.0022823645634270783,0.01810646001361057
32,8192,balanced,same_direction,102,0.0025000000000000022,0.005731388432994907,0.029577781792922673
32,8192,balanced,opposite_direction,102,-0.022500000000000006,-0.013835406671662802,-0.0006298244838147728
32,8192,balanced,exact,103,0.0,0.0029936030187931997,0.018515184010170976
32,8192,balanced,same_direction,103,0.0025000000000000022,0.006965527321723373,0.03001746949781906
32,8192,balanced,opposite_direction,103,-0.022500000000000006,-0.012536386012955598,0.00043218372334887585
32,8192,balanced,exact,104,0.0,0.0026321114527712514,0.018620631457178505
32,8192,balanced,same_direction,104,0.0025000000000000022,0.006371463502990759,0.03100960977278472
32,8192,balanced,opposite_direction,104,-0.022500000000000006,-0.015519203001498085,0.00025993174772052214
32,8192,balanced,exact,105,0.0,0.0026861850716095553,0.01853669607174442
32,8192,balanced,same_direction,105,0.0025000000000000022,0.005850401451356686,0.028834199157738147
32,8192,balanced,opposite_direction,105,-0.022500000000000006,-0.014197771845258673,0.00011056011791153885
32,8192,balanced,exact,106,0.0,0.0025946179691965477,0.018500242517403842
32,8192,balanced,same_direction,106,0.0025000000000000022,0.005703803993547605,0.0294928296757053
32,8192,balanced,opposite_direction,106,-0.022500000000000006,-0.015091478183447044,-0.0004249908823961351
32,8192,balanced,exact,107,0.0,0.002480561361287601,0.01849529446341668
32,8192,balanced,same_direction,107,0.0025000000000000022,0.0061189493352177115,0.03037542887859556
32,8192,balanced,opposite_direction,107,-0.022500000000000006,-0.01432587993867606,-7.77018584293173e-05
32,8192,balanced,exact,108,0.0,0.0026028479015000354,0.018702532142779334
32,8192,balanced,same_direction,108,0.0025000000000000022,0.005828614758488738,0.029231797018184784
32,8192,balanced,opposite_direction,108,-0.022500000000000006,-0.01437986166830743,0.00019190162598032773
32,8192,balanced,exact,109,0.0,0.00256212515271565,0.01826503211117017
32,8192,balanced,same_direction,109,0.0025000000000000022,0.005373510948962504,0.029234494927897925
32,8192,balanced,opposite_direction,109,-0.022500000000000006,-0.014134298285565634,6.422346896168897e-05
32,8192,balanced,exact,110,0.0,0.0022577055267673984,0.018101595349279347
32,8192,balanced,same_direction,110,0.0025000000000000022,0.005900086999387286,0.02931563401950684
32,8192,balanced,opposite_direction,110,-0.022500000000000006,-0.01303842538861731,-0.00027372218080221896
32,8192,balanced,exact,111,0.0,0.0026753294030345378,0.018810555295060327
32,8192,balanced,same_direction,111,0.0025000000000000022,0.007512848335219518,0.03213162263108571
32,8192,balanced,opposite_direction,111,-0.022500000000000006,-0.013617036477025304,0.0006132430606467953
32,8192,balanced,exact,112,0.0,0.0026794697879366967,0.018402491991368033
32,8192,balanced,same_direction,112,0.0025000000000000022,0.0058393845398017116,0.029388293664787932
32,8192,balanced,opposite_direction,112,-0.022500000000000006,-0.014637490169317488,-0.00043680770995567654
32,8192,balanced,exact,113,0.0,0.002702119222502725,0.019069685123447984
32,8192,balanced,same_direction,113,0.0025000000000000022,0.005713668962094087,0.03024134041732785
32,8192,balanced,opposite_direction,113,-0.022500000000000006,-0.01529581318767517,0.00029198675584242174
32,8192,balanced,exact,114,0.0,0.0027009440052426477,0.018869266338305754
32,8192,balanced,same_direction,114,0.0025000000000000022,0.005524675709738774,0.029311104378257433
32,8192,balanced,opposite_direction,114,-0.022500000000000006,-0.015785050966247223,-0.0004328176162513889
32,8192,balanced,exact,115,0.0,0.0024509992714408894,0.018225036883862386
32,8192,balanced,same_direction,115,0.0025000000000000022,0.007363643622038101,0.03212889920669806
32,8192,balanced,opposite_direction,115,-0.022500000000000006,-0.013474115731950152,0.00031757896151945103
32,8192,balanced,exact,116,0.0,0.00254367250396495,0.01831449398501897
32,8192,balanced,same_direction,116,0.0025000000000000022,0.0061347397936039015,0.029270701346407444
32,8192,balanced,opposite_direction,116,-0.022500000000000006,-0.01509091492009798,-3.611650360561333e-05
32,8192,balanced,exact,117,0.0,0.002734293389594561,0.01932328536281233
32,8192,balanced,same_direction,117,0.0025000000000000022,0.006217752291748074,0.02937591077429717
32,8192,balanced,opposite_direction,117,-0.022500000000000006,-0.014313709593324717,0.00040672166753055684
32,8192,balanced,exact,118,0.0,0.002740973188074205,0.019183612112090846
32,8192,balanced,same_direction,118,0.0025000000000000022,0.00793337779929059,0.03349584901667289
32,8192,balanced,opposite_direction,118,-0.022500000000000006,-0.014557837398852976,6.0953863577759166e-05
32,8192,balanced,exact,119,0.0,0.002512043895550314,0.018525546577318638
32,8192,balanced,same_direction,119,0.0025000000000000022,0.006842877850416509,0.03133249746006859
32,8192,balanced,opposite_direction,119,-0.022500000000000006,-0.015102643934421393,0.00015534732341759334
32,8192,balanced,exact,120,0.0,0.002269071779505552,0.017633423331086886
32,8192,balanced,same_direction,120,0.0025000000000000022,0.005640047548156698,0.029635143800088738
32,8192,balanced,opposite_direction,120,-0.022500000000000006,-0.015242668897346764,-0.0006745304040887908
32,8192,balanced,exact,121,0.0,0.0034145007119700055,0.019360592399133104
32,8192,balanced,same_direction,121,0.0025000000000000022,0.006404695368628597,0.028812115311004166
32,8192,balanced,opposite_direction,121,-0.022500000000000006,-0.014394129134080367,-2.217293989571742e-05
32,8192,balanced,exact,122,0.0,0.002337223888745272,0.018100391397840362
32,8192,balanced,same_direction,122,0.0025000000000000022,0.0068153057506960355,0.03069196466160206
32,8192,balanced,opposite_direction,122,-0.022500000000000006,-0.011806540307338409,0.00022558273811745886
32,8192,balanced,exact,123,0.0,0.0024434775085415347,0.018348394545504798
32,8192,balanced,same_direction,123,0.0025000000000000022,0.006038194351690756,0.030198924411206134
32,8192,balanced,opposite_direction,123,-0.022500000000000006,-0.015200516459735212,-0.0005044693451292394
32,8192,balanced,exact,124,0.0,0.0027808041549390863,0.018572817642403896
32,8192,balanced,same_direction,124,0.0025000000000000022,0.006542707181200088,0.03229492412898655
32,8192,balanced,opposite_direction,124,-0.022500000000000006,-0.012911689490002584,0.0007026387768263918
32,8192,balanced,exact,125,0.0,0.002661640215015463,0.018738563012927693
32,8192,balanced,same_direction,125,0.0025000000000000022,0.006004727160892979,0.030336488515844282
32,8192,balanced,opposite_direction,125,-0.022500000000000006,-0.01325029436846983,-0.0003294022045274488
32,8192,balanced,exact,126,0.0,0.002459304918013003,0.01840358153630942
32,8192,balanced,same_direction,126,0.0025000000000000022,0.007064844298485355,0.0320612145320322
32,8192,balanced,opposite_direction,126,-0.022500000000000006,-0.012703407145730391,0.00020208329256207885
32,8192,balanced,exact,127,0.0,0.0026025929571665083,0.018977524743250734
32,8192,balanced,same_direction,127,0.0025000000000000022,0.006899471105474632,0.030817203245311436
32,8192,balanced,opposite_direction,127,-0.022500000000000006,-0.015664833909181244,-0.0002913248763131318
32,8192,balanced,exact,128,0.0,0.0024576622411196024,0.0185673194234122
32,8192,balanced,same_direction,128,0.0025000000000000022,0.006342786149532064,0.030327328624878157
32,8192,balanced,opposite_direction,128,-0.022500000000000006,-0.01426592291587047,-0.0006789179957698703
32,8192,balanced,exact,129,0.0,0.002463635593896423,0.018417621315211238
32,8192,balanced,same_direction,129,0.0025000000000000022,0.0063475014758694655,0.030341932138958153
32,8192,balanced,opposite_direction,129,-0.022500000000000006,-0.0141324281956931,0.0003120423683461921
32,8192,balanced,exact,130,0.0,0.0025151033208294766,0.018290161146354282
32,8192,balanced,same_direction,130,0.0025000000000000022,0.005932383287021817,0.029922535997774512
32,8192,balanced,opposite_direction,130,-0.022500000000000006,-0.014865518482876365,-0.0005471783589682194
32,8192,balanced,exact,131,0.0,0.0025953867859275434,0.018667351219261857
32,8192,balanced,same_direction,131,0.0025000000000000022,0.006202191964220952,0.029352714017680675
32,8192,balanced,opposite_direction,131,-0.022500000000000006,-0.01551882992913409,-0.00023013495129028407
32,8192,balanced,exact,132,0.0,0.0025645212765656863,0.01840804623637615
32,8192,balanced,same_direction,132,0.0025000000000000022,0.0064587100674985765,0.03040714487749368
32,8192,balanced,opposite_direction,132,-0.022500000000000006,-0.014292133622188142,0.00017779236117666648
32,8192,balanced,exact,133,0.0,0.0028584870323961693,0.01873336989110094
32,8192,balanced,same_direction,133,0.0025000000000000022,0.00726223675129406,0.030945373568729204
32,8192,balanced,opposite_direction,133,-0.022500000000000006,-0.015167361096787612,0.0001350163722405612
32,8192,balanced,exact,134,0.0,0.0027982682882598782,0.018583398870213378
32,8192,balanced,same_direction,134,0.0025000000000000022,0.006055091485541901,0.02891291408184349
32,8192,balanced,opposite_direction,134,-0.022500000000000006,-0.014090806551586652,-0.0001418911379778031
32,8192,balanced,exact,135,0.0,0.003094147009615989,0.019088878990029718
32,8192,balanced,same_direction,135,0.0025000000000000022,0.006523988169174534,0.030701965033144457
32,8192,balanced,opposite_direction,135,-0.022500000000000006,-0.013406849649289877,0.00066074265109279
32,8192,balanced,exact,136,0.0,0.0026936404007728075,0.01851148404059151
32,8192,balanced,same_direction,136,0.0025000000000000022,0.006972312674330362,0.029800386987668053
32,8192,balanced,opposite_direction,136,-0.022500000000000006,-0.014078525575418898,2.4500409429622397e-05
32,8192,balanced,exact,137,0.0,0.002546050850511624,0.017614662372089918
32,8192,balanced,same_direction,137,0.0025000000000000022,0.006492984095697031,0.031872793227812536
32,8192,balanced,opposite_direction,137,-0.022500000000000006,-0.012716355121176384,0.00047805732216537434
32,8192,balanced,exact,138,0.0,0.0026890652015126547,0.01847792636906265
32,8192,balanced,same_direction,138,0.0025000000000000022,0.006977639880925986,0.031864036206729354
32,8192,balanced,opposite_direction,138,-0.022500000000000006,-0.014744138471457197,-9.414554213438579e-05
32,8192,balanced,exact,139,0.0,0.0024959178941706987,0.01861710549024288
32,8192,balanced,same_direction,139,0.0025000000000000022,0.00658709308156368,0.030516514802017152
32,8192,balanced,opposite_direction,139,-0.022500000000000006,-0.014450474182071262,-0.00045459094022471134
32,8192,balanced,exact,140,0.0,0.002485392648061421,0.01859871061871547
32,8192,balanced,same_direction,140,0.0025000000000000022,0.006104745410746475,0.03087809641983571
32,8192,balanced,opposite_direction,140,-0.022500000000000006,-0.014595074868107656,-0.0002524760641631048
32,8192,balanced,exact,141,0.0,0.002775552014047433,0.019575312250549537
32,8192,balanced,same_direction,141,0.0025000000000000022,0.006421774368227197,0.03093663203789323
32,8192,balanced,opposite_direction,141,-0.022500000000000006,-0.014829311095949128,0.0005016690455008619
32,8192,balanced,exact,142,0.0,0.002958590234974399,0.01932527161662092
32,8192,balanced,same_direction,142,0.0025000000000000022,0.005848422703796667,0.02940813757095361
32,8192,balanced,opposite_direction,142,-0.022500000000000006,-0.015189549953259798,9.515297366439833e-05
32,8192,balanced,exact,143,0.0,0.002716279776246092,0.019074925019866816
32,8192,balanced,same_direction,143,0.0025000000000000022,0.006396204103837861,0.03066215286197485
32,8192,balanced,opposite_direction,143,-0.022500000000000006,-0.013959537194665934,0.0002332194883103516
32,8192,balanced,exact,144,0.0,0.0025420896940719076,0.01898548902984916
32,8192,balanced,same_direction,144,0.0025000000000000022,0.00628026695764403,0.030060299533983058
32,8192,balanced,opposite_direction,144,-0.022500000000000006,-0.013940713359743005,0.00011536674284698849
32,8192,balanced,exact,145,0.0,0.0027442550565830648,0.01920970453226875
32,8192,balanced,same_direction,145,0.0025000000000000022,0.0061637944870650396,0.029758007006577304
32,8192,balanced,opposite_direction,145,-0.022500000000000006,-0.013879311155537456,0.0013989772765790611
32,8192,balanced,exact,146,0.0,0.002480700751120296,0.01843283073331938
32,8192,balanced,same_direction,146,0.0025000000000000022,0.006468697522454001,0.03049327689119553
32,8192,balanced,opposite_direction,146,-0.022500000000000006,-0.013641114162445213,0.00016586617934056364
32,8192,balanced,exact,147,0.0,0.0024797871406210545,0.018605160306572527
32,8192,balanced,same_direction,147,0.0025000000000000022,0.006167136051962446,0.030203314173960737
32,8192,balanced,opposite_direction,147,-0.022500000000000006,-0.015533476567927147,-0.00034415594544769237
32,8192,balanced,exact,148,0.0,0.002872160813625398,0.018609746346873523
32,8192,balanced,same_direction,148,0.0025000000000000022,0.006935057433285177,0.02971206623921221
32,8192,balanced,opposite_direction,148,-0.022500000000000006,-0.014592007630608873,-8.648418053533333e-05
32,8192,balanced,exact,149,0.0,0.0024620180146237673,0.017941661752811047
32,8192,balanced,same_direction,149,0.0025000000000000022,0.006226124903925307,0.030637848774798762
32,8192,balanced,opposite_direction,149,-0.022500000000000006,-0.01480327971498875,-0.0004134245448397847
32,8192,balanced,exact,150,0.0,0.002476364956431226,0.01892988515167955
32,8192,balanced,same_direction,150,0.0025000000000000022,0.0064189116933133184,0.03110231160550012
32,8192,balanced,opposite_direction,150,-0.022500000000000006,-0.013894930428439107,-0.00043697302812457125
32,8192,balanced,exact,151,0.0,0.002742542312315881,0.018581877719850756
32,8192,balanced,same_direction,151,0.0025000000000000022,0.006555799931297153,0.02983634092415037
32,8192,balanced,opposite_direction,151,-0.022500000000000006,-0.013625834830999377,9.730774620886111e-05
32,8192,balanced,exact,152,0.0,0.002365028779697265,0.01795647957696839
32,8192,balanced,same_direction,152,0.0025000000000000022,0.0064025128826660175,0.030369073221534863
32,8192,balanced,opposite_direction,152,-0.022500000000000006,-0.015526950996889066,-0.00053662941038376
32,8192,balanced,exact,153,0.0,0.002663586961878345,0.018763288372466724
32,8192,balanced,same_direction,153,0.0025000000000000022,0.007193920839116192,0.030374133729720226
32,8192,balanced,opposite_direction,153,-0.022500000000000006,-0.0130487940001555,0.0002685338595726335
32,8192,balanced,exact,154,0.0,0.002777006946163024,0.018994791116762322
32,8192,balanced,same_direction,154,0.0025000000000000022,0.006702448948743457,0.029941595677433888
32,8192,balanced,opposite_direction,154,-0.022500000000000006,-0.014727838293682445,-0.00017499113640099233
32,8192,balanced,exact,155,0.0,0.002841162019203924,0.018947851109830716
32,8192,balanced,same_direction,155,0.0025000000000000022,0.007061782863050233,0.031395992507449594
32,8192,balanced,opposite_direction,155,-0.022500000000000006,-0.013328295166670352,-0.00019430936434714183
32,8192,balanced,exact,156,0.0,0.0026663836816295567,0.018464348575010496
32,8192,balanced,same_direction,156,0.0025000000000000022,0.005520994005607108,0.027769469879749143
32,8192,balanced,opposite_direction,156,-0.022500000000000006,-0.014663792992734754,0.00017457652929879833
32,8192,balanced,exact,157,0.0,0.00268212156762122,0.018892372265602617
32,8192,balanced,same_direction,157,0.0025000000000000022,0.0051811107427328406,0.027957665231902868
32,8192,balanced,opposite_direction,157,-0.022500000000000006,-0.013849660284990753,-0.0001304706635238547
32,8192,balanced,exact,158,0.0,0.0026191638102207662,0.01860742885249267
32,8192,balanced,same_direction,158,0.0025000000000000022,0.005565956194388081,0.02969886646244547
32,8192,balanced,opposite_direction,158,-0.022500000000000006,-0.014439671674176554,-0.00020031264158255538
32,8192,balanced,exact,159,0.0,0.002488952015492621,0.018210090174759608
32,8192,balanced,same_direction,159,0.0025000000000000022,0.005410589678538904,0.029024360745348064
32,8192,balanced,opposite_direction,159,-0.022500000000000006,-0.013666077408596154,-0.00044727801808140894
32,8192,balanced,exact,160,0.0,0.0023830642820470223,0.01784619607875412
32,8192,balanced,same_direction,160,0.0025000000000000022,0.0063331218745392775,0.031164703971963876
32,8192,balanced,opposite_direction,160,-0.022500000000000006,-0.017504646271983355,-0.0007022981895851655
32,8192,balanced,exact,161,0.0,0.002270407882056065,0.017940589209892235
32,8192,balanced,same_direction,161,0.0025000000000000022,0.006596889353958372,0.030579461466657222
32,8192,balanced,opposite_direction,161,-0.022500000000000006,-0.015686497933823172,-0.0007896274968618659
32,8192,balanced,exact,162,0.0,0.002662428515060198,0.01827867881731127
32,8192,balanced,same_direction,162,0.0025000000000000022,0.006837702092329719,0.030465925900052072
32,8192,balanced,opposite_direction,162,-0.022500000000000006,-0.014630418898246868,-0.00010282071591390994
32,8192,balanced,exact,163,0.0,0.002696673702323788,0.018913809427259665
32,8192,balanced,same_direction,163,0.0025000000000000022,0.006998494529584893,0.030652233066232885
32,8192,balanced,opposite_direction,163,-0.022500000000000006,-0.014924003697664416,-0.00015598924575444158
32,8192,balanced,exact,164,0.0,0.002629566760412011,0.01868758908603272
32,8192,balanced,same_direction,164,0.0025000000000000022,0.00734266698062084,0.032694405042343215
32,8192,balanced,opposite_direction,164,-0.022500000000000006,-0.013504109566809466,-0.00011780002350368109
32,8192,balanced,exact,165,0.0,0.0027365345211164756,0.01828191840945201
32,8192,balanced,same_direction,165,0.0025000000000000022,0.006587998783397971,0.03045551646767698
32,8192,balanced,opposite_direction,165,-0.022500000000000006,-0.015520710369068743,-0.00014638244887708526
32,8192,balanced,exact,166,0.0,0.002523974217431173,0.018555084360335834
32,8192,balanced,same_direction,166,0.0025000000000000022,0.006431706107603645,0.03138291314510202
32,8192,balanced,opposite_direction,166,-0.022500000000000006,-0.015518150603032887,-0.00039678225843740866
32,8192,balanced,exact,167,0.0,0.0027037468582377638,0.018851012763260653
32,8192,balanced,same_direction,167,0.0025000000000000022,0.0070157263330752825,0.029622904529581592
32,8192,balanced,opposite_direction,167,-0.022500000000000006,-0.014282883014253945,-0.00014029532890342018
32,8192,balanced,exact,168,0.0,0.003112617323794568,0.019116928130524822
32,8192,balanced,same_direction,168,0.0025000000000000022,0.007536312053358008,0.03166715707023013
32,8192,balanced,opposite_direction,168,-0.022500000000000006,-0.014801982339245599,0.00013555786617364666
32,8192,balanced,exact,169,0.0,0.002636391100835548,0.01888737035052207
32,8192,balanced,same_direction,169,0.0025000000000000022,0.0071162854076918716,0.03111561062160586
32,8192,balanced,opposite_direction,169,-0.022500000000000006,-0.014544128439539613,-0.00038059464659118516
32,8192,balanced,exact,170,0.0,0.002673790691964777,0.01856128168569118
32,8192,balanced,same_direction,170,0.0025000000000000022,0.006824550704870175,0.030702555337654015
32,8192,balanced,opposite_direction,170,-0.022500000000000006,-0.0139654169436046,0.00016712244691614373
32,8192,balanced,exact,171,0.0,0.002533187100082406,0.01844717561880431
32,8192,balanced,same_direction,171,0.0025000000000000022,0.00609664586356856,0.030147749207158837
32,8192,balanced,opposite_direction,171,-0.022500000000000006,-0.014585347848357603,0.00048100963633777416
32,8192,balanced,exact,172,0.0,0.0027326198089259205,0.019363082787520355
32,8192,balanced,same_direction,172,0.0025000000000000022,0.007086012637452481,0.031887013659497074
32,8192,balanced,opposite_direction,172,-0.022500000000000006,-0.01404296219260539,-0.0001938795944854615
32,8192,balanced,exact,173,0.0,0.0028164917799335678,0.018311328176269508
32,8192,balanced,same_direction,173,0.0025000000000000022,0.007294635978272785,0.03138173967084533
32,8192,balanced,opposite_direction,173,-0.022500000000000006,-0.01384706777065964,-0.00013131953727665708
32,8192,balanced,exact,174,0.0,0.002528309563730834,0.018384424635287104
32,8192,balanced,same_direction,174,0.0025000000000000022,0.006848220329140753,0.030629765964862544
32,8192,balanced,opposite_direction,174,-0.022500000000000006,-0.015878721972182454,-0.0005035440854305372
32,8192,balanced,exact,175,0.0,0.002872364190322315,0.01903493424570985
32,8192,balanced,same_direction,175,0.0025000000000000022,0.006921610179734328,0.030112496531549886
32,8192,balanced,opposite_direction,175,-0.022500000000000006,-0.013371576267022104,0.0007589946370010392
32,8192,balanced,exact,176,0.0,0.0027509814418250986,0.01854047617016015
32,8192,balanced,same_direction,176,0.0025000000000000022,0.006319913570734267,0.029444576853777472
32,8192,balanced,opposite_direction,176,-0.022500000000000006,-0.013896859461994187,-4.373661599303027e-05
32,8192,balanced,exact,177,0.0,0.002846976270644568,0.019066533783500646
32,8192,balanced,same_direction,177,0.0025000000000000022,0.00713904973239567,0.0326602527721794
32,8192,balanced,opposite_direction,177,-0.022500000000000006,-0.012462816263525984,0.00027755404534315014
32,8192,balanced,exact,178,0.0,0.002719327749700292,0.01867379478714391
32,8192,balanced,same_direction,178,0.0025000000000000022,0.0065933934456841965,0.029864399553151576
32,8192,balanced,opposite_direction,178,-0.022500000000000006,-0.013874413167634603,-0.0003039125641554813
32,8192,balanced,exact,179,0.0,0.0023779670806741895,0.017894886916509593
32,8192,balanced,same_direction,179,0.0025000000000000022,0.005512758620011998,0.028525719488285806
32,8192,balanced,opposite_direction,179,-0.022500000000000006,-0.014562362042393896,-0.0005629014511691025
32,8192,balanced,exact,180,0.0,0.002415863764998331,0.018040015371148042
32,8192,balanced,same_direction,180,0.0025000000000000022,0.006343456024900201,0.030027986030520572
32,8192,balanced,opposite_direction,180,-0.022500000000000006,-0.013345168838923279,0.0001311243689027533
32,8192,balanced,exact,181,0.0,0.002327000039333743,0.01879753384659218
32,8192,balanced,same_direction,181,0.0025000000000000022,0.006143646698568756,0.03108672627565499
32,8192,balanced,opposite_direction,181,-0.022500000000000006,-0.015234933924017667,-0.0002939733920358169
32,8192,balanced,exact,182,0.0,0.0025136445962824086,0.018300505233240068
32,8192,balanced,same_direction,182,0.0025000000000000022,0.005830230374267024,0.029507755792401957
32,8192,balanced,opposite_direction,182,-0.022500000000000006,-0.013990897035913235,-5.472441263356203e-05
32,8192,balanced,exact,183,0.0,0.002474686092039564,0.01798709353669228
32,8192,balanced,same_direction,183,0.0025000000000000022,0.006056221898274587,0.02967424841299447
32,8192,balanced,opposite_direction,183,-0.022500000000000006,-0.015500556971256275,-0.0003511444425245727
32,8192,balanced,exact,184,0.0,0.00275233954457682,0.01920548192842581
32,8192,balanced,same_direction,184,0.0025000000000000022,0.005645984864568864,0.029997513024522866
32,8192,balanced,opposite_direction,184,-0.022500000000000006,-0.014714796492263996,-0.0001458014114788587
32,8192,balanced,exact,185,0.0,0.0026549162077047824,0.018498926605259536
32,8192,balanced,same_direction,185,0.0025000000000000022,0.006877472683005911,0.03132840352491324
32,8192,balanced,opposite_direction,185,-0.022500000000000006,-0.015329203036706911,-0.0002448693930852883
32,8192,balanced,exact,186,0.0,0.00227760947844381,0.0178251157217952
32,8192,balanced,same_direction,186,0.0025000000000000022,0.006071005178298249,0.030666478599120178
32,8192,balanced,opposite_direction,186,-0.022500000000000006,-0.0144735962109021,-0.0005347318700694116
32,8192,balanced,exact,187,0.0,0.0026382869685301303,0.019336361507500847
32,8192,balanced,same_direction,187,0.0025000000000000022,0.006941289119122475,0.0311776526297842
32,8192,balanced,opposite_direction,187,-0.022500000000000006,-0.014132904061648707,0.0003297204989981964
32,8192,balanced,exact,188,0.0,0.0026802474003613025,0.018123325067054247
32,8192,balanced,same_direction,188,0.0025000000000000022,0.005813347156743526,0.029045250966176432
32,8192,balanced,opposite_direction,188,-0.022500000000000006,-0.015363283001712972,-0.00041738715427580195
32,8192,balanced,exact,189,0.0,0.0025114471735268405,0.01806697145641435
32,8192,balanced,same_direction,189,0.0025000000000000022,0.006593467806000736,0.03069772166408061
32,8192,balanced,opposite_direction,189,-0.022500000000000006,-0.014315631109430417,-0.0006487892677687617
32,8192,balanced,exact,190,0.0,0.0023518422926668146,0.018236178354900056
32,8192,balanced,same_direction,190,0.0025000000000000022,0.006615060506701787,0.030331002948291302
32,8192,balanced,opposite_direction,190,-0.022500000000000006,-0.01481314891912837,-0.0007903966947233715
32,8192,balanced,exact,191,0.0,0.0024393768329987174,0.018218247931050733
32,8192,balanced,same_direction,191,0.0025000000000000022,0.006139650845167515,0.02934466278885407
32,8192,balanced,opposite_direction,191,-0.022500000000000006,-0.012255466528666612,0.00038834600088314764
32,8192,balanced,exact,192,0.0,0.002858881552620423,0.01895996826046153
32,8192,balanced,same_direction,192,0.0025000000000000022,0.0061797399185528085,0.029985240955942905
32,8192,balanced,opposite_direction,192,-0.022500000000000006,-0.014364915047126338,0.0002851015820004174
32,8192,balanced,exact,193,0.0,0.0024880370603828587,0.01839178283647333
32,8192,balanced,same_direction,193,0.0025000000000000022,0.00683480284018073,0.03034383285062723
32,8192,balanced,opposite_direction,193,-0.022500000000000006,-0.014657162474741138,-0.0003895915932382289
32,8192,balanced,exact,194,0.0,0.0025015101318631586,0.018269002343264614
32,8192,balanced,same_direction,194,0.0025000000000000022,0.006524036980847402,0.029928603931973267
32,8192,balanced,opposite_direction,194,-0.022500000000000006,-0.013903774821879648,-0.0005275649981534005
32,8192,balanced,exact,195,0.0,0.0025588430095921186,0.019114070418158095
32,8192,balanced,same_direction,195,0.0025000000000000022,0.005974738079235933,0.028701266573483767
32,8192,balanced,opposite_direction,195,-0.022500000000000006,-0.013720765040591448,1.297045293124653e-05
32,8192,balanced,exact,196,0.0,0.002677813843857972,0.01864549919606171
32,8192,balanced,same_direction,196,0.0025000000000000022,0.005615334733886163,0.030200512049607584
32,8192,balanced,opposite_direction,196,-0.022500000000000006,-0.015598216493547049,-2.3739013945096824e-05
32,8192,balanced,exact,197,0.0,0.002611290694248778,0.01899801780231748
32,8192,balanced,same_direction,197,0.0025000000000000022,0.006462455131799776,0.03217489146811723
32,8192,balanced,opposite_direction,197,-0.022500000000000006,-0.01636114786688482,-0.0001199642774468076
32,8192,balanced,exact,198,0.0,0.002287363460790047,0.01766067400503143
32,8192,balanced,same_direction,198,0.0025000000000000022,0.006474730417807039,0.03148519536052394
32,8192,balanced,opposite_direction,198,-0.022500000000000006,-0.015000006208032664,-0.0004001813734704665
32,8192,balanced,exact,199,0.0,0.002355539559347231,0.01849264538448088
32,8192,balanced,same_direction,199,0.0025000000000000022,0.006182452255060041,0.030532588734440147
32,8192,balanced,opposite_direction,199,-0.022500000000000006,-0.016702098208754526,-0.00027349378225722826
32,8192,one_heavy,exact,0,0.0,0.00234429981148923,0.0186273403250133
32,8192,one_heavy,same_direction,0,0.0025000000000000044,0.0064003570292285455,0.02687265108196088
32,8192,one_heavy,opposite_direction,0,-0.022500000000000006,-0.014947104337255459,0.00021996225592912374
32,8192,one_heavy,exact,1,0.0,0.0027446695366121505,0.018566731757587985
32,8192,one_heavy,same_direction,1,0.0025000000000000044,0.006742009635759024,0.027210127197407574
32,8192,one_heavy,opposite_direction,1,-0.022500000000000006,-0.01400850548429491,0.0004747038080706988
32,8192,one_heavy,exact,2,0.0,0.0027074244698156976,0.018544333267362136
32,8192,one_heavy,same_direction,2,0.0025000000000000044,0.00686355714191945,0.028251942577826834
32,8192,one_heavy,opposite_direction,2,-0.022500000000000006,-0.017034874953162336,-0.0005405432950852495
32,8192,one_heavy,exact,3,0.0,0.0028049139318496925,0.018226304143181906
32,8192,one_heavy,same_direction,3,0.0025000000000000044,0.007190203411463909,0.0288284913688377
32,8192,one_heavy,opposite_direction,3,-0.022500000000000006,-0.01456028605247012,-0.00015121331950652527
32,8192,one_heavy,exact,4,0.0,0.002566091672235922,0.017921513540807614
32,8192,one_heavy,same_direction,4,0.0025000000000000044,0.005919366843607562,0.02715490012169614
32,8192,one_heavy,opposite_direction,4,-0.022500000000000006,-0.013664232507455826,-0.0005824939261762354
32,8192,one_heavy,exact,5,0.0,0.002702516976624812,0.01903360538233971
32,8192,one_heavy,same_direction,5,0.0025000000000000044,0.006479949916936845,0.025906704675445643
32,8192,one_heavy,opposite_direction,5,-0.022500000000000006,-0.014316255144415271,0.0008575974094853838
32,8192,one_heavy,exact,6,0.0,0.002389482173019152,0.01816142722743693
32,8192,one_heavy,same_direction,6,0.0025000000000000044,0.0057422933981905195,0.026983645663835803
32,8192,one_heavy,opposite_direction,6,-0.022500000000000006,-0.014737133513052236,-0.00030229660915697407
32,8192,one_heavy,exact,7,0.0,0.002561783679180647,0.018700360453345576
32,8192,one_heavy,same_direction,7,0.0025000000000000044,0.005942963489859612,0.026142478338412135
32,8192,one_heavy,opposite_direction,7,-0.022500000000000006,-0.015231382352059593,0.00028191608853779765
32,8192,one_heavy,exact,8,0.0,0.0027190139517218716,0.018233437100495638
32,8192,one_heavy,same_direction,8,0.0025000000000000044,0.006755528265469183,0.02813289894918504
32,8192,one_heavy,opposite_direction,8,-0.022500000000000006,-0.014142942639738133,-0.0007277720632458185
32,8192,one_heavy,exact,9,0.0,0.0025841595997189827,0.018739064629222712
32,8192,one_heavy,same_direction,9,0.0025000000000000044,0.007033454672347357,0.027978825084959125
32,8192,one_heavy,opposite_direction,9,-0.022500000000000006,-0.012391505775317786,0.0015096360079279295
32,8192,one_heavy,exact,10,0.0,0.0032247579341437693,0.019460687992473143
32,8192,one_heavy,same_direction,10,0.0025000000000000044,0.006653828384729262,0.02662458125157419
32,8192,one_heavy,opposite_direction,10,-0.022500000000000006,-0.013804144153842528,0.0008417206872432519
32,8192,one_heavy,exact,11,0.0,0.002726874238678087,0.018149998926670862
32,8192,one_heavy,same_direction,11,0.0025000000000000044,0.0059943890169073845,0.027272774153573813
32,8192,one_heavy,opposite_direction,11,-0.022500000000000006,-0.01700652862568277,-0.0012934944075315958
32,8192,one_heavy,exact,12,0.0,0.0023737344125596646,0.018176968468610916
32,8192,one_heavy,same_direction,12,0.0025000000000000044,0.006077060305892336,0.02669269107386603
32,8192,one_heavy,opposite_direction,12,-0.022500000000000006,-0.013903541904717109,-0.0004165861360704998
32,8192,one_heavy,exact,13,0.0,0.002457754957659835,0.01778739528616095
32,8192,one_heavy,same_direction,13,0.0025000000000000044,0.005417301040581808,0.026269265324977115
32,8192,one_heavy,opposite_direction,13,-0.022500000000000006,-0.014179870287222354,-7.045314385961871e-05
32,8192,one_heavy,exact,14,0.0,0.0023167205946373866,0.018117839410353158
32,8192,one_heavy,same_direction,14,0.0025000000000000044,0.006113734302358899,0.02685097585650289
32,8192,one_heavy,opposite_direction,14,-0.022500000000000006,-0.01277796002951448,0.001717517506617631
32,8192,one_heavy,exact,15,0.0,0.002475819376720338,0.017776738487497543
32,8192,one_heavy,same_direction,15,0.0025000000000000044,0.0057588961839946835,0.02581181822455167
32,8192,one_heavy,opposite_direction,15,-0.022500000000000006,-0.014294010264884378,-0.0005085937727710147
32,8192,one_heavy,exact,16,0.0,0.0024508006871028247,0.01805269466263832
32,8192,one_heavy,same_direction,16,0.0025000000000000044,0.006590945856911492,0.026591435718211664
32,8192,one_heavy,opposite_direction,16,-0.022500000000000006,-0.014759136660237145,-0.0009219201740707516
32,8192,one_heavy,exact,17,0.0,0.002935930205250622,0.01918561509903551
32,8192,one_heavy,same_direction,17,0.0025000000000000044,0.007243520978199075,0.026215100937771352
32,8192,one_heavy,opposite_direction,17,-0.022500000000000006,-0.013648984799628384,0.001095732718247232
32,8192,one_heavy,exact,18,0.0,0.002982740044346061,0.01914050574843044
32,8192,one_heavy,same_direction,18,0.0025000000000000044,0.008067950102649919,0.027302715900259338
32,8192,one_heavy,opposite_direction,18,-0.022500000000000006,-0.015470965330291221,4.034428157986955e-05
32,8192,one_heavy,exact,19,0.0,0.0024977740001450323,0.01798114729711294
32,8192,one_heavy,same_direction,19,0.0025000000000000044,0.006053512233124124,0.02644889100995331
32,8192,one_heavy,opposite_direction,19,-0.022500000000000006,-0.013650598740395831,-3.569421801584503e-05
32,8192,one_heavy,exact,20,0.0,0.0026022497301365155,0.018537987767709485
32,8192,one_heavy,same_direction,20,0.0025000000000000044,0.006148515663698116,0.02650293462585964
32,8192,one_heavy,opposite_direction,20,-0.022500000000000006,-0.01613017609913838,-0.0009616269383676496
32,8192,one_heavy,exact,21,0.0,0.002423924266534875,0.018827778689984635
32,8192,one_heavy,same_direction,21,0.0025000000000000044,0.007293505366944944,0.02825680168496612
32,8192,one_heavy,opposite_direction,21,-0.022500000000000006,-0.014658363679263469,0.0006931482862623875
32,8192,one_heavy,exact,22,0.0,0.002530939127683168,0.018858701502266033
32,8192,one_heavy,same_direction,22,0.0025000000000000044,0.006029066489902136,0.024673137845339522
32,8192,one_heavy,opposite_direction,22,-0.022500000000000006,-0.014911045078388053,0.0001791253402275418
32,8192,one_heavy,exact,23,0.0,0.002605571946853087,0.018392035111299262
32,8192,one_heavy,same_direction,23,0.0025000000000000044,0.006298217548127032,0.02686002920944368
32,8192,one_heavy,opposite_direction,23,-0.022500000000000006,-0.017103165879167267,-0.0010762597691864823
32,8192,one_heavy,exact,24,0.0,0.0028386749370705117,0.01950497119202083
32,8192,one_heavy,same_direction,24,0.0025000000000000044,0.006851760558210809,0.026970380984880887
32,8192,one_heavy,opposite_direction,24,-0.022500000000000006,-0.012851712261444923,0.0022201495159157583
32,8192,one_heavy,exact,25,0.0,0.00272569988152745,0.018237534411842084
32,8192,one_heavy,same_direction,25,0.0025000000000000044,0.006688673360475476,0.02666581033651273
32,8192,one_heavy,opposite_direction,25,-0.022500000000000006,-0.012107523791755512,0.0021247000381541727
32,8192,one_heavy,exact,26,0.0,0.002420730941507637,0.0183269013156744
32,8192,one_heavy,same_direction,26,0.0025000000000000044,0.006294080984723333,0.02733312826247223
32,8192,one_heavy,opposite_direction,26,-0.022500000000000006,-0.013832093268299652,0.0005172349619734336
32,8192,one_heavy,exact,27,0.0,0.0027913178619399792,0.01893722854721606
32,8192,one_heavy,same_direction,27,0.0025000000000000044,0.00545574948952904,0.024537342982087262
32,8192,one_heavy,opposite_direction,27,-0.022500000000000006,-0.01311007997558723,0.0015256094355606017
32,8192,one_heavy,exact,28,0.0,0.002693105750115999,0.018157647784820315
32,8192,one_heavy,same_direction,28,0.0025000000000000044,0.007329475147467677,0.025784956906705563
32,8192,one_heavy,opposite_direction,28,-0.022500000000000006,-0.014092325946872717,0.0013112421538000805
32,8192,one_heavy,exact,29,0.0,0.0026776336560896453,0.018354226866613747
32,8192,one_heavy,same_direction,29,0.0025000000000000044,0.006198626321082529,0.02781998206513268
32,8192,one_heavy,opposite_direction,29,-0.022500000000000006,-0.013818170971547826,0.0005577995914868626
32,8192,one_heavy,exact,30,0.0,0.00280721993560633,0.019026128608851646
32,8192,one_heavy,same_direction,30,0.0025000000000000044,0.007057036602221452,0.027228349281140905
32,8192,one_heavy,opposite_direction,30,-0.022500000000000006,-0.015048740640769281,0.00016137786670094147
32,8192,one_heavy,exact,31,0.0,0.0025662819966990845,0.01768210432524387
32,8192,one_heavy,same_direction,31,0.0025000000000000044,0.006379746636937468,0.025306053179577664
32,8192,one_heavy,opposite_direction,31,-0.022500000000000006,-0.013639165901479535,7.07610065545944e-05
32,8192,one_heavy,exact,32,0.0,0.002535049512850631,0.017603921216382604
32,8192,one_heavy,same_direction,32,0.0025000000000000044,0.006689924032598158,0.026252592613544158
32,8192,one_heavy,opposite_direction,32,-0.022500000000000006,-0.013936955337395208,-0.0001136146110140035
32,8192,one_heavy,exact,33,0.0,0.0027781454263949464,0.01843215075436797
32,8192,one_heavy,same_direction,33,0.0025000000000000044,0.00560459200940247,0.024988334743225118
32,8192,one_heavy,opposite_direction,33,-0.022500000000000006,-0.01379312577355985,8.898921671040785e-05
32,8192,one_heavy,exact,34,0.0,0.0025968404749113537,0.01898441179124141
32,8192,one_heavy,same_direction,34,0.0025000000000000044,0.006393866287586892,0.02623478376033697
32,8192,one_heavy,opposite_direction,34,-0.022500000000000006,-0.013904740086769217,0.0009125899473820172
32,8192,one_heavy,exact,35,0.0,0.0026080226017292972,0.01839094926471282
32,8192,one_heavy,same_direction,35,0.0025000000000000044,0.0057678798006690945,0.025864778696921713
32,8192,one_heavy,opposite_direction,35,-0.022500000000000006,-0.015408911084522713,0.0003927616787872317
32,8192,one_heavy,exact,36,0.0,0.0028703313319358185,0.01877306650366492
32,8192,one_heavy,same_direction,36,0.0025000000000000044,0.006113588955396377,0.027185330163473742
32,8192,one_heavy,opposite_direction,36,-0.022500000000000006,-0.013211599395159056,0.0013885367584237833
32,8192,one_heavy,exact,37,0.0,0.0024487416626269897,0.018077315313343337
32,8192,one_heavy,same_direction,37,0.0025000000000000044,0.005041743108871818,0.02546331128205079
32,8192,one_heavy,opposite_direction,37,-0.022500000000000006,-0.015814216572922594,-0.0011783172903196686
32,8192,one_heavy,exact,38,0.0,0.0027019170888993175,0.018736920151515707
32,8192,one_heavy,same_direction,38,0.0025000000000000044,0.006126187226150884,0.025664625557219472
32,8192,one_heavy,opposite_direction,38,-0.022500000000000006,-0.013155525738138146,0.0006097432532180371
32,8192,one_heavy,exact,39,0.0,0.0025860617588793905,0.01835396159170692
32,8192,one_heavy,same_direction,39,0.0025000000000000044,0.006820413472350519,0.02712224078145031
32,8192,one_heavy,opposite_direction,39,-0.022500000000000006,-0.01470092154901068,0.0015415999447504108
32,8192,one_heavy,exact,40,0.0,0.0026994583064715145,0.0185068744425271
32,8192,one_heavy,same_direction,40,0.0025000000000000044,0.006247924253163011,0.02585620220646154
32,8192,one_heavy,opposite_direction,40,-0.022500000000000006,-0.014673039565050228,0.0003616358604161627
32,8192,one_heavy,exact,41,0.0,0.002446952965222485,0.019468952054874346
32,8192,one_heavy,same_direction,41,0.0025000000000000044,0.006136676294177844,0.02654200737431229
32,8192,one_heavy,opposite_direction,41,-0.022500000000000006,-0.014785379566821707,0.0012031301649251692
32,8192,one_heavy,exact,42,0.0,0.0023663497530374018,0.018037115113973864
32,8192,one_heavy,same_direction,42,0.0025000000000000044,0.005790667660528933,0.027465150199877077
32,8192,one_heavy,opposite_direction,42,-0.022500000000000006,-0.015271270105518722,-0.00018063123572656137
32,8192,one_heavy,exact,43,0.0,0.0026025859482610054,0.01825609148516162
32,8192,one_heavy,same_direction,43,0.0025000000000000044,0.007044151222616588,0.027533845055487227
32,8192,one_heavy,opposite_direction,43,-0.022500000000000006,-0.015460934241739985,0.00040735505468705434
32,8192,one_heavy,exact,44,0.0,0.002980750990690735,0.019206348526401528
32,8192,one_heavy,same_direction,44,0.0025000000000000044,0.005392684510672777,0.024250359376890726
32,8192,one_heavy,opposite_direction,44,-0.022500000000000006,-0.011954602719389662,0.0011275293831974151
32,8192,one_heavy,exact,45,0.0,0.0029566743574830807,0.018123665160347233
32,8192,one_heavy,same_direction,45,0.0025000000000000044,0.007298339458768534,0.026588477552541893
32,8192,one_heavy,opposite_direction,45,-0.022500000000000006,-0.01240038004251581,0.00029568492638809953
32,8192,one_heavy,exact,46,0.0,0.002602999397725269,0.018690325023896292
32,8192,one_heavy,same_direction,46,0.0025000000000000044,0.006964961390231212,0.027241897548992377
32,8192,one_heavy,opposite_direction,46,-0.022500000000000006,-0.013213533617100875,0.0012579839070531165
32,8192,one_heavy,exact,47,0.0,0.0027732800383972406,0.01872662832782852
32,8192,one_heavy,same_direction,47,0.0025000000000000044,0.006828051172940953,0.026524464004230794
32,8192,one_heavy,opposite_direction,47,-0.022500000000000006,-0.014030916322592119,0.000932296416698776
32,8192,one_heavy,exact,48,0.0,0.002986860504359779,0.018715655180614417
32,8192,one_heavy,same_direction,48,0.0025000000000000044,0.006522496526896449,0.026610662272947973
32,8192,one_heavy,opposite_direction,48,-0.022500000000000006,-0.013510258785996602,0.00019984769616685942
32,8192,one_heavy,exact,49,0.0,0.002806243725922707,0.01843987597088636
32,8192,one_heavy,same_direction,49,0.0025000000000000044,0.006290898696637531,0.025838634969957502
32,8192,one_heavy,opposite_direction,49,-0.022500000000000006,-0.01479171078858906,0.000732058437769386
32,8192,one_heavy,exact,50,0.0,0.002411635785025441,0.017396639844228397
32,8192,one_heavy,same_direction,50,0.0025000000000000044,0.006833071045924255,0.02642667437645327
32,8192,one_heavy,opposite_direction,50,-0.022500000000000006,-0.015620919956610775,-0.0004230739786178481
32,8192,one_heavy,exact,51,0.0,0.0029189471189751542,0.018403231207508627
32,8192,one_heavy,same_direction,51,0.0025000000000000044,0.006930306854037293,0.027386645837618503
32,8192,one_heavy,opposite_direction,51,-0.022500000000000006,-0.01634862763812998,-9.023552070375207e-05
32,8192,one_heavy,exact,52,0.0,0.0026968647101502426,0.01837091165848104
32,8192,one_heavy,same_direction,52,0.0025000000000000044,0.007002453917503497,0.028622235431225218
32,8192,one_heavy,opposite_direction,52,-0.022500000000000006,-0.013830265755925462,0.00020402048646621937
32,8192,one_heavy,exact,53,0.0,0.0023465511984752012,0.01737661613740672
32,8192,one_heavy,same_direction,53,0.0025000000000000044,0.005533877415972953,0.02502133053202451
32,8192,one_heavy,opposite_direction,53,-0.022500000000000006,-0.013963180163760757,-0.0006018815836714179
32,8192,one_heavy,exact,54,0.0,0.0027788095617327854,0.018700335137937996
32,8192,one_heavy,same_direction,54,0.0025000000000000044,0.007038800418605154,0.027870916334853307
32,8192,one_heavy,opposite_direction,54,-0.022500000000000006,-0.013529880719900472,0.00148547145060762
32,8192,one_heavy,exact,55,0.0,0.0026894015595017406,0.018755219828176257
32,8192,one_heavy,same_direction,55,0.0025000000000000044,0.006424433296157092,0.026301235902127455
32,8192,one_heavy,opposite_direction,55,-0.022500000000000006,-0.01513618466380655,0.00061870924146088
32,8192,one_heavy,exact,56,0.0,0.0026599202073649187,0.018437965594773835
32,8192,one_heavy,same_direction,56,0.0025000000000000044,0.006951601202863566,0.027310286971045296
32,8192,one_heavy,opposite_direction,56,-0.022500000000000006,-0.013744029157908802,0.0002640063347048165
32,8192,one_heavy,exact,57,0.0,0.0026077383564507032,0.01817431675561323
32,8192,one_heavy,same_direction,57,0.0025000000000000044,0.006726076212491391,0.02684002987883076
32,8192,one_heavy,opposite_direction,57,-0.022500000000000006,-0.013929940714350565,0.0008925121261122136
32,8192,one_heavy,exact,58,0.0,0.0027819368198417757,0.01865718119559673
32,8192,one_heavy,same_direction,58,0.0025000000000000044,0.006276615145432742,0.027063701315891208
32,8192,one_heavy,opposite_direction,58,-0.022500000000000006,-0.01431896667582756,0.0012217891413335378
32,8192,one_heavy,exact,59,0.0,0.0024863138467010265,0.017058588999442806
32,8192,one_heavy,same_direction,59,0.0025000000000000044,0.005393560890164187,0.024836135564921934
32,8192,one_heavy,opposite_direction,59,-0.022500000000000006,-0.014129637861637897,-0.0009624681677811641
32,8192,one_heavy,exact,60,0.0,0.0027335949443708114,0.018101272982261933
32,8192,one_heavy,same_direction,60,0.0025000000000000044,0.006020091430885225,0.026836203200930914
32,8192,one_heavy,opposite_direction,60,-0.022500000000000006,-0.012692536118938166,0.000759185233393014
32,8192,one_heavy,exact,61,0.0,0.0025341020113626893,0.019373870371256346
32,8192,one_heavy,same_direction,61,0.0025000000000000044,0.006290572625091608,0.027691082973892115
32,8192,one_heavy,opposite_direction,61,-0.022500000000000006,-0.01586569327295472,-0.0007632933978685457
32,8192,one_heavy,exact,62,0.0,0.0026212715857194895,0.01859979442967498
32,8192,one_heavy,same_direction,62,0.0025000000000000044,0.0067895987405637535,0.027058960447745643
32,8192,one_heavy,opposite_direction,62,-0.022500000000000006,-0.013106195635444622,0.0021741365561288605
32,8192,one_heavy,exact,63,0.0,0.0024568715123004675,0.017528950365271096
32,8192,one_heavy,same_direction,63,0.0025000000000000044,0.00636935012185962,0.025002774488496877
32,8192,one_heavy,opposite_direction,63,-0.022500000000000006,-0.015332350052668926,-0.0005368920623725396
32,8192,one_heavy,exact,64,0.0,0.0029195795500373935,0.0194497378761853
32,8192,one_heavy,same_direction,64,0.0025000000000000044,0.006498397517282488,0.026290972500389146
32,8192,one_heavy,opposite_direction,64,-0.022500000000000006,-0.01483447489867079,-5.6008112565614514e-05
32,8192,one_heavy,exact,65,0.0,0.002477445819892438,0.01787975764279936
32,8192,one_heavy,same_direction,65,0.0025000000000000044,0.005540341299687776,0.024666959140207487
32,8192,one_heavy,opposite_direction,65,-0.022500000000000006,-0.015452690486872086,-0.0008252169457496769
32,8192,one_heavy,exact,66,0.0,0.002638729164601973,0.01959308750244435
32,8192,one_heavy,same_direction,66,0.0025000000000000044,0.005540542364906529,0.025364359679016176
32,8192,one_heavy,opposite_direction,66,-0.022500000000000006,-0.014489955982531168,0.0014925626069434961
32,8192,one_heavy,exact,67,0.0,0.002901024164773452,0.01857689724329647
32,8192,one_heavy,same_direction,67,0.0025000000000000044,0.006675201228449917,0.02686602394087971
32,8192,one_heavy,opposite_direction,67,-0.022500000000000006,-0.014929706561714842,0.000740494257740983
32,8192,one_heavy,exact,68,0.0,0.0025394994803064216,0.01919880182505006
32,8192,one_heavy,same_direction,68,0.0025000000000000044,0.0061677141019061705,0.02695359132011868
32,8192,one_heavy,opposite_direction,68,-0.022500000000000006,-0.01341716927582808,0.0015777436193865739
32,8192,one_heavy,exact,69,0.0,0.0027753233535512,0.01805427945623146
32,8192,one_heavy,same_direction,69,0.0025000000000000044,0.006536077955439364,0.026116354081535474
32,8192,one_heavy,opposite_direction,69,-0.022500000000000006,-0.011530242677408785,0.0009275332277478639
32,8192,one_heavy,exact,70,0.0,0.0028529713118089083,0.018008195427454476
32,8192,one_heavy,same_direction,70,0.0025000000000000044,0.005975513369304313,0.025808815168771277
32,8192,one_heavy,opposite_direction,70,-0.022500000000000006,-0.014164506930222694,-7.116116715092325e-05
32,8192,one_heavy,exact,71,0.0,0.0026919193714567014,0.01843511524012348
32,8192,one_heavy,same_direction,71,0.0025000000000000044,0.006044644902727366,0.024931226531099717
32,8192,one_heavy,opposite_direction,71,-0.022500000000000006,-0.014720191633574157,0.0003062187615366159
32,8192,one_heavy,exact,72,0.0,0.0026113883911148606,0.018591428729602566
32,8192,one_heavy,same_direction,72,0.0025000000000000044,0.005516168054052089,0.02657216114421283
32,8192,one_heavy,opposite_direction,72,-0.022500000000000006,-0.014804770720777533,3.669754005861098e-05
32,8192,one_heavy,exact,73,0.0,0.002671314491636805,0.018783472426140795
32,8192,one_heavy,same_direction,73,0.0025000000000000044,0.006487210749106756,0.02640169987503018
32,8192,one_heavy,opposite_direction,73,-0.022500000000000006,-0.015908783376291973,-0.00042266017712384103
32,8192,one_heavy,exact,74,0.0,0.0027827776355187042,0.01877003360491498
32,8192,one_heavy,same_direction,74,0.0025000000000000044,0.006088288814367009,0.025872460410872565
32,8192,one_heavy,opposite_direction,74,-0.022500000000000006,-0.01418149539378687,-0.0002489036814148386
32,8192,one_heavy,exact,75,0.0,0.002930171336312731,0.018915949304451816
32,8192,one_heavy,same_direction,75,0.0025000000000000044,0.005599027622672878,0.025034948896882705
32,8192,one_heavy,opposite_direction,75,-0.022500000000000006,-0.014725670802788566,0.00044745625382251595
32,8192,one_heavy,exact,76,0.0,0.0026521712074948915,0.017972578318536214
32,8192,one_heavy,same_direction,76,0.0025000000000000044,0.005942732074614691,0.02633663283273418
32,8192,one_heavy,opposite_direction,76,-0.022500000000000006,-0.013314437435267504,0.0006119919521433426
32,8192,one_heavy,exact,77,0.0,0.002831378935598221,0.01938508488830075
32,8192,one_heavy,same_direction,77,0.0025000000000000044,0.007094075459167515,0.027827869629628067
32,8192,one_heavy,opposite_direction,77,-0.022500000000000006,-0.013114175355340795,0.0014690993203245986
32,8192,one_heavy,exact,78,0.0,0.0026741050936127005,0.017978295707920595
32,8192,one_heavy,same_direction,78,0.0025000000000000044,0.006335193130964932,0.027083883496807768
32,8192,one_heavy,opposite_direction,78,-0.022500000000000006,-0.01644005064711921,-0.0006389315689604606
32,8192,one_heavy,exact,79,0.0,0.0031357953476485504,0.019485193668748693
32,8192,one_heavy,same_direction,79,0.0025000000000000044,0.007043841488734649,0.026527961852637564
32,8192,one_heavy,opposite_direction,79,-0.022500000000000006,-0.01256480173681273,0.0020997613951588626
32,8192,one_heavy,exact,80,0.0,0.0024836835540592143,0.018584604240165524
32,8192,one_heavy,same_direction,80,0.0025000000000000044,0.006639528649533699,0.02602553650295601
32,8192,one_heavy,opposite_direction,80,-0.022500000000000006,-0.015865429204353826,-0.0002475772793054084
32,8192,one_heavy,exact,81,0.0,0.0030034310727989513,0.018281095421524826
32,8192,one_heavy,same_direction,81,0.0025000000000000044,0.007194312022629089,0.029026971895307428
32,8192,one_heavy,opposite_direction,81,-0.022500000000000006,-0.013890694725891712,0.00042333508185704886
32,8192,one_heavy,exact,82,0.0,0.00253586022670831,0.01839290345237974
32,8192,one_heavy,same_direction,82,0.0025000000000000044,0.00643418143804717,0.027828143492669825
32,8192,one_heavy,opposite_direction,82,-0.022500000000000006,-0.01443073270707836,0.0007469536621460702
32,8192,one_heavy,exact,83,0.0,0.0027612589735488595,0.019298764315264647
32,8192,one_heavy,same_direction,83,0.0025000000000000044,0.006183551065229465,0.026701965030863976
32,8192,one_heavy,opposite_direction,83,-0.022500000000000006,-0.012733562162262143,0.0010734192979857476
32,8192,one_heavy,exact,84,0.0,0.0026289292611532283,0.01899610920194901
32,8192,one_heavy,same_direction,84,0.0025000000000000044,0.0067553590010501555,0.027233926109550697
32,8192,one_heavy,opposite_direction,84,-0.022500000000000006,-0.015010331502082183,0.0006440852616342559
32,8192,one_heavy,exact,85,0.0,0.0025659557633013197,0.018139118707658164
32,8192,one_heavy,same_direction,85,0.0025000000000000044,0.00567127214858417,0.025417004674268193
32,8192,one_heavy,opposite_direction,85,-0.022500000000000006,-0.013848501926160554,0.0006335737261555002
32,8192,one_heavy,exact,86,0.0,0.002618540994372226,0.017993696608154492
32,8192,one_heavy,same_direction,86,0.0025000000000000044,0.007084818662033849,0.027386970991389117
32,8192,one_heavy,opposite_direction,86,-0.022500000000000006,-0.012755287701102206,0.0011449456589358036
32,8192,one_heavy,exact,87,0.0,0.002573607809553353,0.017870557605381556
32,8192,one_heavy,same_direction,87,0.0025000000000000044,0.005901825808552534,0.02528277654381654
32,8192,one_heavy,opposite_direction,87,-0.022500000000000006,-0.015705267931899622,-0.00014777703247631795
32,8192,one_heavy,exact,88,0.0,0.002602906454541681,0.01819082612492511
32,8192,one_heavy,same_direction,88,0.0025000000000000044,0.006741061208177936,0.02603669654248449
32,8192,one_heavy,opposite_direction,88,-0.022500000000000006,-0.014823800747148693,-0.0009697612606833672
32,8192,one_heavy,exact,89,0.0,0.0030352654429729735,0.0186424728898877
32,8192,one_heavy,same_direction,89,0.0025000000000000044,0.006278085293048184,0.026577161339101995
32,8192,one_heavy,opposite_direction,89,-0.022500000000000006,-0.0136562501752814,0.0011594569076892073
32,8192,one_heavy,exact,90,0.0,0.002751549954166257,0.01880685066321777
32,8192,one_heavy,same_direction,90,0.0025000000000000044,0.006265018225608824,0.026932025936215936
32,8192,one_heavy,opposite_direction,90,-0.022500000000000006,-0.014708610484305131,-0.00030677854241784497
32,8192,one_heavy,exact,91,0.0,0.002587450384141806,0.018481021852063875
32,8192,one_heavy,same_direction,91,0.0025000000000000044,0.006597712974622205,0.026252835012730957
32,8192,one_heavy,opposite_direction,91,-0.022500000000000006,-0.01566124534431075,0.0003664512907399247
32,8192,one_heavy,exact,92,0.0,0.0025786601764981295,0.0180738703625594
32,8192,one_heavy,same_direction,92,0.0025000000000000044,0.00666358258833147,0.02554736573522261
32,8192,one_heavy,opposite_direction,92,-0.022500000000000006,-0.017494380418181386,-0.002173224603939794
32,8192,one_heavy,exact,93,0.0,0.0023754785501052533,0.018035977513618223
32,8192,one_heavy,same_direction,93,0.0025000000000000044,0.0064461855862387495,0.02763436870785917
32,8192,one_heavy,opposite_direction,93,-0.022500000000000006,-0.01570105244181617,-0.0007252917259563891
32,8192,one_heavy,exact,94,0.0,0.0030598611302120353,0.018835270348558794
32,8192,one_heavy,same_direction,94,0.0025000000000000044,0.006564332150495522,0.02566967912319876
32,8192,one_heavy,opposite_direction,94,-0.022500000000000006,-0.015357902037238618,7.570043977333434e-05
32,8192,one_heavy,exact,95,0.0,0.0026032411372338394,0.017983968556133465
32,8192,one_heavy,same_direction,95,0.0025000000000000044,0.00697110383368287,0.027619996868739737
32,8192,one_heavy,opposite_direction,95,-0.022500000000000006,-0.01556392958851817,-0.0015499791339677778
32,8192,one_heavy,exact,96,0.0,0.0028405144701854905,0.01811409541241375
32,8192,one_heavy,same_direction,96,0.0025000000000000044,0.006394581542175224,0.02586418467981031
32,8192,one_heavy,opposite_direction,96,-0.022500000000000006,-0.014002058724778124,-0.0007333255379702791
32,8192,one_heavy,exact,97,0.0,0.0028553704491792974,0.018429612574354035
32,8192,one_heavy,same_direction,97,0.0025000000000000044,0.00698879218097684,0.02640499865037326
32,8192,one_heavy,opposite_direction,97,-0.022500000000000006,-0.013205629845524033,0.0012783818476355732
32,8192,one_heavy,exact,98,0.0,0.002709150375878349,0.017466432627098127
32,8192,one_heavy,same_direction,98,0.0025000000000000044,0.006053532578265304,0.026055450901307904
32,8192,one_heavy,opposite_direction,98,-0.022500000000000006,-0.01489057512864867,-0.00038784511699036395
32,8192,one_heavy,exact,99,0.0,0.0025179191713701103,0.017853544454693105
32,8192,one_heavy,same_direction,99,0.0025000000000000044,0.006344959112211656,0.02646059920114344
32,8192,one_heavy,opposite_direction,99,-0.022500000000000006,-0.013413358094721207,0.0006120842441728947
32,8192,one_heavy,exact,100,0.0,0.00258555541513775,0.018565683067841073
32,8192,one_heavy,same_direction,100,0.0025000000000000044,0.006454981683803088,0.02574400028395152
32,8192,one_heavy,opposite_direction,100,-0.022500000000000006,-0.014116194002753657,0.00034273271042652213
32,8192,one_heavy,exact,101,0.0,0.002618271661783122,0.01839539442542708
32,8192,one_heavy,same_direction,101,0.0025000000000000044,0.006074529238092798,0.026953418557871943
32,8192,one_heavy,opposite_direction,101,-0.022500000000000006,-0.01336066766574835,0.0005942949177711783
32,8192,one_heavy,exact,102,0.0,0.0027395166517878706,0.0178172317109451
32,8192,one_heavy,same_direction,102,0.0025000000000000044,0.006764626111418024,0.027021450986063802
32,8192,one_heavy,opposite_direction,102,-0.022500000000000006,-0.013587505704847375,0.0006853060193404426
32,8192,one_heavy,exact,103,0.0,0.002758706654252812,0.01974307003081262
32,8192,one_heavy,same_direction,103,0.0025000000000000044,0.006528316548054866,0.025821217249919346
32,8192,one_heavy,opposite_direction,103,-0.022500000000000006,-0.014474479691665609,0.0009608881810860145
32,8192,one_heavy,exact,104,0.0,0.0031722825916871552,0.01826456820501204
32,8192,one_heavy,same_direction,104,0.0025000000000000044,0.006601303962152364,0.025887869415648416
32,8192,one_heavy,opposite_direction,104,-0.022500000000000006,-0.014272331911589874,-0.0003307034904372704
32,8192,one_heavy,exact,105,0.0,0.0027684384480634035,0.018709868072651657
32,8192,one_heavy,same_direction,105,0.0025000000000000044,0.006683954033760405,0.02771361462891399
32,8192,one_heavy,opposite_direction,105,-0.022500000000000006,-0.013182690066426686,0.000550620336666856
32,8192,one_heavy,exact,106,0.0,0.0028989661721396036,0.018702055079722578
32,8192,one_heavy,same_direction,106,0.0025000000000000044,0.006828046031036687,0.025883063426090872
32,8192,one_heavy,opposite_direction,106,-0.022500000000000006,-0.01312060979695532,0.001142477313825867
32,8192,one_heavy,exact,107,0.0,0.002805468990165541,0.01896166552050627
32,8192,one_heavy,same_direction,107,0.0025000000000000044,0.0067954713506302895,0.02729258125539542
32,8192,one_heavy,opposite_direction,107,-0.022500000000000006,-0.013578936982477408,0.0014333724450608628
32,8192,one_heavy,exact,108,0.0,0.0024262501771437506,0.018953583803671244
32,8192,one_heavy,same_direction,108,0.0025000000000000044,0.005689050860517959,0.026022938445920022
32,8192,one_heavy,opposite_direction,108,-0.022500000000000006,-0.014766234743746111,0.0005540441038847318
32,8192,one_heavy,exact,109,0.0,0.002832520517794729,0.017797916248559028
32,8192,one_heavy,same_direction,109,0.0025000000000000044,0.005721064101981414,0.025486336100817582
32,8192,one_heavy,opposite_direction,109,-0.022500000000000006,-0.015093796474888142,-0.0009849200521456977
32,8192,one_heavy,exact,110,0.0,0.0023703280879195368,0.018091261075828067
32,8192,one_heavy,same_direction,110,0.0025000000000000044,0.005510104506619734,0.02569338166954124
32,8192,one_heavy,opposite_direction,110,-0.022500000000000006,-0.013763882761870662,0.0003757383490422873
32,8192,one_heavy,exact,111,0.0,0.002530873306875676,0.018501499898421498
32,8192,one_heavy,same_direction,111,0.0025000000000000044,0.006743372093681959,0.02677533364233198
32,8192,one_heavy,opposite_direction,111,-0.022500000000000006,-0.01461900257987397,0.0011366844891140498
32,8192,one_heavy,exact,112,0.0,0.0027333224012290693,0.018660170064887027
32,8192,one_heavy,same_direction,112,0.0025000000000000044,0.006716903158205888,0.026559108663196305
32,8192,one_heavy,opposite_direction,112,-0.022500000000000006,-0.013597533513566606,0.001174424286918245
32,8192,one_heavy,exact,113,0.0,0.003214525865412445,0.0193697137266954
32,8192,one_heavy,same_direction,113,0.0025000000000000044,0.006813973148772706,0.02787404243757414
32,8192,one_heavy,opposite_direction,113,-0.022500000000000006,-0.01212950375032851,0.0013601953719606856
32,8192,one_heavy,exact,114,0.0,0.0030440709535031743,0.018692716739961368
32,8192,one_heavy,same_direction,114,0.0025000000000000044,0.006863920775258627,0.026362482339125148
32,8192,one_heavy,opposite_direction,114,-0.022500000000000006,-0.01229921855360747,0.0021113403378409065
32,8192,one_heavy,exact,115,0.0,0.0028014370016987518,0.018381458568425584
32,8192,one_heavy,same_direction,115,0.0025000000000000044,0.005359838787674062,0.02598896945621751
32,8192,one_heavy,opposite_direction,115,-0.022500000000000006,-0.014367536415137775,0.0004918076317378397
32,8192,one_heavy,exact,116,0.0,0.0027315311013417936,0.018285235215346887
32,8192,one_heavy,same_direction,116,0.0025000000000000044,0.007612353420835823,0.027983107042304507
32,8192,one_heavy,opposite_direction,116,-0.022500000000000006,-0.014983689266692676,-0.00051478185231473
32,8192,one_heavy,exact,117,0.0,0.002571387376315705,0.01832635349756267
32,8192,one_heavy,same_direction,117,0.0025000000000000044,0.006207548294493837,0.025605318210542235
32,8192,one_heavy,opposite_direction,117,-0.022500000000000006,-0.014092615327152518,-0.0003747031453008551
32,8192,one_heavy,exact,118,0.0,0.0025726825519736354,0.01789896740615411
32,8192,one_heavy,same_direction,118,0.0025000000000000044,0.005827392489668234,0.025174469589184876
32,8192,one_heavy,opposite_direction,118,-0.022500000000000006,-0.01437462271939507,-0.00044970873923768295
32,8192,one_heavy,exact,119,0.0,0.0025351908805538908,0.01861848154309839
32,8192,one_heavy,same_direction,119,0.0025000000000000044,0.0062091753328690595,0.025427006216508508
32,8192,one_heavy,opposite_direction,119,-0.022500000000000006,-0.015255589283876702,0.0008469862494392231
32,8192,one_heavy,exact,120,0.0,0.0026776644963009775,0.0182294673013479
32,8192,one_heavy,same_direction,120,0.0025000000000000044,0.007515603486005488,0.027672079076099726
32,8192,one_heavy,opposite_direction,120,-0.022500000000000006,-0.016533528040718174,-0.0012709529650352953
32,8192,one_heavy,exact,121,0.0,0.002540048019625993,0.018144658969658604
32,8192,one_heavy,same_direction,121,0.0025000000000000044,0.006268217775881147,0.026423717993671082
32,8192,one_heavy,opposite_direction,121,-0.022500000000000006,-0.015328268892654776,-6.465592758270243e-05
32,8192,one_heavy,exact,122,0.0,0.0026600500171869955,0.017886691747565533
32,8192,one_heavy,same_direction,122,0.0025000000000000044,0.006188344322086622,0.026484708104173818
32,8192,one_heavy,opposite_direction,122,-0.022500000000000006,-0.012964244878476559,0.001031577127109593
32,8192,one_heavy,exact,123,0.0,0.002681822622378948,0.018576727518697714
32,8192,one_heavy,same_direction,123,0.0025000000000000044,0.006103262306642937,0.02673120712080857
32,8192,one_heavy,opposite_direction,123,-0.022500000000000006,-0.01462483073613551,-6.430794101677713e-05
32,8192,one_heavy,exact,124,0.0,0.002668164910575764,0.01894536185975772
32,8192,one_heavy,same_direction,124,0.0025000000000000044,0.006607998053890998,0.02692090527515325
32,8192,one_heavy,opposite_direction,124,-0.022500000000000006,-0.0156618520521198,-0.0007894112595799548
32,8192,one_heavy,exact,125,0.0,0.0026472152718836107,0.017543075144772415
32,8192,one_heavy,same_direction,125,0.0025000000000000044,0.005981742667877452,0.025904440464367465
32,8192,one_heavy,opposite_direction,125,-0.022500000000000006,-0.013956222749281755,-7.576990689636172e-05
32,8192,one_heavy,exact,126,0.0,0.0023929502528233,0.0176180647925975
32,8192,one_heavy,same_direction,126,0.0025000000000000044,0.006188491390582753,0.026206552377820668
32,8192,one_heavy,opposite_direction,126,-0.022500000000000006,-0.01421782376371549,-5.250776048076823e-05
32,8192,one_heavy,exact,127,0.0,0.0023587857309610638,0.018027545898627553
32,8192,one_heavy,same_direction,127,0.0025000000000000044,0.005975018560482097,0.026263086522689407
32,8192,one_heavy,opposite_direction,127,-0.022500000000000006,-0.015070231300059472,-9.472142447744481e-05
32,8192,one_heavy,exact,128,0.0,0.0024098757605135633,0.01775519780947982
32,8192,one_heavy,same_direction,128,0.0025000000000000044,0.005958930069272099,0.02752711496489242
32,8192,one_heavy,opposite_direction,128,-0.022500000000000006,-0.014844935167838667,-0.0003507632804042224
32,8192,one_heavy,exact,129,0.0,0.002369276117696918,0.016568021766750075
32,8192,one_heavy,same_direction,129,0.0025000000000000044,0.006139874844101334,0.02520281756485354
32,8192,one_heavy,opposite_direction,129,-0.022500000000000006,-0.015514070927182225,-0.001764696059385586
32,8192,one_heavy,exact,130,0.0,0.002583236178510946,0.01792077116095865
32,8192,one_heavy,same_direction,130,0.0025000000000000044,0.006332657550265438,0.0274530421278426
32,8192,one_heavy,opposite_direction,130,-0.022500000000000006,-0.013917326184088754,-0.0002502390519732828
32,8192,one_heavy,exact,131,0.0,0.0025028266078566622,0.01875149407232997
32,8192,one_heavy,same_direction,131,0.0025000000000000044,0.005801346500992953,0.02632284912776636
32,8192,one_heavy,opposite_direction,131,-0.022500000000000006,-0.014304426703241245,0.001039741783184491
32,8192,one_heavy,exact,132,0.0,0.002637004402509176,0.018016375076037597
32,8192,one_heavy,same_direction,132,0.0025000000000000044,0.005647898554413219,0.025262984227259772
32,8192,one_heavy,opposite_direction,132,-0.022500000000000006,-0.015168054670795027,-0.0010364903419920746
32,8192,one_heavy,exact,133,0.0,0.0029021341904112256,0.019073316129760223
32,8192,one_heavy,same_direction,133,0.0025000000000000044,0.0066386676746333535,0.026011248956566896
32,8192,one_heavy,opposite_direction,133,-0.022500000000000006,-0.014324231687897466,0.0013789967124199051
32,8192,one_heavy,exact,134,0.0,0.0025202706306773656,0.01890676654081715
32,8192,one_heavy,same_direction,134,0.0025000000000000044,0.006046510427443317,0.027045639679265314
32,8192,one_heavy,opposite_direction,134,-0.022500000000000006,-0.01591206956033528,-0.0006991700373266713
32,8192,one_heavy,exact,135,0.0,0.003035363262714456,0.019260150844247176
32,8192,one_heavy,same_direction,135,0.0025000000000000044,0.006674548306486654,0.028543321892757056
32,8192,one_heavy,opposite_direction,135,-0.022500000000000006,-0.016069104470340594,-0.0001306996027044732
32,8192,one_heavy,exact,136,0.0,0.003478331934680043,0.01998023980801403
32,8192,one_heavy,same_direction,136,0.0025000000000000044,0.006997898214556278,0.027520685664577684
32,8192,one_heavy,opposite_direction,136,-0.022500000000000006,-0.014582115753446642,0.0025659538442173975
32,8192,one_heavy,exact,137,0.0,0.0026149937816005333,0.018998060605500553
32,8192,one_heavy,same_direction,137,0.0025000000000000044,0.006140665975224819,0.026495720961366008
32,8192,one_heavy,opposite_direction,137,-0.022500000000000006,-0.013312121770552365,0.0019392964421797063
32,8192,one_heavy,exact,138,0.0,0.002856454024513319,0.018548333553476615
32,8192,one_heavy,same_direction,138,0.0025000000000000044,0.006855301930800783,0.02704033743543128
32,8192,one_heavy,opposite_direction,138,-0.022500000000000006,-0.013510732909159934,0.0007855677194020419
32,8192,one_heavy,exact,139,0.0,0.002709264301569444,0.018498396043961522
32,8192,one_heavy,same_direction,139,0.0025000000000000044,0.00594233857996644,0.0269736968198193
32,8192,one_heavy,opposite_direction,139,-0.022500000000000006,-0.014483775048276453,0.0003192744497074459
32,8192,one_heavy,exact,140,0.0,0.0026206880068204755,0.01786117155946336
32,8192,one_heavy,same_direction,140,0.0025000000000000044,0.00736421107434234,0.027183559067953562
32,8192,one_heavy,opposite_direction,140,-0.022500000000000006,-0.014846428594115977,-0.0003579599313941486
32,8192,one_heavy,exact,141,0.0,0.002833466405728793,0.0193674560347968
32,8192,one_heavy,same_direction,141,0.0025000000000000044,0.007313137477347244,0.02874487210927182
32,8192,one_heavy,opposite_direction,141,-0.022500000000000006,-0.015688389585945033,0.0001830794033786089
32,8192,one_heavy,exact,142,0.0,0.0026023558810620503,0.01844429240287035
32,8192,one_heavy,same_direction,142,0.0025000000000000044,0.006468981377095502,0.027069392954026824
32,8192,one_heavy,opposite_direction,142,-0.022500000000000006,-0.01449688399505199,0.00018051293442737616
32,8192,one_heavy,exact,143,0.0,0.0031992314573033743,0.01888794891000268
32,8192,one_heavy,same_direction,143,0.0025000000000000044,0.007024080896456172,0.02611745939080717
32,8192,one_heavy,opposite_direction,143,-0.022500000000000006,-0.015236640087452112,-0.00019288407473218923
32,8192,one_heavy,exact,144,0.0,0.0022914327049234086,0.018051821228347236
32,8192,one_heavy,same_direction,144,0.0025000000000000044,0.005909266279939282,0.0261652320526038
32,8192,one_heavy,opposite_direction,144,-0.022500000000000006,-0.013395785174106231,0.0004572766457378034
32,8192,one_heavy,exact,145,0.0,0.0034121213941787,0.01992488496641675
32,8192,one_heavy,same_direction,145,0.0025000000000000044,0.007766844372164544,0.02891704373405404
32,8192,one_heavy,opposite_direction,145,-0.022500000000000006,-0.01455793008018464,0.00137241126186046
32,8192,one_heavy,exact,146,0.0,0.0027809961531821605,0.0188226851286682
32,8192,one_heavy,same_direction,146,0.0025000000000000044,0.006276776845053151,0.02781971329756072
32,8192,one_heavy,opposite_direction,146,-0.022500000000000006,-0.014793635753162268,0.000613126928575842
32,8192,one_heavy,exact,147,0.0,0.002843836463399254,0.01825925893753055
32,8192,one_heavy,same_direction,147,0.0025000000000000044,0.007247744048368249,0.02637104215708705
32,8192,one_heavy,opposite_direction,147,-0.022500000000000006,-0.01377480714031939,0.0008311156736842759
32,8192,one_heavy,exact,148,0.0,0.002772202616796007,0.018759361301410236
32,8192,one_heavy,same_direction,148,0.0025000000000000044,0.006027218126051196,0.026144705283856658
32,8192,one_heavy,opposite_direction,148,-0.022500000000000006,-0.014517521666869085,0.0008895071460297292
32,8192,one_heavy,exact,149,0.0,0.0027389243537021503,0.018833935719843643
32,8192,one_heavy,same_direction,149,0.0025000000000000044,0.007043258800592509,0.0265612924735793
32,8192,one_heavy,opposite_direction,149,-0.022500000000000006,-0.013177823373769689,0.001067594023131627
32,8192,one_heavy,exact,150,0.0,0.0026996445091712193,0.018919333802624526
32,8192,one_heavy,same_direction,150,0.0025000000000000044,0.007048188524190207,0.02754743639525033
32,8192,one_heavy,opposite_direction,150,-0.022500000000000006,-0.014372071378367372,-4.722089244684445e-05
32,8192,one_heavy,exact,151,0.0,0.00275368445651321,0.01896292377110227
32,8192,one_heavy,same_direction,151,0.0025000000000000044,0.006214687513889016,0.02736345840171928
32,8192,one_heavy,opposite_direction,151,-0.022500000000000006,-0.014571773812771681,0.0005528771948328514
32,8192,one_heavy,exact,152,0.0,0.0028070180956696524,0.018239518959245655
32,8192,one_heavy,same_direction,152,0.0025000000000000044,0.004942003232181383,0.024609156327030444
32,8192,one_heavy,opposite_direction,152,-0.022500000000000006,-0.014110144060363573,0.0006426022440159662
32,8192,one_heavy,exact,153,0.0,0.0027897868696041476,0.019891290618157757
32,8192,one_heavy,same_direction,153,0.0025000000000000044,0.00669624841549615,0.028245235860405987
32,8192,one_heavy,opposite_direction,153,-0.022500000000000006,-0.01553252906969239,0.001145784615090969
32,8192,one_heavy,exact,154,0.0,0.002717368412556958,0.01837873383651233
32,8192,one_heavy,same_direction,154,0.0025000000000000044,0.0063588966361699485,0.02723864127186588
32,8192,one_heavy,opposite_direction,154,-0.022500000000000006,-0.01497854360494201,-0.00033158425276308466
32,8192,one_heavy,exact,155,0.0,0.0030143951186027097,0.018741140739593317
32,8192,one_heavy,same_direction,155,0.0025000000000000044,0.006439320593267937,0.02604980736523523
32,8192,one_heavy,opposite_direction,155,-0.022500000000000006,-0.01453169913231399,1.8248234747308078e-05
32,8192,one_heavy,exact,156,0.0,0.0024358290393810696,0.017907929464248015
32,8192,one_heavy,same_direction,156,0.0025000000000000044,0.005728717554149722,0.025574819091333367
32,8192,one_heavy,opposite_direction,156,-0.022500000000000006,-0.013675092823815236,-0.0004228782721633108
32,8192,one_heavy,exact,157,0.0,0.002464136760320956,0.01852976164183193
32,8192,one_heavy,same_direction,157,0.0025000000000000044,0.006633217953323814,0.027727600226188413
32,8192,one_heavy,opposite_direction,157,-0.022500000000000006,-0.01552700566454818,0.00011585203812393798
32,8192,one_heavy,exact,158,0.0,0.0024980296169890104,0.018870070219396875
32,8192,one_heavy,same_direction,158,0.0025000000000000044,0.006764964042755148,0.0265951779190231
32,8192,one_heavy,opposite_direction,158,-0.022500000000000006,-0.01369925313637055,0.001876262892350962
32,8192,one_heavy,exact,159,0.0,0.0026703474118486763,0.018281563735341236
32,8192,one_heavy,same_direction,159,0.0025000000000000044,0.006578091749528784,0.02697532147630549
32,8192,one_heavy,opposite_direction,159,-0.022500000000000006,-0.01371365350317122,0.0011882879059383013
32,8192,one_heavy,exact,160,0.0,0.002626199855886521,0.01856235934171191
32,8192,one_heavy,same_direction,160,0.0025000000000000044,0.006228199224789744,0.026174778905194315
32,8192,one_heavy,opposite_direction,160,-0.022500000000000006,-0.012919586354449626,0.0014374198010327528
32,8192,one_heavy,exact,161,0.0,0.0027573033335287463,0.01890198809692047
32,8192,one_heavy,same_direction,161,0.0025000000000000044,0.0065564649547186025,0.026583638756085978
32,8192,one_heavy,opposite_direction,161,-0.022500000000000006,-0.014241784404834095,0.0007860793183551929
32,8192,one_heavy,exact,162,0.0,0.0026115147873885846,0.018927914017480944
32,8192,one_heavy,same_direction,162,0.0025000000000000044,0.006165928287525306,0.026502558283741193
32,8192,one_heavy,opposite_direction,162,-0.022500000000000006,-0.013282582325815816,0.001021132566189464
32,8192,one_heavy,exact,163,0.0,0.002820974934050008,0.018403823118903272
32,8192,one_heavy,same_direction,163,0.0025000000000000044,0.007123416803537365,0.027539989522483894
32,8192,one_heavy,opposite_direction,163,-0.022500000000000006,-0.014209522187223326,-0.0002134064074790964
32,8192,one_heavy,exact,164,0.0,0.0027585160848163067,0.019743989616422118
32,8192,one_heavy,same_direction,164,0.0025000000000000044,0.006757523647670061,0.028729263237801308
32,8192,one_heavy,opposite_direction,164,-0.022500000000000006,-0.013132412606643407,0.002211578550157373
32,8192,one_heavy,exact,165,0.0,0.0028259856353884823,0.018294858017117686
32,8192,one_heavy,same_direction,165,0.0025000000000000044,0.006519190744864933,0.026835254699784424
32,8192,one_heavy,opposite_direction,165,-0.022500000000000006,-0.013775642619033768,-1.652912642369762e-05
32,8192,one_heavy,exact,166,0.0,0.0026838989139263444,0.0186067229890079
32,8192,one_heavy,same_direction,166,0.0025000000000000044,0.006095572151757864,0.027149324534167938
32,8192,one_heavy,opposite_direction,166,-0.022500000000000006,-0.01493369207277883,0.00019108414886484949
32,8192,one_heavy,exact,167,0.0,0.0031252421913674656,0.019369551776214203
32,8192,one_heavy,same_direction,167,0.0025000000000000044,0.007713870657951356,0.02743911943484472
32,8192,one_heavy,opposite_direction,167,-0.022500000000000006,-0.01360539159218676,0.0018587371941683503
32,8192,one_heavy,exact,168,0.0,0.0023816198525102622,0.01771818336861028
32,8192,one_heavy,same_direction,168,0.0025000000000000044,0.006452616944833846,0.02594579917554365
32,8192,one_heavy,opposite_direction,168,-0.022500000000000006,-0.014740862397756248,-0.0013535298732930334
32,8192,one_heavy,exact,169,0.0,0.00248149160497436,0.018783959856493726
32,8192,one_heavy,same_direction,169,0.0025000000000000044,0.006151448484729321,0.027258940655717403
32,8192,one_heavy,opposite_direction,169,-0.022500000000000006,-0.014357903158636333,0.0009552972603746775
32,8192,one_heavy,exact,170,0.0,0.0030550518494923975,0.01891574725084151
32,8192,one_heavy,same_direction,170,0.0025000000000000044,0.006648782663909299,0.026787929281963246
32,8192,one_heavy,opposite_direction,170,-0.022500000000000006,-0.013618512651864922,0.0006797276592045657
32,8192,one_heavy,exact,171,0.0,0.002997066547121581,0.018687173696454323
32,8192,one_heavy,same_direction,171,0.0025000000000000044,0.006686875583999351,0.027298566309990287
32,8192,one_heavy,opposite_direction,171,-0.022500000000000006,-0.013885452901101976,-0.0005066855681717778
32,8192,one_heavy,exact,172,0.0,0.002996477386159098,0.01920340062789886
32,8192,one_heavy,same_direction,172,0.0025000000000000044,0.0070785000166490065,0.027738982915145195
32,8192,one_heavy,opposite_direction,172,-0.022500000000000006,-0.012995574321139562,0.0010957344889750585
32,8192,one_heavy,exact,173,0.0,0.0023473118842772984,0.018391337976111304
32,8192,one_heavy,same_direction,173,0.0025000000000000044,0.006968202751529328,0.028562474079201688
32,8192,one_heavy,opposite_direction,173,-0.022500000000000006,-0.013145704639725544,0.000838651559862396
32,8192,one_heavy,exact,174,0.0,0.002794164974722493,0.019808397007810372
32,8192,one_heavy,same_direction,174,0.0025000000000000044,0.006672263419560254,0.02822686672913332
32,8192,one_heavy,opposite_direction,174,-0.022500000000000006,-0.013834146682595421,0.00288915124037323
32,8192,one_heavy,exact,175,0.0,0.0029052915672297384,0.019323741785898036
32,8192,one_heavy,same_direction,175,0.0025000000000000044,0.006501326833188995,0.026804254367944282
32,8192,one_heavy,opposite_direction,175,-0.022500000000000006,-0.0144765202716208,0.0017194595239740263
32,8192,one_heavy,exact,176,0.0,0.0026079494440812297,0.018516478168840705
32,8192,one_heavy,same_direction,176,0.0025000000000000044,0.006927591731770027,0.027160826024787598
32,8192,one_heavy,opposite_direction,176,-0.022500000000000006,-0.014052200862524861,0.0007106461796059264
32,8192,one_heavy,exact,177,0.0,0.0023864243915031804,0.01886271202433167
32,8192,one_heavy,same_direction,177,0.0025000000000000044,0.006832525887548329,0.02721701423889672
32,8192,one_heavy,opposite_direction,177,-0.022500000000000006,-0.012798160000113344,0.001690645216889168
32,8192,one_heavy,exact,178,0.0,0.002686650844128266,0.017707898409456635
32,8192,one_heavy,same_direction,178,0.0025000000000000044,0.005536118722163056,0.0250959715329021
32,8192,one_heavy,opposite_direction,178,-0.022500000000000006,-0.013849363788089798,0.00037916013757132474
32,8192,one_heavy,exact,179,0.0,0.0027744986650667424,0.01823306270222597
32,8192,one_heavy,same_direction,179,0.0025000000000000044,0.0062165259220981995,0.02548278347498558
32,8192,one_heavy,opposite_direction,179,-0.022500000000000006,-0.01413846011692841,0.0009036300544727053
32,8192,one_heavy,exact,180,0.0,0.0027191366573754857,0.01943496548498337
32,8192,one_heavy,same_direction,180,0.0025000000000000044,0.0070150568372491316,0.027085537588196887
32,8192,one_heavy,opposite_direction,180,-0.022500000000000006,-0.01269584543423777,0.0009135297163854606
32,8192,one_heavy,exact,181,0.0,0.0028787265343943385,0.018957415189086585
32,8192,one_heavy,same_direction,181,0.0025000000000000044,0.006109422888203531,0.026112417153622072
32,8192,one_heavy,opposite_direction,181,-0.022500000000000006,-0.014860108654210304,0.0006710885436494779
32,8192,one_heavy,exact,182,0.0,0.0030534191363531396,0.018393215877858606
32,8192,one_heavy,same_direction,182,0.0025000000000000044,0.005541067649383493,0.026460120726235246
32,8192,one_heavy,opposite_direction,182,-0.022500000000000006,-0.014589787512985612,-0.00013286326306381915
32,8192,one_heavy,exact,183,0.0,0.0025051509556703044,0.017686649422847544
32,8192,one_heavy,same_direction,183,0.0025000000000000044,0.005789110353904179,0.025498997891307863
32,8192,one_heavy,opposite_direction,183,-0.022500000000000006,-0.014154366460761044,-0.00040894604591929445
32,8192,one_heavy,exact,184,0.0,0.002738308729261262,0.01815755444983332
32,8192,one_heavy,same_direction,184,0.0025000000000000044,0.007407118305546385,0.026883653526332128
32,8192,one_heavy,opposite_direction,184,-0.022500000000000006,-0.015391154921024513,-0.0006804049828417111
32,8192,one_heavy,exact,185,0.0,0.002749331774805541,0.01777122863955963
32,8192,one_heavy,same_direction,185,0.0025000000000000044,0.006657156956003507,0.025850744890641018
32,8192,one_heavy,opposite_direction,185,-0.022500000000000006,-0.01535523866341474,0.00012225487646351014
32,8192,one_heavy,exact,186,0.0,0.0021900980968027808,0.01806098179403149
32,8192,one_heavy,same_direction,186,0.0025000000000000044,0.006060887277945508,0.02618987738202973
32,8192,one_heavy,opposite_direction,186,-0.022500000000000006,-0.014068764142979714,0.0003610406859470671
32,8192,one_heavy,exact,187,0.0,0.0025931265039225255,0.01828850060700097
32,8192,one_heavy,same_direction,187,0.0025000000000000044,0.006279152924179274,0.027040114795117223
32,8192,one_heavy,opposite_direction,187,-0.022500000000000006,-0.017102535892599594,-0.0005414921948559443
32,8192,one_heavy,exact,188,0.0,0.002887668857562046,0.018609350702282673
32,8192,one_heavy,same_direction,188,0.0025000000000000044,0.0066075927223283185,0.025718438134194773
32,8192,one_heavy,opposite_direction,188,-0.022500000000000006,-0.014414348727710918,0.0009003851957242755
32,8192,one_heavy,exact,189,0.0,0.002791591194666255,0.019033650374543867
32,8192,one_heavy,same_direction,189,0.0025000000000000044,0.006227278493147774,0.026859646292252782
32,8192,one_heavy,opposite_direction,189,-0.022500000000000006,-0.013719254519943951,0.000992425724535781
32,8192,one_heavy,exact,190,0.0,0.0030407915644799517,0.01983968140283558
32,8192,one_heavy,same_direction,190,0.0025000000000000044,0.0073632287355963,0.025946113406159804
32,8192,one_heavy,opposite_direction,190,-0.022500000000000006,-0.012838364128309904,0.0026403451164309986
32,8192,one_heavy,exact,191,0.0,0.002805737070834581,0.01899278989986408
32,8192,one_heavy,same_direction,191,0.0025000000000000044,0.006527178823998834,0.02777181693034125
32,8192,one_heavy,opposite_direction,191,-0.022500000000000006,-0.013562194758135668,0.0016988711284285165
32,8192,one_heavy,exact,192,0.0,0.002712974274560644,0.018644169403583846
32,8192,one_heavy,same_direction,192,0.0025000000000000044,0.006944444682332629,0.026635827270023386
32,8192,one_heavy,opposite_direction,192,-0.022500000000000006,-0.013417672748582049,0.0010542915707358073
32,8192,one_heavy,exact,193,0.0,0.002321441734130014,0.017719510932314657
32,8192,one_heavy,same_direction,193,0.0025000000000000044,0.0061660806139603695,0.02673250578572132
32,8192,one_heavy,opposite_direction,193,-0.022500000000000006,-0.016798835490071048,-0.002114499062205531
32,8192,one_heavy,exact,194,0.0,0.0025480223509268983,0.018354060331283974
32,8192,one_heavy,same_direction,194,0.0025000000000000044,0.0057428044068482415,0.02597267695349978
32,8192,one_heavy,opposite_direction,194,-0.022500000000000006,-0.014269445879283318,0.0007031075316791605
32,8192,one_heavy,exact,195,0.0,0.0027825012214690685,0.018952863657804124
32,8192,one_heavy,same_direction,195,0.0025000000000000044,0.006793870041236636,0.027395415996768514
32,8192,one_heavy,opposite_direction,195,-0.022500000000000006,-0.01553872582168998,7.114458405707683e-05
32,8192,one_heavy,exact,196,0.0,0.002174235820636294,0.017509987057932216
32,8192,one_heavy,same_direction,196,0.0025000000000000044,0.006282063970070218,0.0267897594528833
32,8192,one_heavy,opposite_direction,196,-0.022500000000000006,-0.015369391401296936,-0.001221333512532327
32,8192,one_heavy,exact,197,0.0,0.002932781768330423,0.018848161814507828
32,8192,one_heavy,same_direction,197,0.0025000000000000044,0.00703526776431238,0.026452558969430873
32,8192,one_heavy,opposite_direction,197,-0.022500000000000006,-0.014949858400795617,0.00012612308240073368
32,8192,one_heavy,exact,198,0.0,0.002924669813212194,0.019141290315583974
32,8192,one_heavy,same_direction,198,0.0025000000000000044,0.007523417837373491,0.027831291255006326
32,8192,one_heavy,opposite_direction,198,-0.022500000000000006,-0.01241934048276399,0.0016473549889796696
32,8192,one_heavy,exact,199,0.0,0.0026505748958334852,0.018489266656023687
32,8192,one_heavy,same_direction,199,0.0025000000000000044,0.005345150436339952,0.02492496978473287
32,8192,one_heavy,opposite_direction,199,-0.022500000000000006,-0.015936680053888385,0.0005603000578937791
