replication,seed,condition,clusters,reject,fold_scheme,lag,n,periods,calendar_gaps,mean_product,standard_error,statistic,p_one_sided,inference_status,nuisance_r2
0,202609058430000,high_overlap_conditional_null,25,False,contiguous,0,2000,25,0,0.0005481815291484594,0.0006853092594450352,0.799903870542152,0.2118832475460925,computed,0.9730948494765203
1,202609058430001,high_overlap_conditional_null,25,False,contiguous,0,2000,25,0,0.0004002578365586809,0.0007443018412864957,0.537762792399991,0.29537041119166274,computed,0.9717588215911367
2,202609058430002,high_overlap_conditional_null,25,False,contiguous,0,2000,25,0,0.000197898551073878,0.000616301300002579,0.3211068207596672,0.3740647207917973,computed,0.9721465484460625
3,202609058430003,high_overlap_conditional_null,25,False,contiguous,0,2000,25,0,-0.0010782102889053144,0.0008304727378573595,-1.2983090711528038,0.9029094247338141,computed,0.973563111310194
4,202609058430004,high_overlap_conditional_null,25,False,contiguous,0,2000,25,0,-0.0011125027834464434,0.0006277231375288974,-1.7722825827735704,0.9618261695149285,computed,0.9715976493783035
5,202609058430005,high_overlap_conditional_null,25,False,contiguous,0,2000,25,0,4.244460959857491e-05,0.0004705194284538094,0.09020798511562773,0.46406096949789843,computed,0.9712227168363209
6,202609058430006,high_overlap_conditional_null,25,False,contiguous,0,2000,25,0,0.00010038729554481823,0.0005688085891436412,0.17648695441810117,0.4299556983438378,computed,0.9732286394139122
7,202609058430007,high_overlap_conditional_null,25,False,contiguous,0,2000,25,0,-0.0014164723358384723,0.000663831365869224,-2.1337833803374697,0.9835697415161597,computed,0.97392538283505
8,202609058430008,high_overlap_conditional_null,25,True,contiguous,0,2000,25,0,0.0012187586125200957,0.00044536719858786296,2.7365253130101284,0.003104590886614516,computed,0.9728943757754938
9,202609058430009,high_overlap_conditional_null,25,False,contiguous,0,2000,25,0,1.808684106581232e-05,0.0007046529246163031,0.02566773007528628,0.4897611815208826,computed,0.973755938558485
10,202609058430010,high_overlap_conditional_null,25,False,contiguous,0,2000,25,0,-0.0011966653180907488,0.0007988400638503964,-1.4980036333215951,0.9329338467619637,computed,0.9712666810622649
11,202609058430011,high_overlap_conditional_null,25,False,contiguous,0,2000,25,0,0.00044349989832999083,0.0006182922657002761,0.7172981499739189,0.2365950742591874,computed,0.9708136648556923
12,202609058430012,high_overlap_conditional_null,25,False,contiguous,0,2000,25,0,0.00020337720670068565,0.0006810171472909043,0.2986374241966197,0.3826083536871444,computed,0.9745111504461805
13,202609058430013,high_overlap_conditional_null,25,False,contiguous,0,2000,25,0,-0.0003259852475535143,0.00047977491890895043,-0.6794545415063232,0.7515750492344261,computed,0.9736414111192028
14,202609058430014,high_overlap_conditional_null,25,False,contiguous,0,2000,25,0,0.000649272351173447,0.000531425335308492,1.2217564877604958,0.11089986384742156,computed,0.9732006209051121
15,202609058430015,high_overlap_conditional_null,25,False,contiguous,0,2000,25,0,0.00018546925501724377,0.000765780239786752,0.242196449295808,0.4043139731073613,computed,0.9726020424182839
16,202609058430016,high_overlap_conditional_null,25,True,contiguous,0,2000,25,0,0.0012478561396159088,0.0006732804072434858,1.8533973752850241,0.03191271163239794,computed,0.9722161912270018
17,202609058430017,high_overlap_conditional_null,25,False,contiguous,0,2000,25,0,0.0007532043860090274,0.0006109194196866539,1.2329030011770663,0.10880597780886764,computed,0.9715882448489165
18,202609058430018,high_overlap_conditional_null,25,False,contiguous,0,2000,25,0,-0.000980914229651238,0.0006309549493013803,-1.5546501865740925,0.9399852978600215,computed,0.9731341914729859
19,202609058430019,high_overlap_conditional_null,25,False,contiguous,0,2000,25,0,0.00028678851626011637,0.0007096409008114568,0.4041318868912161,0.3430578689140173,computed,0.9737983599962323
20,202609058430020,high_overlap_conditional_null,25,False,contiguous,0,2000,25,0,-0.00018597347894871847,0.0005557554704788427,-0.33463184588805295,0.6310485905018003,computed,0.9709058016156213
21,202609058430021,high_overlap_conditional_null,25,False,contiguous,0,2000,25,0,-0.00026464788504896344,0.0005957983425656726,-0.44419036801834055,0.6715475222590903,computed,0.9729468353013678
22,202609058430022,high_overlap_conditional_null,25,False,contiguous,0,2000,25,0,-0.0003684764641039387,0.0004845682380140242,-0.7604222381849023,0.7764988826548426,computed,0.9724602832533942
23,202609058430023,high_overlap_conditional_null,25,False,contiguous,0,2000,25,0,-0.0006088626154519809,0.0006883809828882268,-0.8844849445105061,0.8117827569206963,computed,0.972414154387254
24,202609058430024,high_overlap_conditional_null,25,False,contiguous,0,2000,25,0,-0.0009495430200195985,0.000662323200461913,-1.433655078604184,0.9241646413255467,computed,0.9739345138583484
25,202609058430025,high_overlap_conditional_null,25,False,contiguous,0,2000,25,0,0.00038105235185995393,0.0006485261122828106,0.5875667064794823,0.278411581841322,computed,0.9740428396644798
26,202609058430026,high_overlap_conditional_null,25,False,contiguous,0,2000,25,0,-0.00012966693936399204,0.0004952724449781956,-0.26180931460804496,0.6032657712653838,computed,0.9738578681360729
27,202609058430027,high_overlap_conditional_null,25,False,contiguous,0,2000,25,0,0.00019709582908326807,0.000651317626219875,0.30261092460705413,0.3810931939916693,computed,0.9706347422143993
28,202609058430028,high_overlap_conditional_null,25,False,contiguous,0,2000,25,0,-0.00030879859124965394,0.0006393077790990963,-0.4830202311706713,0.6854593143109651,computed,0.9731290947777795
29,202609058430029,high_overlap_conditional_null,25,False,contiguous,0,2000,25,0,9.676310503651309e-05,0.000699673318546818,0.1382975489725471,0.44500263126718653,computed,0.9703195684464371
30,202609058430030,high_overlap_conditional_null,25,False,contiguous,0,2000,25,0,0.00020521111245254785,0.000736465184748882,0.2786433312832299,0.3902592777996692,computed,0.9730743684498614
31,202609058430031,high_overlap_conditional_null,25,False,contiguous,0,2000,25,0,0.000554452430760827,0.0005663145904280897,0.9790537629300776,0.16377670789787357,computed,0.9728962436311007
32,202609058430032,high_overlap_conditional_null,25,False,contiguous,0,2000,25,0,-0.0012139383664914686,0.0005619692633303623,-2.1601508226577795,0.9846195021361522,computed,0.9715041117056377
33,202609058430033,high_overlap_conditional_null,25,False,contiguous,0,2000,25,0,-0.0006830947633336042,0.0005364124504189986,-1.2734506121176534,0.8985709063377014,computed,0.9710478573620103
34,202609058430034,high_overlap_conditional_null,25,False,contiguous,0,2000,25,0,-0.0001881832058421532,0.0006637564261765972,-0.28351244284915694,0.6116079776114428,computed,0.9732526726345172
35,202609058430035,high_overlap_conditional_null,25,False,contiguous,0,2000,25,0,0.00047528437969769947,0.0006812971631781626,0.6976168482495357,0.24270842106757706,computed,0.97380291816774
36,202609058430036,high_overlap_conditional_null,25,False,contiguous,0,2000,25,0,-0.0009631466125020902,0.0006417631751611225,-1.5007819859098028,0.9332940202787312,computed,0.974067006104507
37,202609058430037,high_overlap_conditional_null,25,False,contiguous,0,2000,25,0,-0.0010837191776685703,0.0007742684508087598,-1.399668521346278,0.9191936977903841,computed,0.9717693784154197
38,202609058430038,high_overlap_conditional_null,25,False,contiguous,0,2000,25,0,-0.001182701147180669,0.0007565673459486431,-1.5632463567373587,0.941002669815345,computed,0.9708900726112337
39,202609058430039,high_overlap_conditional_null,25,False,contiguous,0,2000,25,0,-0.0008644754576851266,0.0006740153925916221,-1.282575245590722,0.9001795363166742,computed,0.970996524516745
40,202609058430040,high_overlap_conditional_null,25,False,contiguous,0,2000,25,0,-0.00040608568253361376,0.0004960579800426469,-0.8186254407170346,0.7934999262760424,computed,0.9721515783826851
41,202609058430041,high_overlap_conditional_null,25,False,contiguous,0,2000,25,0,-0.0003031240764440573,0.000512935267607177,-0.5909597089280276,0.7227262912348735,computed,0.9714242035367993
42,202609058430042,high_overlap_conditional_null,25,False,contiguous,0,2000,25,0,-0.000695380107931841,0.0006340800073815924,-1.0966756558109834,0.8636083990088059,computed,0.9723817387687504
43,202609058430043,high_overlap_conditional_null,25,False,contiguous,0,2000,25,0,-0.0007914637482419752,0.0006433940364044184,-1.230138458641983,0.8906773697285686,computed,0.9718451239681841
44,202609058430044,high_overlap_conditional_null,25,False,contiguous,0,2000,25,0,-0.0005722651421963482,0.0006494436795095478,-0.8811620780242501,0.8108849493326429,computed,0.9692547536708469
45,202609058430045,high_overlap_conditional_null,25,False,contiguous,0,2000,25,0,0.0001069706617139071,0.0006592679548965222,0.162256728723751,0.43555184427078064,computed,0.9727454603457543
46,202609058430046,high_overlap_conditional_null,25,False,contiguous,0,2000,25,0,-0.0009845087742431297,0.0007152582386651764,-1.3764382163292967,0.9156569984502083,computed,0.9717381925388757
47,202609058430047,high_overlap_conditional_null,25,False,contiguous,0,2000,25,0,2.184195093482847e-05,0.0006182969631696063,0.0353259877306513,0.48590990052375876,computed,0.9706252211619417
48,202609058430048,high_overlap_conditional_null,25,True,contiguous,0,2000,25,0,0.0014309061480862713,0.0006324122824670049,2.2626159987032297,0.011829685517035329,computed,0.9720335684525983
49,202609058430049,high_overlap_conditional_null,25,False,contiguous,0,2000,25,0,-0.0002033991182997257,0.0005459237392243118,-0.3725778962987211,0.645268686795895,computed,0.9711977977984954
50,202609058430050,high_overlap_conditional_null,25,True,contiguous,0,2000,25,0,0.0011467125315456981,0.000590568495953952,1.94170962284976,0.026086131556224162,computed,0.971470061792008
51,202609058430051,high_overlap_conditional_null,25,True,contiguous,0,2000,25,0,0.001137882041264291,0.0005793003503503907,1.9642350303707592,0.02475142107623841,computed,0.9710717411547491
52,202609058430052,high_overlap_conditional_null,25,True,contiguous,0,2000,25,0,0.001094886266449309,0.0006469203927524454,1.6924590393431684,0.04527924182511874,computed,0.9745026871664848
53,202609058430053,high_overlap_conditional_null,25,False,contiguous,0,2000,25,0,0.0003711415082654562,0.0007470762137217809,0.4967920293118491,0.30966785830231724,computed,0.972479655912379
54,202609058430054,high_overlap_conditional_null,25,True,contiguous,0,2000,25,0,0.0011995782823318263,0.000473061607822784,2.5357760226046633,0.005609923441057176,computed,0.9726474510425012
55,202609058430055,high_overlap_conditional_null,25,False,contiguous,0,2000,25,0,-0.000216909067017085,0.0006024681395883076,-0.36003408772007145,0.6405891788998315,computed,0.972114374014823
56,202609058430056,high_overlap_conditional_null,25,False,contiguous,0,2000,25,0,0.000342343127606051,0.0006861631231851928,0.49892382152057724,0.3089165257361286,computed,0.972293289214348
57,202609058430057,high_overlap_conditional_null,25,False,contiguous,0,2000,25,0,-0.00047432325643678594,0.0005461867347735042,-0.8684269064745429,0.8074196647574616,computed,0.97226416623087
58,202609058430058,high_overlap_conditional_null,25,False,contiguous,0,2000,25,0,-0.0006941132555396079,0.0006154568649661842,-1.1278016300585834,0.8702981475857927,computed,0.9733855499326479
59,202609058430059,high_overlap_conditional_null,25,False,contiguous,0,2000,25,0,0.000639068844003863,0.0006208790205635817,1.0292968885045755,0.15167009249244,computed,0.9726876996996159
60,202609058430060,high_overlap_conditional_null,25,True,contiguous,0,2000,25,0,0.0014115000832436735,0.00061137925361118,2.308714394390209,0.010479717525575312,computed,0.9721593850917748
61,202609058430061,high_overlap_conditional_null,25,False,contiguous,0,2000,25,0,-0.0009448008276436266,0.0006142845680371088,-1.5380507289360252,0.9379818941440695,computed,0.9711707342530219
62,202609058430062,high_overlap_conditional_null,25,False,contiguous,0,2000,25,0,-0.00015171409407663765,0.0006067195197916188,-0.2500563920025924,0.5987281305186547,computed,0.9737115428223702
63,202609058430063,high_overlap_conditional_null,25,True,contiguous,0,2000,25,0,0.0011517463587108704,0.0005265159891968808,2.1874860067738537,0.01435353182129455,computed,0.9713766836002728
64,202609058430064,high_overlap_conditional_null,25,False,contiguous,0,2000,25,0,-0.00017381086820513272,0.0005837263952935163,-0.2977608509852207,0.6170571518577885,computed,0.9734333010692232
65,202609058430065,high_overlap_conditional_null,25,False,contiguous,0,2000,25,0,0.00020674364676706114,0.0007163996400869357,0.2885870332681527,0.3864487097328566,computed,0.9715850377738879
66,202609058430066,high_overlap_conditional_null,25,False,contiguous,0,2000,25,0,-0.00042781510815489244,0.0004700630024838604,-0.9101229109593272,0.8186211534458869,computed,0.972727222901713
67,202609058430067,high_overlap_conditional_null,25,False,contiguous,0,2000,25,0,-6.151921962712026e-05,0.0007847886519391076,-0.07838953771198719,0.5312409021907301,computed,0.9727461963879762
68,202609058430068,high_overlap_conditional_null,25,False,contiguous,0,2000,25,0,8.920488179483543e-06,0.000667077283779533,0.013372495805795925,0.49466530502398365,computed,0.9724705858748024
69,202609058430069,high_overlap_conditional_null,25,False,contiguous,0,2000,25,0,5.725027285446899e-05,0.0005449055265087836,0.10506458472034995,0.4581622805135567,computed,0.9734711631326227
70,202609058430070,high_overlap_conditional_null,25,False,contiguous,0,2000,25,0,0.0009394536091879058,0.0006907851622279667,1.3599794271172776,0.08691821713267928,computed,0.972394232356854
71,202609058430071,high_overlap_conditional_null,25,False,contiguous,0,2000,25,0,-0.0013500350238158864,0.00048358687371763794,-2.7917114735503756,0.9973784957759237,computed,0.9722513157447225
72,202609058430072,high_overlap_conditional_null,25,False,contiguous,0,2000,25,0,0.0006481960851786144,0.0005884832901824102,1.1014689728534095,0.13534630054253255,computed,0.9702816716978774
73,202609058430073,high_overlap_conditional_null,25,False,contiguous,0,2000,25,0,0.0004565667514668202,0.0004841965863286915,0.9429367417243312,0.17285663011607827,computed,0.97207492179043
74,202609058430074,high_overlap_conditional_null,25,False,contiguous,0,2000,25,0,-0.0005731038062454574,0.000599905373984839,-0.9553236745299452,0.8302929806152948,computed,0.9713113424840456
75,202609058430075,high_overlap_conditional_null,25,True,contiguous,0,2000,25,0,0.001172153516190783,0.0006498423694381747,1.803750526768785,0.035635212369799156,computed,0.9714042266435369
76,202609058430076,high_overlap_conditional_null,25,False,contiguous,0,2000,25,0,0.0009089459317879111,0.0006379323111057227,1.4248313119811142,0.07710298437996922,computed,0.9726076583194319
77,202609058430077,high_overlap_conditional_null,25,False,contiguous,0,2000,25,0,-0.00024820842268722483,0.0007216605737824476,-0.3439406719786385,0.6345545480608488,computed,0.9717127276822057
78,202609058430078,high_overlap_conditional_null,25,False,contiguous,0,2000,25,0,-0.00029976756139620366,0.0009062764177800084,-0.3307683566681638,0.6295902677821724,computed,0.9699542364481754
79,202609058430079,high_overlap_conditional_null,25,False,contiguous,0,2000,25,0,0.00022586869995764458,0.0005357084668605443,0.42162615289864874,0.3366489569469499,computed,0.9722694657409673
80,202609058430080,high_overlap_conditional_null,25,False,contiguous,0,2000,25,0,-0.000147346885140482,0.0006701639798621479,-0.2198669125290666,0.5870125971282302,computed,0.9727732012699462
81,202609058430081,high_overlap_conditional_null,25,False,contiguous,0,2000,25,0,0.00018747860845778409,0.0007712476205125802,0.24308484521895005,0.4039698354661951,computed,0.9698345186281263
82,202609058430082,high_overlap_conditional_null,25,False,contiguous,0,2000,25,0,-0.0011815663657911651,0.0005897933429546498,-2.003356565321589,0.9774304849871251,computed,0.972898313112603
83,202609058430083,high_overlap_conditional_null,25,False,contiguous,0,2000,25,0,0.00014221424020736348,0.00048408497442540524,0.2937794968252581,0.3844632016349697,computed,0.9741907404784615
84,202609058430084,high_overlap_conditional_null,25,False,contiguous,0,2000,25,0,-0.0004723194731549344,0.000602445434576371,-0.7840037388399517,0.7834810417678071,computed,0.9718019711545604
85,202609058430085,high_overlap_conditional_null,25,False,contiguous,0,2000,25,0,-0.001141122981132547,0.0005759669110662454,-1.9812301005626687,0.9762172624606092,computed,0.9705974202720149
86,202609058430086,high_overlap_conditional_null,25,False,contiguous,0,2000,25,0,0.0002634519418392511,0.000488608221150888,0.5391885163510051,0.2948783916714296,computed,0.9731141954004126
87,202609058430087,high_overlap_conditional_null,25,True,contiguous,0,2000,25,0,0.0010963155484394124,0.0006002161679283314,1.8265345170947105,0.033884893430700384,computed,0.9734711429654288
88,202609058430088,high_overlap_conditional_null,25,False,contiguous,0,2000,25,0,-0.00023941723576545142,0.0006875741799312171,-0.34820568129740126,0.6361571393000427,computed,0.9692258841203458
89,202609058430089,high_overlap_conditional_null,25,False,contiguous,0,2000,25,0,0.0002476704107439348,0.000588030639448909,0.4211862344044636,0.33680954771880045,computed,0.9726380189715356
90,202609058430090,high_overlap_conditional_null,25,False,contiguous,0,2000,25,0,-0.00044923713374039117,0.0005207476534777303,-0.8626772117747099,0.8058425174784793,computed,0.9710055939384897
91,202609058430091,high_overlap_conditional_null,25,False,contiguous,0,2000,25,0,0.0005240439367083963,0.0006601760972780505,0.7937941692664486,0.21365763381603065,computed,0.9731070040846885
92,202609058430092,high_overlap_conditional_null,25,False,contiguous,0,2000,25,0,-0.00011415228445578118,0.0006615447852192179,-0.1725541293745581,0.5684990448093495,computed,0.9715157569261647
93,202609058430093,high_overlap_conditional_null,25,False,contiguous,0,2000,25,0,-0.00027231406874655674,0.0005445730874856046,-0.5000505441866059,0.6914802559047242,computed,0.973528928182286
94,202609058430094,high_overlap_conditional_null,25,False,contiguous,0,2000,25,0,-0.00018380590453278623,0.0005798023939104207,-0.317014738923593,0.6243837907024232,computed,0.9715206013868055
95,202609058430095,high_overlap_conditional_null,25,False,contiguous,0,2000,25,0,-4.014515259901308e-05,0.0007118205570015912,-0.056397855055095494,0.5224875671721757,computed,0.9724548938944975
96,202609058430096,high_overlap_conditional_null,25,False,contiguous,0,2000,25,0,-0.0006880980397217847,0.0006578683324832188,-1.0459509992287659,0.8522081717933745,computed,0.9728405344388797
97,202609058430097,high_overlap_conditional_null,25,True,contiguous,0,2000,25,0,0.0011800960235905293,0.0005188483160374583,2.2744528354705738,0.011469386900088405,computed,0.9725026425670259
98,202609058430098,high_overlap_conditional_null,25,False,contiguous,0,2000,25,0,-0.00014600720291428173,0.0005997293387329838,-0.24345516132784725,0.5961735918362172,computed,0.9711314378387829
99,202609058430099,high_overlap_conditional_null,25,False,contiguous,0,2000,25,0,-0.000293260638595016,0.0005939049475075496,-0.4937837945714169,0.6892705604219256,computed,0.9727923943804112
100,202609058430100,high_overlap_conditional_null,25,False,contiguous,0,2000,25,0,7.361263021062458e-05,0.00061166945168075,0.12034707636346925,0.45210410676534174,computed,0.9741052568150548
101,202609058430101,high_overlap_conditional_null,25,False,contiguous,0,2000,25,0,-0.0003090575063007929,0.0005615692763990635,-0.5503461804081494,0.7089590223515627,computed,0.9724783421670968
102,202609058430102,high_overlap_conditional_null,25,False,contiguous,0,2000,25,0,-0.00036404361890914836,0.0005888137264894753,-0.6182661893424038,0.7318000572842469,computed,0.9720095990429476
103,202609058430103,high_overlap_conditional_null,25,False,contiguous,0,2000,25,0,-0.0006890891087134941,0.0006858483962306867,-1.0047251149096765,0.8424853843515081,computed,0.9714815522239515
104,202609058430104,high_overlap_conditional_null,25,False,contiguous,0,2000,25,0,0.0008249709837883216,0.0005503596834378254,1.4989669639955001,0.06694110130046366,computed,0.9716262229841661
105,202609058430105,high_overlap_conditional_null,25,False,contiguous,0,2000,25,0,0.00016956197175126093,0.0007250965139639668,0.23384745131968349,0.4075517049345876,computed,0.9717588720679726
106,202609058430106,high_overlap_conditional_null,25,False,contiguous,0,2000,25,0,-0.0003072027411304128,0.0005598412757948503,-0.5487318538531356,0.708405258696551,computed,0.9731893235884095
107,202609058430107,high_overlap_conditional_null,25,True,contiguous,0,2000,25,0,0.0013992862552448552,0.0005274562861447609,2.6528952104683414,0.003990232103571113,computed,0.9724548085114451
108,202609058430108,high_overlap_conditional_null,25,False,contiguous,0,2000,25,0,-0.0016048346125179193,0.000592811107794524,-2.7071601584668277,0.9966069244888605,computed,0.9713965910820592
109,202609058430109,high_overlap_conditional_null,25,False,contiguous,0,2000,25,0,7.404290223230617e-05,0.0006733092173623332,0.10996864490043194,0.4562171209038207,computed,0.9727319714637532
110,202609058430110,high_overlap_conditional_null,25,False,contiguous,0,2000,25,0,-0.0004013356086312918,0.0007730608840865524,-0.5191513590879835,0.6981724022199451,computed,0.971978768195387
111,202609058430111,high_overlap_conditional_null,25,False,contiguous,0,2000,25,0,0.0003288119225003199,0.0006892801060145731,0.47703672227175514,0.31666798621622033,computed,0.9726885480650397
112,202609058430112,high_overlap_conditional_null,25,False,contiguous,0,2000,25,0,0.00013730193629559324,0.0007683234069384943,0.1787033104232688,0.42908533484411593,computed,0.9725244242935411
113,202609058430113,high_overlap_conditional_null,25,False,contiguous,0,2000,25,0,0.00038658047347932853,0.000618871691539511,0.6246536701616895,0.2660991932828237,computed,0.9735277175354999
114,202609058430114,high_overlap_conditional_null,25,False,contiguous,0,2000,25,0,0.0001453929053535536,0.0006919121454578158,0.21013203238013958,0.4167823126680807,computed,0.9709760334864266
115,202609058430115,high_overlap_conditional_null,25,False,contiguous,0,2000,25,0,0.0010175023092137794,0.0006694963610996637,1.5198025983927792,0.06428029794200578,computed,0.9729992741839665
116,202609058430116,high_overlap_conditional_null,25,False,contiguous,0,2000,25,0,-0.0008161987976003721,0.0006469227834910805,-1.2616633985215417,0.8964650336734987,computed,0.9731816323937693
117,202609058430117,high_overlap_conditional_null,25,True,contiguous,0,2000,25,0,0.000986164491544618,0.0005975367256016924,1.6503830631524699,0.049432306487629016,computed,0.9715968133280007
118,202609058430118,high_overlap_conditional_null,25,False,contiguous,0,2000,25,0,0.0006973142683807201,0.000645205750805313,1.0807626365858765,0.13990135631110162,computed,0.97073999806929
119,202609058430119,high_overlap_conditional_null,25,False,contiguous,0,2000,25,0,-0.00015907859620011103,0.0006474890504736061,-0.24568538430688971,0.5970371064426538,computed,0.9711476998279082
120,202609058430120,high_overlap_conditional_null,25,True,contiguous,0,2000,25,0,0.0009536444038618552,0.0005197359787348254,1.8348631668395894,0.03326298319627584,computed,0.9717176463226016
121,202609058430121,high_overlap_conditional_null,25,False,contiguous,0,2000,25,0,-0.00034800804494238756,0.0007575252266117841,-0.4594012617889152,0.677026978837685,computed,0.9723922136572661
122,202609058430122,high_overlap_conditional_null,25,False,contiguous,0,2000,25,0,0.0005029221249374898,0.000675634680460129,0.7443699080026258,0.22832635942017365,computed,0.9734271982104605
123,202609058430123,high_overlap_conditional_null,25,False,contiguous,0,2000,25,0,-0.0011135206533799894,0.0006090102839829183,-1.8284102627915915,0.966255998860481,computed,0.9730780405167964
124,202609058430124,high_overlap_conditional_null,25,False,contiguous,0,2000,25,0,0.0010007531749158805,0.0006780583004684416,1.4759102192606486,0.06998399786953018,computed,0.97232578942283
125,202609058430125,high_overlap_conditional_null,25,False,contiguous,0,2000,25,0,0.0004409842825041926,0.0005988135161091451,0.7364300748746206,0.23073450375360072,computed,0.9717707743220619
126,202609058430126,high_overlap_conditional_null,25,False,contiguous,0,2000,25,0,-0.00012536309171018158,0.0005908280774217827,-0.21218201453328508,0.5840174811935763,computed,0.9726570736092193
127,202609058430127,high_overlap_conditional_null,25,False,contiguous,0,2000,25,0,-0.000573374300901732,0.0007879620919691787,-0.7276673671811101,0.7665913844898229,computed,0.9709342912287318
128,202609058430128,high_overlap_conditional_null,25,False,contiguous,0,2000,25,0,0.0006899360849070947,0.0006421434217596399,1.0744267737205662,0.14131572400628545,computed,0.9721093103240177
129,202609058430129,high_overlap_conditional_null,25,False,contiguous,0,2000,25,0,0.0003283027174674213,0.0005116495155631001,0.6416554838444536,0.2605484495909719,computed,0.9722368482305167
130,202609058430130,high_overlap_conditional_null,25,False,contiguous,0,2000,25,0,-0.000880768833791561,0.0004671657987832626,-1.8853452801671935,0.9703083817055067,computed,0.9728952386875357
131,202609058430131,high_overlap_conditional_null,25,False,contiguous,0,2000,25,0,-0.0002925527564544723,0.0005850877016123085,-0.50001522104856,0.6914678200570563,computed,0.9728552463032966
132,202609058430132,high_overlap_conditional_null,25,False,contiguous,0,2000,25,0,-0.0011133966483097577,0.0006490526786756923,-1.7154180005565942,0.9568656912617224,computed,0.9728010139939064
133,202609058430133,high_overlap_conditional_null,25,True,contiguous,0,2000,25,0,0.001610889299970391,0.0005466569115952623,2.946801304074744,0.0016053972195268838,computed,0.9711550181958923
134,202609058430134,high_overlap_conditional_null,25,False,contiguous,0,2000,25,0,0.00011912388285680065,0.0006342706812951247,0.18781237470027812,0.42551186739257724,computed,0.9723044384207222
135,202609058430135,high_overlap_conditional_null,25,False,contiguous,0,2000,25,0,0.0008004335486440067,0.0006021212974793444,1.3293559819173566,0.09186527644922066,computed,0.9726731506423328
136,202609058430136,high_overlap_conditional_null,25,False,contiguous,0,2000,25,0,-0.0006019996904875615,0.0006744028801085685,-0.89264104327468,0.8139752838955578,computed,0.9742748099300819
137,202609058430137,high_overlap_conditional_null,25,False,contiguous,0,2000,25,0,-0.0008738356626331378,0.0006875018735283795,-1.2710302273773608,0.8981410523596547,computed,0.9726128174391047
138,202609058430138,high_overlap_conditional_null,25,False,contiguous,0,2000,25,0,-0.0004005661712711421,0.0004860748086338491,-0.8240833800808652,0.7950539085448111,computed,0.9734624499260062
139,202609058430139,high_overlap_conditional_null,25,False,contiguous,0,2000,25,0,0.0002781832339656449,0.0007548681840533049,0.3685189544907367,0.35624315721951566,computed,0.9719942716380399
140,202609058430140,high_overlap_conditional_null,25,False,contiguous,0,2000,25,0,0.0007674450280662458,0.0005635252173009037,1.3618645705724572,0.08662031457361474,computed,0.9711669746656649
141,202609058430141,high_overlap_conditional_null,25,False,contiguous,0,2000,25,0,0.00042707362416396697,0.0006585513465967728,0.6485046707002813,0.25832929543925764,computed,0.9725224993209315
142,202609058430142,high_overlap_conditional_null,25,False,contiguous,0,2000,25,0,0.0003907449240524388,0.0006193026921936932,0.6309433641703424,0.2640387783189415,computed,0.9745149755390737
143,202609058430143,high_overlap_conditional_null,25,False,contiguous,0,2000,25,0,-0.0003680762989727228,0.0006758118838256306,-0.544643128926824,0.7070005070273311,computed,0.9727666622244953
144,202609058430144,high_overlap_conditional_null,25,False,contiguous,0,2000,25,0,0.00042950832805326093,0.0005768223720178919,0.7446110776714784,0.228253434594543,computed,0.972123468045736
145,202609058430145,high_overlap_conditional_null,25,False,contiguous,0,2000,25,0,0.00045970873933921314,0.0004823789862631108,0.9530032452294008,0.1702942132227751,computed,0.9725763369916443
146,202609058430146,high_overlap_conditional_null,25,False,contiguous,0,2000,25,0,-0.00031035995399871424,0.0005665778763527326,-0.5477798674325476,0.7080784679763513,computed,0.9721214010662991
147,202609058430147,high_overlap_conditional_null,25,False,contiguous,0,2000,25,0,-0.0013895339612567967,0.000502433520945928,-2.7656075944947522,0.9971591570832483,computed,0.9740751247983322
148,202609058430148,high_overlap_conditional_null,25,False,contiguous,0,2000,25,0,0.00044951426073892885,0.0007031998391009849,0.6392411313882214,0.26133303913112016,computed,0.9715945597372997
149,202609058430149,high_overlap_conditional_null,25,False,contiguous,0,2000,25,0,-0.0005763905177530865,0.00046152590019179785,-1.2488801116330719,0.8941455365548203,computed,0.9718189903655237
150,202609058430150,high_overlap_conditional_null,25,True,contiguous,0,2000,25,0,0.001643652636037577,0.0006493623651554608,2.5311793911001876,0.005683984555569167,computed,0.9715225633881287
151,202609058430151,high_overlap_conditional_null,25,False,contiguous,0,2000,25,0,-0.0008255244113790899,0.0005630654380261338,-1.466125170589452,0.9286929051901207,computed,0.9709769217806922
152,202609058430152,high_overlap_conditional_null,25,False,contiguous,0,2000,25,0,0.0005793404711030423,0.0005253839369831626,1.1026992458690432,0.13507889719699712,computed,0.9724693036707442
153,202609058430153,high_overlap_conditional_null,25,False,contiguous,0,2000,25,0,0.0006896704509108277,0.0006713256492327943,1.0273262338464175,0.15213343670752583,computed,0.9735933355941407
154,202609058430154,high_overlap_conditional_null,25,False,contiguous,0,2000,25,0,-0.00014725090980084743,0.0005780394172128372,-0.2547419871656068,0.60053880764509,computed,0.9741020393393747
155,202609058430155,high_overlap_conditional_null,25,False,contiguous,0,2000,25,0,-0.0009657590899676179,0.0006502423475992482,-1.4852294587291726,0.9312584745482211,computed,0.9736204298406801
156,202609058430156,high_overlap_conditional_null,25,False,contiguous,0,2000,25,0,-0.00015514902211303028,0.0006768786458642681,-0.2292124638012908,0.5906481071351793,computed,0.9720224000461233
157,202609058430157,high_overlap_conditional_null,25,False,contiguous,0,2000,25,0,0.0009923526359836186,0.000610157606887907,1.626387387096733,0.05193363613781736,computed,0.9719615837386194
158,202609058430158,high_overlap_conditional_null,25,False,contiguous,0,2000,25,0,0.0003243359216148057,0.0007818614395409116,0.41482531969506925,0.33913489140445774,computed,0.9706318452209981
159,202609058430159,high_overlap_conditional_null,25,False,contiguous,0,2000,25,0,0.0007894473237773527,0.0006417396145427814,1.2301676659618532,0.10931716265621211,computed,0.9714826089969023
160,202609058430160,high_overlap_conditional_null,25,False,contiguous,0,2000,25,0,-0.0005110004356809153,0.0006244480870447907,-0.8183233262819845,0.7934137049820769,computed,0.9740881645418991
161,202609058430161,high_overlap_conditional_null,25,False,contiguous,0,2000,25,0,-0.0013941500222504257,0.0006083316367567476,-2.291759852706628,0.9890402477365141,computed,0.9704138272946029
162,202609058430162,high_overlap_conditional_null,25,False,contiguous,0,2000,25,0,0.0007373959785537056,0.0006049726469373285,1.2188914363100045,0.11144270022018299,computed,0.9714313091807996
163,202609058430163,high_overlap_conditional_null,25,False,contiguous,0,2000,25,0,-0.0016199039732675067,0.0007072291343462775,-2.290493836576535,0.9890036472700565,computed,0.972892881563322
164,202609058430164,high_overlap_conditional_null,25,False,contiguous,0,2000,25,0,0.00043887281443282574,0.0006788612582790771,0.6464838125324379,0.25898303856960764,computed,0.9728238136354945
165,202609058430165,high_overlap_conditional_null,25,False,contiguous,0,2000,25,0,-0.00016798207733065978,0.0006067990764571208,-0.2768331130486323,0.6090458730519214,computed,0.9730392601176728
166,202609058430166,high_overlap_conditional_null,25,False,contiguous,0,2000,25,0,0.00020157991728204117,0.0005520745615804025,0.36513168928665385,0.35750655345022153,computed,0.9700165229768927
167,202609058430167,high_overlap_conditional_null,25,True,contiguous,0,2000,25,0,0.0008816306867286039,0.0003845060217905507,2.2928917540044367,0.01092711884201276,computed,0.9714779548299184
168,202609058430168,high_overlap_conditional_null,25,False,contiguous,0,2000,25,0,-0.00020381706802526103,0.0004701146971211454,-0.43354753483220443,0.6676914797403236,computed,0.9711011022016277
169,202609058430169,high_overlap_conditional_null,25,False,contiguous,0,2000,25,0,0.0003212608075435957,0.0005232501930639552,0.6139716942337163,0.26961701604652544,computed,0.9727853373084772
170,202609058430170,high_overlap_conditional_null,25,True,contiguous,0,2000,25,0,0.0009420892763926168,0.0005292004002816244,1.7802127056050325,0.037520578416579756,computed,0.9725190000425226
171,202609058430171,high_overlap_conditional_null,25,False,contiguous,0,2000,25,0,-0.0007879787921950369,0.0004433464086683519,-1.7773433522599922,0.9622441175260177,computed,0.9734974183883646
172,202609058430172,high_overlap_conditional_null,25,False,contiguous,0,2000,25,0,0.00010414933589761943,0.0006859433960693233,0.15183371761347755,0.4396590438120584,computed,0.9712101041309731
173,202609058430173,high_overlap_conditional_null,25,False,contiguous,0,2000,25,0,0.0002357572123763698,0.0005237965632432188,0.4500930875082865,0.32632166043426847,computed,0.9715140796186975
174,202609058430174,high_overlap_conditional_null,25,False,contiguous,0,2000,25,0,8.716508408853748e-05,0.0006436155494840129,0.1354303577009875,0.4461358116294523,computed,0.9742675645038548
175,202609058430175,high_overlap_conditional_null,25,False,contiguous,0,2000,25,0,-0.001201641291637093,0.0007136105577136704,-1.6838894529349724,0.9538984824794464,computed,0.9713513494868873
176,202609058430176,high_overlap_conditional_null,25,False,contiguous,0,2000,25,0,7.677214453491238e-05,0.0006227662094822996,0.1232760277708908,0.4509442615454467,computed,0.9731168161113053
177,202609058430177,high_overlap_conditional_null,25,False,contiguous,0,2000,25,0,-0.0007525138116202377,0.00046408565902241616,-1.6214976631800855,0.9475445246293137,computed,0.9731179853431684
178,202609058430178,high_overlap_conditional_null,25,False,contiguous,0,2000,25,0,-0.0003693096327995585,0.0006434240834703251,-0.5739754576914141,0.7170077954320662,computed,0.972715513744563
179,202609058430179,high_overlap_conditional_null,25,False,contiguous,0,2000,25,0,0.00015380151321309627,0.0006341009267763069,0.24255052582087322,0.40417680570836445,computed,0.972740576974444
180,202609058430180,high_overlap_conditional_null,25,False,contiguous,0,2000,25,0,0.00033130998382504016,0.0004887432133767177,0.677881502509315,0.24892341456281192,computed,0.972224346466277
181,202609058430181,high_overlap_conditional_null,25,False,contiguous,0,2000,25,0,0.0002833403761439213,0.0005825312628146822,0.4863951417386142,0.31334351722089676,computed,0.9713017459386463
182,202609058430182,high_overlap_conditional_null,25,False,contiguous,0,2000,25,0,-0.0015477140798132636,0.0004583291739998587,-3.37686136430351,0.999633410030439,computed,0.971562783239872
183,202609058430183,high_overlap_conditional_null,25,True,contiguous,0,2000,25,0,0.0022234138528207208,0.000699639306388492,3.177943023667277,0.0007416194763188706,computed,0.9726319874387144
184,202609058430184,high_overlap_conditional_null,25,False,contiguous,0,2000,25,0,-0.0007479644309898585,0.0005997581522270053,-1.247110069638133,0.8938214293896873,computed,0.9725844369764611
185,202609058430185,high_overlap_conditional_null,25,False,contiguous,0,2000,25,0,-0.0001169430529096484,0.0007809627359132423,-0.14974216762455064,0.5595159808615895,computed,0.9696779574195723
186,202609058430186,high_overlap_conditional_null,25,False,contiguous,0,2000,25,0,-8.111566726893315e-05,0.0005924201105862352,-0.13692254165488127,0.5544539895108055,computed,0.9739901800676467
187,202609058430187,high_overlap_conditional_null,25,False,contiguous,0,2000,25,0,-0.0003118335830921398,0.0005740460624031428,-0.5432204896358027,0.7065109996260586,computed,0.9720794734064615
188,202609058430188,high_overlap_conditional_null,25,False,contiguous,0,2000,25,0,-0.0006312167699691673,0.0005494886018744609,-1.1487349652311414,0.8746673583019569,computed,0.9721667364404145
189,202609058430189,high_overlap_conditional_null,25,False,contiguous,0,2000,25,0,-0.00024801002112383977,0.0005923874975006613,-0.4186618086475785,0.6622683445618582,computed,0.9715274799103232
190,202609058430190,high_overlap_conditional_null,25,False,contiguous,0,2000,25,0,0.00011014193799686711,0.0005514566442988508,0.199729097718837,0.420846227787269,computed,0.9735559645898487
191,202609058430191,high_overlap_conditional_null,25,False,contiguous,0,2000,25,0,-0.0006874146839431947,0.0005678533707038123,-1.210549623208532,0.886965969287598,computed,0.973339122824924
192,202609058430192,high_overlap_conditional_null,25,False,contiguous,0,2000,25,0,0.0002290646697626809,0.0006029667627869977,0.3798960140089839,0.352011303142273,computed,0.9732009407684941
193,202609058430193,high_overlap_conditional_null,25,False,contiguous,0,2000,25,0,-3.402623269449391e-05,0.0005425589721275809,-0.0627143489325484,0.5250030144545744,computed,0.970732138699756
194,202609058430194,high_overlap_conditional_null,25,False,contiguous,0,2000,25,0,0.0003543142846286338,0.0005974516683003684,0.5930425897656085,0.27657632496746787,computed,0.9730636636943257
195,202609058430195,high_overlap_conditional_null,25,False,contiguous,0,2000,25,0,0.00029902499638772835,0.0005810183304626183,0.5146567340648939,0.3033964561419611,computed,0.9720445819477096
196,202609058430196,high_overlap_conditional_null,25,False,contiguous,0,2000,25,0,0.0006524022122430564,0.0006847842035957461,0.9527121227641431,0.17036797469988546,computed,0.9716810398066577
197,202609058430197,high_overlap_conditional_null,25,False,contiguous,0,2000,25,0,-0.0004103949847027958,0.0007365104770997624,-0.5572154062476516,0.7113098675746455,computed,0.9728993337420545
198,202609058430198,high_overlap_conditional_null,25,False,contiguous,0,2000,25,0,-0.00042996555190620323,0.0006153314956449338,-0.6987543380264534,0.7576472153967165,computed,0.9737920996144657
199,202609058430199,high_overlap_conditional_null,25,False,contiguous,0,2000,25,0,0.0006799663771482846,0.0007443421222684369,0.913513231087927,0.18048633905332517,computed,0.9729404368051385
200,202609058430200,high_overlap_conditional_null,25,False,contiguous,0,2000,25,0,0.0003703070414226658,0.0006052521914348572,0.611822718964119,0.27032752833465923,computed,0.9738323978205778
201,202609058430201,high_overlap_conditional_null,25,False,contiguous,0,2000,25,0,-0.00019108950859842566,0.0006280768938449108,-0.30424540445777143,0.6195295322101889,computed,0.9728435809966416
202,202609058430202,high_overlap_conditional_null,25,False,contiguous,0,2000,25,0,-0.0008938574936993511,0.0006943624594235593,-1.2873067683431605,0.9010063073091286,computed,0.9727954435583039
203,202609058430203,high_overlap_conditional_null,25,False,contiguous,0,2000,25,0,0.00019152648297435864,0.0005421203176520883,0.35329146821844976,0.36193497052467366,computed,0.9714289224181346
204,202609058430204,high_overlap_conditional_null,25,False,contiguous,0,2000,25,0,-0.0001535490920615286,0.0005481663688770068,-0.2801140324899806,0.6103049904380298,computed,0.9722675302410891
205,202609058430205,high_overlap_conditional_null,25,False,contiguous,0,2000,25,0,0.0006196254690320958,0.0007099219350225008,0.8728078940291609,0.19138389807612355,computed,0.9708721200031518
206,202609058430206,high_overlap_conditional_null,25,False,contiguous,0,2000,25,0,-0.00020396749881247748,0.0007015866371133553,-0.29072318089137505,0.6143684793975014,computed,0.9718649760378901
207,202609058430207,high_overlap_conditional_null,25,True,contiguous,0,2000,25,0,0.0013976403097119131,0.0006518552701263253,2.1440960497888737,0.016012595763097166,computed,0.9706421297441443
208,202609058430208,high_overlap_conditional_null,25,False,contiguous,0,2000,25,0,-0.0007909596753898323,0.0005701727503706308,-1.3872281249422789,0.9173138940524512,computed,0.9725542362967033
209,202609058430209,high_overlap_conditional_null,25,False,contiguous,0,2000,25,0,0.0008578157230761386,0.0006317610052741809,1.3578168261649057,0.08726090721662377,computed,0.9698664093318148
210,202609058430210,high_overlap_conditional_null,25,False,contiguous,0,2000,25,0,0.0004420780126489697,0.0006046808370956075,0.7310931412550646,0.23236113170369038,computed,0.9722835903038388
211,202609058430211,high_overlap_conditional_null,25,False,contiguous,0,2000,25,0,-0.0009882361632091753,0.0005872867231873063,-1.6827149741200471,0.9537848592275473,computed,0.972259840699166
212,202609058430212,high_overlap_conditional_null,25,False,contiguous,0,2000,25,0,-0.001069969911197195,0.0006459496539819681,-1.6564292659673188,0.9511825407575861,computed,0.9717761684712116
213,202609058430213,high_overlap_conditional_null,25,False,contiguous,0,2000,25,0,-0.0002938822077975781,0.0006213337323166884,-0.4729860822167449,0.6818884456373472,computed,0.9719671870925054
214,202609058430214,high_overlap_conditional_null,25,True,contiguous,0,2000,25,0,0.0009708426007346649,0.0004876073675846706,1.991033493902413,0.023238602546622956,computed,0.9713559645627085
215,202609058430215,high_overlap_conditional_null,25,False,contiguous,0,2000,25,0,0.00013998799751189828,0.0005659990054175979,0.2473290521219453,0.4023267883608349,computed,0.9731776247998518
216,202609058430216,high_overlap_conditional_null,25,False,contiguous,0,2000,25,0,0.0009193287232931762,0.0006303618165567242,1.458414356876657,0.072363182875793,computed,0.9727110262779334
217,202609058430217,high_overlap_conditional_null,25,False,contiguous,0,2000,25,0,5.113427240736137e-05,0.0004547913344158259,0.11243457941660816,0.45523941936738926,computed,0.972196088131966
218,202609058430218,high_overlap_conditional_null,25,False,contiguous,0,2000,25,0,-0.00022974937923369855,0.0007970022255579138,-0.288266923060184,0.6134287877303339,computed,0.9715576987916781
219,202609058430219,high_overlap_conditional_null,25,False,contiguous,0,2000,25,0,0.0006997786343162918,0.0007238311381733799,0.9667705593354471,0.16682937253860752,computed,0.9720706352679934
220,202609058430220,high_overlap_conditional_null,25,False,contiguous,0,2000,25,0,8.693365339668313e-05,0.000749297481138477,0.11602021304622134,0.45381826114011703,computed,0.971804640880036
221,202609058430221,high_overlap_conditional_null,25,True,contiguous,0,2000,25,0,0.0011316712406845432,0.0005507452366806028,2.0547998699094343,0.019949169396539245,computed,0.9733415361557176
222,202609058430222,high_overlap_conditional_null,25,True,contiguous,0,2000,25,0,0.0011721939484684585,0.0005670597345450675,2.0671436835642534,0.019360308462612493,computed,0.9729429995152209
223,202609058430223,high_overlap_conditional_null,25,False,contiguous,0,2000,25,0,0.00031209821262284036,0.0006064850711100817,0.5146016406497698,0.3034157092030896,computed,0.9721570518893516
224,202609058430224,high_overlap_conditional_null,25,False,contiguous,0,2000,25,0,6.322449513177398e-05,0.0006005702820574561,0.10527409867031239,0.458079157508959,computed,0.9715698032092754
225,202609058430225,high_overlap_conditional_null,25,False,contiguous,0,2000,25,0,0.0005540145870343085,0.0008087928574591291,0.6849894653802684,0.24667528432230257,computed,0.9729520458544989
226,202609058430226,high_overlap_conditional_null,25,False,contiguous,0,2000,25,0,3.495742001650797e-05,0.0006332260203345404,0.05520528041162864,0.4779874610964429,computed,0.9717174683837254
227,202609058430227,high_overlap_conditional_null,25,False,contiguous,0,2000,25,0,-0.0005049124399065082,0.0006082606726987281,-0.8300921998890953,0.7967566715745125,computed,0.9705179860002023
228,202609058430228,high_overlap_conditional_null,25,False,contiguous,0,2000,25,0,-0.0004894978578687832,0.0006197207266440842,-0.7898684630406266,0.7851977045514844,computed,0.9723280913349224
229,202609058430229,high_overlap_conditional_null,25,False,contiguous,0,2000,25,0,-0.001195988856137412,0.0007428366647674245,-1.6100293817778442,0.9463042789371063,computed,0.9717918806184929
230,202609058430230,high_overlap_conditional_null,25,False,contiguous,0,2000,25,0,-0.0011945275445832198,0.0006661386117842372,-1.7932116881555697,0.9635304590646636,computed,0.9727001588376621
231,202609058430231,high_overlap_conditional_null,25,False,contiguous,0,2000,25,0,-0.0003836477049076901,0.0007410379373925912,-0.5177166856768347,0.6976720226248647,computed,0.9716477320211941
232,202609058430232,high_overlap_conditional_null,25,False,contiguous,0,2000,25,0,0.00015946140334861648,0.0005585738275869356,0.28547954714866786,0.38763838587468696,computed,0.9706051282720032
233,202609058430233,high_overlap_conditional_null,25,False,contiguous,0,2000,25,0,-0.0006450263197453813,0.0005263385928426705,-1.2254969111455374,0.8898059734086381,computed,0.9728880528067523
234,202609058430234,high_overlap_conditional_null,25,False,contiguous,0,2000,25,0,-0.0001760633803975828,0.000584965879910954,-0.3009805980895568,0.6182853552878327,computed,0.9727954111829139
235,202609058430235,high_overlap_conditional_null,25,False,contiguous,0,2000,25,0,-0.0009279811708615723,0.000552950458249233,-1.678235648451711,0.9533494474713362,computed,0.9722749683108114
236,202609058430236,high_overlap_conditional_null,25,False,contiguous,0,2000,25,0,-0.0005604380184065616,0.0007436168092701704,-0.7536650751031416,0.7744748209346275,computed,0.9700969842477163
237,202609058430237,high_overlap_conditional_null,25,False,contiguous,0,2000,25,0,1.1816283284821482e-05,0.0006574645274796164,0.017972503140388552,0.49283039459147493,computed,0.9717843474188175
238,202609058430238,high_overlap_conditional_null,25,False,contiguous,0,2000,25,0,-0.0010915631230619032,0.0008030081748899346,-1.3593424789374278,0.9129809553982136,computed,0.9732946331248555
239,202609058430239,high_overlap_conditional_null,25,False,contiguous,0,2000,25,0,-0.00017638628182512135,0.000665383436967758,-0.2650896791614432,0.6045298110765349,computed,0.9726479562641476
240,202609058430240,high_overlap_conditional_null,25,False,contiguous,0,2000,25,0,-0.0002772399762751628,0.0004789881765608961,-0.57880338146492,0.7186390753810328,computed,0.9732948094159167
241,202609058430241,high_overlap_conditional_null,25,False,contiguous,0,2000,25,0,0.0004944168011139067,0.0005963569610104068,0.8290618428872146,0.20353470691133746,computed,0.971583571213837
242,202609058430242,high_overlap_conditional_null,25,False,contiguous,0,2000,25,0,-0.001120836986015385,0.0006741372108603908,-1.6626244152653706,0.9518061796469658,computed,0.9729572291156621
243,202609058430243,high_overlap_conditional_null,25,True,contiguous,0,2000,25,0,0.0008773839384568843,0.00044016271929012997,1.9933172438408242,0.02311335967282764,computed,0.9736701253284369
244,202609058430244,high_overlap_conditional_null,25,False,contiguous,0,2000,25,0,0.0005933286272321343,0.0006737477697852325,0.8806390964696879,0.18925659524967664,computed,0.9728447991423921
245,202609058430245,high_overlap_conditional_null,25,False,contiguous,0,2000,25,0,0.00011054553379581817,0.0007718966718385015,0.143212864919499,0.44306103490921916,computed,0.9716816861642816
246,202609058430246,high_overlap_conditional_null,25,False,contiguous,0,2000,25,0,-7.704086766249221e-05,0.0006229675754213796,-0.12366754017716128,0.5492107432451915,computed,0.9724452355532346
247,202609058430247,high_overlap_conditional_null,25,False,contiguous,0,2000,25,0,2.719551840962961e-05,0.0004924947629714233,0.05521991390435883,0.47798163206895117,computed,0.9733748432456102
248,202609058430248,high_overlap_conditional_null,25,False,contiguous,0,2000,25,0,-0.00044930146056595087,0.0006082907972870053,-0.7386293900381996,0.7699339636423206,computed,0.9718307527199073
249,202609058430249,high_overlap_conditional_null,25,False,contiguous,0,2000,25,0,0.0007197185709869289,0.0005131547357098383,1.402537131400248,0.08037745524833845,computed,0.972281953562925
250,202609058430250,high_overlap_conditional_null,25,False,contiguous,0,2000,25,0,-0.00018688284154952611,0.0006019085928965146,-0.3104837574260327,0.6219034453461575,computed,0.9721069312315246
251,202609058430251,high_overlap_conditional_null,25,False,contiguous,0,2000,25,0,-0.0012937592723714971,0.0005077689048535434,-2.5479293040692563,0.9945817785594181,computed,0.9726763411673562
252,202609058430252,high_overlap_conditional_null,25,True,contiguous,0,2000,25,0,0.0016572670233702645,0.0006858885027250195,2.4162338583982383,0.007840992887115171,computed,0.9717584315608232
253,202609058430253,high_overlap_conditional_null,25,False,contiguous,0,2000,25,0,0.0005303683146242192,0.0006390294491669667,0.8299591127069382,0.20328095063633128,computed,0.9734368533079774
254,202609058430254,high_overlap_conditional_null,25,False,contiguous,0,2000,25,0,0.0002896555362452405,0.0006182543316758155,0.4685054700063512,0.31971158009846945,computed,0.9705904296428459
255,202609058430255,high_overlap_conditional_null,25,False,contiguous,0,2000,25,0,0.0005598190119869132,0.0005893517963707554,0.9498893792032096,0.1710842320004673,computed,0.9716425581060516
256,202609058430256,high_overlap_conditional_null,25,False,contiguous,0,2000,25,0,0.0005816584210549807,0.0004466250790836953,1.3023416021516805,0.09639981802865122,computed,0.9727560531457371
257,202609058430257,high_overlap_conditional_null,25,False,contiguous,0,2000,25,0,-0.0012077838834222204,0.0006801399071660137,-1.7757874088800016,0.962116018100472,computed,0.9721442699366076
258,202609058430258,high_overlap_conditional_null,25,False,contiguous,0,2000,25,0,-0.0008819604926545925,0.0006526546853869266,-1.3513432331091315,0.9117072454827861,computed,0.9724996208383826
259,202609058430259,high_overlap_conditional_null,25,False,contiguous,0,2000,25,0,8.320772534820562e-05,0.0008529073104063835,0.09755775842577753,0.46114173416519477,computed,0.9722075437488134
260,202609058430260,high_overlap_conditional_null,25,False,contiguous,0,2000,25,0,-0.0006417058629439581,0.0005093054941979015,-1.2599625769884382,0.8961585686874297,computed,0.971375262358077
261,202609058430261,high_overlap_conditional_null,25,False,contiguous,0,2000,25,0,0.00034798280618585374,0.0005860213754790178,0.5938056541050405,0.2763210534612891,computed,0.9727762611804218
262,202609058430262,high_overlap_conditional_null,25,False,contiguous,0,2000,25,0,0.0006218351661836767,0.0006275571239940086,0.9908821721695784,0.16087155929000946,computed,0.9704627346138547
263,202609058430263,high_overlap_conditional_null,25,False,contiguous,0,2000,25,0,0.0004990200113722103,0.0006733634339767972,0.741085699330394,0.22932073997047303,computed,0.9727149614551178
264,202609058430264,high_overlap_conditional_null,25,False,contiguous,0,2000,25,0,-0.0008058622825310846,0.0006000409471042413,-1.3430121501209604,0.9103659801919688,computed,0.9715024749251587
265,202609058430265,high_overlap_conditional_null,25,False,contiguous,0,2000,25,0,0.0005701923593193948,0.0006194150392063824,0.9205336054641917,0.17864699004007928,computed,0.9713519004461987
266,202609058430266,high_overlap_conditional_null,25,False,contiguous,0,2000,25,0,0.0006633725255836871,0.0006136812277419356,1.0809724912469503,0.13985467521339406,computed,0.9707809717803575
267,202609058430267,high_overlap_conditional_null,25,False,contiguous,0,2000,25,0,0.0003422797056395593,0.0006855710131424784,0.4992622194900548,0.30879733355367867,computed,0.9717602909191188
268,202609058430268,high_overlap_conditional_null,25,False,contiguous,0,2000,25,0,0.0002882523933921565,0.000632694896909999,0.455594623569661,0.3243407550149428,computed,0.9736454425482164
269,202609058430269,high_overlap_conditional_null,25,False,contiguous,0,2000,25,0,0.00040491035135475613,0.0005794596405581454,0.6987723096033739,0.24234716805199769,computed,0.9734312264710765
270,202609058430270,high_overlap_conditional_null,25,False,contiguous,0,2000,25,0,-0.0007827102954670487,0.0007508220551162262,-1.0424711023517899,0.8514033417793831,computed,0.9726628600845106
271,202609058430271,high_overlap_conditional_null,25,True,contiguous,0,2000,25,0,0.0012679591245627145,0.0006803359856043187,1.863724911502999,0.031180172591273612,computed,0.9705152897810881
272,202609058430272,high_overlap_conditional_null,25,False,contiguous,0,2000,25,0,-5.7317328805737144e-06,0.0006774846522041759,-0.008460313989292147,0.5033751366921082,computed,0.9708806121680056
273,202609058430273,high_overlap_conditional_null,25,False,contiguous,0,2000,25,0,-0.0006591837119831489,0.000563449467413547,-1.169907418688422,0.8789808859563514,computed,0.972061150293513
274,202609058430274,high_overlap_conditional_null,25,False,contiguous,0,2000,25,0,0.00028898414043232283,0.0007505143012709857,0.38504814624176004,0.35010087240925153,computed,0.9716997212060017
275,202609058430275,high_overlap_conditional_null,25,False,contiguous,0,2000,25,0,-0.0006928870052010656,0.0005904704074448627,-1.1734491626758896,0.8796921339680073,computed,0.9705701045678279
276,202609058430276,high_overlap_conditional_null,25,False,contiguous,0,2000,25,0,0.00022446224716715613,0.0005312093594741243,0.42254949609578535,0.3363119904987757,computed,0.9710929920541581
277,202609058430277,high_overlap_conditional_null,25,False,contiguous,0,2000,25,0,0.0007175086401346748,0.0006939755060044434,1.0339106120124082,0.1505889767439484,computed,0.9730821967046815
278,202609058430278,high_overlap_conditional_null,25,False,contiguous,0,2000,25,0,0.0005097266410049002,0.0005218625711078213,0.9767449693179591,0.1643477130846096,computed,0.9715582619399818
279,202609058430279,high_overlap_conditional_null,25,True,contiguous,0,2000,25,0,0.0011072446897644746,0.0006381924250247206,1.7349699657146276,0.04137306257448595,computed,0.9721442011725924
280,202609058430280,high_overlap_conditional_null,25,False,contiguous,0,2000,25,0,-0.0003304489798681936,0.0008134964634155865,-0.4062082562482867,0.6577052058926736,computed,0.971265660802157
281,202609058430281,high_overlap_conditional_null,25,False,contiguous,0,2000,25,0,-0.0004925285105119097,0.0005626036216153255,-0.875444969760026,0.8093340798273597,computed,0.9714437988531128
282,202609058430282,high_overlap_conditional_null,25,False,contiguous,0,2000,25,0,0.00023960067760909343,0.0006344458011944603,0.377653500358898,0.3528440076194206,computed,0.9730492708377713
283,202609058430283,high_overlap_conditional_null,25,False,contiguous,0,2000,25,0,0.0001574567479482441,0.0007118201616686893,0.2212029897820329,0.41246719070561666,computed,0.9730600015633272
284,202609058430284,high_overlap_conditional_null,25,False,contiguous,0,2000,25,0,0.00018763298368952358,0.000517643797997828,0.36247509274767914,0.3584985164856225,computed,0.9731926388329535
285,202609058430285,high_overlap_conditional_null,25,False,contiguous,0,2000,25,0,0.0003264919885894191,0.0006134102977665435,0.5322571038963515,0.29727396882533624,computed,0.9719462190266194
286,202609058430286,high_overlap_conditional_null,25,False,contiguous,0,2000,25,0,-0.0005888730336724574,0.0006826879127651126,-0.862580137514558,0.8058158225499212,computed,0.9723108855444692
287,202609058430287,high_overlap_conditional_null,25,False,contiguous,0,2000,25,0,-0.0016926923582470256,0.0006169073534189799,-2.7438356000555135,0.9969637029355856,computed,0.9713558891247296
288,202609058430288,high_overlap_conditional_null,25,True,contiguous,0,2000,25,0,0.0010904197515289517,0.0006146884659437761,1.7739388518617323,0.03803663267981233,computed,0.9712238931004186
289,202609058430289,high_overlap_conditional_null,25,False,contiguous,0,2000,25,0,-0.0003866899403879357,0.0004377127380031883,-0.8834331441940332,0.8114988551720841,computed,0.9714516972755934
290,202609058430290,high_overlap_conditional_null,25,False,contiguous,0,2000,25,0,-0.0007284778618366676,0.0006797863999082766,-1.0716275905710397,0.8580563321317496,computed,0.972928866861139
291,202609058430291,high_overlap_conditional_null,25,True,contiguous,0,2000,25,0,0.0011239630601582778,0.0005833173566459639,1.9268465910580663,0.026999375581740353,computed,0.9708150071710969
292,202609058430292,high_overlap_conditional_null,25,False,contiguous,0,2000,25,0,-0.0005797668990004935,0.0006017853840167092,-0.9634113994772523,0.8323294460761557,computed,0.9705026976908956
293,202609058430293,high_overlap_conditional_null,25,False,contiguous,0,2000,25,0,-0.001341819885520085,0.0005877658020312193,-2.2829158839847135,0.9887823381711035,computed,0.9721324143387977
294,202609058430294,high_overlap_conditional_null,25,False,contiguous,0,2000,25,0,-0.0005254885712743098,0.0006962918504750271,-0.7546958519129713,0.7747842520015151,computed,0.9726497664951571
295,202609058430295,high_overlap_conditional_null,25,False,contiguous,0,2000,25,0,-0.0005594856135466013,0.0006922034138351549,-0.8082676311097192,0.7905317339955873,computed,0.9724527555653095
296,202609058430296,high_overlap_conditional_null,25,False,contiguous,0,2000,25,0,0.00048373863125782785,0.0006367506901724494,0.7596986367251809,0.22371737191852598,computed,0.9727092874686977
297,202609058430297,high_overlap_conditional_null,25,False,contiguous,0,2000,25,0,0.0005075113235943999,0.0007047398910120947,0.7201399127067293,0.23571942764568699,computed,0.9714210407369173
298,202609058430298,high_overlap_conditional_null,25,False,contiguous,0,2000,25,0,0.00026545632308401946,0.000596898181540401,0.44472630558022913,0.3282587783325702,computed,0.9716172202175591
299,202609058430299,high_overlap_conditional_null,25,False,contiguous,0,2000,25,0,-0.00022190347809190254,0.0007210004138921025,-0.3077716375972987,0.6208719476947517,computed,0.9734805286801125
0,202609058430000,high_overlap_conditional_null,50,False,contiguous,0,4000,50,0,0.0005943771654571519,0.0004354884397563488,1.3648517645834632,0.08614982264337095,computed,0.9739308040329269
1,202609058430001,high_overlap_conditional_null,50,False,contiguous,0,4000,50,0,0.00015517814838435576,0.0004609187226415799,0.3366713929410621,0.368182315391425,computed,0.9731909499250537
2,202609058430002,high_overlap_conditional_null,50,False,contiguous,0,4000,50,0,0.00031216653388629,0.0004767887125755002,0.6547271897441531,0.2563217080566284,computed,0.9731138297723626
3,202609058430003,high_overlap_conditional_null,50,False,contiguous,0,4000,50,0,-0.0008412952532667069,0.00046968615338667085,-1.7911859806820993,0.9633682724195954,computed,0.9736781676804445
4,202609058430004,high_overlap_conditional_null,50,False,contiguous,0,4000,50,0,-7.634615158650338e-05,0.00045339215073798947,-0.16838878101933222,0.5668612832327667,computed,0.9727414402568781
5,202609058430005,high_overlap_conditional_null,50,False,contiguous,0,4000,50,0,0.00033434653187273126,0.0003719928050643751,0.8987983835194635,0.18438003064168695,computed,0.972268236754648
6,202609058430006,high_overlap_conditional_null,50,False,contiguous,0,4000,50,0,0.0003836278129475048,0.00044977703885931393,0.8529288509712032,0.19684938059578438,computed,0.9737532303366417
7,202609058430007,high_overlap_conditional_null,50,False,contiguous,0,4000,50,0,-0.00044374425782777165,0.0004583357177190051,-0.9681642531290151,0.833518827722588,computed,0.9736264454011573
8,202609058430008,high_overlap_conditional_null,50,True,contiguous,0,4000,50,0,0.0007781942106274979,0.0003521317244296997,2.2099520055679,0.013554246686606217,computed,0.9732858792340613
9,202609058430009,high_overlap_conditional_null,50,False,contiguous,0,4000,50,0,-0.0002887990788037593,0.000498571844458443,-0.5792526834672296,0.7187906563608801,computed,0.9739324573177798
10,202609058430010,high_overlap_conditional_null,50,False,contiguous,0,4000,50,0,-0.0005639173060717961,0.00048691762607372814,-1.1581369740482732,0.8765959282836259,computed,0.9733170100051737
11,202609058430011,high_overlap_conditional_null,50,False,contiguous,0,4000,50,0,5.140185851399276e-07,0.0003851965017922748,0.0013344321216528668,0.49946763876434364,computed,0.9713502956777985
12,202609058430012,high_overlap_conditional_null,50,False,contiguous,0,4000,50,0,-0.00027427979204705077,0.0004859388679935552,-0.564432709775931,0.7137701584319416,computed,0.973316669267944
13,202609058430013,high_overlap_conditional_null,50,False,contiguous,0,4000,50,0,-0.0004844788108857996,0.0003961846833141435,-1.2228610324686524,0.8893089056248263,computed,0.9738808921428116
14,202609058430014,high_overlap_conditional_null,50,False,contiguous,0,4000,50,0,0.0002613057319976339,0.0004189796158542603,0.6236717064739674,0.26642160399657455,computed,0.9730047955803781
15,202609058430015,high_overlap_conditional_null,50,True,contiguous,0,4000,50,0,0.0007645387596506463,0.00046094855656847927,1.6586205743700275,0.04859613661832716,computed,0.9728424869079391
16,202609058430016,high_overlap_conditional_null,50,True,contiguous,0,4000,50,0,0.00078293122601965,0.00044427956667602436,1.7622490088331606,0.0390136175109401,computed,0.9727919360719671
17,202609058430017,high_overlap_conditional_null,50,True,contiguous,0,4000,50,0,0.0008339777788430203,0.00038360193191425607,2.174070851732399,0.014849907308468207,computed,0.9727746564264331
18,202609058430018,high_overlap_conditional_null,50,False,contiguous,0,4000,50,0,-0.0004250589441109221,0.0004594413805013509,-0.9251646938007412,0.8225598772189312,computed,0.9737827332620294
19,202609058430019,high_overlap_conditional_null,50,False,contiguous,0,4000,50,0,-6.33510997183176e-05,0.00041366003524743653,-0.15314774046379234,0.560859115773005,computed,0.9741998402810108
20,202609058430020,high_overlap_conditional_null,50,False,contiguous,0,4000,50,0,3.66486060921251e-05,0.00041504646956136567,0.0883000068181679,0.4648191167690355,computed,0.9728692243610261
21,202609058430021,high_overlap_conditional_null,50,False,contiguous,0,4000,50,0,6.006101640888345e-05,0.0004671129204692466,0.12857922308924377,0.4488453036962255,computed,0.9726601454776191
22,202609058430022,high_overlap_conditional_null,50,False,contiguous,0,4000,50,0,-0.0006841845272695139,0.00041682824625991844,-1.6414063428006798,0.9496434529416051,computed,0.97222961973894
23,202609058430023,high_overlap_conditional_null,50,False,contiguous,0,4000,50,0,-0.00015438279670420546,0.000511024636652271,-0.3021044106905866,0.618713764897337,computed,0.973074219162164
24,202609058430024,high_overlap_conditional_null,50,False,contiguous,0,4000,50,0,-0.00014996874945048133,0.000442731710059535,-0.33873505340359455,0.632595334323261,computed,0.9734814533572601
25,202609058430025,high_overlap_conditional_null,50,False,contiguous,0,4000,50,0,-0.001020637918550058,0.0004919829154255003,-2.074539351975954,0.9809853760075881,computed,0.9731687580407672
26,202609058430026,high_overlap_conditional_null,50,False,contiguous,0,4000,50,0,4.224905945212307e-05,0.000284282846329403,0.1486162812763188,0.4409282125432976,computed,0.9735876472829309
27,202609058430027,high_overlap_conditional_null,50,False,contiguous,0,4000,50,0,0.00018332345149245553,0.00042761691856177,0.42870953775411513,0.33406730938209417,computed,0.9717099893357776
28,202609058430028,high_overlap_conditional_null,50,False,contiguous,0,4000,50,0,2.5911599997329282e-05,0.0004438628458662158,0.05837749259405071,0.47672397124979654,computed,0.9732839597942957
29,202609058430029,high_overlap_conditional_null,50,False,contiguous,0,4000,50,0,0.0003220321274374998,0.0004527993021850625,0.7112027909130542,0.23847928968238874,computed,0.9723577106855344
30,202609058430030,high_overlap_conditional_null,50,False,contiguous,0,4000,50,0,0.00032673808344778745,0.0004592469023691149,0.7114649696323376,0.2383980754971758,computed,0.9732244730484951
31,202609058430031,high_overlap_conditional_null,50,False,contiguous,0,4000,50,0,0.00038882870111956185,0.00040833048200669827,0.9522402031038758,0.17048758809149828,computed,0.9727216237260432
32,202609058430032,high_overlap_conditional_null,50,False,contiguous,0,4000,50,0,-0.0004412190107583586,0.0004429119814477419,-0.996177636279223,0.8404180783016286,computed,0.9723835590080322
33,202609058430033,high_overlap_conditional_null,50,False,contiguous,0,4000,50,0,-0.00029895900779078544,0.00041396542191603523,-0.7221835253946003,0.7649091746125194,computed,0.9720933131022038
34,202609058430034,high_overlap_conditional_null,50,False,contiguous,0,4000,50,0,-0.0004938041201351422,0.00041941918978927086,-1.1773522341294032,0.8804725267678255,computed,0.9735207338596706
35,202609058430035,high_overlap_conditional_null,50,False,contiguous,0,4000,50,0,0.00022997877933695216,0.00046793845204502624,0.49147228301473933,0.3115462255146162,computed,0.9736618370642695
36,202609058430036,high_overlap_conditional_null,50,False,contiguous,0,4000,50,0,-0.0005454704048636426,0.00042761409012244465,-1.2756137308465454,0.8989539510695708,computed,0.9737184926020084
37,202609058430037,high_overlap_conditional_null,50,False,contiguous,0,4000,50,0,-0.0002771458360205331,0.00045891850072957244,-0.6039107937028828,0.7270485238758702,computed,0.9727391251319829
38,202609058430038,high_overlap_conditional_null,50,False,contiguous,0,4000,50,0,-0.0012217023338940512,0.00048457127781254624,-2.521202534762409,0.9941522743121111,computed,0.9715537387864953
39,202609058430039,high_overlap_conditional_null,50,False,contiguous,0,4000,50,0,-0.00042722313137041185,0.0004623655873120573,-0.9239942225243348,0.8222553380786752,computed,0.9721748568154297
40,202609058430040,high_overlap_conditional_null,50,False,contiguous,0,4000,50,0,-0.0007474099970092345,0.00032309149381898826,-2.31330756552808,0.9896471324827935,computed,0.9735105458623411
41,202609058430041,high_overlap_conditional_null,50,False,contiguous,0,4000,50,0,-0.0006702708636249906,0.00036307907309705064,-1.8460740739134471,0.9675592746493857,computed,0.9728196821715024
42,202609058430042,high_overlap_conditional_null,50,False,contiguous,0,4000,50,0,-0.0007229689543872258,0.00037946075067513265,-1.905253581828758,0.9716264419181845,computed,0.9730589344532571
43,202609058430043,high_overlap_conditional_null,50,False,contiguous,0,4000,50,0,-0.00041458065350107607,0.000432341477921128,-0.9589194529623826,0.831200337958651,computed,0.9728848900000484
44,202609058430044,high_overlap_conditional_null,50,False,contiguous,0,4000,50,0,-0.0010581079483589872,0.0003895172866583966,-2.7164595374863016,0.9967007869883943,computed,0.971242551978025
45,202609058430045,high_overlap_conditional_null,50,False,contiguous,0,4000,50,0,-0.00010891544849918347,0.0003810939174500163,-0.2857968692545943,0.6124831469313614,computed,0.9732407650817815
46,202609058430046,high_overlap_conditional_null,50,False,contiguous,0,4000,50,0,-0.0007052268237290158,0.00044420966254797795,-1.5875990172835244,0.9438114797134602,computed,0.9729696625532408
47,202609058430047,high_overlap_conditional_null,50,False,contiguous,0,4000,50,0,-3.1250101839076655e-05,0.00038285811609292176,-0.08162319283703544,0.5325268211932052,computed,0.9716858476974698
48,202609058430048,high_overlap_conditional_null,50,False,contiguous,0,4000,50,0,0.00023111418414684958,0.00047167697994764975,0.4899840229058886,0.3120726023330592,computed,0.9723045242017788
49,202609058430049,high_overlap_conditional_null,50,False,contiguous,0,4000,50,0,0.00032158946480740296,0.00041432865656524775,0.7761699793428593,0.21882431454449547,computed,0.9728751751699064
50,202609058430050,high_overlap_conditional_null,50,False,contiguous,0,4000,50,0,-5.4841839772016397e-05,0.0004156190563570315,-0.13195217816217097,0.5524889413998353,computed,0.9720520607154342
51,202609058430051,high_overlap_conditional_null,50,False,contiguous,0,4000,50,0,0.0001446708694272586,0.00043529157035803904,0.33235394222833886,0.36981100623703855,computed,0.9723324032327707
52,202609058430052,high_overlap_conditional_null,50,False,contiguous,0,4000,50,0,0.00035328956100001745,0.0004960897961541461,0.7121484129261199,0.23818643887396418,computed,0.9742500779079405
53,202609058430053,high_overlap_conditional_null,50,False,contiguous,0,4000,50,0,-2.292779438002082e-05,0.0005042025905230155,-0.045473376795302736,0.5181350024100372,computed,0.9707275926004032
54,202609058430054,high_overlap_conditional_null,50,True,contiguous,0,4000,50,0,0.0009928440937595382,0.0004012327667806724,2.474484079966133,0.006671438368232855,computed,0.9735012761480342
55,202609058430055,high_overlap_conditional_null,50,False,contiguous,0,4000,50,0,-0.00020441147154095092,0.0004420548386463416,-0.4624120214743013,0.6781070599445593,computed,0.9729348530770031
56,202609058430056,high_overlap_conditional_null,50,False,contiguous,0,4000,50,0,-0.00037798992370423134,0.00046501111054582107,-0.8128621341123529,0.7918514466675449,computed,0.9731386825533707
57,202609058430057,high_overlap_conditional_null,50,False,contiguous,0,4000,50,0,-0.0004737071726631381,0.0003519206294724364,-1.3460625294211133,0.910858824181905,computed,0.9734280031484646
58,202609058430058,high_overlap_conditional_null,50,False,contiguous,0,4000,50,0,-0.0003957397892618273,0.00040017009136203066,-0.9889289524733739,0.8386510480357585,computed,0.9737313513159335
59,202609058430059,high_overlap_conditional_null,50,False,contiguous,0,4000,50,0,0.00032726824628389185,0.0004433579164211969,0.7381581204765991,0.2302091843550349,computed,0.972470087998697
60,202609058430060,high_overlap_conditional_null,50,False,contiguous,0,4000,50,0,0.00042801570592704193,0.00046691757952647375,0.9166836390292173,0.17965422095781186,computed,0.9727476964959157
61,202609058430061,high_overlap_conditional_null,50,False,contiguous,0,4000,50,0,-0.0004725915038827994,0.0004867207754604854,-0.9709704777563309,0.8342185099835071,computed,0.9723642503589671
62,202609058430062,high_overlap_conditional_null,50,False,contiguous,0,4000,50,0,-0.00020872433972804556,0.0004050662605794378,-0.5152844362536398,0.6968228634379656,computed,0.9744511878595499
63,202609058430063,high_overlap_conditional_null,50,False,contiguous,0,4000,50,0,-0.0004591404544298241,0.000410134493588744,-1.1194875378860967,0.8685338977555157,computed,0.9726114362679047
64,202609058430064,high_overlap_conditional_null,50,False,contiguous,0,4000,50,0,-0.00044446430074439607,0.00046165074203288785,-0.9627717672177651,0.8321689640125223,computed,0.974019511197793
65,202609058430065,high_overlap_conditional_null,50,False,contiguous,0,4000,50,0,-0.0002811923267254261,0.00046601313977190855,-0.603399996109673,0.7268786875890528,computed,0.9716109097198818
66,202609058430066,high_overlap_conditional_null,50,False,contiguous,0,4000,50,0,-3.609280836502732e-05,0.0003801186572338582,-0.09495142550401611,0.5378232953225859,computed,0.9737794259722994
67,202609058430067,high_overlap_conditional_null,50,False,contiguous,0,4000,50,0,0.0001281777129035435,0.00046801217310981117,0.27387687814151956,0.3920896205083716,computed,0.9732782685564317
68,202609058430068,high_overlap_conditional_null,50,False,contiguous,0,4000,50,0,-0.00021125925956550558,0.0005270649020103079,-0.40082209754383147,0.6557244457808357,computed,0.972379067298201
69,202609058430069,high_overlap_conditional_null,50,False,contiguous,0,4000,50,0,-0.00017352671551361376,0.00037302410778843184,-0.4651890102825015,0.6791019459990022,computed,0.9734965723824298
70,202609058430070,high_overlap_conditional_null,50,False,contiguous,0,4000,50,0,0.00034108913526441576,0.000478471246905004,0.7128727953262692,0.23796223737297412,computed,0.9738295600776693
71,202609058430071,high_overlap_conditional_null,50,False,contiguous,0,4000,50,0,-0.00032063262301611114,0.00041145778253476843,-0.7792600763093295,0.7820867363182339,computed,0.9730224664795911
72,202609058430072,high_overlap_conditional_null,50,False,contiguous,0,4000,50,0,0.0001816818310415384,0.00038114484567830774,0.4766739813002239,0.31679714660446356,computed,0.9723976926820582
73,202609058430073,high_overlap_conditional_null,50,False,contiguous,0,4000,50,0,0.0005484158561541902,0.00037554293855927536,1.4603279674439378,0.07209997960388324,computed,0.9729748306687042
74,202609058430074,high_overlap_conditional_null,50,False,contiguous,0,4000,50,0,-0.0003296691710608271,0.0003659741835138281,-0.9007989795771231,0.8161523948922119,computed,0.9719867799020664
75,202609058430075,high_overlap_conditional_null,50,False,contiguous,0,4000,50,0,0.00034902893533860673,0.000512560264446076,0.6809519963780305,0.2479509327318355,computed,0.9724866786532171
76,202609058430076,high_overlap_conditional_null,50,False,contiguous,0,4000,50,0,9.546256984691831e-05,0.0004705526291880065,0.20287331092305258,0.4196170276420069,computed,0.9726528758051832
77,202609058430077,high_overlap_conditional_null,50,False,contiguous,0,4000,50,0,-0.00014447752552220052,0.0004528478771230258,-0.31904207311310884,0.6251526955920246,computed,0.97315856656679
78,202609058430078,high_overlap_conditional_null,50,False,contiguous,0,4000,50,0,-0.0003349006158140666,0.0005576647974977112,-0.6005410729111713,0.7259271517838186,computed,0.9716092940187525
79,202609058430079,high_overlap_conditional_null,50,False,contiguous,0,4000,50,0,-0.00025800631055000576,0.000467951969957544,-0.5513521196917153,0.7093038418333514,computed,0.9727476296386742
80,202609058430080,high_overlap_conditional_null,50,False,contiguous,0,4000,50,0,0.00030205696415960516,0.0004601916385972184,0.6563721259263899,0.255792360304125,computed,0.9733967009314648
81,202609058430081,high_overlap_conditional_null,50,False,contiguous,0,4000,50,0,-0.00020326064967432608,0.000498494847304971,-0.4077487476013459,0.6582709276365496,computed,0.9719921024605136
82,202609058430082,high_overlap_conditional_null,50,False,contiguous,0,4000,50,0,-0.0008327103039875951,0.0004419400889876124,-1.8842153602655767,0.9702320746655749,computed,0.9736305428378443
83,202609058430083,high_overlap_conditional_null,50,False,contiguous,0,4000,50,0,0.00011740040022471195,0.00036893981517213697,0.3182101670700307,0.3751627605445846,computed,0.9740832024035254
84,202609058430084,high_overlap_conditional_null,50,False,contiguous,0,4000,50,0,-0.00030850429255088925,0.0004748377932325646,-0.6497045874353792,0.7420584699416302,computed,0.9730601303142061
85,202609058430085,high_overlap_conditional_null,50,False,contiguous,0,4000,50,0,-0.00018621766923559502,0.0004111516041042267,-0.4529172873867444,0.6746958489189839,computed,0.9727485355596489
86,202609058430086,high_overlap_conditional_null,50,False,contiguous,0,4000,50,0,0.0002955384067303506,0.0003965935347389248,0.7451921951397967,0.22807777022977854,computed,0.9730135835532844
87,202609058430087,high_overlap_conditional_null,50,False,contiguous,0,4000,50,0,0.0004329737111413961,0.0004671115508019224,0.9269171580066485,0.17698477396933043,computed,0.9733527941576684
88,202609058430088,high_overlap_conditional_null,50,False,contiguous,0,4000,50,0,-0.0011362852625685337,0.000541083915780148,-2.1000167061521497,0.9821363142209407,computed,0.9707883500910005
89,202609058430089,high_overlap_conditional_null,50,False,contiguous,0,4000,50,0,-0.00014105147608089574,0.00038156649733657406,-0.3696642054935875,0.6441836473521256,computed,0.9733686901830878
90,202609058430090,high_overlap_conditional_null,50,False,contiguous,0,4000,50,0,-0.0008050500627494069,0.00039983314451375225,-2.013465051098877,0.9779671359577986,computed,0.9721383531288533
91,202609058430091,high_overlap_conditional_null,50,False,contiguous,0,4000,50,0,-0.0002976749958243442,0.0004097035775681867,-0.7265618659988449,0.7662528020254618,computed,0.9733433209803128
92,202609058430092,high_overlap_conditional_null,50,False,contiguous,0,4000,50,0,-0.00010471845335113153,0.00038661620830559754,-0.2708589321955113,0.6067502339928701,computed,0.9727870543781965
93,202609058430093,high_overlap_conditional_null,50,False,contiguous,0,4000,50,0,-0.0008558726021888519,0.00046570038243871605,-1.8378181218296092,0.966955394812578,computed,0.9729604415961104
94,202609058430094,high_overlap_conditional_null,50,False,contiguous,0,4000,50,0,0.0003262413485314749,0.00040550265680937574,0.8045356622283215,0.21054384100258966,computed,0.9723178385546917
95,202609058430095,high_overlap_conditional_null,50,False,contiguous,0,4000,50,0,0.00010249896046446136,0.00047211212439266355,0.2171072403538005,0.41406238577655724,computed,0.9727422133664771
96,202609058430096,high_overlap_conditional_null,50,False,contiguous,0,4000,50,0,-0.0004160690385770449,0.00045197850378629536,-0.9205505020516879,0.8213574226050344,computed,0.9729565488063795
97,202609058430097,high_overlap_conditional_null,50,True,contiguous,0,4000,50,0,0.000998107611739707,0.0004220748801182676,2.3647643078404292,0.00902077428896207,computed,0.9730004609656789
98,202609058430098,high_overlap_conditional_null,50,False,contiguous,0,4000,50,0,3.938082554659256e-05,0.00041029662465160094,0.09598135392908087,0.46176769079581864,computed,0.9727488073622405
99,202609058430099,high_overlap_conditional_null,50,False,contiguous,0,4000,50,0,-8.608139692117642e-05,0.00045313389360953103,-0.18996900945872175,0.5753332924199263,computed,0.9732311863877128
100,202609058430100,high_overlap_conditional_null,50,False,contiguous,0,4000,50,0,8.476685643423876e-05,0.0004074377323141644,0.20804861629476498,0.41759550372657,computed,0.9734236848518094
101,202609058430101,high_overlap_conditional_null,50,False,contiguous,0,4000,50,0,-0.00014266727378303595,0.00038368155208238255,-0.3718377206533063,0.6449931614462785,computed,0.9732202844240517
102,202609058430102,high_overlap_conditional_null,50,False,contiguous,0,4000,50,0,-0.0004671514721033516,0.00042059728570179803,-1.1106858935712685,0.8666482118719105,computed,0.9726817925284343
103,202609058430103,high_overlap_conditional_null,50,False,contiguous,0,4000,50,0,-0.0009240585717355358,0.0004518290290930226,-2.045150958074654,0.979580011140231,computed,0.972264914985547
104,202609058430104,high_overlap_conditional_null,50,False,contiguous,0,4000,50,0,-0.00013148104868960782,0.0003909003351275909,-0.3363544025785807,0.6316981850868513,computed,0.9726806591239884
105,202609058430105,high_overlap_conditional_null,50,False,contiguous,0,4000,50,0,-0.00015385685417600045,0.0004662202657709175,-0.33000893670203457,0.6293033952277496,computed,0.9723555019072061
106,202609058430106,high_overlap_conditional_null,50,False,contiguous,0,4000,50,0,-0.00013599381242243968,0.000393926516718899,-0.3452263471755143,0.6350378936063272,computed,0.9735915938563041
107,202609058430107,high_overlap_conditional_null,50,True,contiguous,0,4000,50,0,0.0010085534247626419,0.0004415359797162529,2.2841930694091452,0.011180093353520382,computed,0.9724408778575573
108,202609058430108,high_overlap_conditional_null,50,False,contiguous,0,4000,50,0,-0.000800642654525427,0.00043238903335166516,-1.8516719730823017,0.9679635295227791,computed,0.9730727532772625
109,202609058430109,high_overlap_conditional_null,50,False,contiguous,0,4000,50,0,-0.00037194140171770715,0.00046543951927191247,-0.7991186530519271,0.7878891926528416,computed,0.9731055559515914
110,202609058430110,high_overlap_conditional_null,50,False,contiguous,0,4000,50,0,-0.0002926731725305437,0.0004738756062328439,-0.6176160339993014,0.7315857636556325,computed,0.9717433911534229
111,202609058430111,high_overlap_conditional_null,50,True,contiguous,0,4000,50,0,0.0009756541156318988,0.00046802564208184934,2.084616798541295,0.018552049207116478,computed,0.9734578611232971
112,202609058430112,high_overlap_conditional_null,50,False,contiguous,0,4000,50,0,0.00046542708294127253,0.00043206780567691495,1.0772084307741792,0.14069357983504321,computed,0.9735335467960567
113,202609058430113,high_overlap_conditional_null,50,False,contiguous,0,4000,50,0,-0.0001990675091994159,0.0004579398642867234,-0.4347022933010623,0.668110733213284,computed,0.9740418919510805
114,202609058430114,high_overlap_conditional_null,50,False,contiguous,0,4000,50,0,-0.0003413178085816645,0.00043066599305270457,-0.7925348508766382,0.7859755604526775,computed,0.9721518691234428
115,202609058430115,high_overlap_conditional_null,50,False,contiguous,0,4000,50,0,0.00021032344002269455,0.00043302793244210926,0.48570409496808226,0.31358848993727195,computed,0.972866116665533
116,202609058430116,high_overlap_conditional_null,50,False,contiguous,0,4000,50,0,-0.0005191421473041286,0.00043758775167115113,-1.1863726654174405,0.882262419218353,computed,0.9730325817031819
117,202609058430117,high_overlap_conditional_null,50,False,contiguous,0,4000,50,0,0.0002658447564075279,0.0005001091735674241,0.5315734452763183,0.29751073030576664,computed,0.9721991802367156
118,202609058430118,high_overlap_conditional_null,50,False,contiguous,0,4000,50,0,0.00045934982194914466,0.00042656045893170745,1.0768692041910213,0.1407693514258846,computed,0.9730670925643798
119,202609058430119,high_overlap_conditional_null,50,False,contiguous,0,4000,50,0,-0.0003335510496936006,0.00047932664767138524,-0.6958742046035278,0.7567461934709847,computed,0.9721253331178622
120,202609058430120,high_overlap_conditional_null,50,True,contiguous,0,4000,50,0,0.0009401749830927552,0.0003244664792431714,2.897602813349915,0.0018801323320950388,computed,0.9725276710592379
121,202609058430121,high_overlap_conditional_null,50,False,contiguous,0,4000,50,0,0.00016236665571847824,0.000462905038545443,0.3507558617825216,0.3628857565279473,computed,0.9732014029490007
122,202609058430122,high_overlap_conditional_null,50,False,contiguous,0,4000,50,0,0.00012723446656463805,0.0004031833226012263,0.3155747260173282,0.3761626618949878,computed,0.9733019794321667
123,202609058430123,high_overlap_conditional_null,50,False,contiguous,0,4000,50,0,-0.00025433881813612813,0.0004459098075616454,-0.5703817539401547,0.7157905989088675,computed,0.9729590365666702
124,202609058430124,high_overlap_conditional_null,50,False,contiguous,0,4000,50,0,0.00034396031682081023,0.000437414627528848,0.786348455615206,0.21583168596801405,computed,0.9743124069151511
125,202609058430125,high_overlap_conditional_null,50,False,contiguous,0,4000,50,0,0.0004016608146209212,0.00048059206521904236,0.8357624765149916,0.2016442699785435,computed,0.9733260132619334
126,202609058430126,high_overlap_conditional_null,50,False,contiguous,0,4000,50,0,0.0002729408144463741,0.0004304971581703437,0.6340130457687574,0.26303615414811576,computed,0.972020237158239
127,202609058430127,high_overlap_conditional_null,50,False,contiguous,0,4000,50,0,0.0001824261167756087,0.0005530962927471267,0.32982704669657437,0.370765324798779,computed,0.9720233772996375
128,202609058430128,high_overlap_conditional_null,50,False,contiguous,0,4000,50,0,0.0004558724421550258,0.0004535794853618496,1.005055248015344,0.15743512373876145,computed,0.9729575964111928
129,202609058430129,high_overlap_conditional_null,50,False,contiguous,0,4000,50,0,7.147368716338628e-05,0.0004230631089233577,0.168943322298363,0.4329206113342147,computed,0.9728963061338479
130,202609058430130,high_overlap_conditional_null,50,False,contiguous,0,4000,50,0,-0.00031336009983842837,0.0004166380834204429,-0.7521158346012422,0.7740092988697276,computed,0.9726635319536059
131,202609058430131,high_overlap_conditional_null,50,False,contiguous,0,4000,50,0,-0.0005313973788245212,0.0004391744204677655,-1.20999164354456,0.8868589502770835,computed,0.9724044779196228
132,202609058430132,high_overlap_conditional_null,50,False,contiguous,0,4000,50,0,-0.0013357522161565217,0.0004978150143473934,-2.6832300707274075,0.9963542595103798,computed,0.9732220468094439
133,202609058430133,high_overlap_conditional_null,50,False,contiguous,0,4000,50,0,0.0004981772304439352,0.0003855363428350359,1.2921667171001214,0.09814970757440117,computed,0.9722247944873129
134,202609058430134,high_overlap_conditional_null,50,False,contiguous,0,4000,50,0,0.00033956736912155194,0.00041744963147782394,0.813433151011395,0.20798487948336425,computed,0.9733348531073006
135,202609058430135,high_overlap_conditional_null,50,False,contiguous,0,4000,50,0,5.114188929337726e-05,0.00041601570185538825,0.12293259380665097,0.4510802376237758,computed,0.9727777197168844
136,202609058430136,high_overlap_conditional_null,50,False,contiguous,0,4000,50,0,4.487695640034639e-05,0.0004173719158310509,0.10752270264996042,0.4571871578075642,computed,0.974439560627463
137,202609058430137,high_overlap_conditional_null,50,False,contiguous,0,4000,50,0,0.00029081578882609596,0.00044733890104643097,0.6501017196264608,0.2578132592641859,computed,0.9736265129051928
138,202609058430138,high_overlap_conditional_null,50,False,contiguous,0,4000,50,0,-0.000581853929579107,0.0004071761981314439,-1.4289978939075263,0.9234975806153225,computed,0.9732283928380081
139,202609058430139,high_overlap_conditional_null,50,False,contiguous,0,4000,50,0,-0.00019443627038210736,0.0004614774843947376,-0.421334251306161,0.6632444886781891,computed,0.9725590162749842
140,202609058430140,high_overlap_conditional_null,50,False,contiguous,0,4000,50,0,0.000111742599012982,0.00041019005854765143,0.2724166436617843,0.3926508383347353,computed,0.9729795770757746
141,202609058430141,high_overlap_conditional_null,50,False,contiguous,0,4000,50,0,0.0004075975029771196,0.0004246444302745352,0.9598559969657563,0.16856384752028852,computed,0.9730550909318566
142,202609058430142,high_overlap_conditional_null,50,False,contiguous,0,4000,50,0,0.0004321229211066261,0.0004867397094281768,0.8877905639017727,0.18732670981702376,computed,0.9737049301387353
143,202609058430143,high_overlap_conditional_null,50,False,contiguous,0,4000,50,0,-0.0003389354505971644,0.00046400669383812534,-0.7304537953829743,0.7674435770321182,computed,0.9735275753410564
144,202609058430144,high_overlap_conditional_null,50,False,contiguous,0,4000,50,0,5.342016273252306e-05,0.0003730941287883114,0.14318146175608393,0.44307343516855413,computed,0.9727663927834971
145,202609058430145,high_overlap_conditional_null,50,False,contiguous,0,4000,50,0,0.0002723642338270382,0.0003955044584589156,0.68865022378839,0.2455217036148445,computed,0.9728160480275367
146,202609058430146,high_overlap_conditional_null,50,False,contiguous,0,4000,50,0,-7.726727213883519e-05,0.0003669716753479146,-0.2105537765703047,0.5833822577145718,computed,0.9729551828597598
147,202609058430147,high_overlap_conditional_null,50,False,contiguous,0,4000,50,0,-0.0004897632968037049,0.00042353519887921827,-1.1563697612376562,0.8762350276260606,computed,0.9740305045722583
148,202609058430148,high_overlap_conditional_null,50,False,contiguous,0,4000,50,0,-0.00017582949553029072,0.0004894239399267561,-0.35925806072462285,0.6402989772274987,computed,0.9725700374007161
149,202609058430149,high_overlap_conditional_null,50,False,contiguous,0,4000,50,0,0.00013852429714617564,0.0003657018072220011,0.3787902996664268,0.35242179564985776,computed,0.9724027368900928
150,202609058430150,high_overlap_conditional_null,50,True,contiguous,0,4000,50,0,0.000949905514764355,0.00045189154162357,2.1020652684746097,0.017773779393491725,computed,0.9722117286908399
151,202609058430151,high_overlap_conditional_null,50,False,contiguous,0,4000,50,0,-7.207469208366702e-05,0.0004172770954183903,-0.17272621209031386,0.5685666804057274,computed,0.9727091873568448
152,202609058430152,high_overlap_conditional_null,50,False,contiguous,0,4000,50,0,-0.00011677795423535742,0.0003576513466170119,-0.3265133917149994,0.6279820205550014,computed,0.9731692660594482
153,202609058430153,high_overlap_conditional_null,50,False,contiguous,0,4000,50,0,0.00021939382810915194,0.0004867592806502784,0.4507234619462339,0.3260944352253574,computed,0.9735542842799115
154,202609058430154,high_overlap_conditional_null,50,False,contiguous,0,4000,50,0,7.731957299403599e-05,0.00040128951253958736,0.19267778144690084,0.42360566261064875,computed,0.9731070133744575
155,202609058430155,high_overlap_conditional_null,50,False,contiguous,0,4000,50,0,-0.0007921709097654186,0.0004969055827863549,-1.5942081095635694,0.9445552846194138,computed,0.973336968998737
156,202609058430156,high_overlap_conditional_null,50,False,contiguous,0,4000,50,0,4.711709570082922e-05,0.0004268347878542471,0.11038719673645363,0.4560511532992393,computed,0.9726045512158226
157,202609058430157,high_overlap_conditional_null,50,False,contiguous,0,4000,50,0,9.784705322087516e-05,0.0004005817493852195,0.24426238432240838,0.4035138070921306,computed,0.9719577372612562
158,202609058430158,high_overlap_conditional_null,50,False,contiguous,0,4000,50,0,-0.00044747523377508617,0.0005481257896170425,-0.8163732527304041,0.7928566551669505,computed,0.972055583054516
159,202609058430159,high_overlap_conditional_null,50,False,contiguous,0,4000,50,0,0.0005954335287896243,0.0004393106227100146,1.3553815865332834,0.08764800658005756,computed,0.9726993172427677
160,202609058430160,high_overlap_conditional_null,50,False,contiguous,0,4000,50,0,-0.0002310013726322896,0.0004065416958000202,-0.5682107764560521,0.7150540725579078,computed,0.9743674914628729
161,202609058430161,high_overlap_conditional_null,50,False,contiguous,0,4000,50,0,-0.0008147785062747929,0.00040136987981102427,-2.0299941456952686,0.9788214328169528,computed,0.9723027803081138
162,202609058430162,high_overlap_conditional_null,50,False,contiguous,0,4000,50,0,0.0003313427267892474,0.00041275158769937657,0.8027654808939888,0.2110551487063952,computed,0.9726265810093537
163,202609058430163,high_overlap_conditional_null,50,False,contiguous,0,4000,50,0,-0.000864661152037119,0.00045465695348845855,-1.9017880303002301,0.9714005641237851,computed,0.9738240201014038
164,202609058430164,high_overlap_conditional_null,50,False,contiguous,0,4000,50,0,-0.00026210788848991015,0.0004524725684100971,-0.579279069692352,0.7187995570534202,computed,0.9739827421609677
165,202609058430165,high_overlap_conditional_null,50,False,contiguous,0,4000,50,0,-0.0002324134710636629,0.0004472199066305011,-0.5196849863297475,0.6983584235574944,computed,0.9738095060114897
166,202609058430166,high_overlap_conditional_null,50,False,contiguous,0,4000,50,0,0.00035245165312460913,0.00040845798276481905,0.8628834984173706,0.19410076216507022,computed,0.9718221357609007
167,202609058430167,high_overlap_conditional_null,50,False,contiguous,0,4000,50,0,0.00020110676177297851,0.0003138216591524291,0.6408313636354117,0.2608161266606088,computed,0.9729850099452076
168,202609058430168,high_overlap_conditional_null,50,False,contiguous,0,4000,50,0,-0.0007023716449423762,0.00038919242226787335,-1.804689929083326,0.9644383916816976,computed,0.9716554897175158
169,202609058430169,high_overlap_conditional_null,50,False,contiguous,0,4000,50,0,-0.0005417347224646374,0.00042066983414318576,-1.287790752973849,0.9010905939784841,computed,0.9722923483229954
170,202609058430170,high_overlap_conditional_null,50,False,contiguous,0,4000,50,0,-3.548559475128488e-05,0.00043135348289782523,-0.08226569659967335,0.5327822839611506,computed,0.9721733489134925
171,202609058430171,high_overlap_conditional_null,50,False,contiguous,0,4000,50,0,-0.00027337199043455507,0.000375072737533082,-0.7288506017061378,0.7669534727357966,computed,0.9738875240154602
172,202609058430172,high_overlap_conditional_null,50,False,contiguous,0,4000,50,0,0.00017801143378054602,0.000407804949915624,0.4365112140433241,0.3312329323928421,computed,0.9725571119262595
173,202609058430173,high_overlap_conditional_null,50,False,contiguous,0,4000,50,0,0.00024385245170718494,0.00035500381349068974,0.6869009358221448,0.246072578592835,computed,0.9722716389427641
174,202609058430174,high_overlap_conditional_null,50,False,contiguous,0,4000,50,0,-0.00013589805191913074,0.0005589641350972485,-0.24312481496775679,0.596045645857518,computed,0.9739396702502011
175,202609058430175,high_overlap_conditional_null,50,False,contiguous,0,4000,50,0,-0.000337029848516915,0.00041556216951917324,-0.8110214866451291,0.7913233341618164,computed,0.9721017466934324
176,202609058430176,high_overlap_conditional_null,50,False,contiguous,0,4000,50,0,-9.929899093405123e-05,0.00040179149031237884,-0.24714060234787386,0.5976002940085503,computed,0.9735458391921559
177,202609058430177,high_overlap_conditional_null,50,False,contiguous,0,4000,50,0,-0.0006311412423206862,0.00040220175595339107,-1.569215531704008,0.9417011368192298,computed,0.9737583000520925
178,202609058430178,high_overlap_conditional_null,50,False,contiguous,0,4000,50,0,0.00024106024013814914,0.0004165581439382552,0.578695300154498,0.2813973938851997,computed,0.973211808315948
179,202609058430179,high_overlap_conditional_null,50,False,contiguous,0,4000,50,0,0.0003822024962301833,0.00040097170968538546,0.9531906790383564,0.17024673408920665,computed,0.9726558494890026
180,202609058430180,high_overlap_conditional_null,50,False,contiguous,0,4000,50,0,0.0002676151282795861,0.0005171246958778771,0.5175059911329112,0.3024014938950783,computed,0.9727027715190176
181,202609058430181,high_overlap_conditional_null,50,False,contiguous,0,4000,50,0,6.767477599303977e-05,0.0004530956824571438,0.14936089354468923,0.44063443398443947,computed,0.9722967110826614
182,202609058430182,high_overlap_conditional_null,50,False,contiguous,0,4000,50,0,-0.0007264805336943916,0.0004502336601785646,-1.6135633515412113,0.9466889142443409,computed,0.9726875213966523
183,202609058430183,high_overlap_conditional_null,50,True,contiguous,0,4000,50,0,0.0013177837539691747,0.0004611598067806192,2.857542514749263,0.0021346771820843617,computed,0.9722675397753141
184,202609058430184,high_overlap_conditional_null,50,False,contiguous,0,4000,50,0,-0.000560489010518756,0.00047147148811933033,-1.1888078593140612,0.8827423576911005,computed,0.9722510078243005
185,202609058430185,high_overlap_conditional_null,50,False,contiguous,0,4000,50,0,5.897808670978194e-06,0.0004690014439702436,0.012575246295728652,0.4949833347864343,computed,0.9714433205444304
186,202609058430186,high_overlap_conditional_null,50,False,contiguous,0,4000,50,0,-0.0004852565793100364,0.0004006567944166607,-1.2111527523614054,0.8870815665797926,computed,0.9737399897263124
187,202609058430187,high_overlap_conditional_null,50,False,contiguous,0,4000,50,0,0.0002496799240717901,0.0004142286711303346,0.6027586728617097,0.27333462160552213,computed,0.9732600909509083
188,202609058430188,high_overlap_conditional_null,50,False,contiguous,0,4000,50,0,-0.0007078526364430222,0.0003965846327616639,-1.7848715708266527,0.9628589245377366,computed,0.9728852711305137
189,202609058430189,high_overlap_conditional_null,50,False,contiguous,0,4000,50,0,7.040366842858804e-05,0.0003981174520159027,0.17684145237063303,0.429816463934392,computed,0.9726398707513532
190,202609058430190,high_overlap_conditional_null,50,False,contiguous,0,4000,50,0,0.0004940772364157334,0.00042820657487465107,1.1538291689247524,0.12428510649137142,computed,0.9724669856445505
191,202609058430191,high_overlap_conditional_null,50,False,contiguous,0,4000,50,0,-0.00045612350484728616,0.00036845599515731876,-1.237932102726504,0.8921293811663122,computed,0.973383088932403
192,202609058430192,high_overlap_conditional_null,50,False,contiguous,0,4000,50,0,-0.0004917010788970154,0.0004861802089719471,-1.011355603998654,0.8440768690987053,computed,0.9731469069032417
193,202609058430193,high_overlap_conditional_null,50,False,contiguous,0,4000,50,0,-0.0006447939298171012,0.000407222202546713,-1.5833958113890807,0.9433343614571262,computed,0.9711365111543142
194,202609058430194,high_overlap_conditional_null,50,False,contiguous,0,4000,50,0,0.00038339458047995654,0.00045914279297929817,0.8350225383963351,0.20185250923673653,computed,0.9727323140711953
195,202609058430195,high_overlap_conditional_null,50,False,contiguous,0,4000,50,0,0.000484021251112938,0.0004277027353628769,1.1316767724253123,0.1288851751517826,computed,0.9731016808376268
196,202609058430196,high_overlap_conditional_null,50,False,contiguous,0,4000,50,0,0.00045466107609528586,0.0004453836175756766,1.0208302644136498,0.15366743151750456,computed,0.9723908160954923
197,202609058430197,high_overlap_conditional_null,50,False,contiguous,0,4000,50,0,-0.00016449703601996435,0.0004566694728651537,-0.3602102741571635,0.6406550539790291,computed,0.9734751677027144
198,202609058430198,high_overlap_conditional_null,50,False,contiguous,0,4000,50,0,-0.0003314682479167024,0.00043492801266625694,-0.7621220943776168,0.77700643136887,computed,0.9735918704402047
199,202609058430199,high_overlap_conditional_null,50,True,contiguous,0,4000,50,0,0.0008234002354099535,0.0004150848474814637,1.9836913835953114,0.023645127351810142,computed,0.9729796147619943
200,202609058430200,high_overlap_conditional_null,50,False,contiguous,0,4000,50,0,3.969029410447764e-05,0.00041887297155360166,0.09475496582476106,0.4622547289617958,computed,0.9733625536794257
201,202609058430201,high_overlap_conditional_null,50,False,contiguous,0,4000,50,0,-0.000420581416115185,0.0003789906779089835,-1.1097407947754054,0.8664446308416807,computed,0.9746985259628715
202,202609058430202,high_overlap_conditional_null,50,False,contiguous,0,4000,50,0,-0.0004781325128545208,0.0004671245859271773,-1.023565291271266,0.8469796769110195,computed,0.9732647099339337
203,202609058430203,high_overlap_conditional_null,50,False,contiguous,0,4000,50,0,-0.00017993298536912188,0.0004211743493047057,-0.4272173404343443,0.6653894838354457,computed,0.9720425373655506
204,202609058430204,high_overlap_conditional_null,50,False,contiguous,0,4000,50,0,-0.00041314022127268333,0.0003650312802174073,-1.1317940233139008,0.8711394794840105,computed,0.973421388511167
205,202609058430205,high_overlap_conditional_null,50,False,contiguous,0,4000,50,0,0.00023379211718521726,0.000449618380155398,0.5199790033147969,0.30153910477449736,computed,0.9722712518588105
206,202609058430206,high_overlap_conditional_null,50,False,contiguous,0,4000,50,0,2.8760210837936562e-05,0.00040620520800526376,0.07080217158999073,0.47177760174278816,computed,0.9728030243323229
207,202609058430207,high_overlap_conditional_null,50,False,contiguous,0,4000,50,0,0.0005513725643895796,0.0004721160764805407,1.1678750033251741,0.12142859418084984,computed,0.9719359905022411
208,202609058430208,high_overlap_conditional_null,50,False,contiguous,0,4000,50,0,-0.0005142640228075625,0.00040659946691043783,-1.2647926636874811,0.8970271690280475,computed,0.9736065731698981
209,202609058430209,high_overlap_conditional_null,50,True,contiguous,0,4000,50,0,0.0009097663105083341,0.00045156447620248115,2.014698583376598,0.021968120369265386,computed,0.9729779418656473
210,202609058430210,high_overlap_conditional_null,50,False,contiguous,0,4000,50,0,0.0002813587898458702,0.0004672061122384622,0.6022155585632932,0.27351533022352253,computed,0.9730101170086165
211,202609058430211,high_overlap_conditional_null,50,False,contiguous,0,4000,50,0,-0.00018257232350474612,0.00043439204952301126,-0.42029388821738695,0.6628646129211663,computed,0.9730442933338977
212,202609058430212,high_overlap_conditional_null,50,False,contiguous,0,4000,50,0,7.462971142723862e-05,0.00041905166543223187,0.17809190986095144,0.42932539773328987,computed,0.9728535969988772
213,202609058430213,high_overlap_conditional_null,50,False,contiguous,0,4000,50,0,-0.00018128111260684552,0.0003992075848866885,-0.45410237548041715,0.6751224281961681,computed,0.9727156647651176
214,202609058430214,high_overlap_conditional_null,50,False,contiguous,0,4000,50,0,0.00032104895432718167,0.00031918098649620695,1.0058523781490878,0.1572432935155182,computed,0.9729358762453446
215,202609058430215,high_overlap_conditional_null,50,False,contiguous,0,4000,50,0,0.00026382312794692253,0.0004183136061932649,0.6306826362827742,0.2641240273057849,computed,0.9727544633408275
216,202609058430216,high_overlap_conditional_null,50,False,contiguous,0,4000,50,0,-0.00013538558430666647,0.000421171441369836,-0.32145005811964034,0.6260653233264465,computed,0.9718274616304067
217,202609058430217,high_overlap_conditional_null,50,False,contiguous,0,4000,50,0,0.00010552083161171178,0.0003737530941878416,0.2823276469215768,0.38884614415169005,computed,0.9733134162422283
218,202609058430218,high_overlap_conditional_null,50,False,contiguous,0,4000,50,0,-0.0005630245469669431,0.0004769292997502032,-1.1805199371517605,0.8811032571523547,computed,0.9720978945465459
219,202609058430219,high_overlap_conditional_null,50,False,contiguous,0,4000,50,0,0.0002899620802341637,0.0004609070028521858,0.6291118998839672,0.26463790020280575,computed,0.9731745222509617
220,202609058430220,high_overlap_conditional_null,50,False,contiguous,0,4000,50,0,-0.00038092393410837466,0.0004826649720798912,-0.789209816628922,0.7850053072964749,computed,0.9725270421209137
221,202609058430221,high_overlap_conditional_null,50,False,contiguous,0,4000,50,0,0.0005563911897992204,0.000410629790074458,1.3549703485914455,0.08771350214974877,computed,0.9727734934851013
222,202609058430222,high_overlap_conditional_null,50,False,contiguous,0,4000,50,0,0.0005101218514040516,0.00040875887562156013,1.2479774307734814,0.10601966121414508,computed,0.9734545010034963
223,202609058430223,high_overlap_conditional_null,50,False,contiguous,0,4000,50,0,0.0003165842543096593,0.000407861948765137,0.7762044369869889,0.21881414335627453,computed,0.972653531746433
224,202609058430224,high_overlap_conditional_null,50,False,contiguous,0,4000,50,0,0.0006272230923677522,0.0005203580455710565,1.2053682992052497,0.11403057686782353,computed,0.9727085048753279
225,202609058430225,high_overlap_conditional_null,50,False,contiguous,0,4000,50,0,0.00031887648537571645,0.0004878502742764804,0.6536359661755543,0.25667318339777767,computed,0.972649204777628
226,202609058430226,high_overlap_conditional_null,50,False,contiguous,0,4000,50,0,0.0003283932106922018,0.0004048327257336119,0.8111824707281475,0.20863044532289599,computed,0.9733367996455704
227,202609058430227,high_overlap_conditional_null,50,False,contiguous,0,4000,50,0,-9.521043775721618e-05,0.0004035836013561201,-0.2359125530306247,0.5932497363801437,computed,0.9731676980158116
228,202609058430228,high_overlap_conditional_null,50,False,contiguous,0,4000,50,0,-3.421215348405179e-05,0.0003919974908479912,-0.08727646039274925,0.534774117752228,computed,0.9734238478788341
229,202609058430229,high_overlap_conditional_null,50,False,contiguous,0,4000,50,0,-0.0005427318779951844,0.0005068558749313012,-1.0707814683389945,0.8578661493287395,computed,0.9720911372886618
230,202609058430230,high_overlap_conditional_null,50,False,contiguous,0,4000,50,0,-0.0008280076029247806,0.0004291469017159787,-1.9294269622218525,0.9731610604064519,computed,0.9730104985858312
231,202609058430231,high_overlap_conditional_null,50,False,contiguous,0,4000,50,0,-0.0005819809201909821,0.00043615827822301295,-1.3343342296793648,0.908952827843766,computed,0.9722468922172207
232,202609058430232,high_overlap_conditional_null,50,False,contiguous,0,4000,50,0,-0.00017742233937979558,0.00041034650778655116,-0.4323719978435515,0.6672644666478983,computed,0.9725055304262928
233,202609058430233,high_overlap_conditional_null,50,False,contiguous,0,4000,50,0,-0.0006081606713244634,0.0004129741793724829,-1.4726360670988383,0.9295754029504705,computed,0.9735299969391599
234,202609058430234,high_overlap_conditional_null,50,False,contiguous,0,4000,50,0,-0.0004052325846469652,0.00044900612137797847,-0.9025101559936993,0.8166070355482824,computed,0.9732125210931142
235,202609058430235,high_overlap_conditional_null,50,False,contiguous,0,4000,50,0,-0.0003067289536775738,0.0003427628596548586,-0.894872198190992,0.8145722949361005,computed,0.9730170076846348
236,202609058430236,high_overlap_conditional_null,50,False,contiguous,0,4000,50,0,-0.0009766042839533288,0.0004830654764122996,-2.021680976265401,0.9783953397847995,computed,0.971511831570791
237,202609058430237,high_overlap_conditional_null,50,False,contiguous,0,4000,50,0,-0.0002725122723247446,0.00046295902859626954,-0.5886315105486215,0.7219457544188662,computed,0.971736796637953
238,202609058430238,high_overlap_conditional_null,50,False,contiguous,0,4000,50,0,-0.0005357363714851377,0.0005477028333883604,-0.9781515428189547,0.8360003106920315,computed,0.9741549890681247
239,202609058430239,high_overlap_conditional_null,50,False,contiguous,0,4000,50,0,3.3457379382291446e-05,0.00042152388284110077,0.07937244067118177,0.46836819431264987,computed,0.9737558872062566
240,202609058430240,high_overlap_conditional_null,50,False,contiguous,0,4000,50,0,-0.00020792244979969638,0.0003345232881675153,-0.6215485054528626,0.732880604868567,computed,0.973597595363398
241,202609058430241,high_overlap_conditional_null,50,False,contiguous,0,4000,50,0,3.094639708836597e-05,0.0005414654243063574,0.05715304375715173,0.4772116413163635,computed,0.9724894701105715
242,202609058430242,high_overlap_conditional_null,50,False,contiguous,0,4000,50,0,-0.00016108582664443473,0.0004969127238257344,-0.32417327816489355,0.6270965742185558,computed,0.9727472592805569
243,202609058430243,high_overlap_conditional_null,50,False,contiguous,0,4000,50,0,4.619225006053967e-05,0.00040509486829928436,0.11402822813942143,0.4546077082813091,computed,0.9740759129692391
244,202609058430244,high_overlap_conditional_null,50,False,contiguous,0,4000,50,0,0.0005448113003088505,0.00042560303757825787,1.2800926032128546,0.10025628488250016,computed,0.9726798841261303
245,202609058430245,high_overlap_conditional_null,50,False,contiguous,0,4000,50,0,-0.00028225191142792306,0.0004727778973806149,-0.5970074172073513,0.72474878572852,computed,0.9729904440958194
246,202609058430246,high_overlap_conditional_null,50,False,contiguous,0,4000,50,0,0.00021547665512992216,0.00038922401280013327,0.5536057592638035,0.28992434183728005,computed,0.9740437738561687
247,202609058430247,high_overlap_conditional_null,50,False,contiguous,0,4000,50,0,0.0003337786557070227,0.0004359232065914786,0.7656822363665082,0.22193269959639905,computed,0.9732815593283213
248,202609058430248,high_overlap_conditional_null,50,False,contiguous,0,4000,50,0,-3.6611972338332353e-05,0.0004048587068170183,-0.09043148071625803,0.5360278294114253,computed,0.9731239941892192
249,202609058430249,high_overlap_conditional_null,50,False,contiguous,0,4000,50,0,9.286600774910996e-05,0.00035189783967783285,0.26390047700812835,0.39592830403633356,computed,0.9732821576059514
250,202609058430250,high_overlap_conditional_null,50,False,contiguous,0,4000,50,0,-1.8308827581984765e-05,0.0003891078494913121,-0.04705334936296,0.5187646460303293,computed,0.9728645236559751
251,202609058430251,high_overlap_conditional_null,50,False,contiguous,0,4000,50,0,-0.00041270786540422615,0.00037914446245019645,-1.0885240489525507,0.8618180871044046,computed,0.9733702139001444
252,202609058430252,high_overlap_conditional_null,50,True,contiguous,0,4000,50,0,0.0011169075202588812,0.0004961288474605928,2.251244865070251,0.012185016364603549,computed,0.9720030181678126
253,202609058430253,high_overlap_conditional_null,50,False,contiguous,0,4000,50,0,0.00018103318834050068,0.00048484984518873625,0.37337990335962745,0.35443285729139384,computed,0.973050816837847
254,202609058430254,high_overlap_conditional_null,50,False,contiguous,0,4000,50,0,0.000272515598416457,0.00044113515438314824,0.6177598763297911,0.2683668179588393,computed,0.9721185035098565
255,202609058430255,high_overlap_conditional_null,50,True,contiguous,0,4000,50,0,0.0010053030662536449,0.00044439330133390944,2.262192214050224,0.011842765077733457,computed,0.9729653545683915
256,202609058430256,high_overlap_conditional_null,50,False,contiguous,0,4000,50,0,0.0004959175316678129,0.0003315123501843882,1.4959247563235034,0.06733663208949628,computed,0.9724952168633699
257,202609058430257,high_overlap_conditional_null,50,False,contiguous,0,4000,50,0,-0.00076389882838853,0.0004124963341627688,-1.8518924051506838,0.9679793626182801,computed,0.9730475071290936
258,202609058430258,high_overlap_conditional_null,50,False,contiguous,0,4000,50,0,-0.00043569731174158266,0.0004072276620832513,-1.069910893362915,0.8576702903540498,computed,0.9733560482102736
259,202609058430259,high_overlap_conditional_null,50,False,contiguous,0,4000,50,0,0.00016488178309015795,0.0005265885248210304,0.3131131335347569,0.3770973556643999,computed,0.9725754692981141
260,202609058430260,high_overlap_conditional_null,50,False,contiguous,0,4000,50,0,-0.0004767089696863339,0.00040692874178173275,-1.1714802144450875,0.8792970969051481,computed,0.9726654849356069
261,202609058430261,high_overlap_conditional_null,50,False,contiguous,0,4000,50,0,0.0004462783947001607,0.0004062616593627805,1.0984999061938217,0.13599312929924912,computed,0.9727372768391545
262,202609058430262,high_overlap_conditional_null,50,False,contiguous,0,4000,50,0,0.0005680487035595176,0.00039818985072972383,1.4265775546978658,0.0768508488470078,computed,0.97217014498169
263,202609058430263,high_overlap_conditional_null,50,False,contiguous,0,4000,50,0,0.00023251659558347945,0.0004376456245301158,0.531289661202769,0.29760903436897546,computed,0.9734650922745368
264,202609058430264,high_overlap_conditional_null,50,False,contiguous,0,4000,50,0,-0.00031953092770351844,0.0004198887637479984,-0.7609894698094112,0.7766683215721728,computed,0.9731448992079803
265,202609058430265,high_overlap_conditional_null,50,True,contiguous,0,4000,50,0,0.0006694356645134343,0.0003859559495795208,1.7344872264380173,0.041415835124550986,computed,0.9724618119318411
266,202609058430266,high_overlap_conditional_null,50,False,contiguous,0,4000,50,0,0.0002334804567047426,0.0004147659821833174,0.5629209403232818,0.2867443601581584,computed,0.9720149958176887
267,202609058430267,high_overlap_conditional_null,50,False,contiguous,0,4000,50,0,0.0003314082174617514,0.000396263074135096,0.8363338375272535,0.20148356111006227,computed,0.9735431913356409
268,202609058430268,high_overlap_conditional_null,50,False,contiguous,0,4000,50,0,0.00045852705520643,0.00043836251577153586,1.0459996890915815,0.14778058796760746,computed,0.973189926482457
269,202609058430269,high_overlap_conditional_null,50,False,contiguous,0,4000,50,0,6.298512660073629e-05,0.0004343982006649623,0.1449939859426691,0.4423578100677297,computed,0.9733832817275322
270,202609058430270,high_overlap_conditional_null,50,False,contiguous,0,4000,50,0,-0.0004774396195252575,0.00048214089348819726,-0.9902491698455053,0.8389738276844385,computed,0.9728914369911529
271,202609058430271,high_overlap_conditional_null,50,True,contiguous,0,4000,50,0,0.0011444103461919278,0.00045461278032202706,2.5173299030029015,0.005912402533423884,computed,0.9718764565606652
272,202609058430272,high_overlap_conditional_null,50,False,contiguous,0,4000,50,0,-0.00046415518165884016,0.0005275868917590743,-0.8797701173189864,0.810508071989185,computed,0.9718535273005487
273,202609058430273,high_overlap_conditional_null,50,False,contiguous,0,4000,50,0,-0.00033540592664852933,0.0004555009023923149,-0.7363452517590187,0.7692396931070014,computed,0.9728375167307942
274,202609058430274,high_overlap_conditional_null,50,False,contiguous,0,4000,50,0,8.188779542423127e-05,0.00047455175225739703,0.17255819841502829,0.4314993558669273,computed,0.9729255527390671
275,202609058430275,high_overlap_conditional_null,50,False,contiguous,0,4000,50,0,-0.000509138634988033,0.000439996557843732,-1.1571423137561392,0.8763928893052787,computed,0.9711370020002241
276,202609058430276,high_overlap_conditional_null,50,False,contiguous,0,4000,50,0,0.0003894603623440564,0.00039305872371361866,0.9908452321435206,0.16088057935653022,computed,0.9717902303214461
277,202609058430277,high_overlap_conditional_null,50,False,contiguous,0,4000,50,0,1.9342460583371747e-05,0.0004707522183076972,0.04108841091159545,0.4836127067776873,computed,0.9733197390137687
278,202609058430278,high_overlap_conditional_null,50,False,contiguous,0,4000,50,0,0.0003951111372366582,0.0004820350975378449,0.8196729641779616,0.2062012831840634,computed,0.9729472985690447
279,202609058430279,high_overlap_conditional_null,50,False,contiguous,0,4000,50,0,0.0002428201339926552,0.0004216821361543753,0.5758368998201058,0.28236271478856156,computed,0.9735270440909937
280,202609058430280,high_overlap_conditional_null,50,False,contiguous,0,4000,50,0,-0.0004399444135632001,0.00047378054896665266,-0.9285826835287952,0.823447300291908,computed,0.972872319704691
281,202609058430281,high_overlap_conditional_null,50,False,contiguous,0,4000,50,0,-0.0003632872617598921,0.00043757636785289275,-0.8302259638528385,0.7967944809158756,computed,0.9739772178725531
282,202609058430282,high_overlap_conditional_null,50,False,contiguous,0,4000,50,0,-0.0007167175705475793,0.0004341064046264232,-1.6510181902622731,0.9506325696818555,computed,0.9728676252466194
283,202609058430283,high_overlap_conditional_null,50,False,contiguous,0,4000,50,0,0.0006233564489830994,0.0004036007266174136,1.5444879254987058,0.061235087076108884,computed,0.9734506199469086
284,202609058430284,high_overlap_conditional_null,50,False,contiguous,0,4000,50,0,3.247941940923732e-06,0.00042120168948480373,0.007711132272276682,0.4969237337934495,computed,0.9728071181615495
285,202609058430285,high_overlap_conditional_null,50,False,contiguous,0,4000,50,0,-0.00026176154782254373,0.00044507871612556733,-0.5881241639707943,0.7217755225272976,computed,0.9734635236733894
286,202609058430286,high_overlap_conditional_null,50,False,contiguous,0,4000,50,0,2.7494418730502455e-05,0.00043332263558551514,0.06345022501155839,0.47470399700692695,computed,0.9732132077380431
287,202609058430287,high_overlap_conditional_null,50,False,contiguous,0,4000,50,0,-0.0007634399127566159,0.0004251656995411565,-1.7956291243167752,0.9637232396213877,computed,0.9726150163123533
288,202609058430288,high_overlap_conditional_null,50,False,contiguous,0,4000,50,0,0.0006928995890740836,0.00043381526389980017,1.5972227045338014,0.05510803670719295,computed,0.9727476357974956
289,202609058430289,high_overlap_conditional_null,50,False,contiguous,0,4000,50,0,-0.0002234272555543475,0.00030537075076578137,-0.7316589915506205,0.767811633856676,computed,0.9715725882879819
290,202609058430290,high_overlap_conditional_null,50,False,contiguous,0,4000,50,0,-0.0002364138673099361,0.00043923869297027296,-0.5382355222651941,0.7047927704635413,computed,0.9740316534481189
291,202609058430291,high_overlap_conditional_null,50,False,contiguous,0,4000,50,0,7.829435558220332e-05,0.0004808721057094938,0.16281741995969046,0.4353310960728155,computed,0.9722959178162699
292,202609058430292,high_overlap_conditional_null,50,False,contiguous,0,4000,50,0,0.00018303062336681933,0.00042240458250755513,0.4333064340360125,0.3323960822564409,computed,0.9722754164172643
293,202609058430293,high_overlap_conditional_null,50,False,contiguous,0,4000,50,0,-0.0009527897305029098,0.00044227869592141657,-2.1542745316229297,0.9843906755338054,computed,0.9720547068823325
294,202609058430294,high_overlap_conditional_null,50,False,contiguous,0,4000,50,0,-0.0004534697173787746,0.0004209417941437148,-1.0772741592486166,0.8593210984514938,computed,0.9732365279619393
295,202609058430295,high_overlap_conditional_null,50,False,contiguous,0,4000,50,0,-8.885357190920273e-05,0.0004673104708671178,-0.1901382002939727,0.5753995817241203,computed,0.9726321273635102
296,202609058430296,high_overlap_conditional_null,50,False,contiguous,0,4000,50,0,0.00020815164579006612,0.0003875344898965027,0.5371177307228999,0.29559314700435674,computed,0.972597219894973
297,202609058430297,high_overlap_conditional_null,50,False,contiguous,0,4000,50,0,0.0002696900429240523,0.00042548567640655004,0.633840474259266,0.2630924680593528,computed,0.9723069535330144
298,202609058430298,high_overlap_conditional_null,50,False,contiguous,0,4000,50,0,1.4228402169826292e-05,0.00038488492355217283,0.03696793846459296,0.4852552848282633,computed,0.972113025365827
299,202609058430299,high_overlap_conditional_null,50,False,contiguous,0,4000,50,0,-0.000602498176149529,0.00043656414274680696,-1.380090843830384,0.9162206619604267,computed,0.9729786486425026
0,202609058430000,high_overlap_conditional_null,100,False,contiguous,0,8000,100,0,0.00014574640604969702,0.00033842236491173853,0.4306642266024826,0.33335626686178965,computed,0.9738788127174991
1,202609058430001,high_overlap_conditional_null,100,False,contiguous,0,8000,100,0,0.0003203472921613522,0.00030110777217635693,1.063895793343145,0.14368795444992544,computed,0.9734165182819621
2,202609058430002,high_overlap_conditional_null,100,False,contiguous,0,8000,100,0,0.00022266897126449996,0.0003249402826828757,0.6852612099245723,0.24658955237381186,computed,0.9730552040959384
3,202609058430003,high_overlap_conditional_null,100,False,contiguous,0,8000,100,0,-0.000788498293473805,0.00030745218038701316,-2.5646209191987612,0.9948355708744501,computed,0.9736883701750897
4,202609058430004,high_overlap_conditional_null,100,False,contiguous,0,8000,100,0,-5.037672158992201e-06,0.0003158813868026604,-0.01594798671103521,0.5063620564994177,computed,0.9734633148069819
5,202609058430005,high_overlap_conditional_null,100,False,contiguous,0,8000,100,0,0.0003549515737689122,0.000281502951284097,1.2609159944852222,0.10366955746090695,computed,0.9728611755360171
6,202609058430006,high_overlap_conditional_null,100,False,contiguous,0,8000,100,0,0.0002005595811012488,0.00030880074805264156,0.6494789354171487,0.2580144287584728,computed,0.9736869282206363
7,202609058430007,high_overlap_conditional_null,100,False,contiguous,0,8000,100,0,0.00024785064986808646,0.00030699796908763207,0.8073364478751255,0.209736335285726,computed,0.9737040333582909
8,202609058430008,high_overlap_conditional_null,100,True,contiguous,0,8000,100,0,0.0006941595013153012,0.0002838562095840972,2.445461743931463,0.007233339770523053,computed,0.9733783995588006
9,202609058430009,high_overlap_conditional_null,100,False,contiguous,0,8000,100,0,-0.00011909071822454933,0.0003249683039232388,-0.36646871952373516,0.6429923251100629,computed,0.973538835232862
10,202609058430010,high_overlap_conditional_null,100,False,contiguous,0,8000,100,0,8.284909188062284e-05,0.0003162603116691795,0.2619648714167024,0.3966742625966904,computed,0.9739688830434687
11,202609058430011,high_overlap_conditional_null,100,False,contiguous,0,8000,100,0,-6.507318510622968e-05,0.00029886541471943267,-0.21773407661545163,0.5861818443544508,computed,0.972392196793414
12,202609058430012,high_overlap_conditional_null,100,False,contiguous,0,8000,100,0,-0.0004537445342276193,0.0003303682239827977,-1.3734508989921677,0.9151938921667857,computed,0.9732738640045839
13,202609058430013,high_overlap_conditional_null,100,False,contiguous,0,8000,100,0,-0.00016133034437800468,0.00028543818089020467,-0.565202398203558,0.7140319471631017,computed,0.9730224850064131
14,202609058430014,high_overlap_conditional_null,100,True,contiguous,0,8000,100,0,0.0005839120936266484,0.000301039550712423,1.9396524218987021,0.026210972704518748,computed,0.9732236578554373
15,202609058430015,high_overlap_conditional_null,100,False,contiguous,0,8000,100,0,0.00030065279563812433,0.000311298155381346,0.9658033317602512,0.16707130050997415,computed,0.9731228664311512
16,202609058430016,high_overlap_conditional_null,100,False,contiguous,0,8000,100,0,3.648503519849311e-05,0.0003265667110572122,0.11172306901820493,0.45552149370555983,computed,0.9726200437303654
17,202609058430017,high_overlap_conditional_null,100,False,contiguous,0,8000,100,0,0.0003450270844128965,0.0002900189038342211,1.1896710174800154,0.11708786048778058,computed,0.9729085990003559
18,202609058430018,high_overlap_conditional_null,100,False,contiguous,0,8000,100,0,-9.157362424191329e-05,0.0003256322268772401,-0.281217940619973,0.6107283774699531,computed,0.9742340347803329
19,202609058430019,high_overlap_conditional_null,100,False,contiguous,0,8000,100,0,3.1744147920827876e-05,0.0003007600149134603,0.10554643684919963,0.4579711122287741,computed,0.9741249495648556
20,202609058430020,high_overlap_conditional_null,100,False,contiguous,0,8000,100,0,-0.0002819737408108118,0.0002821277777736183,-0.9994540170272418,0.8412125981076286,computed,0.9729754368996619
21,202609058430021,high_overlap_conditional_null,100,False,contiguous,0,8000,100,0,3.857805246276491e-05,0.00032257548182908674,0.11959387689361056,0.45240243522072343,computed,0.972699577315229
22,202609058430022,high_overlap_conditional_null,100,False,contiguous,0,8000,100,0,3.684285693586592e-05,0.00030885390911515966,0.11928894486528466,0.45252322083985413,computed,0.9733486448194003
23,202609058430023,high_overlap_conditional_null,100,False,contiguous,0,8000,100,0,-8.132625424495368e-05,0.0003327283390761026,-0.2444223851529295,0.5965481467032412,computed,0.9733791991615203
24,202609058430024,high_overlap_conditional_null,100,False,contiguous,0,8000,100,0,-0.00027312240138232125,0.0003069837733253798,-0.8896965413635461,0.8131855741749434,computed,0.9740086451340713
25,202609058430025,high_overlap_conditional_null,100,False,contiguous,0,8000,100,0,-0.000733155012259983,0.00035121854664938015,-2.0874609819278374,0.9815767577389659,computed,0.9727332382087729
26,202609058430026,high_overlap_conditional_null,100,False,contiguous,0,8000,100,0,-0.0004630948636983,0.00028238411314309694,-1.6399465909883841,0.9494918638233717,computed,0.9733822518049721
27,202609058430027,high_overlap_conditional_null,100,False,contiguous,0,8000,100,0,-7.182246397125348e-05,0.00030390180565740676,-0.2363344430148601,0.5934134189308895,computed,0.9722806533684946
28,202609058430028,high_overlap_conditional_null,100,False,contiguous,0,8000,100,0,-0.00021047361857859997,0.00031214615487229274,-0.6742790686135803,0.749933045572195,computed,0.9733851979926921
29,202609058430029,high_overlap_conditional_null,100,True,contiguous,0,8000,100,0,0.0007194928475620003,0.0002997791072947971,2.400076689982483,0.008195818646504264,computed,0.973215347136383
30,202609058430030,high_overlap_conditional_null,100,False,contiguous,0,8000,100,0,-2.8264399420701858e-05,0.0003100778874747601,-0.09115257992397971,0.5363143231193764,computed,0.9733571225780644
31,202609058430031,high_overlap_conditional_null,100,False,contiguous,0,8000,100,0,0.00011694344359062863,0.00032489274262101586,0.3599447702254217,0.3594442179857458,computed,0.9731586337040302
32,202609058430032,high_overlap_conditional_null,100,False,contiguous,0,8000,100,0,-7.792301089273454e-05,0.0003338835210308079,-0.23338381796190677,0.5922683111679008,computed,0.9730663568429225
33,202609058430033,high_overlap_conditional_null,100,False,contiguous,0,8000,100,0,-0.00016766445894219145,0.0002917748259739602,-0.5746364799722471,0.7172314125576744,computed,0.9728049663201083
34,202609058430034,high_overlap_conditional_null,100,False,contiguous,0,8000,100,0,-0.00022834803858858433,0.0002955833104277383,-0.7725335989306775,0.7801007724919314,computed,0.973436368530647
35,202609058430035,high_overlap_conditional_null,100,False,contiguous,0,8000,100,0,-0.00012004243019530344,0.0003632098320323348,-0.3305043520534891,0.6294905476237209,computed,0.973573948190729
36,202609058430036,high_overlap_conditional_null,100,False,contiguous,0,8000,100,0,-4.885664459556113e-05,0.0002996093978647516,-0.16306779741807628,0.5647674728404035,computed,0.9737299072571377
37,202609058430037,high_overlap_conditional_null,100,False,contiguous,0,8000,100,0,5.457445358979227e-05,0.0003195953320451725,0.17076110980894604,0.43220580486582405,computed,0.9736036558133477
38,202609058430038,high_overlap_conditional_null,100,False,contiguous,0,8000,100,0,-0.0005030307086881723,0.0003279477276550312,-1.5338746582727085,0.9374697542557578,computed,0.9720504764333923
39,202609058430039,high_overlap_conditional_null,100,False,contiguous,0,8000,100,0,-0.0001067378857782568,0.0003384165188386106,-0.31540388792061197,0.6237724923779219,computed,0.973067005261135
40,202609058430040,high_overlap_conditional_null,100,False,contiguous,0,8000,100,0,-7.923903148243555e-05,0.00025617269846039975,-0.3093187992267047,0.6214604840053327,computed,0.9736241561670964
41,202609058430041,high_overlap_conditional_null,100,False,contiguous,0,8000,100,0,-0.0006040645815471289,0.0002930647275500508,-2.061198516099022,0.9803579474740227,computed,0.9732368371559971
42,202609058430042,high_overlap_conditional_null,100,False,contiguous,0,8000,100,0,-0.0003845745202328827,0.0002927093452581874,-1.3138443526415757,0.9055507057640915,computed,0.9725342568867678
43,202609058430043,high_overlap_conditional_null,100,False,contiguous,0,8000,100,0,-5.523645078767392e-05,0.00028185367231273,-0.1959756292491604,0.5776853794240348,computed,0.9723650204807812
44,202609058430044,high_overlap_conditional_null,100,False,contiguous,0,8000,100,0,-0.0004462086032163428,0.00030214059488838785,-1.476824401504784,0.9301386431114881,computed,0.9723068247932029
45,202609058430045,high_overlap_conditional_null,100,False,contiguous,0,8000,100,0,0.00017433593531824968,0.0002849926607779441,0.6117207890279177,0.270361252505109,computed,0.9734580561982226
46,202609058430046,high_overlap_conditional_null,100,False,contiguous,0,8000,100,0,-5.943491600462064e-05,0.0003056177285209116,-0.19447469979004786,0.5770978979108068,computed,0.9731789574802623
47,202609058430047,high_overlap_conditional_null,100,False,contiguous,0,8000,100,0,-0.0002701722201557103,0.00028159369734646477,-0.9594398692215692,0.8313314008958614,computed,0.972846332633509
48,202609058430048,high_overlap_conditional_null,100,False,contiguous,0,8000,100,0,0.0001760600238842534,0.00032942368906627666,0.5344485831704469,0.29651560689058043,computed,0.9730758317541577
49,202609058430049,high_overlap_conditional_null,100,False,contiguous,0,8000,100,0,-0.0003225598642942666,0.00028726848129229153,-1.1228515667406846,0.8692497298281245,computed,0.9737632794640814
50,202609058430050,high_overlap_conditional_null,100,False,contiguous,0,8000,100,0,0.00011579365354843247,0.0002824091595893875,0.41002088500526035,0.3408953135681704,computed,0.9724788360959928
51,202609058430051,high_overlap_conditional_null,100,False,contiguous,0,8000,100,0,1.0591190134306747e-05,0.00029636803087113717,0.03573661471912221,0.4857461874320657,computed,0.9732245110068928
52,202609058430052,high_overlap_conditional_null,100,False,contiguous,0,8000,100,0,-5.614947563634065e-06,0.00034502236139138167,-0.016274155509777694,0.5064921621365716,computed,0.973597973007035
53,202609058430053,high_overlap_conditional_null,100,False,contiguous,0,8000,100,0,1.3085278013946899e-05,0.00030855315944011415,0.0424085043811926,0.48308652446706485,computed,0.972350454048634
54,202609058430054,high_overlap_conditional_null,100,False,contiguous,0,8000,100,0,0.00037609188273942106,0.0002819859234434335,1.333725734060854,0.09114687888795786,computed,0.9738169733165711
55,202609058430055,high_overlap_conditional_null,100,False,contiguous,0,8000,100,0,6.350911220744942e-05,0.0003171103222342458,0.20027450308141012,0.42063295108431453,computed,0.9734278832409078
56,202609058430056,high_overlap_conditional_null,100,False,contiguous,0,8000,100,0,-5.276051903027623e-05,0.0003511520266743054,-0.15024979217679918,0.5597162283739618,computed,0.9733339203843749
57,202609058430057,high_overlap_conditional_null,100,False,contiguous,0,8000,100,0,-0.00022657637026658636,0.0002935555868026295,-0.7718346386605265,0.7798938133887837,computed,0.973297929768492
58,202609058430058,high_overlap_conditional_null,100,False,contiguous,0,8000,100,0,-0.00015308854999229282,0.00028338268360468376,-0.540218435526745,0.7054767998434314,computed,0.9734717566269746
59,202609058430059,high_overlap_conditional_null,100,True,contiguous,0,8000,100,0,0.000630736113847996,0.0003098860237550411,2.0353809642818246,0.020906277597896022,computed,0.9727547014122556
60,202609058430060,high_overlap_conditional_null,100,False,contiguous,0,8000,100,0,-0.00017830844770960497,0.00029253578084048083,-0.6095269686234936,0.7289123986803652,computed,0.9737524085475783
61,202609058430061,high_overlap_conditional_null,100,False,contiguous,0,8000,100,0,-0.00041923608918788816,0.0003250935637847519,-1.2895859404508823,0.9014027700834408,computed,0.9724274421260178
62,202609058430062,high_overlap_conditional_null,100,False,contiguous,0,8000,100,0,0.00018528710482189432,0.0002828380428091764,0.6550996569683619,0.25620179646765406,computed,0.9739263261945655
63,202609058430063,high_overlap_conditional_null,100,False,contiguous,0,8000,100,0,-0.0001289593621460518,0.0002984790243461339,-0.43205502439763716,0.6671492890568338,computed,0.9733416676106994
64,202609058430064,high_overlap_conditional_null,100,False,contiguous,0,8000,100,0,8.322965721790598e-05,0.00033980699051034937,0.24493215131597207,0.4032544833064714,computed,0.9739724511083349
65,202609058430065,high_overlap_conditional_null,100,False,contiguous,0,8000,100,0,-0.00024198022358828145,0.00030742184044939643,-0.7871276264384766,0.784396420706843,computed,0.9724936674011094
66,202609058430066,high_overlap_conditional_null,100,False,contiguous,0,8000,100,0,-0.00013760341816878945,0.0002719143859754131,-0.5060542040656567,0.6935907007714418,computed,0.9734912143458786
67,202609058430067,high_overlap_conditional_null,100,False,contiguous,0,8000,100,0,-1.171854481235718e-06,0.0003011808472816912,-0.003890866540194354,0.5015522272537944,computed,0.9737086280321533
68,202609058430068,high_overlap_conditional_null,100,False,contiguous,0,8000,100,0,0.0002923929592074794,0.0003474292561027609,0.8415899181529976,0.20000876724062983,computed,0.9732923457351789
69,202609058430069,high_overlap_conditional_null,100,False,contiguous,0,8000,100,0,-0.0003074618221281817,0.00031522426762682897,-0.9753748480182476,0.8353128223579241,computed,0.9730334286052091
70,202609058430070,high_overlap_conditional_null,100,False,contiguous,0,8000,100,0,-1.5072721049310678e-05,0.00032410173732416443,-0.04650614086105636,0.5185465801576582,computed,0.973265239444444
71,202609058430071,high_overlap_conditional_null,100,False,contiguous,0,8000,100,0,-0.0006175186574046899,0.00029955845718506835,-2.0614295560454985,0.9803689612221307,computed,0.9732815759879753
72,202609058430072,high_overlap_conditional_null,100,False,contiguous,0,8000,100,0,0.00043658431196660956,0.0002739784052732059,1.5934989895691094,0.05552414741056945,computed,0.9732473377715206
73,202609058430073,high_overlap_conditional_null,100,True,contiguous,0,8000,100,0,0.000529303830616954,0.0002895178290094686,1.8282253373751405,0.03375786993061022,computed,0.9733049511522396
74,202609058430074,high_overlap_conditional_null,100,False,contiguous,0,8000,100,0,-0.00013700647477468358,0.00025975866392242644,-0.5274375557136327,0.7010551153738175,computed,0.97230429026833
75,202609058430075,high_overlap_conditional_null,100,False,contiguous,0,8000,100,0,0.00018717127196024634,0.0003224519546891413,0.5804625130608626,0.2808013796917758,computed,0.9729258251633757
76,202609058430076,high_overlap_conditional_null,100,False,contiguous,0,8000,100,0,1.9798178137612753e-05,0.0003029523487116653,0.06535079929832681,0.47394734838064323,computed,0.9733757466738515
77,202609058430077,high_overlap_conditional_null,100,False,contiguous,0,8000,100,0,-5.9498888941729626e-05,0.0003230867972107061,-0.18415759930581904,0.5730550893120023,computed,0.9732173988933087
78,202609058430078,high_overlap_conditional_null,100,False,contiguous,0,8000,100,0,-4.6086304252582146e-05,0.00034848267758868205,-0.13224847952694602,0.5526061216413753,computed,0.9725100619497569
79,202609058430079,high_overlap_conditional_null,100,False,contiguous,0,8000,100,0,1.7425019634865201e-06,0.00031903356920348435,0.0054618138393302635,0.4978210623652787,computed,0.9729038692148316
80,202609058430080,high_overlap_conditional_null,100,False,contiguous,0,8000,100,0,-0.00019834073502894,0.0002986886254951207,-0.6640384604541295,0.7466671522328241,computed,0.9732016183862493
81,202609058430081,high_overlap_conditional_null,100,False,contiguous,0,8000,100,0,-4.731718220178696e-05,0.0003230749098834626,-0.1464588575412894,0.55822041671877,computed,0.9722153867831222
82,202609058430082,high_overlap_conditional_null,100,False,contiguous,0,8000,100,0,-7.075573914075129e-05,0.0003181042710191352,-0.22242939057078884,0.5880101827769331,computed,0.9733867660594604
83,202609058430083,high_overlap_conditional_null,100,False,contiguous,0,8000,100,0,7.3170107104529455e-06,0.0002855715246836043,0.025622340037438057,0.48977928357254047,computed,0.9733834115135684
84,202609058430084,high_overlap_conditional_null,100,False,contiguous,0,8000,100,0,-0.00022733948244320833,0.0003317794161264664,-0.6852127389257685,0.7533951568120119,computed,0.9733126382335399
85,202609058430085,high_overlap_conditional_null,100,False,contiguous,0,8000,100,0,2.948290373931188e-05,0.00031435583396686664,0.09378831424015946,0.46263865732544923,computed,0.9729529272497119
86,202609058430086,high_overlap_conditional_null,100,False,contiguous,0,8000,100,0,-3.707072415048002e-06,0.0002897725606976423,-0.012793041570682314,0.5051035459677495,computed,0.9732561428921418
87,202609058430087,high_overlap_conditional_null,100,True,contiguous,0,8000,100,0,0.0006027658608124849,0.00030660523834359854,1.965934646351321,0.02465308015685383,computed,0.9739501631202441
88,202609058430088,high_overlap_conditional_null,100,False,contiguous,0,8000,100,0,-0.0007768157055468698,0.0003387150675254845,-2.2934193959010196,0.989088064487724,computed,0.9720650524516398
89,202609058430089,high_overlap_conditional_null,100,False,contiguous,0,8000,100,0,-0.00020861443634328605,0.00028713925942965506,-0.7265270404251132,0.766242131556244,computed,0.9739947034525162
90,202609058430090,high_overlap_conditional_null,100,False,contiguous,0,8000,100,0,-0.0006017164445819162,0.0003078960658830942,-1.954284290239627,0.974666197160947,computed,0.9728105700943148
91,202609058430091,high_overlap_conditional_null,100,False,contiguous,0,8000,100,0,-4.27742874378331e-05,0.0003179537723272457,-0.13452989447097602,0.5535082132126142,computed,0.9731659534275818
92,202609058430092,high_overlap_conditional_null,100,False,contiguous,0,8000,100,0,3.4935511341657415e-05,0.00027521021450739987,0.12694118713649005,0.44949347384371147,computed,0.9731271783994839
93,202609058430093,high_overlap_conditional_null,100,False,contiguous,0,8000,100,0,-0.00047175297163434647,0.0002937600836003826,-1.6059124366130595,0.9458534247096186,computed,0.97284113991746
94,202609058430094,high_overlap_conditional_null,100,False,contiguous,0,8000,100,0,0.0002078339207029543,0.00027360535772718507,0.7596120281759533,0.22374326360382324,computed,0.9735487820481253
95,202609058430095,high_overlap_conditional_null,100,False,contiguous,0,8000,100,0,-0.0001516820756178677,0.0003187733858156755,-0.47583042489492805,0.6829024037612145,computed,0.9738668282197936
96,202609058430096,high_overlap_conditional_null,100,False,contiguous,0,8000,100,0,-0.00034505596394818276,0.00028084511193184134,-1.2286343941493445,0.890395543010643,computed,0.9731655257850333
97,202609058430097,high_overlap_conditional_null,100,False,contiguous,0,8000,100,0,0.0004030122239952006,0.00028549917968136304,1.4116055410211346,0.07903306998486576,computed,0.9737353064459005
98,202609058430098,high_overlap_conditional_null,100,False,contiguous,0,8000,100,0,3.257522576352276e-05,0.0003256689557827762,0.10002557868994641,0.4601620092098225,computed,0.9728833567001545
99,202609058430099,high_overlap_conditional_null,100,False,contiguous,0,8000,100,0,0.00018208852315261043,0.0003234274318089066,0.562996534135037,0.2867186220005796,computed,0.9730127000479654
100,202609058430100,high_overlap_conditional_null,100,False,contiguous,0,8000,100,0,-0.00012416841343903474,0.00029528776306543417,-0.42049969206316107,0.6629397728512969,computed,0.9730488127957693
101,202609058430101,high_overlap_conditional_null,100,False,contiguous,0,8000,100,0,-0.00031000693872773756,0.00029220513388981533,-1.060922286343658,0.855637389926529,computed,0.9734828461932885
102,202609058430102,high_overlap_conditional_null,100,False,contiguous,0,8000,100,0,-0.00025908191172714103,0.0002912287029341003,-0.8896166796641831,0.8131641265609144,computed,0.9731671252823969
103,202609058430103,high_overlap_conditional_null,100,False,contiguous,0,8000,100,0,-0.00048391767863493427,0.0002951630940874478,-1.6394924986508113,0.9494446341696301,computed,0.9724833864519508
104,202609058430104,high_overlap_conditional_null,100,False,contiguous,0,8000,100,0,-0.00016543268326928306,0.00026966775643196174,-0.6134685342369524,0.7302167088817635,computed,0.973151967789669
105,202609058430105,high_overlap_conditional_null,100,False,contiguous,0,8000,100,0,-8.413112535819777e-05,0.00030519916756416564,-0.2756597471403977,0.6085952923899167,computed,0.972960042301967
106,202609058430106,high_overlap_conditional_null,100,False,contiguous,0,8000,100,0,0.0001506362251408206,0.0003444866274008832,0.4372774243150037,0.3309550828478513,computed,0.9730200882436595
107,202609058430107,high_overlap_conditional_null,100,True,contiguous,0,8000,100,0,0.0006048811251394939,0.0002935023258334278,2.060907433772037,0.01965593598222497,computed,0.9726199085139632
108,202609058430108,high_overlap_conditional_null,100,False,contiguous,0,8000,100,0,-0.00022205519241791,0.00030696109453573744,-0.7233984904626328,0.7652824508100654,computed,0.9729463221762835
109,202609058430109,high_overlap_conditional_null,100,False,contiguous,0,8000,100,0,0.00010854255556562528,0.00034564443523897554,0.31402951848647553,0.37674930972655696,computed,0.9727911720097436
110,202609058430110,high_overlap_conditional_null,100,False,contiguous,0,8000,100,0,-0.00021755557960420567,0.000300811168650777,-0.7232297277391789,0.7652306210998476,computed,0.9731954917031709
111,202609058430111,high_overlap_conditional_null,100,False,contiguous,0,8000,100,0,0.00030834119731804543,0.000313334384813673,0.9840643487033929,0.16254193734258976,computed,0.9738322340270291
112,202609058430112,high_overlap_conditional_null,100,False,contiguous,0,8000,100,0,0.0001631620551288672,0.00030506212875753034,0.5348486086863694,0.2963772736949181,computed,0.9733637876451567
113,202609058430113,high_overlap_conditional_null,100,False,contiguous,0,8000,100,0,0.00040618763641806123,0.000322222407707895,1.260581594270388,0.10372981671960718,computed,0.9731610334314065
114,202609058430114,high_overlap_conditional_null,100,False,contiguous,0,8000,100,0,-0.00021931852943905448,0.00032447295662119336,-0.6759223687633801,0.750455032581256,computed,0.9727223744001733
115,202609058430115,high_overlap_conditional_null,100,False,contiguous,0,8000,100,0,-0.00023748933619562406,0.0003164137889132335,-0.7505656975674597,0.7735429641939569,computed,0.973319295740197
116,202609058430116,high_overlap_conditional_null,100,False,contiguous,0,8000,100,0,-4.586853274441796e-05,0.0003102410384022147,-0.14784805060171086,0.5587686564428987,computed,0.9739000386644088
117,202609058430117,high_overlap_conditional_null,100,False,contiguous,0,8000,100,0,0.00044589963053680526,0.0003339260650567693,1.3353244241685651,0.09088509407366208,computed,0.9729190987504742
118,202609058430118,high_overlap_conditional_null,100,False,contiguous,0,8000,100,0,0.0002299702682935709,0.00030117553591246283,0.7635755261357354,0.22256011923974262,computed,0.9733425451533456
119,202609058430119,high_overlap_conditional_null,100,False,contiguous,0,8000,100,0,0.0001618311751488907,0.0003125140691045715,0.517836446892059,0.3022861933092774,computed,0.9725460177260319
120,202609058430120,high_overlap_conditional_null,100,False,contiguous,0,8000,100,0,0.0001405911149277036,0.00032074477229703717,0.4383270658500528,0.3305746042164515,computed,0.9727486919885356
121,202609058430121,high_overlap_conditional_null,100,False,contiguous,0,8000,100,0,0.00011059011168481356,0.00029769426359758857,0.3714888904755818,0.35513671451657314,computed,0.9736159853396132
122,202609058430122,high_overlap_conditional_null,100,False,contiguous,0,8000,100,0,-2.1144175653245194e-05,0.00030360185919289204,-0.06964442085254603,0.5277616599871449,computed,0.9735785357742929
123,202609058430123,high_overlap_conditional_null,100,False,contiguous,0,8000,100,0,0.00030190513441091837,0.0003358079514322985,0.8990410534450516,0.18431539698184685,computed,0.9735538646037024
124,202609058430124,high_overlap_conditional_null,100,False,contiguous,0,8000,100,0,-3.67594877852252e-05,0.00031336420903944,-0.11730595493947636,0.5466911968727859,computed,0.9740146269135045
125,202609058430125,high_overlap_conditional_null,100,False,contiguous,0,8000,100,0,0.00031204690412169284,0.00032935315344254573,0.9474538223182007,0.1717037880972061,computed,0.9734020436256438
126,202609058430126,high_overlap_conditional_null,100,False,contiguous,0,8000,100,0,7.326171625015167e-05,0.00028174837888495576,0.2600253337395992,0.3974221160283766,computed,0.9723127724762483
127,202609058430127,high_overlap_conditional_null,100,False,contiguous,0,8000,100,0,-9.587155632760286e-05,0.00033751230471308066,-0.2840535144610603,0.611815314863748,computed,0.9734002452991134
128,202609058430128,high_overlap_conditional_null,100,False,contiguous,0,8000,100,0,8.313296760557618e-05,0.00033804779840584666,0.24592074847879963,0.40287179100022563,computed,0.9735624962521904
129,202609058430129,high_overlap_conditional_null,100,False,contiguous,0,8000,100,0,0.00015920462426834443,0.0002868799057363403,0.5549521632047069,0.2894636905173572,computed,0.9735135429445247
130,202609058430130,high_overlap_conditional_null,100,False,contiguous,0,8000,100,0,-0.00026562971695024107,0.0003105784888410913,-0.8552740337601151,0.8038002704681848,computed,0.9725727590858263
131,202609058430131,high_overlap_conditional_null,100,False,contiguous,0,8000,100,0,-0.00026323549277317525,0.0002894609627112022,-0.9093989403877152,0.8184302095326967,computed,0.9731041290515069
132,202609058430132,high_overlap_conditional_null,100,False,contiguous,0,8000,100,0,-0.00033795039590730315,0.000345930359318382,-0.9769318789284569,0.8356985609014478,computed,0.973220142603199
133,202609058430133,high_overlap_conditional_null,100,False,contiguous,0,8000,100,0,-5.6127006575283856e-05,0.0002948161613617011,-0.19037968039487263,0.5754941904114454,computed,0.9727958992647386
134,202609058430134,high_overlap_conditional_null,100,False,contiguous,0,8000,100,0,0.0002494292137436407,0.00030797323047723686,0.8099055017123532,0.20899724477958076,computed,0.9738955513187951
135,202609058430135,high_overlap_conditional_null,100,False,contiguous,0,8000,100,0,0.00022331844637686954,0.0002836205355840273,0.787384615563945,0.21552837493854388,computed,0.9735899305855983
136,202609058430136,high_overlap_conditional_null,100,False,contiguous,0,8000,100,0,-1.7387543807260708e-06,0.00028660284703841554,-0.0060667728834285185,0.5024202773621029,computed,0.9741689727756195
137,202609058430137,high_overlap_conditional_null,100,False,contiguous,0,8000,100,0,8.863619658968062e-05,0.00032252917280376755,0.2748160602625811,0.3917287793515229,computed,0.9736310202766503
138,202609058430138,high_overlap_conditional_null,100,False,contiguous,0,8000,100,0,-0.0006082996491114681,0.00027948330898823536,-2.1765151246905914,0.9852416180067068,computed,0.9735957000439467
139,202609058430139,high_overlap_conditional_null,100,False,contiguous,0,8000,100,0,-0.0003560179449445657,0.00033088002332275955,-1.0759729202427104,0.8590303162536618,computed,0.9720982504528237
140,202609058430140,high_overlap_conditional_null,100,False,contiguous,0,8000,100,0,0.00013457070948954655,0.0003154395863865186,0.426613257489669,0.334830519923483,computed,0.9729058871219436
141,202609058430141,high_overlap_conditional_null,100,False,contiguous,0,8000,100,0,0.0003133253732794141,0.0003200956046136479,0.9788493461433018,0.16382721173801024,computed,0.9731531439861042
142,202609058430142,high_overlap_conditional_null,100,False,contiguous,0,8000,100,0,0.00021453909731062587,0.00032235432785638013,0.6655381323318555,0.2528531811620267,computed,0.973839370097611
143,202609058430143,high_overlap_conditional_null,100,False,contiguous,0,8000,100,0,-4.457644037914266e-05,0.00032108412696604783,-0.13883103098352872,0.555208163875736,computed,0.9733776671019054
144,202609058430144,high_overlap_conditional_null,100,False,contiguous,0,8000,100,0,-0.00011334044953405542,0.00030463291326479896,-0.3720558239074299,0.6450743567863961,computed,0.972330561747599
145,202609058430145,high_overlap_conditional_null,100,False,contiguous,0,8000,100,0,0.00023393236989065097,0.0002857834252770509,0.8185652112744704,0.20651726107355628,computed,0.9730826651430302
146,202609058430146,high_overlap_conditional_null,100,False,contiguous,0,8000,100,0,-0.00042311196111464365,0.00032206792101861705,-1.313735189075803,0.9055323326749569,computed,0.9729364634650642
147,202609058430147,high_overlap_conditional_null,100,False,contiguous,0,8000,100,0,-0.0005795333304109844,0.00030269069301216923,-1.914605713984358,0.972228597058618,computed,0.9734420383588969
148,202609058430148,high_overlap_conditional_null,100,False,contiguous,0,8000,100,0,-9.03449249234588e-05,0.00032194110924201383,-0.2806256247801629,0.6105012201231361,computed,0.9730179852780334
149,202609058430149,high_overlap_conditional_null,100,False,contiguous,0,8000,100,0,-0.00017476486889027637,0.00027844197767268254,-0.6276527352341897,0.7348842728470906,computed,0.9728699704967602
150,202609058430150,high_overlap_conditional_null,100,False,contiguous,0,8000,100,0,0.00018010748333302366,0.0003239431011562405,0.5559849328174342,0.2891105774891066,computed,0.9730132480954898
151,202609058430151,high_overlap_conditional_null,100,False,contiguous,0,8000,100,0,3.382202049936159e-05,0.0002941825541547504,0.11496949775468336,0.4542346494790449,computed,0.9729802072456198
152,202609058430152,high_overlap_conditional_null,100,False,contiguous,0,8000,100,0,-0.00013811000003039685,0.00029784458461226275,-0.46369820760780295,0.6785680092294015,computed,0.9731989701820637
153,202609058430153,high_overlap_conditional_null,100,False,contiguous,0,8000,100,0,-3.3056711390341833e-07,0.0002946103830870849,-0.0011220484167582948,0.5004476324601747,computed,0.9728061780647208
154,202609058430154,high_overlap_conditional_null,100,False,contiguous,0,8000,100,0,0.00026008310295739357,0.0002723094149157738,0.9551013983039776,0.16976321096007935,computed,0.9737810835660883
155,202609058430155,high_overlap_conditional_null,100,False,contiguous,0,8000,100,0,-0.0008631489415061606,0.00029445059774670183,-2.9313879751355634,0.9983127447547024,computed,0.9732101016647614
156,202609058430156,high_overlap_conditional_null,100,False,contiguous,0,8000,100,0,1.9307429911685027e-05,0.0002963085563951271,0.06515987977727715,0.4740233522551322,computed,0.9725789310377385
157,202609058430157,high_overlap_conditional_null,100,False,contiguous,0,8000,100,0,0.0003444666372172222,0.0002938817954453463,1.172126489479282,0.12057313809928238,computed,0.9725972188416093
158,202609058430158,high_overlap_conditional_null,100,False,contiguous,0,8000,100,0,6.294181831973067e-05,0.00036828686076484184,0.1709043276456181,0.43214949688042803,computed,0.9729842912584207
159,202609058430159,high_overlap_conditional_null,100,False,contiguous,0,8000,100,0,0.0003587144856252718,0.0002953458596911189,1.2145573532008394,0.11226748136687964,computed,0.9732478498446082
160,202609058430160,high_overlap_conditional_null,100,False,contiguous,0,8000,100,0,-0.00037304996065840284,0.00032690857497063555,-1.141144617243252,0.8730951265801457,computed,0.9737156563275694
161,202609058430161,high_overlap_conditional_null,100,False,contiguous,0,8000,100,0,-0.0004975850995233161,0.0002918028091957849,-1.7052101071085362,0.9559223771633364,computed,0.9733677418316277
162,202609058430162,high_overlap_conditional_null,100,False,contiguous,0,8000,100,0,0.00010982813576409135,0.0002957145266164541,0.37139919036354946,0.35517011425762307,computed,0.9725240633521098
163,202609058430163,high_overlap_conditional_null,100,False,contiguous,0,8000,100,0,-0.0002810278227196653,0.0003153016121648419,-0.8912984008871542,0.8136154468271953,computed,0.9739511948737912
164,202609058430164,high_overlap_conditional_null,100,False,contiguous,0,8000,100,0,-0.0004118920485969336,0.0003044099189744323,-1.3530835328382609,0.9119855271216476,computed,0.9738926558004736
165,202609058430165,high_overlap_conditional_null,100,False,contiguous,0,8000,100,0,-0.00019224250141719023,0.0003353275001134486,-0.5732977502654879,0.716778445793103,computed,0.9739890223792048
166,202609058430166,high_overlap_conditional_null,100,False,contiguous,0,8000,100,0,0.0002353565988708293,0.00030715323789991933,0.7662514010271194,0.22176336465492374,computed,0.9725200595243608
167,202609058430167,high_overlap_conditional_null,100,False,contiguous,0,8000,100,0,1.3063446043887733e-05,0.0002587205570251102,0.05049249349992647,0.47986496554782604,computed,0.9738684701911825
168,202609058430168,high_overlap_conditional_null,100,False,contiguous,0,8000,100,0,-0.0009087345340428552,0.0003160963298355486,-2.874865818643421,0.9979790038359784,computed,0.9726530508450297
169,202609058430169,high_overlap_conditional_null,100,False,contiguous,0,8000,100,0,-0.00026824783325322314,0.00032153035159470847,-0.834284638830463,0.7979396970386268,computed,0.9726950061013315
170,202609058430170,high_overlap_conditional_null,100,False,contiguous,0,8000,100,0,-0.000549561816456317,0.0003204640502585062,-1.7148938110624463,0.9568176512208787,computed,0.9722511923228174
171,202609058430171,high_overlap_conditional_null,100,False,contiguous,0,8000,100,0,9.940345399137749e-05,0.00029256545243398763,0.33976483950649017,0.36701681416790677,computed,0.9740980739024432
172,202609058430172,high_overlap_conditional_null,100,False,contiguous,0,8000,100,0,-0.0001674266405982973,0.00030402315055895414,-0.5507035904682891,0.7090815585383609,computed,0.9730431656713161
173,202609058430173,high_overlap_conditional_null,100,False,contiguous,0,8000,100,0,0.00022089393055080238,0.00025457898103445993,0.8676833006920633,0.19278386508941697,computed,0.9732877667291551
174,202609058430174,high_overlap_conditional_null,100,False,contiguous,0,8000,100,0,1.2186343687628138e-05,0.00033663115621376284,0.036200878803653386,0.48556109263313707,computed,0.9743983550764813
175,202609058430175,high_overlap_conditional_null,100,False,contiguous,0,8000,100,0,-0.00033403981098907755,0.0002829409933026923,-1.1805988488621704,0.8811189394237596,computed,0.9728925887429862
176,202609058430176,high_overlap_conditional_null,100,False,contiguous,0,8000,100,0,1.0378758162271733e-05,0.0003112812328318152,0.03334206199279403,0.4867009058861398,computed,0.9728728901132079
177,202609058430177,high_overlap_conditional_null,100,False,contiguous,0,8000,100,0,9.221758035877653e-05,0.00031529572442361495,0.2924796412236716,0.38495996182365066,computed,0.9736915734512487
178,202609058430178,high_overlap_conditional_null,100,False,contiguous,0,8000,100,0,1.5555336107911378e-06,0.00028412853739637065,0.00547475316997499,0.4978159003963819,computed,0.9733791015445364
179,202609058430179,high_overlap_conditional_null,100,False,contiguous,0,8000,100,0,0.00023593844233737193,0.0002883806457261836,0.8181493655485974,0.2066359518363569,computed,0.9732303795525651
180,202609058430180,high_overlap_conditional_null,100,False,contiguous,0,8000,100,0,6.252467447540126e-05,0.0003339183720905145,0.1872453860024594,0.42573412059505017,computed,0.9732531809895649
181,202609058430181,high_overlap_conditional_null,100,False,contiguous,0,8000,100,0,7.444619903796536e-05,0.0003240976443121046,0.22970299335552713,0.4091612843692176,computed,0.9732533469872656
182,202609058430182,high_overlap_conditional_null,100,False,contiguous,0,8000,100,0,-0.0008146339225499615,0.00030967964669963063,-2.630569787946394,0.9957379066920564,computed,0.9737273918690034
183,202609058430183,high_overlap_conditional_null,100,False,contiguous,0,8000,100,0,0.0004948064841114344,0.0003312039626675725,1.4939630556536208,0.067592637886428,computed,0.9725471744334523
184,202609058430184,high_overlap_conditional_null,100,False,contiguous,0,8000,100,0,-0.0003599881173087467,0.0003058614351022213,-1.1769647166810548,0.8803952053255979,computed,0.9733623324234593
185,202609058430185,high_overlap_conditional_null,100,False,contiguous,0,8000,100,0,-8.372332160671271e-05,0.0003033289809055786,-0.27601491079671814,0.6087316931111295,computed,0.9720558175485394
186,202609058430186,high_overlap_conditional_null,100,False,contiguous,0,8000,100,0,-0.0003278964596354298,0.00029039570091625336,-1.1291367558157868,0.8705799259710081,computed,0.9739102882363473
187,202609058430187,high_overlap_conditional_null,100,False,contiguous,0,8000,100,0,9.332624087978662e-05,0.0003019787884248653,0.30904899435679045,0.37864212883934945,computed,0.973171252148057
188,202609058430188,high_overlap_conditional_null,100,False,contiguous,0,8000,100,0,-0.0003125965254910739,0.0003053374497973669,-1.0237739448551901,0.8470289701586626,computed,0.9728344640723483
189,202609058430189,high_overlap_conditional_null,100,False,contiguous,0,8000,100,0,-0.0005130906804947911,0.0002978179576252317,-1.7228332521857341,0.9575406581776724,computed,0.9725658294855508
190,202609058430190,high_overlap_conditional_null,100,False,contiguous,0,8000,100,0,1.6680025274814962e-05,0.00032086133134275486,0.05198515260474563,0.47927026196089584,computed,0.9730605308638591
191,202609058430191,high_overlap_conditional_null,100,False,contiguous,0,8000,100,0,1.3642187030024317e-05,0.00028547455978808576,0.04778775047468756,0.4809426995542939,computed,0.9734015139677299
192,202609058430192,high_overlap_conditional_null,100,False,contiguous,0,8000,100,0,-0.0002789516727927984,0.00033057880500463033,-0.8438280632930814,0.8006172543899408,computed,0.9729126847454516
193,202609058430193,high_overlap_conditional_null,100,False,contiguous,0,8000,100,0,-0.0006953959612866842,0.0003284561035206541,-2.117165593310267,0.9828771018150969,computed,0.9722932911695599
194,202609058430194,high_overlap_conditional_null,100,False,contiguous,0,8000,100,0,0.00013105974643627154,0.00031089166525081823,0.42156082354455016,0.3366728033262394,computed,0.9731476105654585
195,202609058430195,high_overlap_conditional_null,100,False,contiguous,0,8000,100,0,0.0003742901801923435,0.0002897328666650641,1.291845776768671,0.09820527941567897,computed,0.9732201002457274
196,202609058430196,high_overlap_conditional_null,100,False,contiguous,0,8000,100,0,0.0002505011464769003,0.0003272111408828133,0.7655642341548947,0.22196781624594863,computed,0.9731927919159719
197,202609058430197,high_overlap_conditional_null,100,False,contiguous,0,8000,100,0,-0.00012680719422685099,0.0002944345833825584,-0.43068036631447804,0.6666496016728773,computed,0.973033799928806
198,202609058430198,high_overlap_conditional_null,100,False,contiguous,0,8000,100,0,0.00012436102395940816,0.0003171587722619003,0.3921096776623744,0.34748858860248066,computed,0.9733904942647311
199,202609058430199,high_overlap_conditional_null,100,False,contiguous,0,8000,100,0,0.0003706034885672302,0.00029627466485877726,1.2508780956477754,0.10548947830826372,computed,0.973493636057516
200,202609058430200,high_overlap_conditional_null,100,False,contiguous,0,8000,100,0,-4.67364566036337e-05,0.0002972827621188215,-0.1572121312064287,0.5624611660655965,computed,0.9739322843167467
201,202609058430201,high_overlap_conditional_null,100,False,contiguous,0,8000,100,0,-0.0003016465778838776,0.0003256740088854447,-0.9262224483808326,0.8228348056425306,computed,0.9742165670216929
202,202609058430202,high_overlap_conditional_null,100,False,contiguous,0,8000,100,0,-0.0002938562242549382,0.00031450393644346655,-0.9343483187459567,0.8249378762976696,computed,0.9735153403059075
203,202609058430203,high_overlap_conditional_null,100,False,contiguous,0,8000,100,0,-3.7732579900353015e-05,0.0002731355483942726,-0.13814598693644167,0.5549374790735033,computed,0.9723245288554873
204,202609058430204,high_overlap_conditional_null,100,False,contiguous,0,8000,100,0,-0.0002737115238368049,0.0002988663743903465,-0.9158324498537025,0.8201226095668939,computed,0.9739304998830204
205,202609058430205,high_overlap_conditional_null,100,False,contiguous,0,8000,100,0,0.00015010209948204868,0.000282402034331434,0.5315191862459644,0.29752952472845884,computed,0.9723136810718792
206,202609058430206,high_overlap_conditional_null,100,False,contiguous,0,8000,100,0,5.9567490766042084e-05,0.00031085183528107603,0.19162663367317884,0.42401733923589624,computed,0.9734609356185505
207,202609058430207,high_overlap_conditional_null,100,False,contiguous,0,8000,100,0,0.0004295852292626937,0.00033327271962652186,1.2889900791883095,0.09870076779794901,computed,0.9719412883843757
208,202609058430208,high_overlap_conditional_null,100,False,contiguous,0,8000,100,0,-0.0001861552340187793,0.00028694472414472684,-0.648749457142442,0.7417498343255269,computed,0.973752448402905
209,202609058430209,high_overlap_conditional_null,100,True,contiguous,0,8000,100,0,0.0007443760033953992,0.0003115391451722113,2.389349829485878,0.008439111182178301,computed,0.9727484880283567
210,202609058430210,high_overlap_conditional_null,100,False,contiguous,0,8000,100,0,0.00047549673537269465,0.00031115838291172345,1.528150168808386,0.06323762888556334,computed,0.9734858734720302
211,202609058430211,high_overlap_conditional_null,100,False,contiguous,0,8000,100,0,-0.0007069743500788877,0.0002877882853864821,-2.4565779289086223,0.9929866311945799,computed,0.9734985834301111
212,202609058430212,high_overlap_conditional_null,100,False,contiguous,0,8000,100,0,0.000113901831502499,0.0002960294087691812,0.3847652568576727,0.3502056710531382,computed,0.9738107430029698
213,202609058430213,high_overlap_conditional_null,100,False,contiguous,0,8000,100,0,-0.0001518675410169858,0.0002972297316690638,-0.5109433035658607,0.6953046211615963,computed,0.9732401668210641
214,202609058430214,high_overlap_conditional_null,100,False,contiguous,0,8000,100,0,0.0003094675705669982,0.00027894959405849653,1.1094031938332987,0.13362814259558825,computed,0.9731627093163637
215,202609058430215,high_overlap_conditional_null,100,False,contiguous,0,8000,100,0,-3.929312387093667e-05,0.00032713359158462006,-0.12011338756317438,0.5478033362849879,computed,0.9727756294510972
216,202609058430216,high_overlap_conditional_null,100,False,contiguous,0,8000,100,0,-0.00040485576179544094,0.00028759701130177874,-1.4077189466013653,0.9203928453705039,computed,0.9727656131705356
217,202609058430217,high_overlap_conditional_null,100,False,contiguous,0,8000,100,0,0.0002699894903950873,0.00028012239175576325,0.9638268783257044,0.16756636433068722,computed,0.9738054711419177
218,202609058430218,high_overlap_conditional_null,100,False,contiguous,0,8000,100,0,-0.0005659721520677086,0.0003401890579777318,-1.663698872127616,0.9519136891015882,computed,0.9731162846371487
219,202609058430219,high_overlap_conditional_null,100,False,contiguous,0,8000,100,0,0.00027119509624425433,0.0003068430982168573,0.8838233540862985,0.1883957886475386,computed,0.9730732118384205
220,202609058430220,high_overlap_conditional_null,100,False,contiguous,0,8000,100,0,-0.000303451710564332,0.0003437621980600406,-0.8827372883836747,0.81131088483243,computed,0.9732641268830806
221,202609058430221,high_overlap_conditional_null,100,False,contiguous,0,8000,100,0,-6.984322868824133e-05,0.0003090028647019907,-0.2260277708285964,0.5894100894076233,computed,0.9728957297692152
222,202609058430222,high_overlap_conditional_null,100,False,contiguous,0,8000,100,0,0.0001768402143859078,0.0002860722677078588,0.6181662270265904,0.2682328850669249,computed,0.9736737689372008
223,202609058430223,high_overlap_conditional_null,100,False,contiguous,0,8000,100,0,-0.0001981818466558723,0.0002996680680289131,-0.6613378861465846,0.7458021749666369,computed,0.9728313453360563
224,202609058430224,high_overlap_conditional_null,100,False,contiguous,0,8000,100,0,0.0004396928249783112,0.0003361885130673151,1.3078758133841157,0.09545771718238794,computed,0.9730965360858184
225,202609058430225,high_overlap_conditional_null,100,False,contiguous,0,8000,100,0,3.476973722478903e-05,0.0003428414015674246,0.10141638981122608,0.45960996318279296,computed,0.9730625219169268
226,202609058430226,high_overlap_conditional_null,100,False,contiguous,0,8000,100,0,0.00017650635174711938,0.0002795710371982659,0.6313470576780269,0.2639068121927658,computed,0.9736968786471972
227,202609058430227,high_overlap_conditional_null,100,False,contiguous,0,8000,100,0,-6.70504854985333e-05,0.00028917555398656156,-0.2318677515238693,0.5916796337310938,computed,0.9732510802011921
228,202609058430228,high_overlap_conditional_null,100,False,contiguous,0,8000,100,0,0.00015738484809878033,0.00029105313647694476,0.5407426630197035,0.29434248400379753,computed,0.97376050215644
229,202609058430229,high_overlap_conditional_null,100,False,contiguous,0,8000,100,0,-0.0003567425476343666,0.0003382817749542427,-1.0545721763539315,0.8541894827349386,computed,0.9729260252382349
230,202609058430230,high_overlap_conditional_null,100,False,contiguous,0,8000,100,0,-0.0006505790421362177,0.0003071463063948373,-2.118140536256024,0.9829184163059077,computed,0.9737853143812216
231,202609058430231,high_overlap_conditional_null,100,False,contiguous,0,8000,100,0,-0.0007088360330725939,0.00027781343928002264,-2.5514821561894316,0.9946367091653866,computed,0.9725978604582951
232,202609058430232,high_overlap_conditional_null,100,False,contiguous,0,8000,100,0,-0.0002869337070799812,0.00028937617380843324,-0.9915595444631564,0.8392937838762947,computed,0.9734222561263896
233,202609058430233,high_overlap_conditional_null,100,False,contiguous,0,8000,100,0,-5.623570794311366e-05,0.0002753502546309001,-0.20423336095510855,0.580914428766777,computed,0.9739317545528595
234,202609058430234,high_overlap_conditional_null,100,False,contiguous,0,8000,100,0,-0.0002989931240595716,0.0002729780734963848,-1.0953008797738888,0.863307578895528,computed,0.9736745757171066
235,202609058430235,high_overlap_conditional_null,100,False,contiguous,0,8000,100,0,-0.00022831506392708304,0.0003061469771029736,-0.7457694538995513,0.7720966523987611,computed,0.9738279759130773
236,202609058430236,high_overlap_conditional_null,100,False,contiguous,0,8000,100,0,-0.0008356013163377609,0.00030971654907368715,-2.6979550135015753,0.9965116565994003,computed,0.9729364890601261
237,202609058430237,high_overlap_conditional_null,100,False,contiguous,0,8000,100,0,-0.00010453688021180804,0.0003174778314755169,-0.3292730069559823,0.6290253275520128,computed,0.9724973855652689
238,202609058430238,high_overlap_conditional_null,100,False,contiguous,0,8000,100,0,-0.0003380738930759828,0.00038104779902914116,-0.8872217447190348,0.8125202362320285,computed,0.9734446836184139
239,202609058430239,high_overlap_conditional_null,100,False,contiguous,0,8000,100,0,-0.0003031139016461865,0.0002987978019513183,-1.014444884355513,0.8448147419144365,computed,0.9733563828717194
240,202609058430240,high_overlap_conditional_null,100,False,contiguous,0,8000,100,0,-0.00042569614558287137,0.00025937746013163313,-1.641222584903222,0.9496243904235583,computed,0.9737581824869834
241,202609058430241,high_overlap_conditional_null,100,False,contiguous,0,8000,100,0,0.0004543606977867314,0.00033883145055662656,1.3409637654365183,0.08996610866352256,computed,0.9728717202180951
242,202609058430242,high_overlap_conditional_null,100,False,contiguous,0,8000,100,0,-0.00034701562919215194,0.0003099030338851138,-1.119755508172264,0.8685910181595817,computed,0.9732144269936401
243,202609058430243,high_overlap_conditional_null,100,False,contiguous,0,8000,100,0,-0.0002850692295867193,0.00028434320455103773,-1.002553340554869,0.8419617909635302,computed,0.9738054204743546
244,202609058430244,high_overlap_conditional_null,100,False,contiguous,0,8000,100,0,-4.8094712264912575e-05,0.00032211478113838203,-0.1493092372071273,0.5593451866300465,computed,0.9728729102772683
245,202609058430245,high_overlap_conditional_null,100,False,contiguous,0,8000,100,0,0.0001376900282801963,0.0003172201828544376,0.43405191637310775,0.3321253706488198,computed,0.9724722334719452
246,202609058430246,high_overlap_conditional_null,100,False,contiguous,0,8000,100,0,0.0002525652878652703,0.00030787281488380745,0.8203559250939046,0.20600661679861176,computed,0.9737873634627421
247,202609058430247,high_overlap_conditional_null,100,False,contiguous,0,8000,100,0,4.686482212549747e-07,0.0003100280047225524,0.0015116318981389227,0.49939694635309495,computed,0.9728626364483699
248,202609058430248,high_overlap_conditional_null,100,False,contiguous,0,8000,100,0,-7.999807347199725e-05,0.0002663999911034099,-0.30029307861704835,0.6180231938871106,computed,0.9734023272651334
249,202609058430249,high_overlap_conditional_null,100,False,contiguous,0,8000,100,0,-0.00031169985196955363,0.00032906001809347306,-0.947243161826521,0.82824255690194,computed,0.9734293572934326
250,202609058430250,high_overlap_conditional_null,100,False,contiguous,0,8000,100,0,-0.00021381777130264907,0.00026529369443139286,-0.8059662773400146,0.7898688531027306,computed,0.9730509263295591
251,202609058430251,high_overlap_conditional_null,100,False,contiguous,0,8000,100,0,7.353336210131741e-05,0.00033273758106129884,0.22099506123346696,0.41254813924040207,computed,0.9736247470309227
252,202609058430252,high_overlap_conditional_null,100,True,contiguous,0,8000,100,0,0.0007283756856620579,0.0003407804403861346,2.1373752696508737,0.016283740603892004,computed,0.9730651714479687
253,202609058430253,high_overlap_conditional_null,100,False,contiguous,0,8000,100,0,0.0002727810681250381,0.00030479915732486686,0.8949534851708838,0.18540597682330284,computed,0.9736368644521086
254,202609058430254,high_overlap_conditional_null,100,False,contiguous,0,8000,100,0,3.523805714617034e-05,0.000345719850417216,0.10192662383616365,0.459407458623503,computed,0.9729099588406115
255,202609058430255,high_overlap_conditional_null,100,False,contiguous,0,8000,100,0,0.0004575840877268407,0.00029388954163864624,1.556993437655111,0.059736021732806205,computed,0.9735285477555098
256,202609058430256,high_overlap_conditional_null,100,False,contiguous,0,8000,100,0,7.960246699376122e-05,0.0002969709164168072,0.26804802286442375,0.39433117694187464,computed,0.9725250822627406
257,202609058430257,high_overlap_conditional_null,100,False,contiguous,0,8000,100,0,-0.00044022629743961596,0.00030514194256573687,-1.44269350105739,0.9254465846016501,computed,0.9732299482778433
258,202609058430258,high_overlap_conditional_null,100,False,contiguous,0,8000,100,0,-0.0003181708849649019,0.00027961776532128157,-1.1378779334686504,0.8724142716632268,computed,0.9733145802613005
259,202609058430259,high_overlap_conditional_null,100,False,contiguous,0,8000,100,0,0.00012537985313063938,0.0003111201227302591,0.4029949976567206,0.3434759522435715,computed,0.9730168117731962
260,202609058430260,high_overlap_conditional_null,100,False,contiguous,0,8000,100,0,-0.00016680610188080994,0.00032700095566546,-0.5101089124995151,0.6950124192069215,computed,0.9728532882803309
261,202609058430261,high_overlap_conditional_null,100,False,contiguous,0,8000,100,0,0.0004570379763010319,0.0003092058752221222,1.4781024971556977,0.06969017290559351,computed,0.9729813058845992
262,202609058430262,high_overlap_conditional_null,100,False,contiguous,0,8000,100,0,-6.126673501953365e-05,0.0002787321366438843,-0.21980506358981375,0.5869885120500956,computed,0.9732887655210795
263,202609058430263,high_overlap_conditional_null,100,False,contiguous,0,8000,100,0,7.407799851096243e-05,0.0003018024858101811,0.24545191638200703,0.40305326733766883,computed,0.9735548957723041
264,202609058430264,high_overlap_conditional_null,100,False,contiguous,0,8000,100,0,-0.0002724965002069044,0.00029037532256064876,-0.9384285751417111,0.8259878966509964,computed,0.9735894626707245
265,202609058430265,high_overlap_conditional_null,100,False,contiguous,0,8000,100,0,0.0001752407154479161,0.00027761937467989377,0.6312265332705098,0.2639462077181841,computed,0.9725488579855409
266,202609058430266,high_overlap_conditional_null,100,False,contiguous,0,8000,100,0,0.00013515619086115605,0.00028796273034156295,0.4693530676724812,0.3194086445151074,computed,0.9729483383838131
267,202609058430267,high_overlap_conditional_null,100,False,contiguous,0,8000,100,0,-4.7364895405638235e-05,0.0002882089066198632,-0.16434223342067206,0.5652691319094885,computed,0.9738607394587437
268,202609058430268,high_overlap_conditional_null,100,False,contiguous,0,8000,100,0,-2.051195304033601e-05,0.0002883554743429751,-0.07113425915382043,0.5283545488199068,computed,0.9732436337169837
269,202609058430269,high_overlap_conditional_null,100,False,contiguous,0,8000,100,0,0.0001542716098362431,0.00031521257728108414,0.4894208574002257,0.3122718862991235,computed,0.9734165845888465
270,202609058430270,high_overlap_conditional_null,100,False,contiguous,0,8000,100,0,-0.00024972466466536506,0.0002923339100536202,-0.8542446020701474,0.8035152625734368,computed,0.9735569286196076
271,202609058430271,high_overlap_conditional_null,100,False,contiguous,0,8000,100,0,0.0005093911305274029,0.0003317556017037797,1.5354409327569747,0.06233777782834917,computed,0.9728508113631837
272,202609058430272,high_overlap_conditional_null,100,False,contiguous,0,8000,100,0,9.394189455447718e-05,0.0003543841345070832,0.2650849330067837,0.39547201699311074,computed,0.9721956529362354
273,202609058430273,high_overlap_conditional_null,100,False,contiguous,0,8000,100,0,-1.514454667937107e-06,0.00031913573305257916,-0.0047454876125939596,0.5018931685441993,computed,0.9737936897569939
274,202609058430274,high_overlap_conditional_null,100,False,contiguous,0,8000,100,0,0.00020015921105455116,0.00033322794183163255,0.600667548928667,0.2740307185815981,computed,0.9730509006335565
275,202609058430275,high_overlap_conditional_null,100,False,contiguous,0,8000,100,0,-0.00033279253780503276,0.0002847796912401385,-1.1685964555822477,0.8787168715190328,computed,0.9723255853207482
276,202609058430276,high_overlap_conditional_null,100,False,contiguous,0,8000,100,0,0.0004241942525212812,0.00027870966830390503,1.521993316926271,0.06400537762562672,computed,0.972595777678586
277,202609058430277,high_overlap_conditional_null,100,False,contiguous,0,8000,100,0,-0.00022093813300673055,0.00031227409240464185,-0.7075134901695302,0.7603762838166996,computed,0.973925314382387
278,202609058430278,high_overlap_conditional_null,100,False,contiguous,0,8000,100,0,0.00032916329551078803,0.00031644448931745074,1.0401928509507967,0.1491251561252519,computed,0.9734837392350469
279,202609058430279,high_overlap_conditional_null,100,False,contiguous,0,8000,100,0,-0.0002196829851715062,0.0003341520863561921,-0.6574341269781371,0.7445490929458283,computed,0.9734252339612663
280,202609058430280,high_overlap_conditional_null,100,False,contiguous,0,8000,100,0,-0.0004147258510439267,0.0003201902289107802,-1.2952483042806673,0.9023827068787613,computed,0.9730444587157446
281,202609058430281,high_overlap_conditional_null,100,False,contiguous,0,8000,100,0,-0.00038386282295751,0.00033000209642197173,-1.1632132859746045,0.8776285113145789,computed,0.9733300856927076
282,202609058430282,high_overlap_conditional_null,100,False,contiguous,0,8000,100,0,-0.0005650032812338518,0.00031356739935377705,-1.8018559403759844,0.9642159631114834,computed,0.9725498070236623
283,202609058430283,high_overlap_conditional_null,100,False,contiguous,0,8000,100,0,0.0003632318140478594,0.0003093408031220157,1.1742124232624658,0.12015497558799271,computed,0.9731353130362433
284,202609058430284,high_overlap_conditional_null,100,False,contiguous,0,8000,100,0,-4.909989736500837e-05,0.00027330164195859267,-0.1796546007303073,0.5712881316012745,computed,0.9726623497025354
285,202609058430285,high_overlap_conditional_null,100,False,contiguous,0,8000,100,0,4.839730044354132e-05,0.000333758597167498,0.14500690275628453,0.4423527108928104,computed,0.9732326202512918
286,202609058430286,high_overlap_conditional_null,100,False,contiguous,0,8000,100,0,0.00015838612623026062,0.00030344047834604857,0.521967692291977,0.3008464126557726,computed,0.9734299383084959
287,202609058430287,high_overlap_conditional_null,100,False,contiguous,0,8000,100,0,-0.00036209261438497107,0.00029523283948322776,-1.2264645593585521,0.8899880478659881,computed,0.9728507928454263
288,202609058430288,high_overlap_conditional_null,100,True,contiguous,0,8000,100,0,0.000529466460100202,0.0003092965692565684,1.7118407144729684,0.04346301332233842,computed,0.9730038356013858
289,202609058430289,high_overlap_conditional_null,100,False,contiguous,0,8000,100,0,-6.97545955393346e-05,0.00029701265040592214,-0.2348539546851024,0.5928389555627959,computed,0.9727550512010923
290,202609058430290,high_overlap_conditional_null,100,False,contiguous,0,8000,100,0,-0.0003659628496198112,0.00030442365624196795,-1.2021498399221953,0.885347260358618,computed,0.974256690405726
291,202609058430291,high_overlap_conditional_null,100,False,contiguous,0,8000,100,0,-0.00019472484242240802,0.00031045022649172694,-0.627233694183171,0.7347469701635828,computed,0.9740215938976181
292,202609058430292,high_overlap_conditional_null,100,False,contiguous,0,8000,100,0,-4.947067485454146e-05,0.00027715635341777657,-0.17849374277186766,0.5708323825813844,computed,0.9733218932484775
293,202609058430293,high_overlap_conditional_null,100,False,contiguous,0,8000,100,0,-0.000289951195813136,0.00029774555024487124,-0.9738220959966487,0.8349275600181219,computed,0.9729626414464344
294,202609058430294,high_overlap_conditional_null,100,False,contiguous,0,8000,100,0,-0.0005457312648453424,0.00029216381843110876,-1.867894757728271,0.9691116291293397,computed,0.9733910944789118
295,202609058430295,high_overlap_conditional_null,100,False,contiguous,0,8000,100,0,-3.901987078227272e-05,0.000292223208253931,-0.13352762436433835,0.553111940602283,computed,0.9730852727930076
296,202609058430296,high_overlap_conditional_null,100,False,contiguous,0,8000,100,0,0.00034631570732413116,0.0003255593083687033,1.0637561219165657,0.143719596639525,computed,0.9725836189501137
297,202609058430297,high_overlap_conditional_null,100,False,contiguous,0,8000,100,0,0.00019445338120251454,0.00028681795823432373,0.6779679431496775,0.24889600948161072,computed,0.9730775194154964
298,202609058430298,high_overlap_conditional_null,100,False,contiguous,0,8000,100,0,4.536243315081044e-05,0.00028090491170049684,0.16148679236757613,0.4358550064982511,computed,0.9724364923366318
299,202609058430299,high_overlap_conditional_null,100,False,contiguous,0,8000,100,0,-0.0002896301232578401,0.0002883044864198974,-1.0045980444300544,0.8424547803456083,computed,0.9733298283083602
0,202609058430000,high_overlap_shared_noise_alternative,25,True,contiguous,0,2000,25,0,0.015194419031938463,0.0007149538132574,21.252308541038747,1.5692442738638134e-100,computed,0.9730948494765203
1,202609058430001,high_overlap_shared_noise_alternative,25,True,contiguous,0,2000,25,0,0.015904809248977952,0.0008919678559806876,17.831146203683726,2.0251587441376755e-71,computed,0.9717588215911367
2,202609058430002,high_overlap_shared_noise_alternative,25,True,contiguous,0,2000,25,0,0.015478241925182979,0.0007559605397890343,20.474933690986685,1.8011900645200006e-93,computed,0.9721465484460625
3,202609058430003,high_overlap_shared_noise_alternative,25,True,contiguous,0,2000,25,0,0.013521221133678638,0.0009501163377484594,14.2311215968779,2.936608706199905e-46,computed,0.973563111310194
4,202609058430004,high_overlap_shared_noise_alternative,25,True,contiguous,0,2000,25,0,0.01485963320213559,0.0007135616029847262,20.82459753997394,1.295467187101308e-96,computed,0.9715976493783035
5,202609058430005,high_overlap_shared_noise_alternative,25,True,contiguous,0,2000,25,0,0.015552640296348844,0.000788451087636099,19.725561344557363,6.505255005112468e-87,computed,0.9712227168363209
6,202609058430006,high_overlap_shared_noise_alternative,25,True,contiguous,0,2000,25,0,0.014717992765183815,0.0005691905946196965,25.85775819963717,9.951516348562897e-148,computed,0.9732286394139122
7,202609058430007,high_overlap_shared_noise_alternative,25,True,contiguous,0,2000,25,0,0.013094304167196227,0.0007987533791469324,16.393425691896198,1.0654494133953815e-60,computed,0.97392538283505
8,202609058430008,high_overlap_shared_noise_alternative,25,True,contiguous,0,2000,25,0,0.016117034366315418,0.0006135793093945599,26.267239001619295,2.2711960610091026e-152,computed,0.9728943757754938
9,202609058430009,high_overlap_shared_noise_alternative,25,True,contiguous,0,2000,25,0,0.01444015602457506,0.0006314265923505602,22.86909705658716,4.7182719936955496e-116,computed,0.973755938558485
10,202609058430010,high_overlap_shared_noise_alternative,25,True,contiguous,0,2000,25,0,0.015013854428910307,0.0007422174437615197,20.228377216278922,2.7543100655231434e-91,computed,0.9712666810622649
11,202609058430011,high_overlap_shared_noise_alternative,25,True,contiguous,0,2000,25,0,0.016481204759505323,0.000919667473659634,17.920830334383407,4.055421418026978e-72,computed,0.9708136648556923
12,202609058430012,high_overlap_shared_noise_alternative,25,True,contiguous,0,2000,25,0,0.014338136408260345,0.0009861992334458177,14.53878275504469,3.440263159241287e-48,computed,0.9745111504461805
13,202609058430013,high_overlap_shared_noise_alternative,25,True,contiguous,0,2000,25,0,0.014021248743567655,0.0005812976491043593,24.120601150152677,7.599335246433621e-129,computed,0.9736414111192028
14,202609058430014,high_overlap_shared_noise_alternative,25,True,contiguous,0,2000,25,0,0.01519160976526356,0.0007726530477354956,19.661618898401272,2.2990865287462194e-86,computed,0.9732006209051121
15,202609058430015,high_overlap_shared_noise_alternative,25,True,contiguous,0,2000,25,0,0.01533433052296789,0.0008172234329758472,18.763938849782214,7.447109888761944e-79,computed,0.9726020424182839
16,202609058430016,high_overlap_shared_noise_alternative,25,True,contiguous,0,2000,25,0,0.015788928925100372,0.0008072786116810484,19.558215338100023,1.7557708617960877e-85,computed,0.9722161912270018
17,202609058430017,high_overlap_shared_noise_alternative,25,True,contiguous,0,2000,25,0,0.01594303658508675,0.0007854987768590618,20.296704533185203,6.875134103119553e-92,computed,0.9715882448489165
18,202609058430018,high_overlap_shared_noise_alternative,25,True,contiguous,0,2000,25,0,0.013847792237387697,0.000694757595595115,19.93183280785288,1.0776152902755283e-88,computed,0.9731341914729859
19,202609058430019,high_overlap_shared_noise_alternative,25,True,contiguous,0,2000,25,0,0.015105192767722144,0.0007849238038617615,19.244151716900188,7.901456231225451e-83,computed,0.9737983599962323
20,202609058430020,high_overlap_shared_noise_alternative,25,True,contiguous,0,2000,25,0,0.01576146111028778,0.0006345741690886593,24.837854860880217,1.749156606134939e-136,computed,0.9709058016156213
21,202609058430021,high_overlap_shared_noise_alternative,25,True,contiguous,0,2000,25,0,0.014516114264866464,0.0006513208041513984,22.28719576028193,2.4592557368991704e-110,computed,0.9729468353013678
22,202609058430022,high_overlap_shared_noise_alternative,25,True,contiguous,0,2000,25,0,0.015355876874567074,0.0007603525361823485,20.195733089373707,5.336548764772151e-91,computed,0.9724602832533942
23,202609058430023,high_overlap_shared_noise_alternative,25,True,contiguous,0,2000,25,0,0.015016781546002866,0.0009072170331021227,16.552578928831103,7.669440299784505e-62,computed,0.972414154387254
24,202609058430024,high_overlap_shared_noise_alternative,25,True,contiguous,0,2000,25,0,0.013712863251391904,0.0007624948750111428,17.984203829817886,1.2954166186386284e-72,computed,0.9739345138583484
25,202609058430025,high_overlap_shared_noise_alternative,25,True,contiguous,0,2000,25,0,0.014706342031228604,0.0006769807993614525,21.72342560542344,6.1619116644702844e-105,computed,0.9740428396644798
26,202609058430026,high_overlap_shared_noise_alternative,25,True,contiguous,0,2000,25,0,0.014544590816598965,0.0006472232107333217,22.472294836459195,3.8741279411917495e-112,computed,0.9738578681360729
27,202609058430027,high_overlap_shared_noise_alternative,25,True,contiguous,0,2000,25,0,0.01660166758847075,0.0006749497357874816,24.59689471409474,6.81811361903932e-134,computed,0.9706347422143993
28,202609058430028,high_overlap_shared_noise_alternative,25,True,contiguous,0,2000,25,0,0.01476971381460162,0.0006438551588100518,22.939497513537724,9.379182953770495e-117,computed,0.9731290947777795
29,202609058430029,high_overlap_shared_noise_alternative,25,True,contiguous,0,2000,25,0,0.016342214994144746,0.0008002811576585692,20.42059198539442,5.4863266157853885e-93,computed,0.9703195684464371
30,202609058430030,high_overlap_shared_noise_alternative,25,True,contiguous,0,2000,25,0,0.014896794379428707,0.0008169923573035069,18.233701020895417,1.3939964720630746e-74,computed,0.9730743684498614
31,202609058430031,high_overlap_shared_noise_alternative,25,True,contiguous,0,2000,25,0,0.015484412135021107,0.0006278836791072882,24.66127509005572,1.3928439187487754e-134,computed,0.9728962436311007
32,202609058430032,high_overlap_shared_noise_alternative,25,True,contiguous,0,2000,25,0,0.014597051785673628,0.0006280754259012237,23.240921685048193,8.787188175646099e-120,computed,0.9715041117056377
33,202609058430033,high_overlap_shared_noise_alternative,25,True,contiguous,0,2000,25,0,0.01536986664059139,0.0007278053608101202,21.11810034414035,2.711614576042014e-99,computed,0.9710478573620103
34,202609058430034,high_overlap_shared_noise_alternative,25,True,contiguous,0,2000,25,0,0.015097195590036475,0.0008997723490232419,16.778905915952414,1.7409604862584484e-63,computed,0.9732526726345172
35,202609058430035,high_overlap_shared_noise_alternative,25,True,contiguous,0,2000,25,0,0.014549452663772854,0.0007514053727052311,19.36298726663545,7.921323658874084e-84,computed,0.97380291816774
36,202609058430036,high_overlap_shared_noise_alternative,25,True,contiguous,0,2000,25,0,0.013617775575161842,0.0007502380443325305,18.15127302332057,6.2729640068718975e-74,computed,0.974067006104507
37,202609058430037,high_overlap_shared_noise_alternative,25,True,contiguous,0,2000,25,0,0.015046681822457067,0.0006869673673477267,21.903051786215038,1.2147555669173292e-106,computed,0.9717693784154197
38,202609058430038,high_overlap_shared_noise_alternative,25,True,contiguous,0,2000,25,0,0.014857816251668817,0.0008326164540755066,17.84473052261038,1.5881582606121628e-71,computed,0.9708900726112337
39,202609058430039,high_overlap_shared_noise_alternative,25,True,contiguous,0,2000,25,0,0.015358204703061047,0.0008001732868093727,19.1935983820463,2.0931216340019823e-82,computed,0.970996524516745
40,202609058430040,high_overlap_shared_noise_alternative,25,True,contiguous,0,2000,25,0,0.014906264965675948,0.0007378723174472724,20.201686136221166,4.730552408609545e-91,computed,0.9721515783826851
41,202609058430041,high_overlap_shared_noise_alternative,25,True,contiguous,0,2000,25,0,0.015534599260016728,0.0008110489096470912,19.153714498890384,4.506160246760356e-82,computed,0.9714242035367993
42,202609058430042,high_overlap_shared_noise_alternative,25,True,contiguous,0,2000,25,0,0.014898065939010857,0.00078675608890674,18.93606690697863,2.876907434578582e-80,computed,0.9723817387687504
43,202609058430043,high_overlap_shared_noise_alternative,25,True,contiguous,0,2000,25,0,0.015150504886091359,0.000957568438258916,15.821850721853917,1.099657775895588e-56,computed,0.9718451239681841
44,202609058430044,high_overlap_shared_noise_alternative,25,True,contiguous,0,2000,25,0,0.01600538896351269,0.0007352367275790251,21.76902807374022,2.2810074076342312e-105,computed,0.9692547536708469
45,202609058430045,high_overlap_shared_noise_alternative,25,True,contiguous,0,2000,25,0,0.015029097400215487,0.0007265670976772237,20.685078430144024,2.360029773455207e-95,computed,0.9727454603457543
46,202609058430046,high_overlap_shared_noise_alternative,25,True,contiguous,0,2000,25,0,0.01445344340323284,0.000709389999506519,20.37446737801104,1.4088199307484387e-92,computed,0.9717381925388757
47,202609058430047,high_overlap_shared_noise_alternative,25,True,contiguous,0,2000,25,0,0.015919248144066284,0.0007165781235730504,22.21564909725216,1.2122658433275596e-109,computed,0.9706252211619417
48,202609058430048,high_overlap_shared_noise_alternative,25,True,contiguous,0,2000,25,0,0.016044842283849663,0.0007567325790709283,21.202790427694516,4.4999434935084244e-100,computed,0.9720335684525983
49,202609058430049,high_overlap_shared_noise_alternative,25,True,contiguous,0,2000,25,0,0.01594533559378332,0.0007104585124820738,22.44372516289,7.368438026428082e-112,computed,0.9711977977984954
50,202609058430050,high_overlap_shared_noise_alternative,25,True,contiguous,0,2000,25,0,0.016637767195134802,0.000802425382246514,20.734348094217555,8.486957874264376e-96,computed,0.971470061792008
51,202609058430051,high_overlap_shared_noise_alternative,25,True,contiguous,0,2000,25,0,0.016555811842559342,0.0008042504438554947,20.5853934791661,1.8550655268170192e-94,computed,0.9710717411547491
52,202609058430052,high_overlap_shared_noise_alternative,25,True,contiguous,0,2000,25,0,0.015424637631890198,0.0007305738516732339,21.11304366637697,3.017888151855822e-99,computed,0.9745026871664848
53,202609058430053,high_overlap_shared_noise_alternative,25,True,contiguous,0,2000,25,0,0.015175431411973101,0.0008465550029599757,17.926102094857715,3.6886998951924223e-72,computed,0.972479655912379
54,202609058430054,high_overlap_shared_noise_alternative,25,True,contiguous,0,2000,25,0,0.015849235967957304,0.0004962574105457881,31.93753006232427,4.024695484869972e-224,computed,0.9726474510425012
55,202609058430055,high_overlap_shared_noise_alternative,25,True,contiguous,0,2000,25,0,0.01524812762602821,0.0007676022269652926,19.86462140203986,4.1185421896084033e-88,computed,0.972114374014823
56,202609058430056,high_overlap_shared_noise_alternative,25,True,contiguous,0,2000,25,0,0.015266906659487673,0.000706374562116656,21.61304706916439,6.770552852858055e-104,computed,0.972293289214348
57,202609058430057,high_overlap_shared_noise_alternative,25,True,contiguous,0,2000,25,0,0.015216797320169803,0.0006449437705397852,23.593990693846248,2.221203236454207e-123,computed,0.97226416623087
58,202609058430058,high_overlap_shared_noise_alternative,25,True,contiguous,0,2000,25,0,0.013797418074884205,0.0005798526308463187,23.794697723016807,1.8948827962678978e-125,computed,0.9733855499326479
59,202609058430059,high_overlap_shared_noise_alternative,25,True,contiguous,0,2000,25,0,0.01525703965435423,0.0008395486935988873,18.17290619434114,4.229828204178916e-74,computed,0.9726876996996159
60,202609058430060,high_overlap_shared_noise_alternative,25,True,contiguous,0,2000,25,0,0.016314682510992464,0.0007311575286680013,22.313498625547926,1.366319932100846e-110,computed,0.9721593850917748
61,202609058430061,high_overlap_shared_noise_alternative,25,True,contiguous,0,2000,25,0,0.014785131453752659,0.0006180877904561607,23.920762846392655,9.313209967246013e-127,computed,0.9711707342530219
62,202609058430062,high_overlap_shared_noise_alternative,25,True,contiguous,0,2000,25,0,0.014432693285415429,0.0006965466653706605,20.720353714901805,1.1350582747387502e-95,computed,0.9737115428223702
63,202609058430063,high_overlap_shared_noise_alternative,25,True,contiguous,0,2000,25,0,0.016715337565615558,0.000783269245291154,21.340474767909715,2.3903381369584178e-101,computed,0.9713766836002728
64,202609058430064,high_overlap_shared_noise_alternative,25,True,contiguous,0,2000,25,0,0.014045697872994534,0.000686554486614895,20.458242057739408,2.536740727806581e-93,computed,0.9734333010692232
65,202609058430065,high_overlap_shared_noise_alternative,25,True,contiguous,0,2000,25,0,0.015560065956608131,0.0006973351182543893,22.31361299508192,1.3628305838532738e-110,computed,0.9715850377738879
66,202609058430066,high_overlap_shared_noise_alternative,25,True,contiguous,0,2000,25,0,0.014721625588136543,0.0006702428645010656,21.964613676410334,3.139440519377232e-107,computed,0.972727222901713
67,202609058430067,high_overlap_shared_noise_alternative,25,True,contiguous,0,2000,25,0,0.015173973838144091,0.0009083619973759697,16.704765150873662,6.050173138768541e-63,computed,0.9727461963879762
68,202609058430068,high_overlap_shared_noise_alternative,25,True,contiguous,0,2000,25,0,0.015174382248085157,0.0007591010038613038,19.989938322960885,3.3689514432686335e-89,computed,0.9724705858748024
69,202609058430069,high_overlap_shared_noise_alternative,25,True,contiguous,0,2000,25,0,0.015110208788097199,0.0008082872147042582,18.694108372883058,2.764348784548923e-78,computed,0.9734711631326227
70,202609058430070,high_overlap_shared_noise_alternative,25,True,contiguous,0,2000,25,0,0.015317542915647037,0.0007794972515553775,19.650541275268164,2.8599816884804588e-86,computed,0.972394232356854
71,202609058430071,high_overlap_shared_noise_alternative,25,True,contiguous,0,2000,25,0,0.01377902512262177,0.000541208785711522,25.459721804971473,2.754891532938823e-143,computed,0.9722513157447225
72,202609058430072,high_overlap_shared_noise_alternative,25,True,contiguous,0,2000,25,0,0.016840740851827598,0.0008215578143252585,20.498546247361567,1.1091080583542927e-93,computed,0.9702816716978774
73,202609058430073,high_overlap_shared_noise_alternative,25,True,contiguous,0,2000,25,0,0.015971715973784974,0.000694325521721357,23.003210272594096,2.1644388933378903e-117,computed,0.97207492179043
74,202609058430074,high_overlap_shared_noise_alternative,25,True,contiguous,0,2000,25,0,0.014993062489518398,0.0006243604139012922,24.01347387774766,1.005578145621533e-127,computed,0.9713113424840456
75,202609058430075,high_overlap_shared_noise_alternative,25,True,contiguous,0,2000,25,0,0.016398155616628635,0.000918182641600353,17.85936138810831,1.2220987124185293e-71,computed,0.9714042266435369
76,202609058430076,high_overlap_shared_noise_alternative,25,True,contiguous,0,2000,25,0,0.01525944529572941,0.0008101481818470014,18.83537559874595,1.9368461093885944e-79,computed,0.9726076583194319
77,202609058430077,high_overlap_shared_noise_alternative,25,True,contiguous,0,2000,25,0,0.01479238869029998,0.0006655027534891484,22.22738916217149,9.33404082125943e-110,computed,0.9717127276822057
78,202609058430078,high_overlap_shared_noise_alternative,25,True,contiguous,0,2000,25,0,0.01639194378770906,0.0009561268151592318,17.14411051736811,3.477752904881721e-66,computed,0.9699542364481754
79,202609058430079,high_overlap_shared_noise_alternative,25,True,contiguous,0,2000,25,0,0.015260414231532564,0.0005714561481255354,26.704436169930247,2.0901553575102724e-157,computed,0.9722694657409673
80,202609058430080,high_overlap_shared_noise_alternative,25,True,contiguous,0,2000,25,0,0.01473449535335233,0.0007854419676352805,18.759495876841513,8.096398304946919e-79,computed,0.9727732012699462
81,202609058430081,high_overlap_shared_noise_alternative,25,True,contiguous,0,2000,25,0,0.016858921812341936,0.0007808427226975902,21.59067546163348,1.098886348472574e-103,computed,0.9698345186281263
82,202609058430082,high_overlap_shared_noise_alternative,25,True,contiguous,0,2000,25,0,0.014401943874885179,0.000810059506508722,17.77887150162111,5.151651499259248e-71,computed,0.972898313112603
83,202609058430083,high_overlap_shared_noise_alternative,25,True,contiguous,0,2000,25,0,0.014574235426218617,0.0005987403435824861,24.341495578894097,3.566704043327034e-131,computed,0.9741907404784615
84,202609058430084,high_overlap_shared_noise_alternative,25,True,contiguous,0,2000,25,0,0.014954818984332876,0.0006565112133674413,22.77922856431524,3.6838304534489805e-115,computed,0.9718019711545604
85,202609058430085,high_overlap_shared_noise_alternative,25,True,contiguous,0,2000,25,0,0.015203905311756244,0.0009174297171764284,16.57228344264809,5.527346120425024e-62,computed,0.9705974202720149
86,202609058430086,high_overlap_shared_noise_alternative,25,True,contiguous,0,2000,25,0,0.014734783258864084,0.0006164681050487293,23.901939351265156,1.4618875116641728e-126,computed,0.9731141954004126
87,202609058430087,high_overlap_shared_noise_alternative,25,True,contiguous,0,2000,25,0,0.014666688776383904,0.0005156972958494777,28.440499677672992,3.193605025596982e-178,computed,0.9734711429654288
88,202609058430088,high_overlap_shared_noise_alternative,25,True,contiguous,0,2000,25,0,0.016261772361014566,0.0006608283706674605,24.60816315224116,5.164943916587186e-134,computed,0.9692258841203458
89,202609058430089,high_overlap_shared_noise_alternative,25,True,contiguous,0,2000,25,0,0.014902482732325752,0.0009176371197118987,16.240060926267383,1.3133158073975043e-59,computed,0.9726380189715356
90,202609058430090,high_overlap_shared_noise_alternative,25,True,contiguous,0,2000,25,0,0.0153612496997407,0.0006697863075372267,22.9345531953666,1.0507773894472689e-116,computed,0.9710055939384897
91,202609058430091,high_overlap_shared_noise_alternative,25,True,contiguous,0,2000,25,0,0.014957470534992865,0.0006052830433907699,24.711530743041717,4.019961397166756e-135,computed,0.9731070040846885
92,202609058430092,high_overlap_shared_noise_alternative,25,True,contiguous,0,2000,25,0,0.015534254723915734,0.0008212600691221545,18.915146745805274,4.279096787318812e-80,computed,0.9715157569261647
93,202609058430093,high_overlap_shared_noise_alternative,25,True,contiguous,0,2000,25,0,0.014671231618013368,0.0008350195764121371,17.56992534360913,2.0936153354374584e-69,computed,0.973528928182286
94,202609058430094,high_overlap_shared_noise_alternative,25,True,contiguous,0,2000,25,0,0.015334349057732087,0.0007566965078646931,20.264860348045985,1.3135240884961752e-91,computed,0.9715206013868055
95,202609058430095,high_overlap_shared_noise_alternative,25,True,contiguous,0,2000,25,0,0.015329398216632236,0.0007765348381423012,19.74077332229504,4.814647510947363e-87,computed,0.9724548938944975
96,202609058430096,high_overlap_shared_noise_alternative,25,True,contiguous,0,2000,25,0,0.014444215131420857,0.0005995265948947966,24.092701231970352,1.4906357147785857e-128,computed,0.9728405344388797
97,202609058430097,high_overlap_shared_noise_alternative,25,True,contiguous,0,2000,25,0,0.015363865195439594,0.0006582698779815056,23.339766423082857,8.754110704682026e-121,computed,0.9725026425670259
98,202609058430098,high_overlap_shared_noise_alternative,25,True,contiguous,0,2000,25,0,0.015487416596441485,0.0007042022058179581,21.992854422334922,1.685511560706305e-107,computed,0.9711314378387829
99,202609058430099,high_overlap_shared_noise_alternative,25,True,contiguous,0,2000,25,0,0.014760917732198372,0.0007227361540492096,20.423660348937425,5.1523188968689725e-93,computed,0.9727923943804112
100,202609058430100,high_overlap_shared_noise_alternative,25,True,contiguous,0,2000,25,0,0.014609627022835026,0.0006460735448961376,22.612947300270065,1.6160992672118946e-113,computed,0.9741052568150548
101,202609058430101,high_overlap_shared_noise_alternative,25,True,contiguous,0,2000,25,0,0.014442017541916055,0.0007076497974521151,20.40842461047028,7.0374303247229215e-93,computed,0.9724783421670968
102,202609058430102,high_overlap_shared_noise_alternative,25,True,contiguous,0,2000,25,0,0.015193092729908965,0.0008861974794052885,17.144138956595523,3.4760519576758886e-66,computed,0.9720095990429476
103,202609058430103,high_overlap_shared_noise_alternative,25,True,contiguous,0,2000,25,0,0.015165489095248603,0.0007429265965176574,20.413172938395615,6.3859125021462365e-93,computed,0.9714815522239515
104,202609058430104,high_overlap_shared_noise_alternative,25,True,contiguous,0,2000,25,0,0.016479712692592813,0.0008123793817811822,20.28573479605086,8.593778535862326e-92,computed,0.9716262229841661
105,202609058430105,high_overlap_shared_noise_alternative,25,True,contiguous,0,2000,25,0,0.015973618146055864,0.0007696976437954255,20.753107762275313,5.745890873921317e-96,computed,0.9717588720679726
106,202609058430106,high_overlap_shared_noise_alternative,25,True,contiguous,0,2000,25,0,0.014420499694255445,0.0006887258828156245,20.93793779798441,1.2084819431126034e-97,computed,0.9731893235884095
107,202609058430107,high_overlap_shared_noise_alternative,25,True,contiguous,0,2000,25,0,0.015717841470064345,0.0007471759362881898,21.036332551269275,1.5254032335778277e-98,computed,0.9724548085114451
108,202609058430108,high_overlap_shared_noise_alternative,25,True,contiguous,0,2000,25,0,0.014615555743256504,0.0008029274499336805,18.202834819588876,2.450244199427726e-74,computed,0.9713965910820592
109,202609058430109,high_overlap_shared_noise_alternative,25,True,contiguous,0,2000,25,0,0.014668221467029487,0.0008104627486862013,18.09857577144338,1.6350732361270174e-73,computed,0.9727319714637532
110,202609058430110,high_overlap_shared_noise_alternative,25,True,contiguous,0,2000,25,0,0.015657283669800102,0.0008063995390564852,19.416285490589015,2.8105797234658694e-84,computed,0.971978768195387
111,202609058430111,high_overlap_shared_noise_alternative,25,True,contiguous,0,2000,25,0,0.015172979667205006,0.0007002570024644137,21.667730010277307,2.0682574428272074e-104,computed,0.9726885480650397
112,202609058430112,high_overlap_shared_noise_alternative,25,True,contiguous,0,2000,25,0,0.015496133812382832,0.0007660739951575824,20.22798569111494,2.776263851021467e-91,computed,0.9725244242935411
113,202609058430113,high_overlap_shared_noise_alternative,25,True,contiguous,0,2000,25,0,0.014347824601442714,0.0007130729115656152,20.12111856828327,2.4103904687001396e-90,computed,0.9735277175354999
114,202609058430114,high_overlap_shared_noise_alternative,25,True,contiguous,0,2000,25,0,0.016269161601102616,0.0009721018940519557,16.73606614764304,3.578208831778486e-63,computed,0.9709760334864266
115,202609058430115,high_overlap_shared_noise_alternative,25,True,contiguous,0,2000,25,0,0.015696104950923016,0.0006493618526733639,24.171584589244926,2.2142320620903477e-129,computed,0.9729992741839665
116,202609058430116,high_overlap_shared_noise_alternative,25,True,contiguous,0,2000,25,0,0.014343656615588854,0.0006054868307545237,23.68946092141194,2.315276932038039e-124,computed,0.9731816323937693
117,202609058430117,high_overlap_shared_noise_alternative,25,True,contiguous,0,2000,25,0,0.01608711197116803,0.0007489108453886717,21.480676999435225,1.1802064508647504e-102,computed,0.9715968133280007
118,202609058430118,high_overlap_shared_noise_alternative,25,True,contiguous,0,2000,25,0,0.015779195199403708,0.0007631125905806981,20.677414308413354,2.7663996094564538e-95,computed,0.97073999806929
119,202609058430119,high_overlap_shared_noise_alternative,25,True,contiguous,0,2000,25,0,0.016054556794639678,0.000839107606334444,19.132893890418146,6.720095783731801e-82,computed,0.9711476998279082
120,202609058430120,high_overlap_shared_noise_alternative,25,True,contiguous,0,2000,25,0,0.015859285687716832,0.0008018014820624099,19.77956644196174,2.232564516865511e-87,computed,0.9717176463226016
121,202609058430121,high_overlap_shared_noise_alternative,25,True,contiguous,0,2000,25,0,0.015285379753774432,0.000981443710265091,15.574382508035844,5.434882462487738e-55,computed,0.9723922136572661
122,202609058430122,high_overlap_shared_noise_alternative,25,True,contiguous,0,2000,25,0,0.01486899289791587,0.0008637746778716817,17.213971743826388,1.0431009185562584e-66,computed,0.9734271982104605
123,202609058430123,high_overlap_shared_noise_alternative,25,True,contiguous,0,2000,25,0,0.014032780456566541,0.0008527217845886262,16.456458261279554,3.769211438757758e-61,computed,0.9730780405167964
124,202609058430124,high_overlap_shared_noise_alternative,25,True,contiguous,0,2000,25,0,0.015768041550630038,0.0007013757358743961,22.481589744435947,3.1424022969579052e-112,computed,0.97232578942283
125,202609058430125,high_overlap_shared_noise_alternative,25,True,contiguous,0,2000,25,0,0.015867414751375625,0.000688333437122324,23.051930787659558,7.033773340333113e-118,computed,0.9717707743220619
126,202609058430126,high_overlap_shared_noise_alternative,25,True,contiguous,0,2000,25,0,0.015027725776784257,0.0009091723321381364,16.529017927154648,1.1340445804075083e-61,computed,0.9726570736092193
127,202609058430127,high_overlap_shared_noise_alternative,25,True,contiguous,0,2000,25,0,0.015726892269482262,0.0011636017083766984,13.51570056683942,6.317358701959925e-42,computed,0.9709342912287318
128,202609058430128,high_overlap_shared_noise_alternative,25,True,contiguous,0,2000,25,0,0.01644375717235262,0.0007133293033759325,23.052126268373105,7.002089711718403e-118,computed,0.9721093103240177
129,202609058430129,high_overlap_shared_noise_alternative,25,True,contiguous,0,2000,25,0,0.01572779331537004,0.0006377005906125355,24.66328798639327,1.3252798878967768e-134,computed,0.9722368482305167
130,202609058430130,high_overlap_shared_noise_alternative,25,True,contiguous,0,2000,25,0,0.014194066161396747,0.0005953208884464194,23.84271480619188,6.025668243955e-126,computed,0.9728952386875357
131,202609058430131,high_overlap_shared_noise_alternative,25,True,contiguous,0,2000,25,0,0.01460726033737042,0.0007496856168355854,19.484514587631416,7.42908781401174e-85,computed,0.9728552463032966
132,202609058430132,high_overlap_shared_noise_alternative,25,True,contiguous,0,2000,25,0,0.01415899694403038,0.0007322884092462118,19.335273869219208,1.3561205720761444e-83,computed,0.9728010139939064
133,202609058430133,high_overlap_shared_noise_alternative,25,True,contiguous,0,2000,25,0,0.017066022643825975,0.0007113097805352687,23.99239137550393,1.6694259649501652e-127,computed,0.9711550181958923
134,202609058430134,high_overlap_shared_noise_alternative,25,True,contiguous,0,2000,25,0,0.01536598909595029,0.0007506831677062046,20.469340138400554,2.0202706888234532e-93,computed,0.9723044384207222
135,202609058430135,high_overlap_shared_noise_alternative,25,True,contiguous,0,2000,25,0,0.01554994759999758,0.0005952983820260694,26.121266359021643,1.0453348612547835e-150,computed,0.9726731506423328
136,202609058430136,high_overlap_shared_noise_alternative,25,True,contiguous,0,2000,25,0,0.013696122800439543,0.0008757829757087015,15.638717787767408,1.9831707827230937e-55,computed,0.9742748099300819
137,202609058430137,high_overlap_shared_noise_alternative,25,True,contiguous,0,2000,25,0,0.014715901532685554,0.0007729076652478696,19.03966307277623,4.002042755469417e-81,computed,0.9726128174391047
138,202609058430138,high_overlap_shared_noise_alternative,25,True,contiguous,0,2000,25,0,0.014280413476141937,0.0007806291552908105,18.293466724057986,4.664454418290669e-75,computed,0.9734624499260062
139,202609058430139,high_overlap_shared_noise_alternative,25,True,contiguous,0,2000,25,0,0.01612416145634276,0.0006249993768659951,25.79868405180812,4.586881515716073e-147,computed,0.9719942716380399
140,202609058430140,high_overlap_shared_noise_alternative,25,True,contiguous,0,2000,25,0,0.016505714062637688,0.0007834537480229121,21.067885761336584,7.838834281527633e-99,computed,0.9711669746656649
141,202609058430141,high_overlap_shared_noise_alternative,25,True,contiguous,0,2000,25,0,0.01550255488517038,0.0009034329780550542,17.15960703420954,2.663643310266156e-66,computed,0.9725224993209315
142,202609058430142,high_overlap_shared_noise_alternative,25,True,contiguous,0,2000,25,0,0.01485695274353772,0.0008410258843317092,17.66527406625928,3.881742092484167e-70,computed,0.9745149755390737
143,202609058430143,high_overlap_shared_noise_alternative,25,True,contiguous,0,2000,25,0,0.014788985997966885,0.0006573948524945952,22.49635198974801,2.253187801835713e-112,computed,0.9727666622244953
144,202609058430144,high_overlap_shared_noise_alternative,25,True,contiguous,0,2000,25,0,0.016200779605737195,0.0009598922400212263,16.87770661150354,3.282296487887162e-64,computed,0.972123468045736
145,202609058430145,high_overlap_shared_noise_alternative,25,True,contiguous,0,2000,25,0,0.01542859979264762,0.0006569645012885281,23.484678034181382,2.9248360445268583e-122,computed,0.9725763369916443
146,202609058430146,high_overlap_shared_noise_alternative,25,True,contiguous,0,2000,25,0,0.015026430906804585,0.0006182684072038061,24.304057480089337,8.879759763807149e-131,computed,0.9721214010662991
147,202609058430147,high_overlap_shared_noise_alternative,25,True,contiguous,0,2000,25,0,0.013667857948385273,0.0007023778589098286,19.459408885125402,1.212831706806896e-84,computed,0.9740751247983322
148,202609058430148,high_overlap_shared_noise_alternative,25,True,contiguous,0,2000,25,0,0.016045779727236687,0.0009200116205379917,17.440844625259903,2.0202907128579694e-68,computed,0.9715945597372997
149,202609058430149,high_overlap_shared_noise_alternative,25,True,contiguous,0,2000,25,0,0.014457583139098933,0.0007590820170471877,19.04614101561596,3.5363947049092316e-81,computed,0.9718189903655237
150,202609058430150,high_overlap_shared_noise_alternative,25,True,contiguous,0,2000,25,0,0.016634645411782042,0.0008969980385260447,18.544795749070133,4.492066501014912e-77,computed,0.9715225633881287
151,202609058430151,high_overlap_shared_noise_alternative,25,True,contiguous,0,2000,25,0,0.015314753015566566,0.0007096902355730958,21.57948954053095,1.399706133474427e-103,computed,0.9709769217806922
152,202609058430152,high_overlap_shared_noise_alternative,25,True,contiguous,0,2000,25,0,0.015382711654745824,0.0007943296890334659,19.36565114853429,7.522038803557918e-84,computed,0.9724693036707442
153,202609058430153,high_overlap_shared_noise_alternative,25,True,contiguous,0,2000,25,0,0.015222160989192325,0.0009257176097123422,16.443633381806862,4.658109291933296e-61,computed,0.9735933355941407
154,202609058430154,high_overlap_shared_noise_alternative,25,True,contiguous,0,2000,25,0,0.014179002337617454,0.0005575951073149291,25.428849987396266,6.050246496149763e-143,computed,0.9741020393393747
155,202609058430155,high_overlap_shared_noise_alternative,25,True,contiguous,0,2000,25,0,0.013982818030752062,0.0007364176989814882,18.987618100557842,1.0795092400969042e-80,computed,0.9736204298406801
156,202609058430156,high_overlap_shared_noise_alternative,25,True,contiguous,0,2000,25,0,0.014353321352684589,0.0008424785357583934,17.03701725737597,2.182147597353378e-65,computed,0.9720224000461233
157,202609058430157,high_overlap_shared_noise_alternative,25,True,contiguous,0,2000,25,0,0.016071429489263628,0.0007562567620891414,21.251286989972407,1.6037614946716242e-100,computed,0.9719615837386194
158,202609058430158,high_overlap_shared_noise_alternative,25,True,contiguous,0,2000,25,0,0.01670270835466748,0.0008988681717487432,18.581933235184476,2.249992799577577e-77,computed,0.9706318452209981
159,202609058430159,high_overlap_shared_noise_alternative,25,True,contiguous,0,2000,25,0,0.01626107175339323,0.0006888502195282755,23.606106657741666,1.667958043282028e-123,computed,0.9714826089969023
160,202609058430160,high_overlap_shared_noise_alternative,25,True,contiguous,0,2000,25,0,0.01416073700632429,0.0006825286375760591,20.74746205025904,6.461787168215194e-96,computed,0.9740881645418991
161,202609058430161,high_overlap_shared_noise_alternative,25,True,contiguous,0,2000,25,0,0.01499069779135784,0.0006053630243392412,24.76315398965821,1.1187033416689451e-135,computed,0.9704138272946029
162,202609058430162,high_overlap_shared_noise_alternative,25,True,contiguous,0,2000,25,0,0.015832310520860978,0.0007457458995817936,21.23016771495434,2.5141392274695587e-100,computed,0.9714313091807996
163,202609058430163,high_overlap_shared_noise_alternative,25,True,contiguous,0,2000,25,0,0.013605969512670797,0.0007941583441424893,17.1325650772607,4.2415347435144775e-66,computed,0.972892881563322
164,202609058430164,high_overlap_shared_noise_alternative,25,True,contiguous,0,2000,25,0,0.015177183915142098,0.0006870774324937019,22.089481035721864,1.9947620247925832e-108,computed,0.9728238136354945
165,202609058430165,high_overlap_shared_noise_alternative,25,True,contiguous,0,2000,25,0,0.014861255889745855,0.0009174024878979211,16.199275765861515,2.551222492375061e-59,computed,0.9730392601176728
166,202609058430166,high_overlap_shared_noise_alternative,25,True,contiguous,0,2000,25,0,0.016783102885687254,0.0007091431233578098,23.6667357165065,3.969242634591312e-124,computed,0.9700165229768927
167,202609058430167,high_overlap_shared_noise_alternative,25,True,contiguous,0,2000,25,0,0.016332172154894384,0.0006120909636148356,26.682589885727456,3.747948409609546e-157,computed,0.9714779548299184
168,202609058430168,high_overlap_shared_noise_alternative,25,True,contiguous,0,2000,25,0,0.01557797192920876,0.0006046648271023085,25.76298675063001,1.1529248338085336e-146,computed,0.9711011022016277
169,202609058430169,high_overlap_shared_noise_alternative,25,True,contiguous,0,2000,25,0,0.015636246459377393,0.0006916455901302554,22.607310279290104,1.836235412497351e-113,computed,0.9727853373084772
170,202609058430170,high_overlap_shared_noise_alternative,25,True,contiguous,0,2000,25,0,0.01540862657929129,0.0006962841996418972,22.129794970525012,8.165903414157067e-109,computed,0.9725190000425226
171,202609058430171,high_overlap_shared_noise_alternative,25,True,contiguous,0,2000,25,0,0.01399584934049359,0.000691790121430361,20.23135183190453,2.593075386839721e-91,computed,0.9734974183883646
172,202609058430172,high_overlap_shared_noise_alternative,25,True,contiguous,0,2000,25,0,0.015601372881301296,0.0007422999120240907,21.017613808898,2.2631180431243282e-98,computed,0.9712101041309731
173,202609058430173,high_overlap_shared_noise_alternative,25,True,contiguous,0,2000,25,0,0.015785219167907684,0.0007396419952121659,21.341702161435144,2.328405407201513e-101,computed,0.9715140796186975
174,202609058430174,high_overlap_shared_noise_alternative,25,True,contiguous,0,2000,25,0,0.014275018773433632,0.0006559688644471566,21.76173222103226,2.6744613685933908e-105,computed,0.9742675645038548
175,202609058430175,high_overlap_shared_noise_alternative,25,True,contiguous,0,2000,25,0,0.015020597940439683,0.0008503969407146925,17.66304324638802,4.038264804378195e-70,computed,0.9713513494868873
176,202609058430176,high_overlap_shared_noise_alternative,25,True,contiguous,0,2000,25,0,0.014804432572815407,0.0008212400192158773,18.026925413292364,5.988451983278243e-73,computed,0.9731168161113053
177,202609058430177,high_overlap_shared_noise_alternative,25,True,contiguous,0,2000,25,0,0.013751533623639194,0.0007530971298470975,18.259973486329965,8.618742208513056e-75,computed,0.9731179853431684
178,202609058430178,high_overlap_shared_noise_alternative,25,True,contiguous,0,2000,25,0,0.014361773191995787,0.0007147493733087938,20.0934393625429,4.211050391056485e-90,computed,0.972715513744563
179,202609058430179,high_overlap_shared_noise_alternative,25,True,contiguous,0,2000,25,0,0.014917895985723588,0.0005339725651645307,27.937570128021466,4.6670893466135875e-172,computed,0.972740576974444
180,202609058430180,high_overlap_shared_noise_alternative,25,True,contiguous,0,2000,25,0,0.01551504899151445,0.0006030250689692968,25.72869651676853,2.7911700036818546e-146,computed,0.972224346466277
181,202609058430181,high_overlap_shared_noise_alternative,25,True,contiguous,0,2000,25,0,0.015386562190095592,0.0007606062198442577,20.22934047692399,2.701032019660644e-91,computed,0.9713017459386463
182,202609058430182,high_overlap_shared_noise_alternative,25,True,contiguous,0,2000,25,0,0.01453455424133685,0.0007288514164150667,19.941724628630897,8.843041623366309e-89,computed,0.971562783239872
183,202609058430183,high_overlap_shared_noise_alternative,25,True,contiguous,0,2000,25,0,0.01711578249050755,0.0009152177937911121,18.701321812820904,2.4146313491398473e-78,computed,0.9726319874387144
184,202609058430184,high_overlap_shared_noise_alternative,25,True,contiguous,0,2000,25,0,0.014435877784823962,0.0005969486109324225,24.182781432852977,1.6883233949731092e-129,computed,0.9725844369764611
185,202609058430185,high_overlap_shared_noise_alternative,25,True,contiguous,0,2000,25,0,0.016845091475450623,0.0008378339662881967,20.10552466627532,3.3009339273743265e-90,computed,0.9696779574195723
186,202609058430186,high_overlap_shared_noise_alternative,25,True,contiguous,0,2000,25,0,0.014715203536934165,0.0006412258449469142,22.94855026960494,7.617078743527182e-117,computed,0.9739901800676467
187,202609058430187,high_overlap_shared_noise_alternative,25,True,contiguous,0,2000,25,0,0.015343104728734236,0.0008082829635726873,18.982343337927425,1.1935405182827274e-80,computed,0.9720794734064615
188,202609058430188,high_overlap_shared_noise_alternative,25,True,contiguous,0,2000,25,0,0.014667078419894413,0.0007006584209698173,20.93327929976629,1.3325774326461026e-97,computed,0.9721667364404145
189,202609058430189,high_overlap_shared_noise_alternative,25,True,contiguous,0,2000,25,0,0.016096417509186195,0.000793401349827112,20.287862520896546,8.229863354584867e-92,computed,0.9715274799103232
190,202609058430190,high_overlap_shared_noise_alternative,25,True,contiguous,0,2000,25,0,0.01496837642464902,0.0006742003114326429,22.201675334207344,1.6544298815172932e-109,computed,0.9735559645898487
191,202609058430191,high_overlap_shared_noise_alternative,25,True,contiguous,0,2000,25,0,0.014094620238971827,0.0006387698435046356,22.06525618310524,3.409066745342344e-108,computed,0.973339122824924
192,202609058430192,high_overlap_shared_noise_alternative,25,True,contiguous,0,2000,25,0,0.014818208464110721,0.0006513663309214743,22.749423420685122,7.26996434888283e-115,computed,0.9732009407684941
193,202609058430193,high_overlap_shared_noise_alternative,25,True,contiguous,0,2000,25,0,0.01663626981586802,0.0005509822911322253,30.19383759445661,1.426799716819712e-200,computed,0.970732138699756
194,202609058430194,high_overlap_shared_noise_alternative,25,True,contiguous,0,2000,25,0,0.015209293065386452,0.0008344687921699977,18.22631739868352,1.5954900119408556e-74,computed,0.9730636636943257
195,202609058430195,high_overlap_shared_noise_alternative,25,True,contiguous,0,2000,25,0,0.015807097922239596,0.0005038165474838261,31.374709705712966,2.239430384980648e-216,computed,0.9720445819477096
196,202609058430196,high_overlap_shared_noise_alternative,25,True,contiguous,0,2000,25,0,0.01600991208277351,0.0008536184833931469,18.755348430523505,8.753333338193466e-79,computed,0.9716810398066577
197,202609058430197,high_overlap_shared_noise_alternative,25,True,contiguous,0,2000,25,0,0.014629681611977507,0.0005833136121111843,25.08030210203456,4.079385506268795e-139,computed,0.9728993337420545
198,202609058430198,high_overlap_shared_noise_alternative,25,True,contiguous,0,2000,25,0,0.014286859269278413,0.0005550432855074001,25.740081255496843,2.081399496542491e-146,computed,0.9737920996144657
199,202609058430199,high_overlap_shared_noise_alternative,25,True,contiguous,0,2000,25,0,0.01568444573047581,0.0006462421865715434,24.270228803361224,2.022186809244149e-130,computed,0.9729404368051385
200,202609058430200,high_overlap_shared_noise_alternative,25,True,contiguous,0,2000,25,0,0.014432734417735042,0.0005388183912600532,26.78589790519842,2.358623955339153e-158,computed,0.9738323978205778
201,202609058430201,high_overlap_shared_noise_alternative,25,True,contiguous,0,2000,25,0,0.01461148203574703,0.0007490475256018388,19.50674895295477,4.810473528271398e-85,computed,0.9728435809966416
202,202609058430202,high_overlap_shared_noise_alternative,25,True,contiguous,0,2000,25,0,0.014223177986040144,0.001113335541110189,12.775284234487982,1.126615344399446e-37,computed,0.9727954435583039
203,202609058430203,high_overlap_shared_noise_alternative,25,True,contiguous,0,2000,25,0,0.015504540375189696,0.0005887206007539613,26.335990884866913,3.713592167186208e-153,computed,0.9714289224181346
204,202609058430204,high_overlap_shared_noise_alternative,25,True,contiguous,0,2000,25,0,0.015288698640880774,0.0007315010713303226,20.900446000819162,2.6523530801815814e-97,computed,0.9722675302410891
205,202609058430205,high_overlap_shared_noise_alternative,25,True,contiguous,0,2000,25,0,0.016559413954660093,0.0006784376993424217,24.40815710965114,7.005097270947678e-132,computed,0.9708721200031518
206,202609058430206,high_overlap_shared_noise_alternative,25,True,contiguous,0,2000,25,0,0.015481641279042235,0.0007228526277899121,21.417424083214062,4.59670931939429e-102,computed,0.9718649760378901
207,202609058430207,high_overlap_shared_noise_alternative,25,True,contiguous,0,2000,25,0,0.01776490778231812,0.0008720291740298062,20.371919095577084,1.4840777869813868e-92,computed,0.9706421297441443
208,202609058430208,high_overlap_shared_noise_alternative,25,True,contiguous,0,2000,25,0,0.014567544823668527,0.0007413550271547537,19.649890120226615,2.8969067420149442e-86,computed,0.9725542362967033
209,202609058430209,high_overlap_shared_noise_alternative,25,True,contiguous,0,2000,25,0,0.016977943449811597,0.0006892653902524545,24.631939583667698,2.873568700785478e-134,computed,0.9698664093318148
210,202609058430210,high_overlap_shared_noise_alternative,25,True,contiguous,0,2000,25,0,0.015270873481153469,0.0006229097405276924,24.51538720235276,5.062275106966739e-133,computed,0.9722835903038388
211,202609058430211,high_overlap_shared_noise_alternative,25,True,contiguous,0,2000,25,0,0.014423070708507775,0.0008915583044764498,16.177372400762327,3.641859221307611e-59,computed,0.972259840699166
212,202609058430212,high_overlap_shared_noise_alternative,25,True,contiguous,0,2000,25,0,0.014588462463188782,0.0009110342236336388,16.013078416530874,5.177841770812322e-58,computed,0.9717761684712116
213,202609058430213,high_overlap_shared_noise_alternative,25,True,contiguous,0,2000,25,0,0.01506957995816857,0.0009025164967294974,16.697290313004917,6.857677163592111e-63,computed,0.9719671870925054
214,202609058430214,high_overlap_shared_noise_alternative,25,True,contiguous,0,2000,25,0,0.016017496068844422,0.0007632332984886692,20.98636956820643,4.368483049741549e-98,computed,0.9713559645627085
215,202609058430215,high_overlap_shared_noise_alternative,25,True,contiguous,0,2000,25,0,0.01450935964392028,0.0005724689797272146,25.345232943161545,5.071247492039273e-142,computed,0.9731776247998518
216,202609058430216,high_overlap_shared_noise_alternative,25,True,contiguous,0,2000,25,0,0.015524764296357447,0.0007440497086087882,20.865224617029142,5.543624502396995e-97,computed,0.9727110262779334
217,202609058430217,high_overlap_shared_noise_alternative,25,True,contiguous,0,2000,25,0,0.01515322995749866,0.0005946237502073453,25.483728075467432,1.493253606077026e-143,computed,0.972196088131966
218,202609058430218,high_overlap_shared_noise_alternative,25,True,contiguous,0,2000,25,0,0.015399117048821154,0.0008913067260654158,17.27701205262863,3.5042993369452096e-67,computed,0.9715576987916781
219,202609058430219,high_overlap_shared_noise_alternative,25,True,contiguous,0,2000,25,0,0.015414501210873741,0.000733001745896117,21.029283077667223,1.7697931603421324e-98,computed,0.9720706352679934
220,202609058430220,high_overlap_shared_noise_alternative,25,True,contiguous,0,2000,25,0,0.01577469397901597,0.0011948385311609689,13.202364643939323,4.251177622260353e-40,computed,0.971804640880036
221,202609058430221,high_overlap_shared_noise_alternative,25,True,contiguous,0,2000,25,0,0.015272596241273823,0.0007529571756585785,20.283485880741566,8.995884740653893e-92,computed,0.9733415361557176
222,202609058430222,high_overlap_shared_noise_alternative,25,True,contiguous,0,2000,25,0,0.015578806010048697,0.0007764321324305073,20.064607528904713,7.523685125170996e-90,computed,0.9729429995152209
223,202609058430223,high_overlap_shared_noise_alternative,25,True,contiguous,0,2000,25,0,0.01568329138083519,0.0008673619885717052,18.08159867215422,2.224957086634779e-73,computed,0.9721570518893516
224,202609058430224,high_overlap_shared_noise_alternative,25,True,contiguous,0,2000,25,0,0.015251384971435985,0.0007112126630150813,21.44419772671086,2.586526528248312e-102,computed,0.9715698032092754
225,202609058430225,high_overlap_shared_noise_alternative,25,True,contiguous,0,2000,25,0,0.015407959459599408,0.0009608590887004587,16.035607760590935,3.6037507649848935e-58,computed,0.9729520458544989
226,202609058430226,high_overlap_shared_noise_alternative,25,True,contiguous,0,2000,25,0,0.015504259083139509,0.0007646769753181125,20.275566786471632,1.0567162582074577e-91,computed,0.9717174683837254
227,202609058430227,high_overlap_shared_noise_alternative,25,True,contiguous,0,2000,25,0,0.015549443815831374,0.0005978195781707299,26.01026193121873,1.895369123293982e-149,computed,0.9705179860002023
228,202609058430228,high_overlap_shared_noise_alternative,25,True,contiguous,0,2000,25,0,0.014966503950227104,0.0007382782215916506,20.272173162525217,1.1321683695953496e-91,computed,0.9723280913349224
229,202609058430229,high_overlap_shared_noise_alternative,25,True,contiguous,0,2000,25,0,0.01464819792940985,0.0009788347199398489,14.964934969113077,6.222274933661102e-51,computed,0.9717918806184929
230,202609058430230,high_overlap_shared_noise_alternative,25,True,contiguous,0,2000,25,0,0.014035204043928157,0.0007413472265063384,18.93202475454079,3.106393852602411e-80,computed,0.9727001588376621
231,202609058430231,high_overlap_shared_noise_alternative,25,True,contiguous,0,2000,25,0,0.014978047844510099,0.0006246641152606495,23.977762574468212,2.3725386996086947e-127,computed,0.9716477320211941
232,202609058430232,high_overlap_shared_noise_alternative,25,True,contiguous,0,2000,25,0,0.01580908819869703,0.0008453605745332306,18.701000111610462,2.4292435590535117e-78,computed,0.9706051282720032
233,202609058430233,high_overlap_shared_noise_alternative,25,True,contiguous,0,2000,25,0,0.014047549919996185,0.0005852827757162145,24.00130416072146,1.3474729478574077e-127,computed,0.9728880528067523
234,202609058430234,high_overlap_shared_noise_alternative,25,True,contiguous,0,2000,25,0,0.014577789339891428,0.0006553408993467668,22.244589578374146,6.362550425726804e-110,computed,0.9727954111829139
235,202609058430235,high_overlap_shared_noise_alternative,25,True,contiguous,0,2000,25,0,0.014555627392798762,0.0005759196342605228,25.27371273161766,3.1079323760628175e-141,computed,0.9722749683108114
236,202609058430236,high_overlap_shared_noise_alternative,25,True,contiguous,0,2000,25,0,0.015785354539814844,0.0008617754424243747,18.317248047132757,3.0142581671414426e-75,computed,0.9700969842477163
237,202609058430237,high_overlap_shared_noise_alternative,25,True,contiguous,0,2000,25,0,0.015721629439096923,0.0007970778428142909,19.724082887046034,6.698256024977402e-87,computed,0.9717843474188175
238,202609058430238,high_overlap_shared_noise_alternative,25,True,contiguous,0,2000,25,0,0.013800721858508069,0.0008119478294737365,16.99705493079894,4.317524945311295e-65,computed,0.9732946331248555
239,202609058430239,high_overlap_shared_noise_alternative,25,True,contiguous,0,2000,25,0,0.015469912888542658,0.0008809406686201498,17.560675127842334,2.464277037603923e-69,computed,0.9726479562641476
240,202609058430240,high_overlap_shared_noise_alternative,25,True,contiguous,0,2000,25,0,0.014646653019597661,0.0006280626122142603,23.32037082729744,1.3774957842916889e-120,computed,0.9732948094159167
241,202609058430241,high_overlap_shared_noise_alternative,25,True,contiguous,0,2000,25,0,0.015990985912923375,0.0006516131311899784,24.540613360139897,2.7238429432017108e-133,computed,0.971583571213837
242,202609058430242,high_overlap_shared_noise_alternative,25,True,contiguous,0,2000,25,0,0.013884546784543607,0.0007742654623195147,17.932540530671243,3.285373614236271e-72,computed,0.9729572291156621
243,202609058430243,high_overlap_shared_noise_alternative,25,True,contiguous,0,2000,25,0,0.015143249238616307,0.0005921165119296308,25.574779513015816,1.45573584464032e-144,computed,0.9736701253284369
244,202609058430244,high_overlap_shared_noise_alternative,25,True,contiguous,0,2000,25,0,0.015407866253878418,0.0007371896695213292,20.90081683304519,2.6318286553594883e-97,computed,0.9728447991423921
245,202609058430245,high_overlap_shared_noise_alternative,25,True,contiguous,0,2000,25,0,0.015643801946124154,0.0008040847745707168,19.455413708680204,1.3111412340280372e-84,computed,0.9716816861642816
246,202609058430246,high_overlap_shared_noise_alternative,25,True,contiguous,0,2000,25,0,0.014819024689833888,0.000875314886292818,16.929935640185718,1.3533792954366031e-64,computed,0.9724452355532346
247,202609058430247,high_overlap_shared_noise_alternative,25,True,contiguous,0,2000,25,0,0.014432654830938207,0.0006543904486755694,22.055112295952167,4.265982632288819e-108,computed,0.9733748432456102
248,202609058430248,high_overlap_shared_noise_alternative,25,True,contiguous,0,2000,25,0,0.0152165890004412,0.0008758748711590312,17.37301697022696,6.60471642587705e-68,computed,0.9718307527199073
249,202609058430249,high_overlap_shared_noise_alternative,25,True,contiguous,0,2000,25,0,0.015388342245444503,0.0006548691315892229,23.498347231759713,2.1202807521635348e-122,computed,0.972281953562925
250,202609058430250,high_overlap_shared_noise_alternative,25,True,contiguous,0,2000,25,0,0.01522783464888104,0.0006314018522602319,24.11750075545375,8.190438692888479e-129,computed,0.9721069312315246
251,202609058430251,high_overlap_shared_noise_alternative,25,True,contiguous,0,2000,25,0,0.014024577369305112,0.0005315526154081347,26.384175268400877,1.0408446925326071e-153,computed,0.9726763411673562
252,202609058430252,high_overlap_shared_noise_alternative,25,True,contiguous,0,2000,25,0,0.016985174684717427,0.0008811745159752293,19.27560815341929,4.304131226963819e-83,computed,0.9717584315608232
253,202609058430253,high_overlap_shared_noise_alternative,25,True,contiguous,0,2000,25,0,0.015220138159941034,0.0008037483183018562,18.936447907098387,2.856168907398952e-80,computed,0.9734368533079774
254,202609058430254,high_overlap_shared_noise_alternative,25,True,contiguous,0,2000,25,0,0.015598754238380088,0.0009099455540930008,17.142513822080634,3.574593733717616e-66,computed,0.9705904296428459
255,202609058430255,high_overlap_shared_noise_alternative,25,True,contiguous,0,2000,25,0,0.015720593360390073,0.0007091834853366404,22.167173496613092,3.5623087028648546e-109,computed,0.9716425581060516
256,202609058430256,high_overlap_shared_noise_alternative,25,True,contiguous,0,2000,25,0,0.015601378231432953,0.0009725819762979906,16.041196127053077,3.2936650313497615e-58,computed,0.9727560531457371
257,202609058430257,high_overlap_shared_noise_alternative,25,True,contiguous,0,2000,25,0,0.01435851042758052,0.0008499739434772256,16.892883055732455,2.5380396489495983e-64,computed,0.9721442699366076
258,202609058430258,high_overlap_shared_noise_alternative,25,True,contiguous,0,2000,25,0,0.013930557942313218,0.0008076218404857374,17.248862331329228,5.706223083282367e-67,computed,0.9724996208383826
259,202609058430259,high_overlap_shared_noise_alternative,25,True,contiguous,0,2000,25,0,0.015211229816858265,0.0007632253435366498,19.930194857487493,1.1134667193480905e-88,computed,0.9722075437488134
260,202609058430260,high_overlap_shared_noise_alternative,25,True,contiguous,0,2000,25,0,0.015546033556244275,0.0005160661091542287,30.124112551631004,1.1711563260346049e-199,computed,0.971375262358077
261,202609058430261,high_overlap_shared_noise_alternative,25,True,contiguous,0,2000,25,0,0.015420739730232483,0.0006802697292319566,22.66856669874599,4.576287500212666e-114,computed,0.9727762611804218
262,202609058430262,high_overlap_shared_noise_alternative,25,True,contiguous,0,2000,25,0,0.01613221152902345,0.0008625448883743827,18.703039976768554,2.3380607823232217e-78,computed,0.9704627346138547
263,202609058430263,high_overlap_shared_noise_alternative,25,True,contiguous,0,2000,25,0,0.015230754604400999,0.0008341450300749871,18.25912048295942,8.754440462060194e-75,computed,0.9727149614551178
264,202609058430264,high_overlap_shared_noise_alternative,25,True,contiguous,0,2000,25,0,0.014716109003867313,0.0006464613358524035,22.76409769265337,5.202660500260261e-115,computed,0.9715024749251587
265,202609058430265,high_overlap_shared_noise_alternative,25,True,contiguous,0,2000,25,0,0.01633343022261093,0.0007290559537779252,22.40353451332789,1.817798545661028e-111,computed,0.9713519004461987
266,202609058430266,high_overlap_shared_noise_alternative,25,True,contiguous,0,2000,25,0,0.015852511669041953,0.0009385268033204197,16.890845965141597,2.6272088651849537e-64,computed,0.9707809717803575
267,202609058430267,high_overlap_shared_noise_alternative,25,True,contiguous,0,2000,25,0,0.015761716725963715,0.0006399333005607944,24.630249296530135,2.9959360758579407e-134,computed,0.9717602909191188
268,202609058430268,high_overlap_shared_noise_alternative,25,True,contiguous,0,2000,25,0,0.015076018989053974,0.0007990779786152031,18.866768190985084,1.0699595757298199e-79,computed,0.9736454425482164
269,202609058430269,high_overlap_shared_noise_alternative,25,True,contiguous,0,2000,25,0,0.015192257533200791,0.000683000929644458,22.243392173871932,6.534644702361198e-110,computed,0.9734312264710765
270,202609058430270,high_overlap_shared_noise_alternative,25,True,contiguous,0,2000,25,0,0.014628689435692892,0.0009524541040634269,15.358944198237946,1.5427936681612084e-53,computed,0.9726628600845106
271,202609058430271,high_overlap_shared_noise_alternative,25,True,contiguous,0,2000,25,0,0.017044714422627557,0.0009418663758383734,18.096743720632055,1.6903642711055633e-73,computed,0.9705152897810881
272,202609058430272,high_overlap_shared_noise_alternative,25,True,contiguous,0,2000,25,0,0.01601887393835529,0.0008110288730219489,19.751299209198155,3.909024788615108e-87,computed,0.9708806121680056
273,202609058430273,high_overlap_shared_noise_alternative,25,True,contiguous,0,2000,25,0,0.014631812713387874,0.0006476012596999972,22.593860796636026,2.4899844719270874e-113,computed,0.972061150293513
274,202609058430274,high_overlap_shared_noise_alternative,25,True,contiguous,0,2000,25,0,0.016295491130986987,0.0008808843650112918,18.49901278560904,1.0514530229107444e-76,computed,0.9716997212060017
275,202609058430275,high_overlap_shared_noise_alternative,25,True,contiguous,0,2000,25,0,0.015810848639046166,0.0007758439707331939,20.378902505492796,1.2868052665141075e-92,computed,0.9705701045678279
276,202609058430276,high_overlap_shared_noise_alternative,25,True,contiguous,0,2000,25,0,0.016389598754068455,0.0007205803987962749,22.744996646380027,8.041712153015088e-115,computed,0.9710929920541581
277,202609058430277,high_overlap_shared_noise_alternative,25,True,contiguous,0,2000,25,0,0.01572436811854028,0.000792040993468437,19.85297257113107,5.193535486861777e-88,computed,0.9730821967046815
278,202609058430278,high_overlap_shared_noise_alternative,25,True,contiguous,0,2000,25,0,0.016286659206394626,0.0007546290763090136,21.58233722725705,1.3161031825950766e-103,computed,0.9715582619399818
279,202609058430279,high_overlap_shared_noise_alternative,25,True,contiguous,0,2000,25,0,0.016093371173522157,0.0008469600278264009,19.001334944723947,8.313071443586456e-81,computed,0.9721442011725924
280,202609058430280,high_overlap_shared_noise_alternative,25,True,contiguous,0,2000,25,0,0.01522778088685661,0.0007568078691934714,20.121065737708072,2.4129604021108653e-90,computed,0.971265660802157
281,202609058430281,high_overlap_shared_noise_alternative,25,True,contiguous,0,2000,25,0,0.015309216074264097,0.0006593421413771542,23.218925522169805,1.4661241317670317e-119,computed,0.9714437988531128
282,202609058430282,high_overlap_shared_noise_alternative,25,True,contiguous,0,2000,25,0,0.014688000166970198,0.0006720127650706459,21.856727923056805,3.354196794919097e-106,computed,0.9730492708377713
283,202609058430283,high_overlap_shared_noise_alternative,25,True,contiguous,0,2000,25,0,0.014540730196349567,0.0007655772875074301,18.993157756405417,9.714322057822829e-81,computed,0.9730600015633272
284,202609058430284,high_overlap_shared_noise_alternative,25,True,contiguous,0,2000,25,0,0.01507877589171408,0.0007412042599680037,20.34361741575123,2.6441143917279478e-92,computed,0.9731926388329535
285,202609058430285,high_overlap_shared_noise_alternative,25,True,contiguous,0,2000,25,0,0.016296815570939746,0.0008551414689398478,19.057449747050093,2.849278414042669e-81,computed,0.9719462190266194
286,202609058430286,high_overlap_shared_noise_alternative,25,True,contiguous,0,2000,25,0,0.015227634245809423,0.0008299978654051212,18.346594467898818,1.7573131596570039e-75,computed,0.9723108855444692
287,202609058430287,high_overlap_shared_noise_alternative,25,True,contiguous,0,2000,25,0,0.014629235258512577,0.0006895671335742605,21.215099366299967,3.4640118993392384e-100,computed,0.9713558891247296
288,202609058430288,high_overlap_shared_noise_alternative,25,True,contiguous,0,2000,25,0,0.01628344053072046,0.0008552980917204447,19.03832206379191,4.1058239081959687e-81,computed,0.9712238931004186
289,202609058430289,high_overlap_shared_noise_alternative,25,True,contiguous,0,2000,25,0,0.015767018910719674,0.0012135408842184527,12.992573316451537,6.740828472267362e-39,computed,0.9714516972755934
290,202609058430290,high_overlap_shared_noise_alternative,25,True,contiguous,0,2000,25,0,0.014489470612128555,0.0006457014022355388,22.439893365514312,8.03147570584957e-112,computed,0.972928866861139
291,202609058430291,high_overlap_shared_noise_alternative,25,True,contiguous,0,2000,25,0,0.016754260328159194,0.0006596750177728363,25.397748704694227,1.3352521990825358e-142,computed,0.9708150071710969
292,202609058430292,high_overlap_shared_noise_alternative,25,True,contiguous,0,2000,25,0,0.01562673096426881,0.0007204088639361139,21.691475142169534,1.2347033659082013e-104,computed,0.9705026976908956
293,202609058430293,high_overlap_shared_noise_alternative,25,True,contiguous,0,2000,25,0,0.01402168912176863,0.0009037372545890578,15.51522751836151,1.3683151592680743e-54,computed,0.9721324143387977
294,202609058430294,high_overlap_shared_noise_alternative,25,True,contiguous,0,2000,25,0,0.014499478817686103,0.0005471837580414266,26.4983720817758,5.060103585989456e-155,computed,0.9726497664951571
295,202609058430295,high_overlap_shared_noise_alternative,25,True,contiguous,0,2000,25,0,0.014492929641810382,0.0005390705179990509,26.885034810669982,1.6431157982432428e-159,computed,0.9724527555653095
296,202609058430296,high_overlap_shared_noise_alternative,25,True,contiguous,0,2000,25,0,0.01549324474283579,0.0007356065761565415,21.061862747049087,8.901758360049191e-99,computed,0.9727092874686977
297,202609058430297,high_overlap_shared_noise_alternative,25,True,contiguous,0,2000,25,0,0.01655660167367763,0.0007328211759011864,22.592962946679535,2.54111142293821e-113,computed,0.9714210407369173
298,202609058430298,high_overlap_shared_noise_alternative,25,True,contiguous,0,2000,25,0,0.01578763283965005,0.0007120124629480604,22.17325350497653,3.1122334691090426e-109,computed,0.9716172202175591
299,202609058430299,high_overlap_shared_noise_alternative,25,True,contiguous,0,2000,25,0,0.014362658062903442,0.0008272582430275642,17.36175877841918,8.036176388247813e-68,computed,0.9734805286801125
0,202609058430000,high_overlap_shared_noise_alternative,50,True,contiguous,0,4000,50,0,0.014749915525682975,0.0005085643858879157,29.003044520962113,3.011450396165143e-185,computed,0.9739308040329269
1,202609058430001,high_overlap_shared_noise_alternative,50,True,contiguous,0,4000,50,0,0.014930957499160723,0.0005417692076672973,27.55962739825901,1.696515789465236e-167,computed,0.9731909499250537
2,202609058430002,high_overlap_shared_noise_alternative,50,True,contiguous,0,4000,50,0,0.015001389566736419,0.0005376709285321946,27.90068938205233,1.3085850872296132e-171,computed,0.9731138297723626
3,202609058430003,high_overlap_shared_noise_alternative,50,True,contiguous,0,4000,50,0,0.01372295996133411,0.0005486362923863419,25.012854876305912,2.2152557550185555e-138,computed,0.9736781676804445
4,202609058430004,high_overlap_shared_noise_alternative,50,True,contiguous,0,4000,50,0,0.01489679633106753,0.0005325280251722211,27.973732135975123,1.696068409936299e-172,computed,0.9727414402568781
5,202609058430005,high_overlap_shared_noise_alternative,50,True,contiguous,0,4000,50,0,0.015375418416313139,0.0005452785039451364,28.19736759302022,3.1493646701238964e-175,computed,0.972268236754648
6,202609058430006,high_overlap_shared_noise_alternative,50,True,contiguous,0,4000,50,0,0.014855374377754338,0.0004994273273533275,29.744816841479473,1.0117920510421915e-194,computed,0.9737532303366417
7,202609058430007,high_overlap_shared_noise_alternative,50,True,contiguous,0,4000,50,0,0.01399566890058703,0.0005630679315801642,24.85609304957276,1.110975292332425e-136,computed,0.9736264454011573
8,202609058430008,high_overlap_shared_noise_alternative,50,True,contiguous,0,4000,50,0,0.015475848589428744,0.0004460157886758428,34.697983753836,4.2248225705425325e-264,computed,0.9732858792340613
9,202609058430009,high_overlap_shared_noise_alternative,50,True,contiguous,0,4000,50,0,0.014143343967685318,0.0004990106597343541,28.342769221031187,5.138321294776163e-177,computed,0.9739324573177798
10,202609058430010,high_overlap_shared_noise_alternative,50,True,contiguous,0,4000,50,0,0.014157939128558852,0.0005354987273409964,26.438791365312284,2.454844802801651e-154,computed,0.9733170100051737
11,202609058430011,high_overlap_shared_noise_alternative,50,True,contiguous,0,4000,50,0,0.015430493958162766,0.000508966066754672,30.31733344533646,3.38749935103243e-202,computed,0.9713502956777985
12,202609058430012,high_overlap_shared_noise_alternative,50,True,contiguous,0,4000,50,0,0.014618860454118593,0.0006101188351237707,23.96067718701548,3.5758192724340234e-127,computed,0.973316669267944
13,202609058430013,high_overlap_shared_noise_alternative,50,True,contiguous,0,4000,50,0,0.013692598205222456,0.0004755348135518321,28.794102587254628,1.2712534508562397e-182,computed,0.9738808921428116
14,202609058430014,high_overlap_shared_noise_alternative,50,True,contiguous,0,4000,50,0,0.015068759441450495,0.0004778850367466517,31.53218511304659,1.5734186342274804e-218,computed,0.9730047955803781
15,202609058430015,high_overlap_shared_noise_alternative,50,True,contiguous,0,4000,50,0,0.015836438394979502,0.0005312736100015227,29.808441633180525,1.5183806163966493e-195,computed,0.9728424869079391
16,202609058430016,high_overlap_shared_noise_alternative,50,True,contiguous,0,4000,50,0,0.015361920927971607,0.0005294877064107723,29.012799998899226,2.2684576857672943e-185,computed,0.9727919360719671
17,202609058430017,high_overlap_shared_noise_alternative,50,True,contiguous,0,4000,50,0,0.015564287159042924,0.0004939573780684684,31.509372772007726,3.2317886951782e-218,computed,0.9727746564264331
18,202609058430018,high_overlap_shared_noise_alternative,50,True,contiguous,0,4000,50,0,0.014113908163803547,0.0005026902081071216,28.07675171742339,9.418423386654385e-174,computed,0.9737827332620294
19,202609058430019,high_overlap_shared_noise_alternative,50,True,contiguous,0,4000,50,0,0.0141770985373131,0.000524290448804915,27.040543213458967,2.4671717946184545e-161,computed,0.9741998402810108
20,202609058430020,high_overlap_shared_noise_alternative,50,True,contiguous,0,4000,50,0,0.01493629114354755,0.0005023797478504411,29.731077352254445,1.52313125189568e-194,computed,0.9728692243610261
21,202609058430021,high_overlap_shared_noise_alternative,50,True,contiguous,0,4000,50,0,0.014828919478225358,0.000562298028244387,26.371992668237468,1.4359788834144213e-153,computed,0.9726601454776191
22,202609058430022,high_overlap_shared_noise_alternative,50,True,contiguous,0,4000,50,0,0.014969055530719417,0.0005151931670504361,29.055229160781906,6.608379343603523e-186,computed,0.97222961973894
23,202609058430023,high_overlap_shared_noise_alternative,50,True,contiguous,0,4000,50,0,0.014853003790064837,0.0006101281853392897,24.34407088045792,3.349618589003654e-131,computed,0.973074219162164
24,202609058430024,high_overlap_shared_noise_alternative,50,True,contiguous,0,4000,50,0,0.014359187947108895,0.000540544744232271,26.56429111618331,8.780863245662748e-156,computed,0.9734814533572601
25,202609058430025,high_overlap_shared_noise_alternative,50,True,contiguous,0,4000,50,0,0.014477008180399972,0.0005039752037327224,28.725635851079872,9.129150769251779e-182,computed,0.9731687580407672
26,202609058430026,high_overlap_shared_noise_alternative,50,True,contiguous,0,4000,50,0,0.014646913648700362,0.0004456491587143398,32.86646762883043,3.3134991408157367e-237,computed,0.9735876472829309
27,202609058430027,high_overlap_shared_noise_alternative,50,True,contiguous,0,4000,50,0,0.015909158625033185,0.0004568360039961257,34.824660241026244,5.150362567742275e-266,computed,0.9717099893357776
28,202609058430028,high_overlap_shared_noise_alternative,50,True,contiguous,0,4000,50,0,0.014893734079052878,0.0004953609169942223,30.06642948221648,6.65848282319042e-199,computed,0.9732839597942957
29,202609058430029,high_overlap_shared_noise_alternative,50,True,contiguous,0,4000,50,0,0.015371835154859353,0.0004949992493408354,31.054259527320944,4.996879059950587e-212,computed,0.9723577106855344
30,202609058430030,high_overlap_shared_noise_alternative,50,True,contiguous,0,4000,50,0,0.015177108476228796,0.0005269484477887969,28.801884776234967,1.0157450350489552e-182,computed,0.9732244730484951
31,202609058430031,high_overlap_shared_noise_alternative,50,True,contiguous,0,4000,50,0,0.015222587436645493,0.00044267484739342355,34.38773972878686,1.9227082780061453e-259,computed,0.9727216237260432
32,202609058430032,high_overlap_shared_noise_alternative,50,True,contiguous,0,4000,50,0,0.014439530650596843,0.00046006285807815255,31.385995189691986,1.5710122670841945e-216,computed,0.9723835590080322
33,202609058430033,high_overlap_shared_noise_alternative,50,True,contiguous,0,4000,50,0,0.015389674367120507,0.0005098984256771028,30.18184326943998,2.0501504927266654e-200,computed,0.9720933131022038
34,202609058430034,high_overlap_shared_noise_alternative,50,True,contiguous,0,4000,50,0,0.014340326906103219,0.0005199132276257707,27.582154375239845,9.10895467628176e-168,computed,0.9735207338596706
35,202609058430035,high_overlap_shared_noise_alternative,50,True,contiguous,0,4000,50,0,0.014542103613853708,0.0005320994348766928,27.329673103719145,9.419465993265469e-165,computed,0.9736618370642695
36,202609058430036,high_overlap_shared_noise_alternative,50,True,contiguous,0,4000,50,0,0.014039736974875233,0.000495814865843592,28.31649057352822,1.0827791256093586e-176,computed,0.9737184926020084
37,202609058430037,high_overlap_shared_noise_alternative,50,True,contiguous,0,4000,50,0,0.014834228368197235,0.0004727319144034001,31.37979035521309,1.9091214019737163e-216,computed,0.9727391251319829
38,202609058430038,high_overlap_shared_noise_alternative,50,True,contiguous,0,4000,50,0,0.014238884775687263,0.0005344300884800996,26.643119619597304,1.0751817215194115e-156,computed,0.9715537387864953
39,202609058430039,high_overlap_shared_noise_alternative,50,True,contiguous,0,4000,50,0,0.015067600895331892,0.0005546476452909686,27.16607746063254,8.176219025968522e-163,computed,0.9721748568154297
40,202609058430040,high_overlap_shared_noise_alternative,50,True,contiguous,0,4000,50,0,0.013917681054037135,0.0004911445327202417,28.33724113134883,6.010975813596438e-177,computed,0.9735105458623411
41,202609058430041,high_overlap_shared_noise_alternative,50,True,contiguous,0,4000,50,0,0.014465101714026046,0.0005479038091455495,26.40080516429376,6.706552361816912e-154,computed,0.9728196821715024
42,202609058430042,high_overlap_shared_noise_alternative,50,True,contiguous,0,4000,50,0,0.014457596984787742,0.000527513272688784,27.407077192761488,1.1292272173695707e-165,computed,0.9730589344532571
43,202609058430043,high_overlap_shared_noise_alternative,50,True,contiguous,0,4000,50,0,0.014537296726696741,0.0005274313323029385,27.562444315209955,1.5696262348462304e-167,computed,0.9728848900000484
44,202609058430044,high_overlap_shared_noise_alternative,50,True,contiguous,0,4000,50,0,0.014672805043220194,0.00048068719614695755,30.524642971214835,6.137923952547766e-205,computed,0.971242551978025
45,202609058430045,high_overlap_shared_noise_alternative,50,True,contiguous,0,4000,50,0,0.014717797625356075,0.0004452932515997106,33.051921565131664,7.298955096086453e-240,computed,0.9732407650817815
46,202609058430046,high_overlap_shared_noise_alternative,50,True,contiguous,0,4000,50,0,0.014026348755086739,0.0005163413540586824,27.164875803251352,8.447896987261352e-163,computed,0.9729696625532408
47,202609058430047,high_overlap_shared_noise_alternative,50,True,contiguous,0,4000,50,0,0.01542063266075882,0.0005012011100204613,30.767355363856392,3.582908591125923e-208,computed,0.9716858476974698
48,202609058430048,high_overlap_shared_noise_alternative,50,True,contiguous,0,4000,50,0,0.014954215772575614,0.0005220537655888474,28.64497252636057,9.258525522686513e-181,computed,0.9723045242017788
49,202609058430049,high_overlap_shared_noise_alternative,50,True,contiguous,0,4000,50,0,0.015447101443124226,0.0004426392989255418,34.89771803050557,4.025618432311949e-267,computed,0.9728751751699064
50,202609058430050,high_overlap_shared_noise_alternative,50,True,contiguous,0,4000,50,0,0.01540887766055848,0.0005128731783678193,30.044225961661883,1.2987181978604784e-198,computed,0.9720520607154342
51,202609058430051,high_overlap_shared_noise_alternative,50,True,contiguous,0,4000,50,0,0.01504632779560632,0.0005200815102120698,28.93071086005536,2.453727355270336e-184,computed,0.9723324032327707
52,202609058430052,high_overlap_shared_noise_alternative,50,True,contiguous,0,4000,50,0,0.014624235241565139,0.0005016955315320586,29.14962227569819,4.2233094535370117e-187,computed,0.9742500779079405
53,202609058430053,high_overlap_shared_noise_alternative,50,True,contiguous,0,4000,50,0,0.01578498497362177,0.0006166363619002368,25.598530915333143,7.920483090743991e-145,computed,0.9707275926004032
54,202609058430054,high_overlap_shared_noise_alternative,50,True,contiguous,0,4000,50,0,0.015274225109200339,0.000400864944565161,38.10316994859474,0.0,computed,0.9735012761480342
55,202609058430055,high_overlap_shared_noise_alternative,50,True,contiguous,0,4000,50,0,0.014471018111849749,0.0005367100521714015,26.962450308697303,2.0380571686430084e-160,computed,0.9729348530770031
56,202609058430056,high_overlap_shared_noise_alternative,50,True,contiguous,0,4000,50,0,0.014246292192149883,0.0004685729594552337,30.403573028867747,2.4634673496599653e-203,computed,0.9731386825533707
57,202609058430057,high_overlap_shared_noise_alternative,50,True,contiguous,0,4000,50,0,0.014484523816616942,0.0004752721697796626,30.476271781981268,2.6880805662872907e-204,computed,0.9734280031484646
58,202609058430058,high_overlap_shared_noise_alternative,50,True,contiguous,0,4000,50,0,0.013973738053887448,0.00045684968565038754,30.587167930287475,9.06592638948482e-206,computed,0.9737313513159335
59,202609058430059,high_overlap_shared_noise_alternative,50,True,contiguous,0,4000,50,0,0.015634508149239314,0.0005412503278155209,28.885909801366736,8.973512863820553e-184,computed,0.972470087998697
60,202609058430060,high_overlap_shared_noise_alternative,50,True,contiguous,0,4000,50,0,0.015218817802685688,0.000528756142865717,28.78229975769882,1.7863860625330646e-182,computed,0.9727476964959157
61,202609058430061,high_overlap_shared_noise_alternative,50,True,contiguous,0,4000,50,0,0.01467050439780488,0.0005104699859681669,28.73921053356453,6.177834706726567e-182,computed,0.9723642503589671
62,202609058430062,high_overlap_shared_noise_alternative,50,True,contiguous,0,4000,50,0,0.014018198618871111,0.0004234164399519025,33.10735553976953,1.164535891325658e-240,computed,0.9744511878595499
63,202609058430063,high_overlap_shared_noise_alternative,50,True,contiguous,0,4000,50,0,0.014659875340926984,0.0005105682700669056,28.7128601607106,1.318163628544341e-181,computed,0.9726114362679047
64,202609058430064,high_overlap_shared_noise_alternative,50,True,contiguous,0,4000,50,0,0.013481127070396537,0.0004346798578515929,31.013921687163204,1.7495764483355486e-211,computed,0.974019511197793
65,202609058430065,high_overlap_shared_noise_alternative,50,True,contiguous,0,4000,50,0,0.015463728180157415,0.0005294170660133572,29.208971853898007,7.458810557258852e-188,computed,0.9716109097198818
66,202609058430066,high_overlap_shared_noise_alternative,50,True,contiguous,0,4000,50,0,0.014588642507877569,0.0004632759910269622,31.490176029926243,5.920003303259663e-218,computed,0.9737794259722994
67,202609058430067,high_overlap_shared_noise_alternative,50,True,contiguous,0,4000,50,0,0.014656748446591037,0.0004983153872686989,29.412594555680265,1.8951430147018478e-190,computed,0.9732782685564317
68,202609058430068,high_overlap_shared_noise_alternative,50,True,contiguous,0,4000,50,0,0.014908901667810124,0.000533948990277809,27.92195872503318,7.221884624559182e-172,computed,0.972379067298201
69,202609058430069,high_overlap_shared_noise_alternative,50,True,contiguous,0,4000,50,0,0.014602068638256931,0.0005206826126898486,28.04408728538597,2.3580179524526184e-173,computed,0.9734965723824298
70,202609058430070,high_overlap_shared_noise_alternative,50,True,contiguous,0,4000,50,0,0.014497230832932655,0.0005667862340741114,25.577951547491246,1.342131133743839e-144,computed,0.9738295600776693
71,202609058430071,high_overlap_shared_noise_alternative,50,True,contiguous,0,4000,50,0,0.014139721997079547,0.0004323672983434331,32.703032933467234,7.0708176364971e-235,computed,0.9730224664795911
72,202609058430072,high_overlap_shared_noise_alternative,50,True,contiguous,0,4000,50,0,0.01520420561061852,0.0005064675629881194,30.020097478533245,2.6826629346231027e-198,computed,0.9723976926820582
73,202609058430073,high_overlap_shared_noise_alternative,50,True,contiguous,0,4000,50,0,0.015414113394444732,0.0005253346955595887,29.34151032614656,1.5332175426024217e-189,computed,0.9729748306687042
74,202609058430074,high_overlap_shared_noise_alternative,50,True,contiguous,0,4000,50,0,0.015020574349145215,0.00044174602696243735,34.00273784561383,1.014803907171503e-253,computed,0.9719867799020664
75,202609058430075,high_overlap_shared_noise_alternative,50,True,contiguous,0,4000,50,0,0.015387154039007115,0.000552105708348349,27.869941944702095,3.0877673365106623e-171,computed,0.9724866786532171
76,202609058430076,high_overlap_shared_noise_alternative,50,True,contiguous,0,4000,50,0,0.01478100123924342,0.0005665973406066543,26.08731135839332,2.539596917240063e-150,computed,0.9726528758051832
77,202609058430077,high_overlap_shared_noise_alternative,50,True,contiguous,0,4000,50,0,0.014199239542753565,0.00047666800571189203,29.788530743839935,2.7500674317557853e-195,computed,0.97315856656679
78,202609058430078,high_overlap_shared_noise_alternative,50,True,contiguous,0,4000,50,0,0.015489482644038344,0.0006037727144267362,25.65449261605857,1.8835755810684116e-145,computed,0.9716092940187525
79,202609058430079,high_overlap_shared_noise_alternative,50,True,contiguous,0,4000,50,0,0.01473030964376518,0.0005094680105158945,28.913119842105615,4.083608153371826e-184,computed,0.9727476296386742
80,202609058430080,high_overlap_shared_noise_alternative,50,True,contiguous,0,4000,50,0,0.014820913215418603,0.0005434476510084912,27.272016334811667,4.55569489666743e-164,computed,0.9733967009314648
81,202609058430081,high_overlap_shared_noise_alternative,50,True,contiguous,0,4000,50,0,0.015241150413858836,0.0005849986098734227,26.053310480783185,6.170125726349044e-150,computed,0.9719921024605136
82,202609058430082,high_overlap_shared_noise_alternative,50,True,contiguous,0,4000,50,0,0.013967677911288475,0.0004928610148037779,28.339993409398403,5.559423775307641e-177,computed,0.9736305428378443
83,202609058430083,high_overlap_shared_noise_alternative,50,True,contiguous,0,4000,50,0,0.014529603888922783,0.00048398335037962256,30.02087546508817,2.6206661486821915e-198,computed,0.9740832024035254
84,202609058430084,high_overlap_shared_noise_alternative,50,True,contiguous,0,4000,50,0,0.014463608040093898,0.0005306614232185045,27.2558121002483,7.090541380136055e-164,computed,0.9730601303142061
85,202609058430085,high_overlap_shared_noise_alternative,50,True,contiguous,0,4000,50,0,0.014910060941143667,0.0005485715341111688,27.179793361501915,5.629525333112671e-163,computed,0.9727485355596489
86,202609058430086,high_overlap_shared_noise_alternative,50,True,contiguous,0,4000,50,0,0.01481022656745095,0.00046067256477488487,32.14913954055026,4.540059407427161e-227,computed,0.9730135835532844
87,202609058430087,high_overlap_shared_noise_alternative,50,True,contiguous,0,4000,50,0,0.014814475602629237,0.00046528563801302226,31.839529081305137,9.189288974950479e-223,computed,0.9733527941576684
88,202609058430088,high_overlap_shared_noise_alternative,50,True,contiguous,0,4000,50,0,0.014983085839165423,0.0005640560328383958,26.56311601485545,9.059680715315166e-156,computed,0.9707883500910005
89,202609058430089,high_overlap_shared_noise_alternative,50,True,contiguous,0,4000,50,0,0.014418505631055765,0.0006207929306792448,23.225950101074215,1.2450716113875725e-119,computed,0.9733686901830878
90,202609058430090,high_overlap_shared_noise_alternative,50,True,contiguous,0,4000,50,0,0.014353425264321783,0.00047278529727121733,30.359288554795768,9.473041320652631e-203,computed,0.9721383531288533
91,202609058430091,high_overlap_shared_noise_alternative,50,True,contiguous,0,4000,50,0,0.014327221607837178,0.00040644809626239,35.249818462891696,1.726493312817519e-272,computed,0.9733433209803128
92,202609058430092,high_overlap_shared_noise_alternative,50,True,contiguous,0,4000,50,0,0.014752872674552985,0.0005124380549083095,28.78957277517712,1.4485773681477912e-182,computed,0.9727870543781965
93,202609058430093,high_overlap_shared_noise_alternative,50,True,contiguous,0,4000,50,0,0.014377981330694024,0.0005113104157997475,28.119867865795833,2.80007499153799e-174,computed,0.9729604415961104
94,202609058430094,high_overlap_shared_noise_alternative,50,True,contiguous,0,4000,50,0,0.015365735623990332,0.0005702125255367405,26.947383538315965,3.060805031036795e-160,computed,0.9723178385546917
95,202609058430095,high_overlap_shared_noise_alternative,50,True,contiguous,0,4000,50,0,0.015283156184930181,0.0005585741776404682,27.361014520021968,3.99320236011688e-165,computed,0.9727422133664771
96,202609058430096,high_overlap_shared_noise_alternative,50,True,contiguous,0,4000,50,0,0.014497939535209892,0.0004894834104157939,29.618857813576465,4.271937265649385e-193,computed,0.9729565488063795
97,202609058430097,high_overlap_shared_noise_alternative,50,True,contiguous,0,4000,50,0,0.015068876456670481,0.0005438179999252252,27.7094109770961,2.68893053139884e-169,computed,0.9730004609656789
98,202609058430098,high_overlap_shared_noise_alternative,50,True,contiguous,0,4000,50,0,0.014832054050707658,0.0005265778118307779,28.166880026980923,7.444564727319201e-175,computed,0.9727488073622405
99,202609058430099,high_overlap_shared_noise_alternative,50,True,contiguous,0,4000,50,0,0.0149209532880784,0.0005200840185865925,28.689505454577056,2.5788898696363826e-181,computed,0.9732311863877128
100,202609058430100,high_overlap_shared_noise_alternative,50,True,contiguous,0,4000,50,0,0.014743324692321534,0.00047212436119802736,31.227629633238962,2.2468269853252063e-214,computed,0.9734236848518094
101,202609058430101,high_overlap_shared_noise_alternative,50,True,contiguous,0,4000,50,0,0.014015414807403667,0.0004904276537079189,28.57794559796733,6.315676667408646e-180,computed,0.9732202844240517
102,202609058430102,high_overlap_shared_noise_alternative,50,True,contiguous,0,4000,50,0,0.01483521154266181,0.0005648853979108437,26.26233851596791,2.583649295869648e-152,computed,0.9726817925284343
103,202609058430103,high_overlap_shared_noise_alternative,50,True,contiguous,0,4000,50,0,0.014781729753169938,0.0005154970444146245,28.67471290733667,3.943840415249192e-181,computed,0.972264914985547
104,202609058430104,high_overlap_shared_noise_alternative,50,True,contiguous,0,4000,50,0,0.01506723408029697,0.0005627496970504364,26.77430864782246,3.218358498182566e-158,computed,0.9726806591239884
105,202609058430105,high_overlap_shared_noise_alternative,50,True,contiguous,0,4000,50,0,0.015367190863625825,0.0005133928611094983,29.932615016141128,3.7044774996959307e-197,computed,0.9723555019072061
106,202609058430106,high_overlap_shared_noise_alternative,50,True,contiguous,0,4000,50,0,0.014508869735215691,0.0005200620569599771,27.898343170865598,1.3972255284811388e-171,computed,0.9735915938563041
107,202609058430107,high_overlap_shared_noise_alternative,50,True,contiguous,0,4000,50,0,0.015699772823530744,0.0005815382282939401,26.99697467798325,8.019277827869995e-161,computed,0.9724408778575573
108,202609058430108,high_overlap_shared_noise_alternative,50,True,contiguous,0,4000,50,0,0.014304698827366945,0.0006039733717871452,23.684320361739832,2.6156416355547596e-124,computed,0.9730727532772625
109,202609058430109,high_overlap_shared_noise_alternative,50,True,contiguous,0,4000,50,0,0.014327579171025864,0.0005410314124177565,26.48197284331219,7.81795433702814e-155,computed,0.9731055559515914
110,202609058430110,high_overlap_shared_noise_alternative,50,True,contiguous,0,4000,50,0,0.01549516402874918,0.0005808649082645428,26.6760202041543,4.4670520637430135e-157,computed,0.9717433911534229
111,202609058430111,high_overlap_shared_noise_alternative,50,True,contiguous,0,4000,50,0,0.015254873591768987,0.0004984736576870537,30.603169007069447,5.553595251928373e-206,computed,0.9734578611232971
112,202609058430112,high_overlap_shared_noise_alternative,50,True,contiguous,0,4000,50,0,0.015045471286956023,0.0005177332549386241,29.06027600784428,5.7059822023863115e-186,computed,0.9735335467960567
113,202609058430113,high_overlap_shared_noise_alternative,50,True,contiguous,0,4000,50,0,0.01373714523421551,0.0005119686343166959,26.832005543757443,6.840432144550617e-159,computed,0.9740418919510805
114,202609058430114,high_overlap_shared_noise_alternative,50,True,contiguous,0,4000,50,0,0.015364379819173138,0.0005363346829263837,28.64700029343809,8.735426783263425e-181,computed,0.9721518691234428
115,202609058430115,high_overlap_shared_noise_alternative,50,True,contiguous,0,4000,50,0,0.015427009740820842,0.0004815831522784582,32.03394817246581,1.8367933018383916e-225,computed,0.972866116665533
116,202609058430116,high_overlap_shared_noise_alternative,50,True,contiguous,0,4000,50,0,0.014651728765030488,0.0004993646071738077,29.340743325709585,1.5681541605865782e-189,computed,0.9730325817031819
117,202609058430117,high_overlap_shared_noise_alternative,50,True,contiguous,0,4000,50,0,0.015473342729581903,0.00047588281254266115,32.515027485248325,3.2695450514032875e-232,computed,0.9721991802367156
118,202609058430118,high_overlap_shared_noise_alternative,50,True,contiguous,0,4000,50,0,0.014923667841063575,0.0005399657318311702,27.63817583470227,1.9357067148584474e-168,computed,0.9730670925643798
119,202609058430119,high_overlap_shared_noise_alternative,50,True,contiguous,0,4000,50,0,0.015278600328731679,0.0005726454700356496,26.680732020425346,3.938693101387849e-157,computed,0.9721253331178622
120,202609058430120,high_overlap_shared_noise_alternative,50,True,contiguous,0,4000,50,0,0.015509074483783934,0.000538327843544145,28.809720080013154,8.1029962090979e-183,computed,0.9725276710592379
121,202609058430121,high_overlap_shared_noise_alternative,50,True,contiguous,0,4000,50,0,0.01497548180856988,0.0005702706472951101,26.260306189001867,2.725499229061996e-152,computed,0.9732014029490007
122,202609058430122,high_overlap_shared_noise_alternative,50,True,contiguous,0,4000,50,0,0.014908915244757901,0.000576981713273959,25.839493525991422,1.5967352260610246e-147,computed,0.9733019794321667
123,202609058430123,high_overlap_shared_noise_alternative,50,True,contiguous,0,4000,50,0,0.014707343475896518,0.0005684065334068223,25.87469110839744,6.4178413497053e-148,computed,0.9729590365666702
124,202609058430124,high_overlap_shared_noise_alternative,50,True,contiguous,0,4000,50,0,0.014341930028064265,0.0004848075742286753,29.58272681874278,1.2463337437630426e-192,computed,0.9743124069151511
125,202609058430125,high_overlap_shared_noise_alternative,50,True,contiguous,0,4000,50,0,0.014915573779270644,0.0005492896863201286,27.154294265371988,1.126495149136124e-162,computed,0.9733260132619334
126,202609058430126,high_overlap_shared_noise_alternative,50,True,contiguous,0,4000,50,0,0.015589291817444346,0.0006095888677853153,25.57345227461499,1.5060738974043557e-144,computed,0.972020237158239
127,202609058430127,high_overlap_shared_noise_alternative,50,True,contiguous,0,4000,50,0,0.015641430851060154,0.0006620541721886678,23.625605740617196,1.0515758721329612e-123,computed,0.9720233772996375
128,202609058430128,high_overlap_shared_noise_alternative,50,True,contiguous,0,4000,50,0,0.015657539299762036,0.0005427462961099816,28.848726213304655,2.628379783308148e-183,computed,0.9729575964111928
129,202609058430129,high_overlap_shared_noise_alternative,50,True,contiguous,0,4000,50,0,0.014994558796400994,0.0005036844336157567,29.769748270282697,4.8142517997944616e-195,computed,0.9728963061338479
130,202609058430130,high_overlap_shared_noise_alternative,50,True,contiguous,0,4000,50,0,0.014602118127138564,0.0005140338315418818,28.406920383700136,8.304329227009954e-178,computed,0.9726635319536059
131,202609058430131,high_overlap_shared_noise_alternative,50,True,contiguous,0,4000,50,0,0.014706925717904494,0.0004900923478700082,30.008478569033585,3.803529637853471e-198,computed,0.9724044779196228
132,202609058430132,high_overlap_shared_noise_alternative,50,True,contiguous,0,4000,50,0,0.013911229698615439,0.0005856736901407351,23.75252624933967,5.173207463651728e-125,computed,0.9732220468094439
133,202609058430133,high_overlap_shared_noise_alternative,50,True,contiguous,0,4000,50,0,0.015487144721417906,0.000499956632509181,30.97697623030035,5.505261366357692e-211,computed,0.9722247944873129
134,202609058430134,high_overlap_shared_noise_alternative,50,True,contiguous,0,4000,50,0,0.014837473127666041,0.0005089655765591285,29.152213452184846,3.915704249178851e-187,computed,0.9733348531073006
135,202609058430135,high_overlap_shared_noise_alternative,50,True,contiguous,0,4000,50,0,0.014982703222665596,0.0004361208452623013,34.35447625452154,6.037580562657985e-259,computed,0.9727777197168844
136,202609058430136,high_overlap_shared_noise_alternative,50,True,contiguous,0,4000,50,0,0.014002195187967477,0.000526657168365864,26.586926047952844,4.807553428749444e-156,computed,0.974439560627463
137,202609058430137,high_overlap_shared_noise_alternative,50,True,contiguous,0,4000,50,0,0.014907152076657838,0.0005156063564667869,28.91188576263817,4.2321234160584937e-184,computed,0.9736265129051928
138,202609058430138,high_overlap_shared_noise_alternative,50,True,contiguous,0,4000,50,0,0.014266511825544713,0.0005621992100354506,25.376257331711848,2.306118207490049e-142,computed,0.9732283928380081
139,202609058430139,high_overlap_shared_noise_alternative,50,True,contiguous,0,4000,50,0,0.01486314173635157,0.0004710231361543432,31.555014171281105,7.652274034934069e-219,computed,0.9725590162749842
140,202609058430140,high_overlap_shared_noise_alternative,50,True,contiguous,0,4000,50,0,0.015002509158107323,0.0005047848167649392,29.72060303686486,2.080228298067293e-194,computed,0.9729795770757746
141,202609058430141,high_overlap_shared_noise_alternative,50,True,contiguous,0,4000,50,0,0.015225113793734703,0.0005578250782732722,27.293706193460334,2.5189037676494747e-164,computed,0.9730550909318566
142,202609058430142,high_overlap_shared_noise_alternative,50,True,contiguous,0,4000,50,0,0.014897938535163887,0.0006294737545955833,23.66729101316597,3.917327695650174e-124,computed,0.9737049301387353
143,202609058430143,high_overlap_shared_noise_alternative,50,True,contiguous,0,4000,50,0,0.01446361710216953,0.0006069175436268071,23.831272063315392,7.919019029761739e-126,computed,0.9735275753410564
144,202609058430144,high_overlap_shared_noise_alternative,50,True,contiguous,0,4000,50,0,0.01524388139213787,0.0005533302350938674,27.54933749382389,2.2534943695734455e-167,computed,0.9727663927834971
145,202609058430145,high_overlap_shared_noise_alternative,50,True,contiguous,0,4000,50,0,0.015221832864592106,0.0004715831000399648,32.27815598841883,7.085302216304096e-229,computed,0.9728160480275367
146,202609058430146,high_overlap_shared_noise_alternative,50,True,contiguous,0,4000,50,0,0.014682914621738133,0.0004176610906583269,35.15509332840794,4.858604145691841e-271,computed,0.9729551828597598
147,202609058430147,high_overlap_shared_noise_alternative,50,True,contiguous,0,4000,50,0,0.01378981097389406,0.0004731991348712901,29.141665649166672,5.327022287638492e-187,computed,0.9740305045722583
148,202609058430148,high_overlap_shared_noise_alternative,50,True,contiguous,0,4000,50,0,0.01504141326156767,0.000576335910785163,26.09834469810534,1.9034970029708516e-150,computed,0.9725700374007161
149,202609058430149,high_overlap_shared_noise_alternative,50,True,contiguous,0,4000,50,0,0.015030067170229776,0.0005096678328428704,29.489926971442824,1.9381278830900544e-191,computed,0.9724027368900928
150,202609058430150,high_overlap_shared_noise_alternative,50,True,contiguous,0,4000,50,0,0.01574247248601265,0.0005307462178557653,29.661016803120766,1.2226962460665979e-193,computed,0.9722117286908399
151,202609058430151,high_overlap_shared_noise_alternative,50,True,contiguous,0,4000,50,0,0.014749924527141123,0.00048215740317778373,30.591513123987955,7.936438921116536e-206,computed,0.9727091873568448
152,202609058430152,high_overlap_shared_noise_alternative,50,True,contiguous,0,4000,50,0,0.014431837345036308,0.0005185858671996003,27.829214519418414,9.613309668834586e-171,computed,0.9731692660594482
153,202609058430153,high_overlap_shared_noise_alternative,50,True,contiguous,0,4000,50,0,0.015005711194754759,0.0005942271844117434,25.252481859458683,5.318296476484453e-141,computed,0.9735542842799115
154,202609058430154,high_overlap_shared_noise_alternative,50,True,contiguous,0,4000,50,0,0.014886649562090454,0.0004892849917644905,30.425314106621737,1.2707582589687684e-203,computed,0.9731070133744575
155,202609058430155,high_overlap_shared_noise_alternative,50,True,contiguous,0,4000,50,0,0.014497635353575317,0.00054268540802908,26.71462165571707,1.591709488593943e-157,computed,0.973336968998737
156,202609058430156,high_overlap_shared_noise_alternative,50,True,contiguous,0,4000,50,0,0.014761101791001647,0.0005304122472834408,27.829488980697754,9.5400683083466e-171,computed,0.9726045512158226
157,202609058430157,high_overlap_shared_noise_alternative,50,True,contiguous,0,4000,50,0,0.015271713267918496,0.0004856554969645399,31.445568645614564,2.4129886753782015e-217,computed,0.9719577372612562
158,202609058430158,high_overlap_shared_noise_alternative,50,True,contiguous,0,4000,50,0,0.015323546605662763,0.0005711019839279911,26.831541540564622,6.926247516245693e-159,computed,0.972055583054516
159,202609058430159,high_overlap_shared_noise_alternative,50,True,contiguous,0,4000,50,0,0.015440618065813195,0.0005137976891156459,30.05194144097797,1.0297192607130497e-198,computed,0.9726993172427677
160,202609058430160,high_overlap_shared_noise_alternative,50,True,contiguous,0,4000,50,0,0.013986714970593735,0.0004703394471024124,29.73749077769411,1.2584168089867106e-194,computed,0.9743674914628729
161,202609058430161,high_overlap_shared_noise_alternative,50,True,contiguous,0,4000,50,0,0.01454641108776091,0.0004491043042987177,32.38982781622484,1.9085895611265213e-230,computed,0.9723027803081138
162,202609058430162,high_overlap_shared_noise_alternative,50,True,contiguous,0,4000,50,0,0.01504797896774404,0.00054432231621683,27.64534636817958,1.58725733294091e-168,computed,0.9726265810093537
163,202609058430163,high_overlap_shared_noise_alternative,50,True,contiguous,0,4000,50,0,0.013861214632411955,0.0005310057157187337,26.103701376642142,1.6547886585288178e-150,computed,0.9738240201014038
164,202609058430164,high_overlap_shared_noise_alternative,50,True,contiguous,0,4000,50,0,0.014070913723760625,0.0004701260270892298,29.930088769771448,3.9957864008128934e-197,computed,0.9739827421609677
165,202609058430165,high_overlap_shared_noise_alternative,50,True,contiguous,0,4000,50,0,0.014492097092032816,0.0005698650450135546,25.43075280514549,5.764025719843311e-143,computed,0.9738095060114897
166,202609058430166,high_overlap_shared_noise_alternative,50,True,contiguous,0,4000,50,0,0.01593741252422923,0.0005086313846914391,31.33391490164857,8.057578083292331e-216,computed,0.9718221357609007
167,202609058430167,high_overlap_shared_noise_alternative,50,True,contiguous,0,4000,50,0,0.015103630813063103,0.00043883331305105596,34.41769429046485,6.854684586504804e-260,computed,0.9729850099452076
168,202609058430168,high_overlap_shared_noise_alternative,50,True,contiguous,0,4000,50,0,0.01499255724847839,0.0005148226772448599,29.121788746200924,9.511690672745688e-187,computed,0.9716554897175158
169,202609058430169,high_overlap_shared_noise_alternative,50,True,contiguous,0,4000,50,0,0.014986177554163737,0.0005125280783368541,29.239720100396564,3.033596470103211e-188,computed,0.9722923483229954
170,202609058430170,high_overlap_shared_noise_alternative,50,True,contiguous,0,4000,50,0,0.015227152311140581,0.0005052123620528872,30.140102370548394,7.230008631705792e-200,computed,0.9721733489134925
171,202609058430171,high_overlap_shared_noise_alternative,50,True,contiguous,0,4000,50,0,0.01419773311515496,0.0005111953956866526,27.77359349272728,4.5217614336761076e-170,computed,0.9738875240154602
172,202609058430172,high_overlap_shared_noise_alternative,50,True,contiguous,0,4000,50,0,0.015155732173823601,0.0005218446929521418,29.04261052859558,9.538435184158264e-186,computed,0.9725571119262595
173,202609058430173,high_overlap_shared_noise_alternative,50,True,contiguous,0,4000,50,0,0.015378260530136186,0.0004138723078591895,37.157017365289114,1.6886242934484598e-302,computed,0.9722716389427641
174,202609058430174,high_overlap_shared_noise_alternative,50,True,contiguous,0,4000,50,0,0.014067890542155636,0.0005326857695085781,26.409360541269525,5.348715790589265e-154,computed,0.9739396702502011
175,202609058430175,high_overlap_shared_noise_alternative,50,True,contiguous,0,4000,50,0,0.01508658503584947,0.0005313410904041631,28.39340925877557,1.2194313248276703e-177,computed,0.9721017466934324
176,202609058430176,high_overlap_shared_noise_alternative,50,True,contiguous,0,4000,50,0,0.014259867811221053,0.0004798203447941471,29.719181285109602,2.1701139678033043e-194,computed,0.9735458391921559
177,202609058430177,high_overlap_shared_noise_alternative,50,True,contiguous,0,4000,50,0,0.013698140049524746,0.0005101424497211741,26.851598131093905,4.039910935239316e-159,computed,0.9737583000520925
178,202609058430178,high_overlap_shared_noise_alternative,50,True,contiguous,0,4000,50,0,0.014748166355509866,0.0004818067435003525,30.610128551467806,4.487116436143032e-206,computed,0.973211808315948
179,202609058430179,high_overlap_shared_noise_alternative,50,True,contiguous,0,4000,50,0,0.01520297331595257,0.0004077509116684669,37.2849523591348,1.4387657868721606e-304,computed,0.9726558494890026
180,202609058430180,high_overlap_shared_noise_alternative,50,True,contiguous,0,4000,50,0,0.015182108913462,0.0005029007733783615,30.18907449967196,1.647726010011438e-200,computed,0.9727027715190176
181,202609058430181,high_overlap_shared_noise_alternative,50,True,contiguous,0,4000,50,0,0.01502261476431801,0.0005348708563017,28.086433551811115,7.173850002768056e-174,computed,0.9722967110826614
182,202609058430182,high_overlap_shared_noise_alternative,50,True,contiguous,0,4000,50,0,0.01434405099022517,0.0005697972062791933,25.17395808921669,3.8632535207977883e-140,computed,0.9726875213966523
183,202609058430183,high_overlap_shared_noise_alternative,50,True,contiguous,0,4000,50,0,0.016392109792092092,0.0006027833626031691,27.194031569321073,3.8206092933310207e-163,computed,0.9722675397753141
184,202609058430184,high_overlap_shared_noise_alternative,50,True,contiguous,0,4000,50,0,0.014714919125243744,0.0005131056791504983,28.678145113509316,3.5737381849034684e-181,computed,0.9722510078243005
185,202609058430185,high_overlap_shared_noise_alternative,50,True,contiguous,0,4000,50,0,0.01577667002173619,0.0005437883093877841,29.01252150767661,2.286882450298538e-185,computed,0.9714433205444304
186,202609058430186,high_overlap_shared_noise_alternative,50,True,contiguous,0,4000,50,0,0.014129479640898338,0.0003962528375508324,35.657737439131324,8.939070945349373e-279,computed,0.9737399897263124
187,202609058430187,high_overlap_shared_noise_alternative,50,True,contiguous,0,4000,50,0,0.01515440412828217,0.0005753484659266655,26.339522960010406,3.3832574491310675e-153,computed,0.9732600909509083
188,202609058430188,high_overlap_shared_noise_alternative,50,True,contiguous,0,4000,50,0,0.014329646015179099,0.0004925968136520275,29.09000955353646,2.4012460919132265e-186,computed,0.9728852711305137
189,202609058430189,high_overlap_shared_noise_alternative,50,True,contiguous,0,4000,50,0,0.01533703836761283,0.0005920499617192059,25.904973159827335,2.9268255579559524e-148,computed,0.9726398707513532
190,202609058430190,high_overlap_shared_noise_alternative,50,True,contiguous,0,4000,50,0,0.015588815467445939,0.0005583665967641092,27.918603221946817,7.932136436986333e-172,computed,0.9724669856445505
191,202609058430191,high_overlap_shared_noise_alternative,50,True,contiguous,0,4000,50,0,0.014308303822208724,0.00045907149727393863,31.167920263345444,1.4501157336954498e-213,computed,0.973383088932403
192,202609058430192,high_overlap_shared_noise_alternative,50,True,contiguous,0,4000,50,0,0.014272590912861592,0.00045987378134942805,31.035887436289354,8.844245411903234e-212,computed,0.9731469069032417
193,202609058430193,high_overlap_shared_noise_alternative,50,True,contiguous,0,4000,50,0,0.01527208421870988,0.0004544616404986892,33.604781697200096,7.141594957109318e-248,computed,0.9711365111543142
194,202609058430194,high_overlap_shared_noise_alternative,50,True,contiguous,0,4000,50,0,0.015187059145847864,0.0006422800686520931,23.645540142199728,6.559232151519004e-124,computed,0.9727323140711953
195,202609058430195,high_overlap_shared_noise_alternative,50,True,contiguous,0,4000,50,0,0.015216479553252952,0.00044320161695607146,34.33308672870017,1.2594022774183623e-258,computed,0.9731016808376268
196,202609058430196,high_overlap_shared_noise_alternative,50,True,contiguous,0,4000,50,0,0.015340158653974612,0.0005554773099938034,27.616175094795032,3.5575960856811775e-168,computed,0.9723908160954923
197,202609058430197,high_overlap_shared_noise_alternative,50,True,contiguous,0,4000,50,0,0.014416333811660575,0.0004167652906675652,34.59101353802477,1.72429644280812e-262,computed,0.9734751677027144
198,202609058430198,high_overlap_shared_noise_alternative,50,True,contiguous,0,4000,50,0,0.014453259163371378,0.0005503704189341568,26.260966552965275,2.678575069439671e-152,computed,0.9735918704402047
199,202609058430199,high_overlap_shared_noise_alternative,50,True,contiguous,0,4000,50,0,0.015300879271474756,0.00043952026329227513,34.81268225692674,7.818307113526859e-266,computed,0.9729796147619943
200,202609058430200,high_overlap_shared_noise_alternative,50,True,contiguous,0,4000,50,0,0.014334927644698089,0.0003944447331845575,36.34204348214961,1.7548091386235895e-289,computed,0.9733625536794257
201,202609058430201,high_overlap_shared_noise_alternative,50,True,contiguous,0,4000,50,0,0.01352998331530494,0.00048309664149995106,28.006784053178542,6.716642699044162e-173,computed,0.9746985259628715
202,202609058430202,high_overlap_shared_noise_alternative,50,True,contiguous,0,4000,50,0,0.014311224654215287,0.0006581277764436159,21.745358829177725,3.821629325175532e-105,computed,0.9732647099339337
203,202609058430203,high_overlap_shared_noise_alternative,50,True,contiguous,0,4000,50,0,0.015235634583902093,0.0006061648551056466,25.134473659392082,1.0446576872559877e-139,computed,0.9720425373655506
204,202609058430204,high_overlap_shared_noise_alternative,50,True,contiguous,0,4000,50,0,0.014340691032230905,0.00047315418074756214,30.308706159107086,4.40127857281833e-202,computed,0.973421388511167
205,202609058430205,high_overlap_shared_noise_alternative,50,True,contiguous,0,4000,50,0,0.015536542282511449,0.0005144864704277038,30.198155200457617,1.2522186358003834e-200,computed,0.9722712518588105
206,202609058430206,high_overlap_shared_noise_alternative,50,True,contiguous,0,4000,50,0,0.015129728356594926,0.0005731552958836262,26.397258239182136,7.365849430927359e-154,computed,0.9728030243323229
207,202609058430207,high_overlap_shared_noise_alternative,50,True,contiguous,0,4000,50,0,0.016281842323913494,0.0006460674466097359,25.2014590881387,1.930413320718782e-140,computed,0.9719359905022411
208,202609058430208,high_overlap_shared_noise_alternative,50,True,contiguous,0,4000,50,0,0.014310056358743203,0.0004985821899671173,28.701499264718997,1.8271797480069797e-181,computed,0.9736065731698981
209,202609058430209,high_overlap_shared_noise_alternative,50,True,contiguous,0,4000,50,0,0.015705275299987147,0.0005018888816543529,31.292335562841288,2.966349693689757e-215,computed,0.9729779418656473
210,202609058430210,high_overlap_shared_noise_alternative,50,True,contiguous,0,4000,50,0,0.015118122582226829,0.0005101931203590574,29.632156881275044,2.879532342531124e-193,computed,0.9730101170086165
211,202609058430211,high_overlap_shared_noise_alternative,50,True,contiguous,0,4000,50,0,0.014626684733818925,0.0005995235816811936,24.397179995493325,9.161017729472514e-132,computed,0.9730442933338977
212,202609058430212,high_overlap_shared_noise_alternative,50,True,contiguous,0,4000,50,0,0.014770750933554833,0.0005941911047048811,24.858586432206977,1.0441043394031273e-136,computed,0.9728535969988772
213,202609058430213,high_overlap_shared_noise_alternative,50,True,contiguous,0,4000,50,0,0.014945958542136446,0.0005830556737980069,25.633844611748525,3.2010392496359983e-145,computed,0.9727156647651176
214,202609058430214,high_overlap_shared_noise_alternative,50,True,contiguous,0,4000,50,0,0.014964263636548927,0.0005298805912444999,28.24082233584594,9.225729418911324e-176,computed,0.9729358762453446
215,202609058430215,high_overlap_shared_noise_alternative,50,True,contiguous,0,4000,50,0,0.014667936404855354,0.00043037602955355215,34.08167601729828,6.891723238607708e-255,computed,0.9727544633408275
216,202609058430216,high_overlap_shared_noise_alternative,50,True,contiguous,0,4000,50,0,0.015139835869340146,0.0005552493690870259,27.266732232823546,5.2628120142828506e-164,computed,0.9718274616304067
217,202609058430217,high_overlap_shared_noise_alternative,50,True,contiguous,0,4000,50,0,0.014768014958184065,0.00042419711926295706,34.81403877481183,7.45738041612073e-266,computed,0.9733134162422283
218,202609058430218,high_overlap_shared_noise_alternative,50,True,contiguous,0,4000,50,0,0.014891002744045125,0.0005101720773728343,29.18819630570013,1.369077729635744e-187,computed,0.9720978945465459
219,202609058430219,high_overlap_shared_noise_alternative,50,True,contiguous,0,4000,50,0,0.014510624305257793,0.0004986013131651948,29.102659624264135,1.6611055473668812e-186,computed,0.9731745222509617
220,202609058430220,high_overlap_shared_noise_alternative,50,True,contiguous,0,4000,50,0,0.014821345952096646,0.0006975085792698843,21.248980145320733,1.684519975844697e-100,computed,0.9725270421209137
221,202609058430221,high_overlap_shared_noise_alternative,50,True,contiguous,0,4000,50,0,0.015194321144301031,0.0005205524618456188,29.18883735643006,1.3436692148519974e-187,computed,0.9727734934851013
222,202609058430222,high_overlap_shared_noise_alternative,50,True,contiguous,0,4000,50,0,0.014917644817199451,0.0005286346848050266,28.219194173196264,1.7001876101068199e-175,computed,0.9734545010034963
223,202609058430223,high_overlap_shared_noise_alternative,50,True,contiguous,0,4000,50,0,0.015289964519631629,0.0005205837978844563,29.370803666512185,6.481928880175903e-190,computed,0.972653531746433
224,202609058430224,high_overlap_shared_noise_alternative,50,True,contiguous,0,4000,50,0,0.015208642355660969,0.0005368892783455802,28.32733483247472,7.96139307603477e-177,computed,0.9727085048753279
225,202609058430225,high_overlap_shared_noise_alternative,50,True,contiguous,0,4000,50,0,0.015392102212285767,0.000587872850462245,26.182706345739458,2.0913340226877925e-151,computed,0.972649204777628
226,202609058430226,high_overlap_shared_noise_alternative,50,True,contiguous,0,4000,50,0,0.01472653341349205,0.000523514318327272,28.130144483050877,2.0964633439449696e-174,computed,0.9733367996455704
227,202609058430227,high_overlap_shared_noise_alternative,50,True,contiguous,0,4000,50,0,0.014473124171145922,0.000487427567697723,29.692871577836964,4.7456111314661726e-194,computed,0.9731676980158116
228,202609058430228,high_overlap_shared_noise_alternative,50,True,contiguous,0,4000,50,0,0.014388936204464155,0.0005068266254913373,28.390253157112586,1.3338947105832604e-177,computed,0.9734238478788341
229,202609058430229,high_overlap_shared_noise_alternative,50,True,contiguous,0,4000,50,0,0.014967375912773423,0.0006141760981416291,24.369844346046083,1.7860896152597522e-131,computed,0.9720911372886618
230,202609058430230,high_overlap_shared_noise_alternative,50,True,contiguous,0,4000,50,0,0.014291705176362855,0.0005292637551484827,27.002992434940833,6.8151410356110885e-161,computed,0.9730104985858312
231,202609058430231,high_overlap_shared_noise_alternative,50,True,contiguous,0,4000,50,0,0.014404192232576886,0.0004448630080359438,32.378939071987446,2.716448651682856e-230,computed,0.9722468922172207
232,202609058430232,high_overlap_shared_noise_alternative,50,True,contiguous,0,4000,50,0,0.014611633024260762,0.0005816474725105505,25.121114961942386,1.4621293338855347e-139,computed,0.9725055304262928
233,202609058430233,high_overlap_shared_noise_alternative,50,True,contiguous,0,4000,50,0,0.014062578367800078,0.000490078193424821,28.694560493553784,2.2303174308677763e-181,computed,0.9735299969391599
234,202609058430234,high_overlap_shared_noise_alternative,50,True,contiguous,0,4000,50,0,0.014186082905595315,0.0004504473851798053,31.493318359329912,5.361694060908063e-218,computed,0.9732125210931142
235,202609058430235,high_overlap_shared_noise_alternative,50,True,contiguous,0,4000,50,0,0.014507680383797336,0.0004090203035256433,35.469340418422,7.301138600773896e-276,computed,0.9730170076846348
236,202609058430236,high_overlap_shared_noise_alternative,50,True,contiguous,0,4000,50,0,0.014804535508416762,0.0005410033578197608,27.36496048394029,3.583988615792943e-165,computed,0.971511831570791
237,202609058430237,high_overlap_shared_noise_alternative,50,True,contiguous,0,4000,50,0,0.015376431694022648,0.0005636087224646938,27.28210384463288,3.4585576406021903e-164,computed,0.971736796637953
238,202609058430238,high_overlap_shared_noise_alternative,50,True,contiguous,0,4000,50,0,0.013953819386640058,0.0005377950867419464,25.946349698311035,9.996131005685619e-149,computed,0.9741549890681247
239,202609058430239,high_overlap_shared_noise_alternative,50,True,contiguous,0,4000,50,0,0.014716475354583834,0.0005878658331387719,25.03373138052379,1.3127672819260773e-138,computed,0.9737558872062566
240,202609058430240,high_overlap_shared_noise_alternative,50,True,contiguous,0,4000,50,0,0.014363204010778634,0.00039263186192369664,36.58186052554735,2.7785677353101705e-293,computed,0.973597595363398
241,202609058430241,high_overlap_shared_noise_alternative,50,True,contiguous,0,4000,50,0,0.015515156832829086,0.0004993600743883616,31.070078743945917,3.055447678115764e-212,computed,0.9724894701105715
242,202609058430242,high_overlap_shared_noise_alternative,50,True,contiguous,0,4000,50,0,0.01493305275355922,0.0006179863349141747,24.164050092844057,2.6572949685754134e-129,computed,0.9727472592805569
243,202609058430243,high_overlap_shared_noise_alternative,50,True,contiguous,0,4000,50,0,0.014368678963256403,0.00047102163202124693,30.505348345887132,1.1066172399672583e-204,computed,0.9740759129692391
244,202609058430244,high_overlap_shared_noise_alternative,50,True,contiguous,0,4000,50,0,0.015295131234445107,0.0005302186479923143,28.846837606260156,2.7757335097980966e-183,computed,0.9726798841261303
245,202609058430245,high_overlap_shared_noise_alternative,50,True,contiguous,0,4000,50,0,0.014802142036211718,0.0005433099206194969,27.244380186052755,9.686187026653646e-164,computed,0.9729904440958194
246,202609058430246,high_overlap_shared_noise_alternative,50,True,contiguous,0,4000,50,0,0.014156366632951585,0.0005468780727213893,25.88578211319809,4.814425451319759e-148,computed,0.9740437738561687
247,202609058430247,high_overlap_shared_noise_alternative,50,True,contiguous,0,4000,50,0,0.014635692942164446,0.0004867342268484179,30.069167391267914,6.131735951059041e-199,computed,0.9732815593283213
248,202609058430248,high_overlap_shared_noise_alternative,50,True,contiguous,0,4000,50,0,0.014639603378684016,0.0005776144989457614,25.344937506595883,5.109422205430473e-142,computed,0.9731239941892192
249,202609058430249,high_overlap_shared_noise_alternative,50,True,contiguous,0,4000,50,0,0.014845732971088502,0.0004671382040664152,31.78017306625132,6.082536301987365e-222,computed,0.9732821576059514
250,202609058430250,high_overlap_shared_noise_alternative,50,True,contiguous,0,4000,50,0,0.014788470098521845,0.0004822998057219619,30.662401110414628,9.030943027589428e-207,computed,0.9728645236559751
251,202609058430251,high_overlap_shared_noise_alternative,50,True,contiguous,0,4000,50,0,0.014320248532123572,0.000377317572761882,37.952773912178245,0.0,computed,0.9733702139001444
252,202609058430252,high_overlap_shared_noise_alternative,50,True,contiguous,0,4000,50,0,0.01632866998604266,0.0005371212698523972,30.40034141736714,2.718073157425162e-203,computed,0.9720030181678126
253,202609058430253,high_overlap_shared_noise_alternative,50,True,contiguous,0,4000,50,0,0.01495679684799104,0.0005627533029622414,26.57789260278155,6.114468953052345e-156,computed,0.973050816837847
254,202609058430254,high_overlap_shared_noise_alternative,50,True,contiguous,0,4000,50,0,0.015072077891814334,0.0005873760417866396,25.660014742802815,1.6343982452080567e-145,computed,0.9721185035098565
255,202609058430255,high_overlap_shared_noise_alternative,50,True,contiguous,0,4000,50,0,0.015459284513513263,0.000494002238707156,31.29395638767036,2.8195004952765017e-215,computed,0.9729653545683915
256,202609058430256,high_overlap_shared_noise_alternative,50,True,contiguous,0,4000,50,0,0.0156227262161451,0.0005809634936117842,26.89106353141121,1.3969205083788894e-159,computed,0.9724952168633699
257,202609058430257,high_overlap_shared_noise_alternative,50,True,contiguous,0,4000,50,0,0.014133249220482988,0.0005404069758022938,26.152973320710046,4.55845675749889e-151,computed,0.9730475071290936
258,202609058430258,high_overlap_shared_noise_alternative,50,True,contiguous,0,4000,50,0,0.014083914512285533,0.0005031528663459387,27.991323222637178,1.0360783343743986e-172,computed,0.9733560482102736
259,202609058430259,high_overlap_shared_noise_alternative,50,True,contiguous,0,4000,50,0,0.015097791210301317,0.0005115686581444402,29.51273689256876,9.880994067303197e-192,computed,0.9725754692981141
260,202609058430260,high_overlap_shared_noise_alternative,50,True,contiguous,0,4000,50,0,0.014916684677310272,0.0004050016167507574,36.831173161686834,2.9273437770010428e-297,computed,0.9726654849356069
261,202609058430261,high_overlap_shared_noise_alternative,50,True,contiguous,0,4000,50,0,0.015467204235518867,0.0005162863091963854,29.958579106221155,1.7009159915527904e-197,computed,0.9727372768391545
262,202609058430262,high_overlap_shared_noise_alternative,50,True,contiguous,0,4000,50,0,0.015610605553976396,0.0005864271827431929,26.619853262860367,1.9996627655397262e-156,computed,0.97217014498169
263,202609058430263,high_overlap_shared_noise_alternative,50,True,contiguous,0,4000,50,0,0.014774743796184858,0.0005258981519349644,28.09430636297803,5.748924137634893e-174,computed,0.9734650922745368
264,202609058430264,high_overlap_shared_noise_alternative,50,True,contiguous,0,4000,50,0,0.014254747384583695,0.0005245246584247298,27.176505728813652,6.156432941322594e-163,computed,0.9731448992079803
265,202609058430265,high_overlap_shared_noise_alternative,50,True,contiguous,0,4000,50,0,0.01573603686259703,0.0004113331418199325,38.25618522488452,0.0,computed,0.9724618119318411
266,202609058430266,high_overlap_shared_noise_alternative,50,True,contiguous,0,4000,50,0,0.015095019660273977,0.0005943673303942256,25.39678560438696,1.3683670679263417e-142,computed,0.9720149958176887
267,202609058430267,high_overlap_shared_noise_alternative,50,True,contiguous,0,4000,50,0,0.014949943181536824,0.0004410177482683515,33.898733645612936,3.4770614016844924e-252,computed,0.9735431913356409
268,202609058430268,high_overlap_shared_noise_alternative,50,True,contiguous,0,4000,50,0,0.015175035843262767,0.0005450689427128199,27.84058062038223,7.003198780987028e-171,computed,0.973189926482457
269,202609058430269,high_overlap_shared_noise_alternative,50,True,contiguous,0,4000,50,0,0.01462654649644906,0.0005421796558973804,26.977306022742873,1.3645038271645517e-160,computed,0.9733832817275322
270,202609058430270,high_overlap_shared_noise_alternative,50,True,contiguous,0,4000,50,0,0.01456624458626777,0.0006043653834479353,24.10171890250663,1.1990493558527548e-128,computed,0.9728914369911529
271,202609058430271,high_overlap_shared_noise_alternative,50,True,contiguous,0,4000,50,0,0.016318795031423156,0.0006299398625902673,25.905322079986252,2.9004507352300316e-148,computed,0.9718764565606652
272,202609058430272,high_overlap_shared_noise_alternative,50,True,contiguous,0,4000,50,0,0.015204324964390167,0.0005213443693988603,29.163688833777215,2.801076880597233e-187,computed,0.9718535273005487
273,202609058430273,high_overlap_shared_noise_alternative,50,True,contiguous,0,4000,50,0,0.014738424269916109,0.0005484872809047989,26.8710411034568,2.3946496008908466e-159,computed,0.9728375167307942
274,202609058430274,high_overlap_shared_noise_alternative,50,True,contiguous,0,4000,50,0,0.015279587897722028,0.0005588270867185495,27.342246395829267,6.676651970705722e-165,computed,0.9729255527390671
275,202609058430275,high_overlap_shared_noise_alternative,50,True,contiguous,0,4000,50,0,0.015561512099982227,0.0005090944646017317,30.56704242925939,1.6786237981204316e-205,computed,0.9711370020002241
276,202609058430276,high_overlap_shared_noise_alternative,50,True,contiguous,0,4000,50,0,0.016228991269919082,0.000534297895344001,30.374424850523226,5.979344298087774e-203,computed,0.9717902303214461
277,202609058430277,high_overlap_shared_noise_alternative,50,True,contiguous,0,4000,50,0,0.014774411155387203,0.0005439236778322091,27.16265490458176,8.973959934847659e-163,computed,0.9733197390137687
278,202609058430278,high_overlap_shared_noise_alternative,50,True,contiguous,0,4000,50,0,0.015221662304879754,0.0006410484921968936,23.744946739855255,6.195447209111904e-125,computed,0.9729472985690447
279,202609058430279,high_overlap_shared_noise_alternative,50,True,contiguous,0,4000,50,0,0.01488676004647309,0.0005215837701743121,28.541455654377376,1.7929570374683947e-179,computed,0.9735270440909937
280,202609058430280,high_overlap_shared_noise_alternative,50,True,contiguous,0,4000,50,0,0.014357286368880102,0.00048727109285318895,29.464679065634297,4.082939638334107e-191,computed,0.972872319704691
281,202609058430281,high_overlap_shared_noise_alternative,50,True,contiguous,0,4000,50,0,0.013732676076296675,0.0005576824705031233,24.624543181189633,3.4487589181913853e-134,computed,0.9739772178725531
282,202609058430282,high_overlap_shared_noise_alternative,50,True,contiguous,0,4000,50,0,0.01434283628624808,0.0004541776001274985,31.579796718776322,3.4969761521605836e-219,computed,0.9728676252466194
283,202609058430283,high_overlap_shared_noise_alternative,50,True,contiguous,0,4000,50,0,0.014858267285076584,0.0005293627582382028,28.068214194982442,1.1972837187482052e-173,computed,0.9734506199469086
284,202609058430284,high_overlap_shared_noise_alternative,50,True,contiguous,0,4000,50,0,0.015046785661389686,0.0005409733817534255,27.814281014380814,1.4572849163522332e-170,computed,0.9728071181615495
285,202609058430285,high_overlap_shared_noise_alternative,50,True,contiguous,0,4000,50,0,0.014609781487079185,0.0006213939100945869,23.51130458432611,1.5627372141350444e-122,computed,0.9734635236733894
286,202609058430286,high_overlap_shared_noise_alternative,50,True,contiguous,0,4000,50,0,0.015077776035084,0.0005222636674020165,28.870045871825436,1.4195761903986141e-183,computed,0.9732132077380431
287,202609058430287,high_overlap_shared_noise_alternative,50,True,contiguous,0,4000,50,0,0.01440228687274016,0.0004632691754804854,31.088377200582467,1.7291615896357995e-212,computed,0.9726150163123533
288,202609058430288,high_overlap_shared_noise_alternative,50,True,contiguous,0,4000,50,0,0.015157947001413132,0.0005835725898529342,25.97439849810814,4.820913914985025e-149,computed,0.9727476357974956
289,202609058430289,high_overlap_shared_noise_alternative,50,True,contiguous,0,4000,50,0,0.015419459572204211,0.0007031857193662944,21.9280044340208,7.02267096584509e-107,computed,0.9715725882879819
290,202609058430290,high_overlap_shared_noise_alternative,50,True,contiguous,0,4000,50,0,0.014059889127200551,0.0005204381887368915,27.01548316683685,4.8613705752943584e-161,computed,0.9740316534481189
291,202609058430291,high_overlap_shared_noise_alternative,50,True,contiguous,0,4000,50,0,0.015497716771857899,0.00048148744431326533,32.1871669861754,1.3344077042534003e-227,computed,0.9722959178162699
292,202609058430292,high_overlap_shared_noise_alternative,50,True,contiguous,0,4000,50,0,0.015402963838273194,0.0005111752460960649,30.13245253151113,9.106889247997857e-200,computed,0.9722754164172643
293,202609058430293,high_overlap_shared_noise_alternative,50,True,contiguous,0,4000,50,0,0.014427473354817363,0.0005822409274179965,24.779215399366347,7.510101162726897e-136,computed,0.9720547068823325
294,202609058430294,high_overlap_shared_noise_alternative,50,True,contiguous,0,4000,50,0,0.014180393075223747,0.00042699005156263196,33.21012520860508,3.844664472906252e-242,computed,0.9732365279619393
295,202609058430295,high_overlap_shared_noise_alternative,50,True,contiguous,0,4000,50,0,0.01500248986008453,0.0005190551556330399,28.903459867935396,5.400911019000129e-184,computed,0.9726321273635102
296,202609058430296,high_overlap_shared_noise_alternative,50,True,contiguous,0,4000,50,0,0.015167569737508073,0.000433338206597689,35.00169038081066,1.0602351111622314e-268,computed,0.972597219894973
297,202609058430297,high_overlap_shared_noise_alternative,50,True,contiguous,0,4000,50,0,0.015536325948999917,0.0005258224019178831,29.546717470257576,3.618385138270012e-192,computed,0.9723069535330144
298,202609058430298,high_overlap_shared_noise_alternative,50,True,contiguous,0,4000,50,0,0.015339626151061438,0.0004944254262981812,31.02515634341653,1.2343178139306017e-211,computed,0.972113025365827
299,202609058430299,high_overlap_shared_noise_alternative,50,True,contiguous,0,4000,50,0,0.014075400449616658,0.000472933406163341,29.761907841958024,6.0813109987844e-195,computed,0.9729786486425026
0,202609058430000,high_overlap_shared_noise_alternative,100,True,contiguous,0,8000,100,0,0.014500060158332218,0.00035812437973635486,40.48889430260771,0.0,computed,0.9738788127174991
1,202609058430001,high_overlap_shared_noise_alternative,100,True,contiguous,0,8000,100,0,0.014911273198326953,0.0003868980762137304,38.54057209136822,0.0,computed,0.9734165182819621
2,202609058430002,high_overlap_shared_noise_alternative,100,True,contiguous,0,8000,100,0,0.014968406384401554,0.00033466320359615785,44.726776722259885,0.0,computed,0.9730552040959384
3,202609058430003,high_overlap_shared_noise_alternative,100,True,contiguous,0,8000,100,0,0.013733750086109163,0.00039672589906034295,34.61773007166398,6.83546544498866e-263,computed,0.9736883701750897
4,202609058430004,high_overlap_shared_noise_alternative,100,True,contiguous,0,8000,100,0,0.014634847910744863,0.0003452613152065379,42.387743040340865,0.0,computed,0.9734633148069819
5,202609058430005,high_overlap_shared_noise_alternative,100,True,contiguous,0,8000,100,0,0.015176060072497676,0.00039159497102287993,38.75448153191675,0.0,computed,0.9728611755360171
6,202609058430006,high_overlap_shared_noise_alternative,100,True,contiguous,0,8000,100,0,0.014522881689762497,0.00031512723121307007,46.08577187651231,0.0,computed,0.9736869282206363
7,202609058430007,high_overlap_shared_noise_alternative,100,True,contiguous,0,8000,100,0,0.01453939022791932,0.0003732932727949688,38.948974673607566,0.0,computed,0.9737040333582909
8,202609058430008,high_overlap_shared_noise_alternative,100,True,contiguous,0,8000,100,0,0.015362008278546842,0.000354139786040233,43.37837454050305,0.0,computed,0.9733783995588006
9,202609058430009,high_overlap_shared_noise_alternative,100,True,contiguous,0,8000,100,0,0.01425282872877455,0.0003413292114966694,41.756838409107644,0.0,computed,0.973538835232862
10,202609058430010,high_overlap_shared_noise_alternative,100,True,contiguous,0,8000,100,0,0.014331033558394464,0.00037404191121088185,38.31397800316217,0.0,computed,0.9739688830434687
11,202609058430011,high_overlap_shared_noise_alternative,100,True,contiguous,0,8000,100,0,0.0149468108329125,0.0003365395876392728,44.413232148289076,0.0,computed,0.972392196793414
12,202609058430012,high_overlap_shared_noise_alternative,100,True,contiguous,0,8000,100,0,0.014432904542228163,0.00040389543285209497,35.73426032651734,5.808459941484523e-280,computed,0.9732738640045839
13,202609058430013,high_overlap_shared_noise_alternative,100,True,contiguous,0,8000,100,0,0.014445900124657957,0.0003401058756571666,42.47471495970186,0.0,computed,0.9730224850064131
14,202609058430014,high_overlap_shared_noise_alternative,100,True,contiguous,0,8000,100,0,0.01517859412226451,0.0003533465549234748,42.95667783021623,0.0,computed,0.9732236578554373
15,202609058430015,high_overlap_shared_noise_alternative,100,True,contiguous,0,8000,100,0,0.01519946189642917,0.00036515496374042126,41.62468925722739,0.0,computed,0.9731228664311512
16,202609058430016,high_overlap_shared_noise_alternative,100,True,contiguous,0,8000,100,0,0.015062975164007874,0.0003644366921457691,41.33221349178231,0.0,computed,0.9726200437303654
17,202609058430017,high_overlap_shared_noise_alternative,100,True,contiguous,0,8000,100,0,0.015208395213770874,0.0003449448566424161,44.08935202514562,0.0,computed,0.9729085990003559
18,202609058430018,high_overlap_shared_noise_alternative,100,True,contiguous,0,8000,100,0,0.014226777464221343,0.00035160600965164436,40.46227047801772,0.0,computed,0.9742340347803329
19,202609058430019,high_overlap_shared_noise_alternative,100,True,contiguous,0,8000,100,0,0.014262245514629275,0.00039545482606387914,36.06542283624943,3.9525022730811856e-285,computed,0.9741249495648556
20,202609058430020,high_overlap_shared_noise_alternative,100,True,contiguous,0,8000,100,0,0.014536853997502227,0.0003951358546695118,36.789508787201115,1.3584174616272577e-296,computed,0.9729754368996619
21,202609058430021,high_overlap_shared_noise_alternative,100,True,contiguous,0,8000,100,0,0.014937100121371833,0.00037322998389153144,40.02116862538266,0.0,computed,0.972699577315229
22,202609058430022,high_overlap_shared_noise_alternative,100,True,contiguous,0,8000,100,0,0.014605793888944254,0.0003823623228989998,38.19883135505049,0.0,computed,0.9733486448194003
23,202609058430023,high_overlap_shared_noise_alternative,100,True,contiguous,0,8000,100,0,0.01459383678177561,0.0004152701927250864,35.14299132814692,7.437008267594306e-271,computed,0.9733791991615203
24,202609058430024,high_overlap_shared_noise_alternative,100,True,contiguous,0,8000,100,0,0.013834720046687458,0.00035337467128913023,39.150287699505,0.0,computed,0.9740086451340713
25,202609058430025,high_overlap_shared_noise_alternative,100,True,contiguous,0,8000,100,0,0.01444632446324415,0.0003625549155018045,39.845893257989076,0.0,computed,0.9727332382087729
26,202609058430026,high_overlap_shared_noise_alternative,100,True,contiguous,0,8000,100,0,0.01426863178834112,0.0003516074533946781,40.58114141375903,0.0,computed,0.9733822518049721
27,202609058430027,high_overlap_shared_noise_alternative,100,True,contiguous,0,8000,100,0,0.015281702418818975,0.00035811901343068403,42.67213369216107,0.0,computed,0.9722806533684946
28,202609058430028,high_overlap_shared_noise_alternative,100,True,contiguous,0,8000,100,0,0.014462373867075527,0.00033430422216690337,43.26111639671455,0.0,computed,0.9733851979926921
29,202609058430029,high_overlap_shared_noise_alternative,100,True,contiguous,0,8000,100,0,0.01526962688733483,0.0003340216239205632,45.71448611053469,0.0,computed,0.973215347136383
30,202609058430030,high_overlap_shared_noise_alternative,100,True,contiguous,0,8000,100,0,0.014742294664415396,0.000373652219940488,39.454588726285145,0.0,computed,0.9733571225780644
31,202609058430031,high_overlap_shared_noise_alternative,100,True,contiguous,0,8000,100,0,0.014853580707513369,0.0004008604322317273,37.05424510176372,7.671594661695468e-301,computed,0.9731586337040302
32,202609058430032,high_overlap_shared_noise_alternative,100,True,contiguous,0,8000,100,0,0.014461920040838966,0.00034708082539711675,41.667297593556725,0.0,computed,0.9730663568429225
33,202609058430033,high_overlap_shared_noise_alternative,100,True,contiguous,0,8000,100,0,0.015033767436580277,0.0003528186853020277,42.61046271886291,0.0,computed,0.9728049663201083
34,202609058430034,high_overlap_shared_noise_alternative,100,True,contiguous,0,8000,100,0,0.014566322187114702,0.0003327266662802866,43.77864374370323,0.0,computed,0.973436368530647
35,202609058430035,high_overlap_shared_noise_alternative,100,True,contiguous,0,8000,100,0,0.014231821189710177,0.0003596095062428665,39.575764663180365,0.0,computed,0.973573948190729
36,202609058430036,high_overlap_shared_noise_alternative,100,True,contiguous,0,8000,100,0,0.014454557899967082,0.0003841091660265307,37.63137977022057,3.2986899566206e-310,computed,0.9737299072571377
37,202609058430037,high_overlap_shared_noise_alternative,100,True,contiguous,0,8000,100,0,0.014676354580730291,0.00033792171590249005,43.43122649437915,0.0,computed,0.9736036558133477
38,202609058430038,high_overlap_shared_noise_alternative,100,True,contiguous,0,8000,100,0,0.01467738528667789,0.0003527234327198658,41.61159686358213,0.0,computed,0.9720504764333923
39,202609058430039,high_overlap_shared_noise_alternative,100,True,contiguous,0,8000,100,0,0.014725674667818114,0.0003831138166660622,38.43681440665352,0.0,computed,0.973067005261135
40,202609058430040,high_overlap_shared_noise_alternative,100,True,contiguous,0,8000,100,0,0.01437007201233066,0.0003634359057020966,39.53949454875713,0.0,computed,0.9736241561670964
41,202609058430041,high_overlap_shared_noise_alternative,100,True,contiguous,0,8000,100,0,0.014225236694052257,0.0003539444512835347,40.190591044629286,0.0,computed,0.9732368371559971
42,202609058430042,high_overlap_shared_noise_alternative,100,True,contiguous,0,8000,100,0,0.014907887051285791,0.0003864083555746132,38.58065395381225,0.0,computed,0.9725342568867678
43,202609058430043,high_overlap_shared_noise_alternative,100,True,contiguous,0,8000,100,0,0.015044034798712979,0.00035483670163258556,42.39706526832242,0.0,computed,0.9723650204807812
44,202609058430044,high_overlap_shared_noise_alternative,100,True,contiguous,0,8000,100,0,0.014576848063480273,0.0003284417177305567,44.381840906820074,0.0,computed,0.9723068247932029
45,202609058430045,high_overlap_shared_noise_alternative,100,True,contiguous,0,8000,100,0,0.014731124908980368,0.0003630109960331432,40.58038205441965,0.0,computed,0.9734580561982226
46,202609058430046,high_overlap_shared_noise_alternative,100,True,contiguous,0,8000,100,0,0.014481204741809351,0.00035476322255721145,40.81935167187184,0.0,computed,0.9731789574802623
47,202609058430047,high_overlap_shared_noise_alternative,100,True,contiguous,0,8000,100,0,0.014679438048556872,0.0003610603842713716,40.65646270825398,0.0,computed,0.972846332633509
48,202609058430048,high_overlap_shared_noise_alternative,100,True,contiguous,0,8000,100,0,0.014902637560792078,0.00037531313546112946,39.70721020057535,0.0,computed,0.9730758317541577
49,202609058430049,high_overlap_shared_noise_alternative,100,True,contiguous,0,8000,100,0,0.014277194277973155,0.0003341270027838828,42.729842721534865,0.0,computed,0.9737632794640814
50,202609058430050,high_overlap_shared_noise_alternative,100,True,contiguous,0,8000,100,0,0.01536008769002088,0.0003516171571632435,43.684124557351254,0.0,computed,0.9724788360959928
51,202609058430051,high_overlap_shared_noise_alternative,100,True,contiguous,0,8000,100,0,0.014610543468626532,0.00039387245353629654,37.094605975739114,1.7161462409442122e-301,computed,0.9732245110068928
52,202609058430052,high_overlap_shared_noise_alternative,100,True,contiguous,0,8000,100,0,0.014419052270782001,0.00036876490019987747,39.100934668583164,0.0,computed,0.973597973007035
53,202609058430053,high_overlap_shared_noise_alternative,100,True,contiguous,0,8000,100,0,0.015319656667832504,0.00040080098848089337,38.22260200978224,0.0,computed,0.972350454048634
54,202609058430054,high_overlap_shared_noise_alternative,100,True,contiguous,0,8000,100,0,0.014661396956002699,0.00031661187242455356,46.307161016194705,0.0,computed,0.9738169733165711
55,202609058430055,high_overlap_shared_noise_alternative,100,True,contiguous,0,8000,100,0,0.014586584508886393,0.00039163621871248736,37.24523885160598,6.326691829846205e-304,computed,0.9734278832409078
56,202609058430056,high_overlap_shared_noise_alternative,100,True,contiguous,0,8000,100,0,0.014390615817318602,0.0003643910255881561,39.4922344590979,0.0,computed,0.9733339203843749
57,202609058430057,high_overlap_shared_noise_alternative,100,True,contiguous,0,8000,100,0,0.014687347523464681,0.0003416010527915367,42.99561550949812,0.0,computed,0.973297929768492
58,202609058430058,high_overlap_shared_noise_alternative,100,True,contiguous,0,8000,100,0,0.014341439972195379,0.0003290324175957498,43.5867081942525,0.0,computed,0.9734717566269746
59,202609058430059,high_overlap_shared_noise_alternative,100,True,contiguous,0,8000,100,0,0.015349182676493793,0.00040899438986260876,37.52907877697286,1.5458414109238983e-308,computed,0.9727547014122556
60,202609058430060,high_overlap_shared_noise_alternative,100,True,contiguous,0,8000,100,0,0.014314620204128808,0.0003613432262706968,39.61502295716247,0.0,computed,0.9737524085475783
61,202609058430061,high_overlap_shared_noise_alternative,100,True,contiguous,0,8000,100,0,0.014744411345544191,0.0003988639706996583,36.9660145529831,2.0140726607788038e-299,computed,0.9724274421260178
62,202609058430062,high_overlap_shared_noise_alternative,100,True,contiguous,0,8000,100,0,0.01454583435173983,0.00034076877665833224,42.68534956277417,0.0,computed,0.9739263261945655
63,202609058430063,high_overlap_shared_noise_alternative,100,True,contiguous,0,8000,100,0,0.014325694182208139,0.00036936258887180064,38.78490841740429,0.0,computed,0.9733416676106994
64,202609058430064,high_overlap_shared_noise_alternative,100,True,contiguous,0,8000,100,0,0.014169983537494261,0.0003890199847538476,36.42482158457828,8.615018724343162e-291,computed,0.9739724511083349
65,202609058430065,high_overlap_shared_noise_alternative,100,True,contiguous,0,8000,100,0,0.015037640324467166,0.0003426946855289298,43.88057638319492,0.0,computed,0.9724936674011094
66,202609058430066,high_overlap_shared_noise_alternative,100,True,contiguous,0,8000,100,0,0.014393833964633292,0.0003683812527458551,39.0731989137448,0.0,computed,0.9734912143458786
67,202609058430067,high_overlap_shared_noise_alternative,100,True,contiguous,0,8000,100,0,0.014421880509255814,0.0003359670139929618,42.92647762603843,0.0,computed,0.9737086280321533
68,202609058430068,high_overlap_shared_noise_alternative,100,True,contiguous,0,8000,100,0,0.01484647578605451,0.00038238361267346413,38.826129818310584,0.0,computed,0.9732923457351789
69,202609058430069,high_overlap_shared_noise_alternative,100,True,contiguous,0,8000,100,0,0.014635727564803072,0.00036150203300240667,40.48587899561172,0.0,computed,0.9730334286052091
70,202609058430070,high_overlap_shared_noise_alternative,100,True,contiguous,0,8000,100,0,0.014798472393425955,0.0003728126741097319,39.694123674213515,0.0,computed,0.973265239444444
71,202609058430071,high_overlap_shared_noise_alternative,100,True,contiguous,0,8000,100,0,0.014130924512034248,0.00034061099394438603,41.486988861966985,0.0,computed,0.9732815759879753
72,202609058430072,high_overlap_shared_noise_alternative,100,True,contiguous,0,8000,100,0,0.015144673408426283,0.0003405854150098241,44.46659410823402,0.0,computed,0.9732473377715206
73,202609058430073,high_overlap_shared_noise_alternative,100,True,contiguous,0,8000,100,0,0.015244478274228514,0.00037563902774278446,40.58278599492872,0.0,computed,0.9733049511522396
74,202609058430074,high_overlap_shared_noise_alternative,100,True,contiguous,0,8000,100,0,0.015074533653758469,0.00032800591276782636,45.95811559174158,0.0,computed,0.97230429026833
75,202609058430075,high_overlap_shared_noise_alternative,100,True,contiguous,0,8000,100,0,0.01520540593985856,0.00037422260515567677,40.63198142061222,0.0,computed,0.9729258251633757
76,202609058430076,high_overlap_shared_noise_alternative,100,True,contiguous,0,8000,100,0,0.01462572355245857,0.00036812733362987085,39.73006679032377,0.0,computed,0.9733757466738515
77,202609058430077,high_overlap_shared_noise_alternative,100,True,contiguous,0,8000,100,0,0.01456467498438073,0.0003805882927136808,38.26884658098991,0.0,computed,0.9732173988933087
78,202609058430078,high_overlap_shared_noise_alternative,100,True,contiguous,0,8000,100,0,0.015187724493311896,0.00043901782088418884,34.59477900629086,1.513541070403994e-262,computed,0.9725100619497569
79,202609058430079,high_overlap_shared_noise_alternative,100,True,contiguous,0,8000,100,0,0.01502772440365651,0.0003292037669022625,45.64870124380472,0.0,computed,0.9729038692148316
80,202609058430080,high_overlap_shared_noise_alternative,100,True,contiguous,0,8000,100,0,0.014502510177525421,0.0003813233754913658,38.03205129724285,0.0,computed,0.9732016183862493
81,202609058430081,high_overlap_shared_noise_alternative,100,True,contiguous,0,8000,100,0,0.015152015968199001,0.00037391696150794896,40.522408791228074,0.0,computed,0.9722153867831222
82,202609058430082,high_overlap_shared_noise_alternative,100,True,contiguous,0,8000,100,0,0.014662448509828696,0.00037494471862056745,39.105627527631995,0.0,computed,0.9733867660594604
83,202609058430083,high_overlap_shared_noise_alternative,100,True,contiguous,0,8000,100,0,0.01473794584430784,0.00034421437792919946,42.81618313846044,0.0,computed,0.9733834115135684
84,202609058430084,high_overlap_shared_noise_alternative,100,True,contiguous,0,8000,100,0,0.014434410937693916,0.0003639479872353881,39.66064230040177,0.0,computed,0.9733126382335399
85,202609058430085,high_overlap_shared_noise_alternative,100,True,contiguous,0,8000,100,0,0.014699917937259811,0.00038848053610139496,37.83952237293833,0.0,computed,0.9729529272497119
86,202609058430086,high_overlap_shared_noise_alternative,100,True,contiguous,0,8000,100,0,0.014500030506244677,0.0003387760263876626,42.80122965269166,0.0,computed,0.9732561428921418
87,202609058430087,high_overlap_shared_noise_alternative,100,True,contiguous,0,8000,100,0,0.014691742089566964,0.0003404502279777354,43.153861804809154,0.0,computed,0.9739501631202441
88,202609058430088,high_overlap_shared_noise_alternative,100,True,contiguous,0,8000,100,0,0.014680556739155932,0.0003922136192230926,37.43000247731218,6.353190946849049e-307,computed,0.9720650524516398
89,202609058430089,high_overlap_shared_noise_alternative,100,True,contiguous,0,8000,100,0,0.013901297572052548,0.0003939297842022147,35.28877005379375,4.365705049102956e-273,computed,0.9739947034525162
90,202609058430090,high_overlap_shared_noise_alternative,100,True,contiguous,0,8000,100,0,0.014170402577748134,0.00033351784127484625,42.48768978469896,0.0,computed,0.9728105700943148
91,202609058430091,high_overlap_shared_noise_alternative,100,True,contiguous,0,8000,100,0,0.014711724099961743,0.0003592358710449859,40.95282594459907,0.0,computed,0.9731659534275818
92,202609058430092,high_overlap_shared_noise_alternative,100,True,contiguous,0,8000,100,0,0.014675470669502226,0.0003359018669606725,43.68975618471461,0.0,computed,0.9731271783994839
93,202609058430093,high_overlap_shared_noise_alternative,100,True,contiguous,0,8000,100,0,0.014508330835026523,0.0003674130141698353,39.487797860965536,0.0,computed,0.97284113991746
94,202609058430094,high_overlap_shared_noise_alternative,100,True,contiguous,0,8000,100,0,0.014645698898533345,0.00039066927653965517,37.48873990874663,7.02664421852024e-308,computed,0.9735487820481253
95,202609058430095,high_overlap_shared_noise_alternative,100,True,contiguous,0,8000,100,0,0.014348493900966347,0.0003679844610498138,38.992119015112436,0.0,computed,0.9738668282197936
96,202609058430096,high_overlap_shared_noise_alternative,100,True,contiguous,0,8000,100,0,0.014586091732723332,0.0003374481458668072,43.224690701013806,0.0,computed,0.9731655257850333
97,202609058430097,high_overlap_shared_noise_alternative,100,True,contiguous,0,8000,100,0,0.014389895496315374,0.000346036703805899,41.584882002537626,0.0,computed,0.9737353064459005
98,202609058430098,high_overlap_shared_noise_alternative,100,True,contiguous,0,8000,100,0,0.014708527000365545,0.00035921254769637553,40.94658467442493,0.0,computed,0.9728833567001545
99,202609058430099,high_overlap_shared_noise_alternative,100,True,contiguous,0,8000,100,0,0.015075013526336611,0.00037428603793751857,40.276718868292804,0.0,computed,0.9730127000479654
100,202609058430100,high_overlap_shared_noise_alternative,100,True,contiguous,0,8000,100,0,0.014839301578748847,0.00035215532329421187,42.138512744704975,0.0,computed,0.9730488127957693
101,202609058430101,high_overlap_shared_noise_alternative,100,True,contiguous,0,8000,100,0,0.014046394202166268,0.00032816011770451457,42.803477462224926,0.0,computed,0.9734828461932885
102,202609058430102,high_overlap_shared_noise_alternative,100,True,contiguous,0,8000,100,0,0.014448135367906768,0.00038078037895119426,37.94348702446832,0.0,computed,0.9731671252823969
103,202609058430103,high_overlap_shared_noise_alternative,100,True,contiguous,0,8000,100,0,0.014964940551965431,0.0003576540596428556,41.8419423699791,0.0,computed,0.9724833864519508
104,202609058430104,high_overlap_shared_noise_alternative,100,True,contiguous,0,8000,100,0,0.014446150141820458,0.00039848459002836227,36.25271968683218,4.501686282652705e-288,computed,0.973151967789669
105,202609058430105,high_overlap_shared_noise_alternative,100,True,contiguous,0,8000,100,0,0.014921687519479322,0.0003436636497034261,43.41945251514496,0.0,computed,0.972960042301967
106,202609058430106,high_overlap_shared_noise_alternative,100,True,contiguous,0,8000,100,0,0.014778116969198124,0.000408142370856632,36.20824012508426,2.2582917200370488e-287,computed,0.9730200882436595
107,202609058430107,high_overlap_shared_noise_alternative,100,True,contiguous,0,8000,100,0,0.015299218042950521,0.00035592682607788595,42.98416675005738,0.0,computed,0.9726199085139632
108,202609058430108,high_overlap_shared_noise_alternative,100,True,contiguous,0,8000,100,0,0.014553782762570612,0.00040489019594386864,35.94501153243102,3.0281533003309995e-283,computed,0.9729463221762835
109,202609058430109,high_overlap_shared_noise_alternative,100,True,contiguous,0,8000,100,0,0.014892836609283666,0.00038487982539349127,38.694770748395584,0.0,computed,0.9727911720097436
110,202609058430110,high_overlap_shared_noise_alternative,100,True,contiguous,0,8000,100,0,0.014711538736434136,0.00035992392908427897,40.87402239096283,0.0,computed,0.9731954917031709
111,202609058430111,high_overlap_shared_noise_alternative,100,True,contiguous,0,8000,100,0,0.01452608302830106,0.00035332713600755994,41.11227683341665,0.0,computed,0.9738322340270291
112,202609058430112,high_overlap_shared_noise_alternative,100,True,contiguous,0,8000,100,0,0.014729237213488946,0.0003517654149153923,41.87232908337981,0.0,computed,0.9733637876451567
113,202609058430113,high_overlap_shared_noise_alternative,100,True,contiguous,0,8000,100,0,0.014836142727983608,0.00040032209945002807,37.06051389210301,6.080279353292599e-301,computed,0.9731610334314065
114,202609058430114,high_overlap_shared_noise_alternative,100,True,contiguous,0,8000,100,0,0.014982062083685872,0.0004083333167205576,36.69076577931756,5.125615438948249e-295,computed,0.9727223744001733
115,202609058430115,high_overlap_shared_noise_alternative,100,True,contiguous,0,8000,100,0,0.01467053575870505,0.00035603265714615026,41.20559017338357,0.0,computed,0.973319295740197
116,202609058430116,high_overlap_shared_noise_alternative,100,True,contiguous,0,8000,100,0,0.014374256267562658,0.0003688904807993728,38.966189196354826,0.0,computed,0.9739000386644088
117,202609058430117,high_overlap_shared_noise_alternative,100,True,contiguous,0,8000,100,0,0.015264719954003005,0.0003888431932748526,39.25674981074745,0.0,computed,0.9729190987504742
118,202609058430118,high_overlap_shared_noise_alternative,100,True,contiguous,0,8000,100,0,0.01464295466002103,0.0003887822216930558,37.663642633282926,9.782922213363e-311,computed,0.9733425451533456
119,202609058430119,high_overlap_shared_noise_alternative,100,True,contiguous,0,8000,100,0,0.01536630164774284,0.00038099481813509125,40.33204893168477,0.0,computed,0.9725460177260319
120,202609058430120,high_overlap_shared_noise_alternative,100,True,contiguous,0,8000,100,0,0.01474657551995668,0.0003818572738851392,38.61802963688568,0.0,computed,0.9727486919885356
121,202609058430121,high_overlap_shared_noise_alternative,100,True,contiguous,0,8000,100,0,0.014451339649651854,0.0003583860443474863,40.32338836174109,0.0,computed,0.9736159853396132
122,202609058430122,high_overlap_shared_noise_alternative,100,True,contiguous,0,8000,100,0,0.014542733198151978,0.00037609948836720217,38.66725068222714,0.0,computed,0.9735785357742929
123,202609058430123,high_overlap_shared_noise_alternative,100,True,contiguous,0,8000,100,0,0.014781545377541309,0.00042548410513177076,34.740534838460114,9.631092495457202e-265,computed,0.9735538646037024
124,202609058430124,high_overlap_shared_noise_alternative,100,True,contiguous,0,8000,100,0,0.014297261608970505,0.0003800349849717507,37.620909059289026,4.8928540305238e-310,computed,0.9740146269135045
125,202609058430125,high_overlap_shared_noise_alternative,100,True,contiguous,0,8000,100,0,0.015027695727374767,0.0003759434693105613,39.973285757387664,0.0,computed,0.9734020436256438
126,202609058430126,high_overlap_shared_noise_alternative,100,True,contiguous,0,8000,100,0,0.015191236754671362,0.00040223638520202695,37.76693833165148,0.0,computed,0.9723127724762483
127,202609058430127,high_overlap_shared_noise_alternative,100,True,contiguous,0,8000,100,0,0.014495707162162507,0.00042870550191967405,33.812738808466584,6.408059971077603e-251,computed,0.9734002452991134
128,202609058430128,high_overlap_shared_noise_alternative,100,True,contiguous,0,8000,100,0,0.014818558230341313,0.0003898779526385335,38.0081975142616,0.0,computed,0.9735624962521904
129,202609058430129,high_overlap_shared_noise_alternative,100,True,contiguous,0,8000,100,0,0.014707384774329927,0.00034200457623099594,43.00347362719585,0.0,computed,0.9735135429445247
130,202609058430130,high_overlap_shared_noise_alternative,100,True,contiguous,0,8000,100,0,0.01482189249210608,0.0003477900761390333,42.61735313626617,0.0,computed,0.9725727590858263
131,202609058430131,high_overlap_shared_noise_alternative,100,True,contiguous,0,8000,100,0,0.014500685498532949,0.0003213795212642038,45.12012912799145,0.0,computed,0.9731041290515069
132,202609058430132,high_overlap_shared_noise_alternative,100,True,contiguous,0,8000,100,0,0.014470314201800944,0.00038864512285401246,37.23271784690955,1.0088363745747423e-303,computed,0.973220142603199
133,202609058430133,high_overlap_shared_noise_alternative,100,True,contiguous,0,8000,100,0,0.01478135167621721,0.00035729281187967763,41.3704143625341,0.0,computed,0.9727958992647386
134,202609058430134,high_overlap_shared_noise_alternative,100,True,contiguous,0,8000,100,0,0.014333606898569237,0.00036781384501781926,38.969731816035434,0.0,computed,0.9738955513187951
135,202609058430135,high_overlap_shared_noise_alternative,100,True,contiguous,0,8000,100,0,0.014827686598340419,0.00031300859448975103,47.37149988648611,0.0,computed,0.9735899305855983
136,202609058430136,high_overlap_shared_noise_alternative,100,True,contiguous,0,8000,100,0,0.01410923098849194,0.0003380877104036189,41.73245744912742,0.0,computed,0.9741689727756195
137,202609058430137,high_overlap_shared_noise_alternative,100,True,contiguous,0,8000,100,0,0.014583964170399113,0.0003904336006680527,37.35325070753432,1.1226705297230884e-305,computed,0.9736310202766503
138,202609058430138,high_overlap_shared_noise_alternative,100,True,contiguous,0,8000,100,0,0.013906084795687874,0.00037037032914277946,37.54643312781952,8.0546406814976e-309,computed,0.9735957000439467
139,202609058430139,high_overlap_shared_noise_alternative,100,True,contiguous,0,8000,100,0,0.014991698408948295,0.0003509964163860847,42.71182755455233,0.0,computed,0.9720982504528237
140,202609058430140,high_overlap_shared_noise_alternative,100,True,contiguous,0,8000,100,0,0.015261418239869755,0.0003685215387734085,41.41255431274395,0.0,computed,0.9729058871219436
141,202609058430141,high_overlap_shared_noise_alternative,100,True,contiguous,0,8000,100,0,0.015057138434445448,0.0003907477680155526,38.53416363940981,0.0,computed,0.9731531439861042
142,202609058430142,high_overlap_shared_noise_alternative,100,True,contiguous,0,8000,100,0,0.01454039420427863,0.00036349077916048174,40.00209919454112,0.0,computed,0.973839370097611
143,202609058430143,high_overlap_shared_noise_alternative,100,True,contiguous,0,8000,100,0,0.014595996385213564,0.00039867892525496446,36.61090531905865,9.59069951419522e-294,computed,0.9733776671019054
144,202609058430144,high_overlap_shared_noise_alternative,100,True,contiguous,0,8000,100,0,0.01518741171439161,0.0003805992464419709,39.903945833763494,0.0,computed,0.972330561747599
145,202609058430145,high_overlap_shared_noise_alternative,100,True,contiguous,0,8000,100,0,0.014952172473538262,0.0003312395367233341,45.14005973274554,0.0,computed,0.9730826651430302
146,202609058430146,high_overlap_shared_noise_alternative,100,True,contiguous,0,8000,100,0,0.014578525514155321,0.0003249819395482555,44.8594944519697,0.0,computed,0.9729364634650642
147,202609058430147,high_overlap_shared_noise_alternative,100,True,contiguous,0,8000,100,0,0.014184045024414692,0.0003657187882581048,38.78402061860806,0.0,computed,0.9734420383588969
148,202609058430148,high_overlap_shared_noise_alternative,100,True,contiguous,0,8000,100,0,0.014865447664026454,0.0003845090705827455,38.660850422844426,0.0,computed,0.9730179852780334
149,202609058430149,high_overlap_shared_noise_alternative,100,True,contiguous,0,8000,100,0,0.014540255235242213,0.00035416466537915376,41.055070300917876,0.0,computed,0.9728699704967602
150,202609058430150,high_overlap_shared_noise_alternative,100,True,contiguous,0,8000,100,0,0.014844210421035165,0.00034520979874504745,43.00054771040339,0.0,computed,0.9730132480954898
151,202609058430151,high_overlap_shared_noise_alternative,100,True,contiguous,0,8000,100,0,0.014957832989711565,0.000349887037031785,42.75046345415976,0.0,computed,0.9729802072456198
152,202609058430152,high_overlap_shared_noise_alternative,100,True,contiguous,0,8000,100,0,0.014445531418789136,0.00037266118792595376,38.763176544318334,0.0,computed,0.9731989701820637
153,202609058430153,high_overlap_shared_noise_alternative,100,True,contiguous,0,8000,100,0,0.015030059936337239,0.00035934331168401224,41.826463572957465,0.0,computed,0.9728061780647208
154,202609058430154,high_overlap_shared_noise_alternative,100,True,contiguous,0,8000,100,0,0.014706740035289037,0.0003569547309013605,41.20057464472446,0.0,computed,0.9737810835660883
155,202609058430155,high_overlap_shared_noise_alternative,100,True,contiguous,0,8000,100,0,0.014352447690929129,0.0003436451028349753,41.765320013366924,0.0,computed,0.9732101016647614
156,202609058430156,high_overlap_shared_noise_alternative,100,True,contiguous,0,8000,100,0,0.014897417699867297,0.0003764975108777791,39.568436097054004,0.0,computed,0.9725789310377385
157,202609058430157,high_overlap_shared_noise_alternative,100,True,contiguous,0,8000,100,0,0.015084403925688652,0.0003294457160818853,45.787221351936935,0.0,computed,0.9725972188416093
158,202609058430158,high_overlap_shared_noise_alternative,100,True,contiguous,0,8000,100,0,0.01504615113752057,0.00036738431288744816,40.95480021796714,0.0,computed,0.9729842912584207
159,202609058430159,high_overlap_shared_noise_alternative,100,True,contiguous,0,8000,100,0,0.01495197638392936,0.00037364027782287696,40.01703582668167,0.0,computed,0.9732478498446082
160,202609058430160,high_overlap_shared_noise_alternative,100,True,contiguous,0,8000,100,0,0.01419903795464069,0.00035355852948316865,40.16036036634959,0.0,computed,0.9737156563275694
161,202609058430161,high_overlap_shared_noise_alternative,100,True,contiguous,0,8000,100,0,0.014328432471635925,0.0003674670336792726,38.992429683207625,0.0,computed,0.9733677418316277
162,202609058430162,high_overlap_shared_noise_alternative,100,True,contiguous,0,8000,100,0,0.015179186679337126,0.00039089025365364704,38.83234881774981,0.0,computed,0.9725240633521098
163,202609058430163,high_overlap_shared_noise_alternative,100,True,contiguous,0,8000,100,0,0.014175172285213464,0.0003687354303743371,38.44266408254544,0.0,computed,0.9739511948737912
164,202609058430164,high_overlap_shared_noise_alternative,100,True,contiguous,0,8000,100,0,0.014050388849831055,0.00031624467293442615,44.42885541583313,0.0,computed,0.9738926558004736
165,202609058430165,high_overlap_shared_noise_alternative,100,True,contiguous,0,8000,100,0,0.014352504969062384,0.00037763272159856473,38.006518366063474,0.0,computed,0.9739890223792048
166,202609058430166,high_overlap_shared_noise_alternative,100,True,contiguous,0,8000,100,0,0.015437520866826657,0.0003728152332770561,41.40796697369478,0.0,computed,0.9725200595243608
167,202609058430167,high_overlap_shared_noise_alternative,100,True,contiguous,0,8000,100,0,0.014483262658858112,0.00031406486017836047,46.11551464443659,0.0,computed,0.9738684701911825
168,202609058430168,high_overlap_shared_noise_alternative,100,True,contiguous,0,8000,100,0,0.014322222709274123,0.0003683169778928407,38.88558923135245,0.0,computed,0.9726530508450297
169,202609058430169,high_overlap_shared_noise_alternative,100,True,contiguous,0,8000,100,0,0.01474453480448947,0.00034474773930291664,42.769054365093346,0.0,computed,0.9726950061013315
170,202609058430170,high_overlap_shared_noise_alternative,100,True,contiguous,0,8000,100,0,0.014662090777598582,0.0003671112283027493,39.9390965113904,0.0,computed,0.9722511923228174
171,202609058430171,high_overlap_shared_noise_alternative,100,True,contiguous,0,8000,100,0,0.01436064839429157,0.0003708971671131194,38.718679104690324,0.0,computed,0.9740980739024432
172,202609058430172,high_overlap_shared_noise_alternative,100,True,contiguous,0,8000,100,0,0.014587175439954532,0.00035784007382154084,40.764510481375915,0.0,computed,0.9730431656713161
173,202609058430173,high_overlap_shared_noise_alternative,100,True,contiguous,0,8000,100,0,0.01502553655938726,0.00032237162726382254,46.6093641271062,0.0,computed,0.9732877667291551
174,202609058430174,high_overlap_shared_noise_alternative,100,True,contiguous,0,8000,100,0,0.014123078969650817,0.00035837626489539223,39.40852214019602,0.0,computed,0.9743983550764813
175,202609058430175,high_overlap_shared_noise_alternative,100,True,contiguous,0,8000,100,0,0.014620048294413952,0.00037942725597143486,38.531887375836334,0.0,computed,0.9728925887429862
176,202609058430176,high_overlap_shared_noise_alternative,100,True,contiguous,0,8000,100,0,0.01487436210190126,0.0003599882145418756,41.31902518206191,0.0,computed,0.9728728901132079
177,202609058430177,high_overlap_shared_noise_alternative,100,True,contiguous,0,8000,100,0,0.014347623821494977,0.00035915422184795373,39.94836465424866,0.0,computed,0.9736915734512487
178,202609058430178,high_overlap_shared_noise_alternative,100,True,contiguous,0,8000,100,0,0.014627778970163884,0.00032908817917025004,44.44942084229761,0.0,computed,0.9733791015445364
179,202609058430179,high_overlap_shared_noise_alternative,100,True,contiguous,0,8000,100,0,0.014823375976672472,0.0003197335672391396,46.361650747747625,0.0,computed,0.9732303795525651
180,202609058430180,high_overlap_shared_noise_alternative,100,True,contiguous,0,8000,100,0,0.014690888568426133,0.0003496688331889568,42.013720337744125,0.0,computed,0.9732531809895649
181,202609058430181,high_overlap_shared_noise_alternative,100,True,contiguous,0,8000,100,0,0.014613668496683283,0.0003587664391754473,40.73309791816054,0.0,computed,0.9732533469872656
182,202609058430182,high_overlap_shared_noise_alternative,100,True,contiguous,0,8000,100,0,0.013725319091418947,0.00037396153210296506,36.702489195171744,3.332496701306308e-295,computed,0.9737273918690034
183,202609058430183,high_overlap_shared_noise_alternative,100,True,contiguous,0,8000,100,0,0.01549141908068987,0.0003810018034074862,40.659700143522954,0.0,computed,0.9725471744334523
184,202609058430184,high_overlap_shared_noise_alternative,100,True,contiguous,0,8000,100,0,0.014255869819016073,0.00037694046363558764,37.81995087902829,0.0,computed,0.9733623324234593
185,202609058430185,high_overlap_shared_noise_alternative,100,True,contiguous,0,8000,100,0,0.015347103942286578,0.00033430185876162275,45.907922854924905,0.0,computed,0.9720558175485394
186,202609058430186,high_overlap_shared_noise_alternative,100,True,contiguous,0,8000,100,0,0.014097032762692419,0.00032698159367255817,43.11261867788587,0.0,computed,0.9739102882363473
187,202609058430187,high_overlap_shared_noise_alternative,100,True,contiguous,0,8000,100,0,0.014859988552081222,0.0003926472450507133,37.84564577846954,0.0,computed,0.973171252148057
188,202609058430188,high_overlap_shared_noise_alternative,100,True,contiguous,0,8000,100,0,0.014546554503946534,0.0003485014196488062,41.740302001080714,0.0,computed,0.9728344640723483
189,202609058430189,high_overlap_shared_noise_alternative,100,True,contiguous,0,8000,100,0,0.014741411320391322,0.0003986584854185721,36.97754308405992,1.314711441247016e-299,computed,0.9725658294855508
190,202609058430190,high_overlap_shared_noise_alternative,100,True,contiguous,0,8000,100,0,0.01479344366263787,0.00037524223469176854,39.423716988546076,0.0,computed,0.9730605308638591
191,202609058430191,high_overlap_shared_noise_alternative,100,True,contiguous,0,8000,100,0,0.014604554074900078,0.00032442960266993365,45.01609580232534,0.0,computed,0.9734015139677299
192,202609058430192,high_overlap_shared_noise_alternative,100,True,contiguous,0,8000,100,0,0.014707018680258763,0.00029984219994757193,49.04919548626017,0.0,computed,0.9729126847454516
193,202609058430193,high_overlap_shared_noise_alternative,100,True,contiguous,0,8000,100,0,0.014558582358433866,0.00036643293097781457,39.73055128965826,0.0,computed,0.9722932911695599
194,202609058430194,high_overlap_shared_noise_alternative,100,True,contiguous,0,8000,100,0,0.014754197225859644,0.0004210576428065234,35.04080136752017,2.691894800162795e-269,computed,0.9731476105654585
195,202609058430195,high_overlap_shared_noise_alternative,100,True,contiguous,0,8000,100,0,0.014958994080347164,0.0003577135113839411,41.81836470887837,0.0,computed,0.9732201002457274
196,202609058430196,high_overlap_shared_noise_alternative,100,True,contiguous,0,8000,100,0,0.014953292186949853,0.0003875122589618668,38.58792035898233,0.0,computed,0.9731927919159719
197,202609058430197,high_overlap_shared_noise_alternative,100,True,contiguous,0,8000,100,0,0.0146085185658998,0.00034013681615338494,42.94894839996408,0.0,computed,0.973033799928806
198,202609058430198,high_overlap_shared_noise_alternative,100,True,contiguous,0,8000,100,0,0.01475126527139567,0.0003839110472766109,38.42365406267475,0.0,computed,0.9733904942647311
199,202609058430199,high_overlap_shared_noise_alternative,100,True,contiguous,0,8000,100,0,0.014829207367923385,0.0003933591435325212,37.69890089436137,0.0,computed,0.973493636057516
200,202609058430200,high_overlap_shared_noise_alternative,100,True,contiguous,0,8000,100,0,0.014155626408250773,0.00029976830426262845,47.22189173091816,0.0,computed,0.9739322843167467
201,202609058430201,high_overlap_shared_noise_alternative,100,True,contiguous,0,8000,100,0,0.01376042064877035,0.0003653692989084919,37.66167734913244,1.0535053977779e-310,computed,0.9742165670216929
202,202609058430202,high_overlap_shared_noise_alternative,100,True,contiguous,0,8000,100,0,0.014484813007747784,0.0003966819309724726,36.514930166438425,3.213550091023311e-292,computed,0.9735153403059075
203,202609058430203,high_overlap_shared_noise_alternative,100,True,contiguous,0,8000,100,0,0.01507100961048583,0.0004073457306390526,36.998079216006786,6.147597304109213e-300,computed,0.9723245288554873
204,202609058430204,high_overlap_shared_noise_alternative,100,True,contiguous,0,8000,100,0,0.014079408733745398,0.00033304123932691285,42.275271261301874,0.0,computed,0.9739304998830204
205,202609058430205,high_overlap_shared_noise_alternative,100,True,contiguous,0,8000,100,0,0.015490128068301771,0.00035986152218743327,43.04469111936275,0.0,computed,0.9723136810718792
206,202609058430206,high_overlap_shared_noise_alternative,100,True,contiguous,0,8000,100,0,0.014703466258475923,0.0004191190067213832,35.081840772375934,6.377435568249793e-270,computed,0.9734609356185505
207,202609058430207,high_overlap_shared_noise_alternative,100,True,contiguous,0,8000,100,0,0.01581929033586428,0.0004009206019551841,39.45741440753549,0.0,computed,0.9719412883843757
208,202609058430208,high_overlap_shared_noise_alternative,100,True,contiguous,0,8000,100,0,0.014289907065619693,0.00036319035743336963,39.34550236026379,0.0,computed,0.973752448402905
209,202609058430209,high_overlap_shared_noise_alternative,100,True,contiguous,0,8000,100,0,0.015659237980754637,0.00034166286943630676,45.8324254157031,0.0,computed,0.9727484880283567
210,202609058430210,high_overlap_shared_noise_alternative,100,True,contiguous,0,8000,100,0,0.014996314065113378,0.00036031282398296736,41.62026180290014,0.0,computed,0.9734858734720302
211,202609058430211,high_overlap_shared_noise_alternative,100,True,contiguous,0,8000,100,0,0.0141286256834429,0.00037698862306569315,37.47759168048124,1.0674707159858652e-307,computed,0.9734985834301111
212,202609058430212,high_overlap_shared_noise_alternative,100,True,contiguous,0,8000,100,0,0.014501163243013442,0.0003802369949372405,38.13717085947124,0.0,computed,0.9738107430029698
213,202609058430213,high_overlap_shared_noise_alternative,100,True,contiguous,0,8000,100,0,0.014559074691576772,0.0003866760146408756,37.65186911088467,1.5245964917013e-310,computed,0.9732401668210641
214,202609058430214,high_overlap_shared_noise_alternative,100,True,contiguous,0,8000,100,0,0.01494341854342538,0.0003718624797496292,40.185335593649064,0.0,computed,0.9731627093163637
215,202609058430215,high_overlap_shared_noise_alternative,100,True,contiguous,0,8000,100,0,0.014550758366162899,0.00032865804367780325,44.27324584341406,0.0,computed,0.9727756294510972
216,202609058430216,high_overlap_shared_noise_alternative,100,True,contiguous,0,8000,100,0,0.014488880879975394,0.00038872299187036957,37.27302264849595,2.2452856248891798e-304,computed,0.9727656131705356
217,202609058430217,high_overlap_shared_noise_alternative,100,True,contiguous,0,8000,100,0,0.014520658384525582,0.0003048573035153687,47.63100052741087,0.0,computed,0.9738054711419177
218,202609058430218,high_overlap_shared_noise_alternative,100,True,contiguous,0,8000,100,0,0.014455475977785674,0.0003564111146067713,40.558432061621914,0.0,computed,0.9731162846371487
219,202609058430219,high_overlap_shared_noise_alternative,100,True,contiguous,0,8000,100,0,0.014713104724972496,0.0003401410705489075,43.25588997891085,0.0,computed,0.9730732118384205
220,202609058430220,high_overlap_shared_noise_alternative,100,True,contiguous,0,8000,100,0,0.014521938092978606,0.00046039595942028915,31.542279630915978,1.1440540384786086e-218,computed,0.9732641268830806
221,202609058430221,high_overlap_shared_noise_alternative,100,True,contiguous,0,8000,100,0,0.014711980784218582,0.00038701686859648213,38.013797273415044,0.0,computed,0.9728957297692152
222,202609058430222,high_overlap_shared_noise_alternative,100,True,contiguous,0,8000,100,0,0.014437133439428557,0.0003645611552037685,39.6014035871678,0.0,computed,0.9736737689372008
223,202609058430223,high_overlap_shared_noise_alternative,100,True,contiguous,0,8000,100,0,0.014792239473984885,0.0003496472143847544,42.30618424921125,0.0,computed,0.9728313453360563
224,202609058430224,high_overlap_shared_noise_alternative,100,True,contiguous,0,8000,100,0,0.01501853566532227,0.0004076367177661773,36.84294130230189,1.8969982835767925e-297,computed,0.9730965360858184
225,202609058430225,high_overlap_shared_noise_alternative,100,True,contiguous,0,8000,100,0,0.014801809998993226,0.0003902516911464448,37.92888111646578,0.0,computed,0.9730625219169268
226,202609058430226,high_overlap_shared_noise_alternative,100,True,contiguous,0,8000,100,0,0.014484502352928079,0.0003693373633434134,39.217538734255406,0.0,computed,0.9736968786471972
227,202609058430227,high_overlap_shared_noise_alternative,100,True,contiguous,0,8000,100,0,0.014360681244679726,0.00037776978092090804,38.01437269458659,0.0,computed,0.9732510802011921
228,202609058430228,high_overlap_shared_noise_alternative,100,True,contiguous,0,8000,100,0,0.01444184471253337,0.0003529676710493551,40.91548857604577,0.0,computed,0.97376050215644
229,202609058430229,high_overlap_shared_noise_alternative,100,True,contiguous,0,8000,100,0,0.014589278865720229,0.00039134524897547324,37.27981597812775,1.7426723278990722e-304,computed,0.9729260252382349
230,202609058430230,high_overlap_shared_noise_alternative,100,True,contiguous,0,8000,100,0,0.01416599877802566,0.0003646647667726432,38.84663413852018,0.0,computed,0.9737853143812216
231,202609058430231,high_overlap_shared_noise_alternative,100,True,contiguous,0,8000,100,0,0.014171835838555864,0.00030780139030170834,46.04214368448617,0.0,computed,0.9725978604582951
232,202609058430232,high_overlap_shared_noise_alternative,100,True,contiguous,0,8000,100,0,0.014168993855498933,0.00035090622530104193,40.37829150321678,0.0,computed,0.9734222561263896
233,202609058430233,high_overlap_shared_noise_alternative,100,True,contiguous,0,8000,100,0,0.014222341171147934,0.00034570677788413367,41.13989681716528,0.0,computed,0.9739317545528595
234,202609058430234,high_overlap_shared_noise_alternative,100,True,contiguous,0,8000,100,0,0.014189311184079973,0.0003288855025436175,43.143620118062685,0.0,computed,0.9736745757171066
235,202609058430235,high_overlap_shared_noise_alternative,100,True,contiguous,0,8000,100,0,0.01423311906671194,0.0003275784354930027,43.44949949251458,0.0,computed,0.9738279759130773
236,202609058430236,high_overlap_shared_noise_alternative,100,True,contiguous,0,8000,100,0,0.014182330536802183,0.0003486590247640569,40.67679173484636,0.0,computed,0.9729364890601261
237,202609058430237,high_overlap_shared_noise_alternative,100,True,contiguous,0,8000,100,0,0.015115549166359814,0.00035899795829354766,42.10483323696242,0.0,computed,0.9724973855652689
238,202609058430238,high_overlap_shared_noise_alternative,100,True,contiguous,0,8000,100,0,0.01441004565449056,0.000385327051229661,37.39692193554806,2.1922154061308057e-306,computed,0.9734446836184139
239,202609058430239,high_overlap_shared_noise_alternative,100,True,contiguous,0,8000,100,0,0.0145201705206281,0.000404405798491859,35.904951350296734,1.2784425175442664e-282,computed,0.9733563828717194
240,202609058430240,high_overlap_shared_noise_alternative,100,True,contiguous,0,8000,100,0,0.014041366622118415,0.0002862280633913124,49.0565685829414,0.0,computed,0.9737581824869834
241,202609058430241,high_overlap_shared_noise_alternative,100,True,contiguous,0,8000,100,0,0.01547062805348351,0.000359891616095747,42.98690872912039,0.0,computed,0.9728717202180951
242,202609058430242,high_overlap_shared_noise_alternative,100,True,contiguous,0,8000,100,0,0.014496749008459651,0.0003799358979388643,38.15577597985314,0.0,computed,0.9732144269936401
243,202609058430243,high_overlap_shared_noise_alternative,100,True,contiguous,0,8000,100,0,0.014166352634089588,0.0003744222055234629,37.835236332429176,0.0,computed,0.9738054204743546
244,202609058430244,high_overlap_shared_noise_alternative,100,True,contiguous,0,8000,100,0,0.014966498159386159,0.00036598559076019823,40.89368143783709,0.0,computed,0.9728729102772683
245,202609058430245,high_overlap_shared_noise_alternative,100,True,contiguous,0,8000,100,0,0.015168282859941803,0.00038928927682743616,38.96403975870516,0.0,computed,0.9724722334719452
246,202609058430246,high_overlap_shared_noise_alternative,100,True,contiguous,0,8000,100,0,0.014543714658378818,0.00036903212123099187,39.41043020825639,0.0,computed,0.9737873634627421
247,202609058430247,high_overlap_shared_noise_alternative,100,True,contiguous,0,8000,100,0,0.01477532259274492,0.0003322576634209875,44.46947119478123,0.0,computed,0.9728626364483699
248,202609058430248,high_overlap_shared_noise_alternative,100,True,contiguous,0,8000,100,0,0.01457020639190204,0.0003668759120810684,39.71426281233331,0.0,computed,0.9734023272651334
249,202609058430249,high_overlap_shared_noise_alternative,100,True,contiguous,0,8000,100,0,0.01423231491443051,0.00036271261648411214,39.23854387087174,0.0,computed,0.9734293572934326
250,202609058430250,high_overlap_shared_noise_alternative,100,True,contiguous,0,8000,100,0,0.014546827912871088,0.00034210041044168896,42.52210014623936,0.0,computed,0.9730509263295591
251,202609058430251,high_overlap_shared_noise_alternative,100,True,contiguous,0,8000,100,0,0.014557929124838274,0.00033205517489821634,43.84189804992698,0.0,computed,0.9736247470309227
252,202609058430252,high_overlap_shared_noise_alternative,100,True,contiguous,0,8000,100,0,0.015446339946174892,0.0003577756688321015,43.173254337269135,0.0,computed,0.9730651714479687
253,202609058430253,high_overlap_shared_noise_alternative,100,True,contiguous,0,8000,100,0,0.014767206458977729,0.0003553505940188688,41.556723718867914,0.0,computed,0.9736368644521086
254,202609058430254,high_overlap_shared_noise_alternative,100,True,contiguous,0,8000,100,0,0.014749627307788867,0.00035152340870038713,41.95916101951654,0.0,computed,0.9729099588406115
255,202609058430255,high_overlap_shared_noise_alternative,100,True,contiguous,0,8000,100,0,0.014904158062609052,0.0003500134673813869,42.581670282900745,0.0,computed,0.9735285477555098
256,202609058430256,high_overlap_shared_noise_alternative,100,True,contiguous,0,8000,100,0,0.015278611364883777,0.0003649912621381015,41.860211325011996,0.0,computed,0.9725250822627406
257,202609058430257,high_overlap_shared_noise_alternative,100,True,contiguous,0,8000,100,0,0.014258314398566587,0.00038739389195353727,36.80572847100202,7.475414827843484e-297,computed,0.9732299482778433
258,202609058430258,high_overlap_shared_noise_alternative,100,True,contiguous,0,8000,100,0,0.014268285409803124,0.00038479173589884424,37.08054014328945,2.892518334151453e-301,computed,0.9733145802613005
259,202609058430259,high_overlap_shared_noise_alternative,100,True,contiguous,0,8000,100,0,0.014653181008270934,0.0003710707429819152,39.48891494521594,0.0,computed,0.9730168117731962
260,202609058430260,high_overlap_shared_noise_alternative,100,True,contiguous,0,8000,100,0,0.01496203933397575,0.0003623628590246833,41.29021217639905,0.0,computed,0.9728532882803309
261,202609058430261,high_overlap_shared_noise_alternative,100,True,contiguous,0,8000,100,0,0.015031021716116791,0.0003649953794959028,41.18140272590908,0.0,computed,0.9729813058845992
262,202609058430262,high_overlap_shared_noise_alternative,100,True,contiguous,0,8000,100,0,0.014582525542306914,0.00036367894152260227,40.09725028690072,0.0,computed,0.9732887655210795
263,202609058430263,high_overlap_shared_noise_alternative,100,True,contiguous,0,8000,100,0,0.014818001617834108,0.00036072188661868157,41.078742841845326,0.0,computed,0.9735548957723041
264,202609058430264,high_overlap_shared_noise_alternative,100,True,contiguous,0,8000,100,0,0.014268205788514067,0.00032122169686353775,44.41856178406132,0.0,computed,0.9735894626707245
265,202609058430265,high_overlap_shared_noise_alternative,100,True,contiguous,0,8000,100,0,0.015169533558750229,0.0003279323139662091,46.25812374291767,0.0,computed,0.9725488579855409
266,202609058430266,high_overlap_shared_noise_alternative,100,True,contiguous,0,8000,100,0,0.014755731602331186,0.00036982539690296167,39.89918411742538,0.0,computed,0.9729483383838131
267,202609058430267,high_overlap_shared_noise_alternative,100,True,contiguous,0,8000,100,0,0.014271028899837798,0.0003211939404405026,44.4311897050914,0.0,computed,0.9738607394587437
268,202609058430268,high_overlap_shared_noise_alternative,100,True,contiguous,0,8000,100,0,0.014846266917892514,0.00035091739722721766,42.307013089691914,0.0,computed,0.9732436337169837
269,202609058430269,high_overlap_shared_noise_alternative,100,True,contiguous,0,8000,100,0,0.014720543372119397,0.00037923867686356656,38.81603926546554,0.0,computed,0.9734165845888465
270,202609058430270,high_overlap_shared_noise_alternative,100,True,contiguous,0,8000,100,0,0.014401489144075826,0.0003862409613889495,37.28628132108791,1.3691620300276326e-304,computed,0.9735569286196076
271,202609058430271,high_overlap_shared_noise_alternative,100,True,contiguous,0,8000,100,0,0.01534305691720676,0.0004374606833274784,35.07299627592158,8.699450874111317e-270,computed,0.9728508113631837
272,202609058430272,high_overlap_shared_noise_alternative,100,True,contiguous,0,8000,100,0,0.015357042803658787,0.0003652001825661282,42.05102718117625,0.0,computed,0.9721956529362354
273,202609058430273,high_overlap_shared_noise_alternative,100,True,contiguous,0,8000,100,0,0.014492792934884117,0.0003838888084303007,37.75257995705662,0.0,computed,0.9737936897569939
274,202609058430274,high_overlap_shared_noise_alternative,100,True,contiguous,0,8000,100,0,0.015138544653259029,0.00037193873388471807,40.70171583137991,0.0,computed,0.9730509006335565
275,202609058430275,high_overlap_shared_noise_alternative,100,True,contiguous,0,8000,100,0,0.015018828175893855,0.00035041770198615297,42.859787307455534,0.0,computed,0.9723255853207482
276,202609058430276,high_overlap_shared_noise_alternative,100,True,contiguous,0,8000,100,0,0.01556024393581596,0.00037265001668424793,41.75565071556241,0.0,computed,0.972595777678586
277,202609058430277,high_overlap_shared_noise_alternative,100,True,contiguous,0,8000,100,0,0.014348267671740321,0.0003784692106185956,37.91132083978125,0.0,computed,0.973925314382387
278,202609058430278,high_overlap_shared_noise_alternative,100,True,contiguous,0,8000,100,0,0.014831901915267847,0.0004059991749309305,36.53185235608196,1.7312745777693402e-292,computed,0.9734837392350469
279,202609058430279,high_overlap_shared_noise_alternative,100,True,contiguous,0,8000,100,0,0.014561369470706022,0.0003764322284249334,38.6825791501266,0.0,computed,0.9734252339612663
280,202609058430280,high_overlap_shared_noise_alternative,100,True,contiguous,0,8000,100,0,0.014433633349560271,0.0003332336568475438,43.313852166390674,0.0,computed,0.9730444587157446
281,202609058430281,high_overlap_shared_noise_alternative,100,True,contiguous,0,8000,100,0,0.014325196515011103,0.0004011207964307621,35.71292399316871,1.2455001454457847e-279,computed,0.9733300856927076
282,202609058430282,high_overlap_shared_noise_alternative,100,True,contiguous,0,8000,100,0,0.01439046193026076,0.000342922707038028,41.964155872200514,0.0,computed,0.9725498070236623
283,202609058430283,high_overlap_shared_noise_alternative,100,True,contiguous,0,8000,100,0,0.014802511826301122,0.00035439863479451493,41.76797079053032,0.0,computed,0.9731353130362433
284,202609058430284,high_overlap_shared_noise_alternative,100,True,contiguous,0,8000,100,0,0.01500915649403811,0.0003654514978666907,41.07017369378288,0.0,computed,0.9726623497025354
285,202609058430285,high_overlap_shared_noise_alternative,100,True,contiguous,0,8000,100,0,0.014821928008334016,0.0004181420888518417,35.44710853918797,1.607008176366472e-275,computed,0.9732326202512918
286,202609058430286,high_overlap_shared_noise_alternative,100,True,contiguous,0,8000,100,0,0.014834967381895563,0.0003626895626114132,40.90265866787514,0.0,computed,0.9734299383084959
287,202609058430287,high_overlap_shared_noise_alternative,100,True,contiguous,0,8000,100,0,0.014763177915815738,0.0003431454889185442,43.023086103632906,0.0,computed,0.9728507928454263
288,202609058430288,high_overlap_shared_noise_alternative,100,True,contiguous,0,8000,100,0,0.014985778975947852,0.0004213453412536778,35.566499753762365,2.30939759624087e-277,computed,0.9730038356013858
289,202609058430289,high_overlap_shared_noise_alternative,100,True,contiguous,0,8000,100,0,0.014949431761114386,0.00046955996012354895,31.837109273927325,9.925994443335506e-223,computed,0.9727550512010923
290,202609058430290,high_overlap_shared_noise_alternative,100,True,contiguous,0,8000,100,0,0.013745197332701676,0.0003414332323354994,40.257350576804306,0.0,computed,0.974256690405726
291,202609058430291,high_overlap_shared_noise_alternative,100,True,contiguous,0,8000,100,0,0.014213554753133038,0.0003453519355895095,41.156725323895344,0.0,computed,0.9740215938976181
292,202609058430292,high_overlap_shared_noise_alternative,100,True,contiguous,0,8000,100,0,0.014603280284076998,0.0003518077072194362,41.509267660723424,0.0,computed,0.9733218932484775
293,202609058430293,high_overlap_shared_noise_alternative,100,True,contiguous,0,8000,100,0,0.014512169766601262,0.000379520598060136,38.238161092647125,0.0,computed,0.9729626414464344
294,202609058430294,high_overlap_shared_noise_alternative,100,True,contiguous,0,8000,100,0,0.01415814530927482,0.00035959373491528787,39.372613965619166,0.0,computed,0.9733910944789118
295,202609058430295,high_overlap_shared_noise_alternative,100,True,contiguous,0,8000,100,0,0.014801243768055054,0.0003414751288044584,43.34501262178543,0.0,computed,0.9730852727930076
296,202609058430296,high_overlap_shared_noise_alternative,100,True,contiguous,0,8000,100,0,0.015177066843462615,0.00033843166074179487,44.845292577522464,0.0,computed,0.9725836189501137
297,202609058430297,high_overlap_shared_noise_alternative,100,True,contiguous,0,8000,100,0,0.015026452258668043,0.0003228471721070803,46.54354616333497,0.0,computed,0.9730775194154964
298,202609058430298,high_overlap_shared_noise_alternative,100,True,contiguous,0,8000,100,0,0.015195495155674556,0.00035688849384710387,42.57771101520724,0.0,computed,0.9724364923366318
299,202609058430299,high_overlap_shared_noise_alternative,100,True,contiguous,0,8000,100,0,0.01427764108149498,0.00036647391973624146,38.95950110657501,0.0,computed,0.9733298283083602
0,202609058430000,independent_forecast_null,25,False,contiguous,0,2000,25,0,0.005736154064491416,0.017155999061830896,0.33435266834756117,0.3690567256561472,computed,-0.04328246000856506
1,202609058430001,independent_forecast_null,25,False,contiguous,0,2000,25,0,0.019954228450827293,0.020923826701758016,0.9536605676986774,0.17012774318796703,computed,-0.0585709757727233
2,202609058430002,independent_forecast_null,25,False,contiguous,0,2000,25,0,-0.003719153022344713,0.020173349538758937,-0.1843597175173675,0.5731343655605972,computed,-0.06948541517780926
3,202609058430003,independent_forecast_null,25,False,contiguous,0,2000,25,0,-0.027420340936209642,0.01990966803365548,-1.377237475273724,0.9157805804921488,computed,-0.05715502126958172
4,202609058430004,independent_forecast_null,25,False,contiguous,0,2000,25,0,-0.01991603896832573,0.0157433957243787,-1.2650408664685775,0.8970716606248224,computed,-0.06191322587592185
5,202609058430005,independent_forecast_null,25,False,contiguous,0,2000,25,0,-0.008860429739848016,0.014837833568290187,-0.5971511743320512,0.7247967729552212,computed,-0.0666936215031344
6,202609058430006,independent_forecast_null,25,False,contiguous,0,2000,25,0,-0.013785969731310377,0.018817764787774586,-0.7326039987632731,0.7681000042513171,computed,-0.0684747590853112
7,202609058430007,independent_forecast_null,25,False,contiguous,0,2000,25,0,-0.041465764544812427,0.02044648181077756,-2.0280146446982084,0.9787206233138454,computed,-0.05815514828651169
8,202609058430008,independent_forecast_null,25,True,contiguous,0,2000,25,0,0.043701642336322136,0.015504332280510484,2.8186729712479592,0.0024111310615581396,computed,-0.05471117147063054
9,202609058430009,independent_forecast_null,25,False,contiguous,0,2000,25,0,0.007288165456976696,0.017144110520527583,0.42511190348721656,0.3353775504288765,computed,-0.07508903839863068
10,202609058430010,independent_forecast_null,25,False,contiguous,0,2000,25,0,-0.036641210448538936,0.021637286817189683,-1.693429067984135,0.954813087088864,computed,-0.06697774727011918
11,202609058430011,independent_forecast_null,25,False,contiguous,0,2000,25,0,-0.007539087319491964,0.017636931141019614,-0.4274602684113059,0.6654779408963019,computed,-0.06648337778675395
12,202609058430012,independent_forecast_null,25,False,contiguous,0,2000,25,0,-0.0004060992058084434,0.016071564945251568,-0.02526818061538106,0.5100794729929654,computed,-0.056952481565984536
13,202609058430013,independent_forecast_null,25,False,contiguous,0,2000,25,0,-0.036286832063042285,0.01666687253566425,-2.1771830309132496,0.9852665430576815,computed,-0.047572823941197884
14,202609058430014,independent_forecast_null,25,False,contiguous,0,2000,25,0,0.010638448113401802,0.016733483676373492,0.6357581194179277,0.2624670442379914,computed,-0.05157640263595176
15,202609058430015,independent_forecast_null,25,False,contiguous,0,2000,25,0,-0.0034725730123482527,0.020584945282181848,-0.16869478955351327,0.566981641311306,computed,-0.049273779944963625
16,202609058430016,independent_forecast_null,25,False,contiguous,0,2000,25,0,0.0009538986622460613,0.019279658770772916,0.04947694736652332,0.4802696040159059,computed,-0.056776336999410315
17,202609058430017,independent_forecast_null,25,False,contiguous,0,2000,25,0,0.011819064977650588,0.016263630670499792,0.7267174972860706,0.23369951623436103,computed,-0.04597109360708185
18,202609058430018,independent_forecast_null,25,False,contiguous,0,2000,25,0,-0.030564810070297654,0.019486086740626008,-1.5685453152876467,0.9416230384424894,computed,-0.02910970033000182
19,202609058430019,independent_forecast_null,25,False,contiguous,0,2000,25,0,0.014476187774943017,0.015653134504751517,0.9248107955980805,0.17753216704681912,computed,-0.0652250067800837
20,202609058430020,independent_forecast_null,25,False,contiguous,0,2000,25,0,-0.020723222375551707,0.015861444174882687,-1.3065154816336249,0.9043113411461421,computed,-0.061458935919365576
21,202609058430021,independent_forecast_null,25,False,contiguous,0,2000,25,0,0.012361230338619876,0.017896789790783095,0.6906953975056437,0.2448784911515307,computed,-0.04223108117578911
22,202609058430022,independent_forecast_null,25,True,contiguous,0,2000,25,0,0.02690896582501938,0.015103467453616052,1.7816415937372627,0.03740384850872931,computed,-0.052720626809244386
23,202609058430023,independent_forecast_null,25,False,contiguous,0,2000,25,0,-0.022708589255637394,0.02236803415187605,-1.0152250797476892,0.8450007259497271,computed,-0.05848357915587976
24,202609058430024,independent_forecast_null,25,False,contiguous,0,2000,25,0,-0.0011178383185262105,0.02308165270216445,-0.04842973477464146,0.5193131189108989,computed,-0.06269036611739498
25,202609058430025,independent_forecast_null,25,False,contiguous,0,2000,25,0,0.008460293433427267,0.02123176536457346,0.3984733858986498,0.3451406362498798,computed,-0.029898596542336175
26,202609058430026,independent_forecast_null,25,True,contiguous,0,2000,25,0,0.025330987180577722,0.014141065681725247,1.7913068046429776,0.03662203738815216,computed,-0.0669821965803532
27,202609058430027,independent_forecast_null,25,False,contiguous,0,2000,25,0,0.0010806610234903413,0.015934615465674155,0.06781845635486261,0.4729650757701909,computed,-0.05376940212401449
28,202609058430028,independent_forecast_null,25,False,contiguous,0,2000,25,0,-0.01549340089426598,0.016799986697073818,-0.9222269739632939,0.8217949020218547,computed,-0.045596337601134795
29,202609058430029,independent_forecast_null,25,False,contiguous,0,2000,25,0,0.0035495055347369506,0.019016603255521316,0.18665297303851466,0.4259663650311154,computed,-0.062232210300678936
30,202609058430030,independent_forecast_null,25,False,contiguous,0,2000,25,0,-0.002416187040922072,0.021312343285802428,-0.11337031355588455,0.5451315128511134,computed,-0.03919532396311598
31,202609058430031,independent_forecast_null,25,False,contiguous,0,2000,25,0,0.013968342451952045,0.017958908286301957,0.7777946314591021,0.21834504667802684,computed,-0.07592377226753877
32,202609058430032,independent_forecast_null,25,False,contiguous,0,2000,25,0,-0.029422388219869134,0.015251956124891818,-1.9290894872068634,0.9731401230634987,computed,-0.05809478684186087
33,202609058430033,independent_forecast_null,25,False,contiguous,0,2000,25,0,-0.018714853248513727,0.019780004297952167,-0.9461501103137416,0.827963985942612,computed,-0.06651440090889849
34,202609058430034,independent_forecast_null,25,False,contiguous,0,2000,25,0,-0.014841544903060363,0.01980877226932569,-0.7492410282308518,0.773144027773107,computed,-0.03624589129837963
35,202609058430035,independent_forecast_null,25,False,contiguous,0,2000,25,0,0.005119472050825771,0.018080343527149583,0.2831512599933918,0.3885304444381746,computed,-0.04205721102236182
36,202609058430036,independent_forecast_null,25,False,contiguous,0,2000,25,0,-0.013450270634320478,0.018845171281299727,-0.7137250404122,0.7623013903384284,computed,-0.0415044852249975
37,202609058430037,independent_forecast_null,25,False,contiguous,0,2000,25,0,-0.02129685486805397,0.018879414073874588,-1.1280463887660923,0.8703498357095159,computed,-0.061327191522285496
38,202609058430038,independent_forecast_null,25,False,contiguous,0,2000,25,0,-0.009765407884945688,0.022430321805185543,-0.43536637457818717,0.6683517432462861,computed,-0.03755921836692089
39,202609058430039,independent_forecast_null,25,False,contiguous,0,2000,25,0,-0.018865935722024798,0.018685638793234437,-1.0096489571903553,0.8436682473806433,computed,-0.05796858416665951
40,202609058430040,independent_forecast_null,25,False,contiguous,0,2000,25,0,0.022593653026403076,0.014656770007500961,1.5415165152240378,0.06159556330231432,computed,-0.07462080647637692
41,202609058430041,independent_forecast_null,25,False,contiguous,0,2000,25,0,-0.016646182904582054,0.015678254716508532,-1.0617369857535441,0.8558224481311368,computed,-0.06580637824379743
42,202609058430042,independent_forecast_null,25,False,contiguous,0,2000,25,0,-0.017942686274167178,0.018683071221291755,-0.9603713469613704,0.8315658232377381,computed,-0.04522723891891789
43,202609058430043,independent_forecast_null,25,False,contiguous,0,2000,25,0,-0.0375567391743583,0.02106183288937883,-1.783165756352459,0.9627203375209284,computed,-0.06336227080488421
44,202609058430044,independent_forecast_null,25,False,contiguous,0,2000,25,0,-0.013402818297924944,0.01558796819361392,-0.8598181707488863,0.8050553593704342,computed,-0.07160315727850808
45,202609058430045,independent_forecast_null,25,False,contiguous,0,2000,25,0,0.002129991201963718,0.02228925965483398,0.09556132572136716,0.461934491090232,computed,-0.04733407393609679
46,202609058430046,independent_forecast_null,25,False,contiguous,0,2000,25,0,-0.015297858368712103,0.016946356627105613,-0.9027225559648175,0.8166634189306826,computed,-0.056413608997542664
47,202609058430047,independent_forecast_null,25,False,contiguous,0,2000,25,0,-0.002940315316283934,0.010988309090020588,-0.2675857852373558,0.6054909130918942,computed,-0.050836445806701214
48,202609058430048,independent_forecast_null,25,True,contiguous,0,2000,25,0,0.025119546790376746,0.01430059391898006,1.75653870969915,0.03949823389962012,computed,-0.040686226475382004
49,202609058430049,independent_forecast_null,25,False,contiguous,0,2000,25,0,-0.0018056885706728108,0.012788708054401476,-0.1411939785466718,0.556141648576846,computed,-0.06076720300398386
50,202609058430050,independent_forecast_null,25,False,contiguous,0,2000,25,0,0.021263138266117493,0.0190184646045568,1.1180260188313453,0.1317779405328428,computed,-0.047170004440631574
51,202609058430051,independent_forecast_null,25,True,contiguous,0,2000,25,0,0.02991699054181857,0.012770442200590489,2.342674597472846,0.009573036703141686,computed,-0.06051450458284968
52,202609058430052,independent_forecast_null,25,True,contiguous,0,2000,25,0,0.03337018005798739,0.01719223432092138,1.9410030968097571,0.026128950872929352,computed,-0.048678661628183795
53,202609058430053,independent_forecast_null,25,False,contiguous,0,2000,25,0,0.015694204476010068,0.019323799218206355,0.8121697135635428,0.20834712774363373,computed,-0.05401038974560812
54,202609058430054,independent_forecast_null,25,True,contiguous,0,2000,25,0,0.02743269067279174,0.015473776670241223,1.7728503685560875,0.03812675229940659,computed,-0.05525786444478342
55,202609058430055,independent_forecast_null,25,False,contiguous,0,2000,25,0,0.00030862595250312095,0.017428669693358337,0.0177079466151528,0.49293592058023417,computed,-0.051209588165402
56,202609058430056,independent_forecast_null,25,False,contiguous,0,2000,25,0,0.010385535256216955,0.01748575774017169,0.593942533720302,0.2762752747087376,computed,-0.05274795023276657
57,202609058430057,independent_forecast_null,25,False,contiguous,0,2000,25,0,0.010076207847632903,0.01149070860666111,0.8769004760761031,0.19027034880158045,computed,-0.04998650826967088
58,202609058430058,independent_forecast_null,25,False,contiguous,0,2000,25,0,-0.008823949107305702,0.018366797487408958,-0.4804293787937069,0.6845389458768224,computed,-0.03890555727376244
59,202609058430059,independent_forecast_null,25,False,contiguous,0,2000,25,0,0.016258519750529218,0.018202870833371024,0.8931843718147326,0.18587922294145054,computed,-0.05593268779930605
60,202609058430060,independent_forecast_null,25,False,contiguous,0,2000,25,0,0.016879855739949264,0.014790286332366467,1.1412798481804958,0.12687674268487314,computed,-0.06138396934997736
61,202609058430061,independent_forecast_null,25,False,contiguous,0,2000,25,0,-0.022260187042411096,0.015415905067665986,-1.4439753582227628,0.9256270464914924,computed,-0.05505816528578911
62,202609058430062,independent_forecast_null,25,False,contiguous,0,2000,25,0,0.010813951509531664,0.020605344046216938,0.5248129555748459,0.299856612172393,computed,-0.05397514212678223
63,202609058430063,independent_forecast_null,25,True,contiguous,0,2000,25,0,0.02879562512724035,0.016622612753756417,1.7323164266539894,0.04160861940713289,computed,-0.06492184856606698
64,202609058430064,independent_forecast_null,25,False,contiguous,0,2000,25,0,0.003395942844090338,0.017953201373876886,0.18915528063043188,0.42498555787971015,computed,-0.05656177081530034
65,202609058430065,independent_forecast_null,25,False,contiguous,0,2000,25,0,0.006083410527273966,0.01803771880506873,0.33726052573590865,0.3679602570733329,computed,-0.055795719070085736
66,202609058430066,independent_forecast_null,25,False,contiguous,0,2000,25,0,0.009638038970407202,0.015135804402739723,0.6367708457346758,0.26213705947119076,computed,-0.04803780396379653
67,202609058430067,independent_forecast_null,25,False,contiguous,0,2000,25,0,0.01693290477707527,0.022590404698021614,0.7495618163298418,0.22675932756271522,computed,-0.05172480590871431
68,202609058430068,independent_forecast_null,25,False,contiguous,0,2000,25,0,0.006931357821591398,0.019345564708884978,0.3582918320501641,0.3600624650056094,computed,-0.06931925535793448
69,202609058430069,independent_forecast_null,25,False,contiguous,0,2000,25,0,0.013819486505162744,0.018654169139456254,0.7408256246552702,0.22939958802348465,computed,-0.04433272797884924
70,202609058430070,independent_forecast_null,25,False,contiguous,0,2000,25,0,0.018939318924917344,0.0155329101772235,1.2193026746970308,0.1113646669155291,computed,-0.0622362637502023
71,202609058430071,independent_forecast_null,25,False,contiguous,0,2000,25,0,-0.0227970304122931,0.015766368311821745,-1.4459278104774267,0.9259012746696998,computed,-0.05424655849341553
72,202609058430072,independent_forecast_null,25,False,contiguous,0,2000,25,0,0.007997818078272463,0.018389004868055343,0.4349239197911116,0.3318088258078292,computed,-0.06720267042990113
73,202609058430073,independent_forecast_null,25,False,contiguous,0,2000,25,0,0.012147472575243061,0.016308944822522622,0.744834979051951,0.22818574307136413,computed,-0.06009430639184776
74,202609058430074,independent_forecast_null,25,False,contiguous,0,2000,25,0,-0.00989029491609475,0.014391517247458293,-0.6872308698265632,0.7540313728957952,computed,-0.05685607371488932
75,202609058430075,independent_forecast_null,25,True,contiguous,0,2000,25,0,0.028318692250592713,0.01665758995233855,1.7000473857034204,0.04456100635635385,computed,-0.058725094054079774
76,202609058430076,independent_forecast_null,25,False,contiguous,0,2000,25,0,0.017371043458897263,0.018073526991792793,0.9611319067266434,0.16824292430594234,computed,-0.0641373544534729
77,202609058430077,independent_forecast_null,25,False,contiguous,0,2000,25,0,-0.022680392374148085,0.01729426573065847,-1.311440030318335,0.9051454289828844,computed,-0.047271565656398895
78,202609058430078,independent_forecast_null,25,False,contiguous,0,2000,25,0,0.0012693636623890825,0.022579897741100044,0.056216537246693565,0.477584653588919,computed,-0.05637549761435068
79,202609058430079,independent_forecast_null,25,True,contiguous,0,2000,25,0,0.03959958348712018,0.015729588537593705,2.5175218914644337,0.005909181248982052,computed,-0.05779693041963663
80,202609058430080,independent_forecast_null,25,False,contiguous,0,2000,25,0,0.002917133124260783,0.018289270671619198,0.15949969666026717,0.4366375986441926,computed,-0.058964686622956286
81,202609058430081,independent_forecast_null,25,False,contiguous,0,2000,25,0,-0.0055881298936691255,0.013230239212638613,-0.4223755749125748,0.6636245484471963,computed,-0.06884014131701455
82,202609058430082,independent_forecast_null,25,False,contiguous,0,2000,25,0,-0.01867979313509982,0.018967365050921354,-0.9848385943408853,0.8376483201350926,computed,-0.06136584748639251
83,202609058430083,independent_forecast_null,25,False,contiguous,0,2000,25,0,-0.005750915325311812,0.01313710224334971,-0.43776132809067936,0.6692203464206163,computed,-0.05158538658214895
84,202609058430084,independent_forecast_null,25,False,contiguous,0,2000,25,0,-0.005344312980922059,0.013782430360630166,-0.3877627414819533,0.6509041898424095,computed,-0.06176140110773942
85,202609058430085,independent_forecast_null,25,False,contiguous,0,2000,25,0,-0.02251568376839065,0.018490267564435503,-1.2177045945888691,0.8883318747796558,computed,-0.06536411988425983
86,202609058430086,independent_forecast_null,25,False,contiguous,0,2000,25,0,-0.006224900016154065,0.018204070120438655,-0.34195100188968436,0.6338061166851373,computed,-0.06235111220213074
87,202609058430087,independent_forecast_null,25,False,contiguous,0,2000,25,0,0.004072695951521635,0.017527817771699015,0.232356132666871,0.40813070880713676,computed,-0.05524720124630833
88,202609058430088,independent_forecast_null,25,False,contiguous,0,2000,25,0,-0.015192411670029281,0.018064134230758897,-0.84102628312849,0.7998333948328266,computed,-0.06949981913505265
89,202609058430089,independent_forecast_null,25,False,contiguous,0,2000,25,0,-0.019155681461001627,0.015663420631855177,-1.2229564608668002,0.8893269292746446,computed,-0.05112026290040328
90,202609058430090,independent_forecast_null,25,False,contiguous,0,2000,25,0,-0.012694673200656433,0.01773449668558669,-0.7158180706066353,0.7629481536078709,computed,-0.05315961897859256
91,202609058430091,independent_forecast_null,25,False,contiguous,0,2000,25,0,0.020812552214000874,0.016955178865229556,1.227504137787761,0.10981658378477244,computed,-0.043503274948733406
92,202609058430092,independent_forecast_null,25,False,contiguous,0,2000,25,0,-0.012360555028691898,0.014920266512811175,-0.8284406326172927,0.7962894983989728,computed,-0.046027973045909
93,202609058430093,independent_forecast_null,25,False,contiguous,0,2000,25,0,-0.008924332626287518,0.015027377428350914,-0.5938715966134395,0.723701001169385,computed,-0.046665935033736616
94,202609058430094,independent_forecast_null,25,False,contiguous,0,2000,25,0,0.005247561415350182,0.01747443685968444,0.3002993147926224,0.3819744279229478,computed,-0.055931859848472154
95,202609058430095,independent_forecast_null,25,False,contiguous,0,2000,25,0,-0.011009304965798411,0.02023464073363748,-0.5440820576318344,0.7068074966175624,computed,-0.04571319434446419
96,202609058430096,independent_forecast_null,25,False,contiguous,0,2000,25,0,-0.0173237095512016,0.015394426253471932,-1.1253234947482733,0.8697740113735847,computed,-0.06370060394556276
97,202609058430097,independent_forecast_null,25,False,contiguous,0,2000,25,0,0.02362010903130774,0.01702015787058421,1.387772617087775,0.0826031477899355,computed,-0.06147993624798431
98,202609058430098,independent_forecast_null,25,False,contiguous,0,2000,25,0,-0.022763945698530706,0.020254448210140812,-1.1238985857503372,0.8694719743142625,computed,-0.07428870832484358
99,202609058430099,independent_forecast_null,25,False,contiguous,0,2000,25,0,0.0038218810518829294,0.01818597167924308,0.21015544944706524,0.4167731746238525,computed,-0.03824001794342391
100,202609058430100,independent_forecast_null,25,False,contiguous,0,2000,25,0,-0.013588617830539192,0.01961566894553723,-0.6927430243785158,0.7557645832457092,computed,-0.054805111051364985
101,202609058430101,independent_forecast_null,25,False,contiguous,0,2000,25,0,-0.026529616488814623,0.01745017736353715,-1.520306409277497,0.9357830080257635,computed,-0.03968232661502791
102,202609058430102,independent_forecast_null,25,False,contiguous,0,2000,25,0,0.001049090627055656,0.017516105704130445,0.05989291482799579,0.4761204614572459,computed,-0.057024015383358106
103,202609058430103,independent_forecast_null,25,False,contiguous,0,2000,25,0,-0.017380133212395458,0.015412864385954959,-1.1276381065308783,0.8702636067490848,computed,-0.05471099974122473
104,202609058430104,independent_forecast_null,25,True,contiguous,0,2000,25,0,0.04111654108661133,0.015491787066062782,2.6540863821116956,0.0039761733139368274,computed,-0.06274299029091224
105,202609058430105,independent_forecast_null,25,False,contiguous,0,2000,25,0,-0.014343059088506745,0.01964446771719708,-0.730132233409949,0.7673453199030527,computed,-0.0614407534106618
106,202609058430106,independent_forecast_null,25,False,contiguous,0,2000,25,0,-0.011515108736570943,0.013922435558079496,-0.8270901085182952,0.7959070048812131,computed,-0.046396162204493274
107,202609058430107,independent_forecast_null,25,False,contiguous,0,2000,25,0,-0.002154958612770061,0.014130744261921806,-0.15250142333812097,0.5606042660465779,computed,-0.06056278268253501
108,202609058430108,independent_forecast_null,25,False,contiguous,0,2000,25,0,-0.014958866370615507,0.019913219802272328,-0.751202794884458,0.77373469077531,computed,-0.039283077734586724
109,202609058430109,independent_forecast_null,25,False,contiguous,0,2000,25,0,0.010344189555457411,0.01943556517059743,0.5322299333546697,0.29728337675810745,computed,-0.04306962412406401
110,202609058430110,independent_forecast_null,25,False,contiguous,0,2000,25,0,-0.011622532471174866,0.0184950529305439,-0.6284130418454051,0.7351333021533593,computed,-0.04133543251301086
111,202609058430111,independent_forecast_null,25,False,contiguous,0,2000,25,0,-0.009144858210142591,0.018374470642903293,-0.49769369620858045,0.6906500240543612,computed,-0.06264518281709774
112,202609058430112,independent_forecast_null,25,False,contiguous,0,2000,25,0,-0.010144466870218043,0.01600441947554567,-0.6338540979707836,0.7369119778838666,computed,-0.05174840439993078
113,202609058430113,independent_forecast_null,25,False,contiguous,0,2000,25,0,0.003270440734153583,0.015505053917322596,0.21092740158096276,0.4164719608747855,computed,-0.04871410776547891
114,202609058430114,independent_forecast_null,25,False,contiguous,0,2000,25,0,0.017728635601376736,0.017691658540413793,1.0020900844812528,0.158150043193723,computed,-0.05860179272866817
115,202609058430115,independent_forecast_null,25,True,contiguous,0,2000,25,0,0.04083885111812772,0.015432692856639589,2.6462556792580543,0.004069413719113946,computed,-0.04515872152428657
116,202609058430116,independent_forecast_null,25,False,contiguous,0,2000,25,0,-0.018267313105437062,0.016295701988865798,-1.120989639962635,0.86885386384926,computed,-0.06428242079569713
117,202609058430117,independent_forecast_null,25,False,contiguous,0,2000,25,0,0.02137544470067551,0.013921095344732596,1.5354714676789754,0.062334030213461386,computed,-0.049631898663662355
118,202609058430118,independent_forecast_null,25,False,contiguous,0,2000,25,0,0.016682512309248654,0.017664351106047724,0.944416933806138,0.17247831570959643,computed,-0.055859648303568044
119,202609058430119,independent_forecast_null,25,False,contiguous,0,2000,25,0,-0.014057650707377217,0.021674715168298966,-0.6485737228020267,0.7416930276433855,computed,-0.0616741355513819
120,202609058430120,independent_forecast_null,25,False,contiguous,0,2000,25,0,0.016949858346025384,0.015812979013130612,1.0718953292703888,0.14188352417081057,computed,-0.04736523269583537
121,202609058430121,independent_forecast_null,25,False,contiguous,0,2000,25,0,-0.015494352397894378,0.019947922501492646,-0.7767401541055206,0.7813439543295975,computed,-0.054706596738844704
122,202609058430122,independent_forecast_null,25,False,contiguous,0,2000,25,0,0.018595095432006388,0.019001631523212166,0.9786052007845137,0.1638875442850144,computed,-0.05194085687619432
123,202609058430123,independent_forecast_null,25,False,contiguous,0,2000,25,0,-0.020797092258030805,0.01776512929600051,-1.1706693439440874,0.8791341439124387,computed,-0.04530610087643505
124,202609058430124,independent_forecast_null,25,False,contiguous,0,2000,25,0,0.01003502594259573,0.02024016444785821,0.4957976487022873,0.31001859198353354,computed,-0.04883827400080354
125,202609058430125,independent_forecast_null,25,True,contiguous,0,2000,25,0,0.027623020378695032,0.014259836324264658,1.9371204374689397,0.026365311454490996,computed,-0.04725030738172942
126,202609058430126,independent_forecast_null,25,False,contiguous,0,2000,25,0,-0.002175136166905003,0.01605402659618568,-0.13548851148794033,0.5538871764969249,computed,-0.04515687895326703
127,202609058430127,independent_forecast_null,25,False,contiguous,0,2000,25,0,-0.021854025276438576,0.018273410522284175,-1.1959467144782794,0.8841413231249031,computed,-0.06746592106241511
128,202609058430128,independent_forecast_null,25,False,contiguous,0,2000,25,0,0.00589956500781223,0.01708675072900959,0.34527132170284724,0.364945202240221,computed,-0.05240375108178075
129,202609058430129,independent_forecast_null,25,False,contiguous,0,2000,25,0,-0.003839172056476632,0.01307654883661222,-0.2935921476259525,0.6154652116125364,computed,-0.055609851444271774
130,202609058430130,independent_forecast_null,25,False,contiguous,0,2000,25,0,-0.01838247669809961,0.014995870040223052,-1.2258359567529424,0.8898697934327713,computed,-0.05438029637494468
131,202609058430131,independent_forecast_null,25,False,contiguous,0,2000,25,0,-0.006879782998586599,0.019440829347290845,-0.3538832050673457,0.6382867929702405,computed,-0.05048302549306238
132,202609058430132,independent_forecast_null,25,False,contiguous,0,2000,25,0,-0.023270745161566582,0.019892944081539934,-1.1697989531454596,0.8789590574712074,computed,-0.07081771846155305
133,202609058430133,independent_forecast_null,25,True,contiguous,0,2000,25,0,0.028828377059948538,0.01479810554762264,1.9481126801788424,0.025700740946861665,computed,-0.06902217698164725
134,202609058430134,independent_forecast_null,25,False,contiguous,0,2000,25,0,-0.011102550194688771,0.01728887044374173,-0.6421790382903645,0.739621529188667,computed,-0.058486279757933524
135,202609058430135,independent_forecast_null,25,False,contiguous,0,2000,25,0,0.023642363346080657,0.016851404997329202,1.4029906319281842,0.08030981625407702,computed,-0.07026504597698224
136,202609058430136,independent_forecast_null,25,False,contiguous,0,2000,25,0,-0.03281512248451553,0.024028867623702,-1.3656541372822244,0.9139762271345183,computed,-0.0240489690072081
137,202609058430137,independent_forecast_null,25,False,contiguous,0,2000,25,0,-0.027445004523162515,0.01944651277859118,-1.4113072526492738,0.920922981554427,computed,-0.05327559745575572
138,202609058430138,independent_forecast_null,25,False,contiguous,0,2000,25,0,-0.025294533813658822,0.0194033011192572,-1.3036201241321121,0.9038184321332217,computed,-0.061167019553572066
139,202609058430139,independent_forecast_null,25,False,contiguous,0,2000,25,0,0.02814282247131507,0.017925928145090718,1.569950645987745,0.05821329684444592,computed,-0.050363150875991636
140,202609058430140,independent_forecast_null,25,False,contiguous,0,2000,25,0,0.012375772176520776,0.018107636974163146,0.6834559470227467,0.24715938892920108,computed,-0.06851433205792112
141,202609058430141,independent_forecast_null,25,False,contiguous,0,2000,25,0,0.0007873515128489013,0.02092822650981885,0.03762151143000585,0.48499472821033557,computed,-0.06103950097361355
142,202609058430142,independent_forecast_null,25,False,contiguous,0,2000,25,0,0.004398371013379156,0.01789415490843601,0.2457993146860258,0.4029187937961396,computed,-0.06568073167140409
143,202609058430143,independent_forecast_null,25,False,contiguous,0,2000,25,0,0.0050317375056290565,0.019309397735536485,0.26058490143215524,0.3972063172082144,computed,-0.06162326121036954
144,202609058430144,independent_forecast_null,25,False,contiguous,0,2000,25,0,0.0025254179292498514,0.016691629304586408,0.1512984672236841,0.4398701391712464,computed,-0.0727337940918853
145,202609058430145,independent_forecast_null,25,False,contiguous,0,2000,25,0,0.009128594319079144,0.012003501904483523,0.7604942617345235,0.22347959899137332,computed,-0.04810109485641734
146,202609058430146,independent_forecast_null,25,False,contiguous,0,2000,25,0,0.008900800463233983,0.012341061491582254,0.7212345930943745,0.23538259570933617,computed,-0.050806456004684586
147,202609058430147,independent_forecast_null,25,False,contiguous,0,2000,25,0,-0.03925693790993887,0.016202888723466723,-2.422835741202299,0.9923000559395752,computed,-0.0690479714940011
148,202609058430148,independent_forecast_null,25,False,contiguous,0,2000,25,0,0.009243871409245959,0.020902236463494907,0.442243174570821,0.32915662333447565,computed,-0.05205241907928926
149,202609058430149,independent_forecast_null,25,False,contiguous,0,2000,25,0,-0.05138424972617162,0.015462917608240806,-3.323063022646315,0.9995548260165881,computed,-0.03912580158854695
150,202609058430150,independent_forecast_null,25,False,contiguous,0,2000,25,0,0.02476727860533321,0.019272170411549633,1.2851317768802215,0.09937311945775873,computed,-0.0667765900458619
151,202609058430151,independent_forecast_null,25,False,contiguous,0,2000,25,0,-0.04022138887331581,0.01678642256530817,-2.396066744825056,0.9917139638452842,computed,-0.0704065887659795
152,202609058430152,independent_forecast_null,25,False,contiguous,0,2000,25,0,-0.010174653540156694,0.01610368083385351,-0.6318216093035895,0.7362482742238406,computed,-0.05382862466239624
153,202609058430153,independent_forecast_null,25,False,contiguous,0,2000,25,0,0.018290064354537446,0.01673950089335669,1.092629013914992,0.13727835923444226,computed,-0.06248477370973027
154,202609058430154,independent_forecast_null,25,False,contiguous,0,2000,25,0,-0.005300220897966198,0.01758885310555006,-0.3013397670763277,0.6184222902010723,computed,-0.060162028328967
155,202609058430155,independent_forecast_null,25,False,contiguous,0,2000,25,0,-0.020694363942909844,0.0154572402596366,-1.3388136300726925,0.9096843237799197,computed,-0.06903575879691726
156,202609058430156,independent_forecast_null,25,False,contiguous,0,2000,25,0,-0.01746649787083407,0.015669172377926217,-1.1147045580684156,0.8675114764348304,computed,-0.046299549966796416
157,202609058430157,independent_forecast_null,25,False,contiguous,0,2000,25,0,0.01273557061806306,0.017124528886138884,0.743703415302223,0.22852796140247977,computed,-0.04218195727136931
158,202609058430158,independent_forecast_null,25,False,contiguous,0,2000,25,0,-0.015521161568948085,0.020108952562283205,-0.7718533086631234,0.7798993429474415,computed,-0.08118785225846858
159,202609058430159,independent_forecast_null,25,True,contiguous,0,2000,25,0,0.033828820744002966,0.01811387097019103,1.8675644095993142,0.030911405566957713,computed,-0.0565265831909052
160,202609058430160,independent_forecast_null,25,False,contiguous,0,2000,25,0,-0.011609755078759557,0.016720818238829708,-0.6943293631288301,0.7562621596660767,computed,-0.04391802782575627
161,202609058430161,independent_forecast_null,25,False,contiguous,0,2000,25,0,-0.0492377791526015,0.018935621626271475,-2.600272656710066,0.9953425141515347,computed,-0.06224780742734182
162,202609058430162,independent_forecast_null,25,False,contiguous,0,2000,25,0,0.015582405874101188,0.019641679935175477,0.7933336621678321,0.21379172471090524,computed,-0.056288592788849456
163,202609058430163,independent_forecast_null,25,False,contiguous,0,2000,25,0,-0.04068331338891726,0.021949504527036357,-1.8534957515239345,0.9680943327373925,computed,-0.06327510849573481
164,202609058430164,independent_forecast_null,25,False,contiguous,0,2000,25,0,0.02917892340427681,0.02214364091432632,1.3177111892831888,0.09380017371781307,computed,-0.05094352284210801
165,202609058430165,independent_forecast_null,25,False,contiguous,0,2000,25,0,-0.006370102507723029,0.01513289158284218,-0.42094417136679374,0.6631020752868622,computed,-0.06573322163282747
166,202609058430166,independent_forecast_null,25,False,contiguous,0,2000,25,0,0.01998547938562654,0.012986573665954924,1.5389339713229877,0.06191020834298428,computed,-0.04608078170166641
167,202609058430167,independent_forecast_null,25,True,contiguous,0,2000,25,0,0.03574851164614344,0.012131394078446805,2.946776884418906,0.0016055239955761324,computed,-0.07039020968112131
168,202609058430168,independent_forecast_null,25,False,contiguous,0,2000,25,0,-0.008951247561537519,0.013896773549308723,-0.6441241580124033,0.7402525369693368,computed,-0.0578219366137227
169,202609058430169,independent_forecast_null,25,False,contiguous,0,2000,25,0,-0.0060247607459087615,0.016570965965120397,-0.36357329793507837,0.6419116653727428,computed,-0.04986292864725694
170,202609058430170,independent_forecast_null,25,False,contiguous,0,2000,25,0,0.021983415496247476,0.01574858213397541,1.3958980757271644,0.08137259510748313,computed,-0.06097855432162813
171,202609058430171,independent_forecast_null,25,False,contiguous,0,2000,25,0,-0.006427246291739628,0.016475771642868196,-0.39010289964305045,0.6517697706192602,computed,-0.04049322682379941
172,202609058430172,independent_forecast_null,25,False,contiguous,0,2000,25,0,-0.008117972189473154,0.02170738990129541,-0.37397274505990724,0.6457877031730954,computed,-0.07579938373327666
173,202609058430173,independent_forecast_null,25,False,contiguous,0,2000,25,0,0.021382938984136263,0.01635092396840682,1.3077511109128928,0.09547887065562394,computed,-0.04154932582278059
174,202609058430174,independent_forecast_null,25,False,contiguous,0,2000,25,0,0.006424977849037505,0.01856522801429895,0.34607589220498575,0.3646428402571349,computed,-0.06008413892356712
175,202609058430175,independent_forecast_null,25,False,contiguous,0,2000,25,0,-0.01597202573893862,0.020170448091598774,-0.7918527970427763,0.7857767435086283,computed,-0.06419980864311214
176,202609058430176,independent_forecast_null,25,False,contiguous,0,2000,25,0,0.009169307056847811,0.021202406862165697,0.43246538548459973,0.3327016024041213,computed,-0.04463985700201367
177,202609058430177,independent_forecast_null,25,False,contiguous,0,2000,25,0,-0.003193129362888716,0.013608558099913258,-0.23464127054791126,0.5927564128091346,computed,-0.05224192582831044
178,202609058430178,independent_forecast_null,25,False,contiguous,0,2000,25,0,-0.01964002406265145,0.019471150999734642,-1.0086729882028602,0.8434342548150418,computed,-0.04951455198059995
179,202609058430179,independent_forecast_null,25,False,contiguous,0,2000,25,0,-0.00101052885777478,0.020990243847028696,-0.048142787913244126,0.5191987770514055,computed,-0.033634011022188215
180,202609058430180,independent_forecast_null,25,False,contiguous,0,2000,25,0,0.010231728858188936,0.016783753410324214,0.6096210190918961,0.2710564423306152,computed,-0.04747386418438371
181,202609058430181,independent_forecast_null,25,False,contiguous,0,2000,25,0,0.0035415761906912166,0.015696126362363325,0.22563377160261155,0.41074313608384083,computed,-0.04996848365340112
182,202609058430182,independent_forecast_null,25,False,contiguous,0,2000,25,0,-0.03250993753217059,0.016753275823318783,-1.9405122839868847,0.9738412686178326,computed,-0.053716778343421145
183,202609058430183,independent_forecast_null,25,True,contiguous,0,2000,25,0,0.0513750653607256,0.019847641091293538,2.5884721073106283,0.004820137703479678,computed,-0.05343303342284522
184,202609058430184,independent_forecast_null,25,False,contiguous,0,2000,25,0,-0.020472467703490614,0.02236261584678046,-0.9154773235725028,0.8200294491445931,computed,-0.06305339965123435
185,202609058430185,independent_forecast_null,25,False,contiguous,0,2000,25,0,0.00901791616716335,0.022227588266260086,0.4057082603447317,0.342478486083051,computed,-0.07235581601314278
186,202609058430186,independent_forecast_null,25,False,contiguous,0,2000,25,0,0.014135380002516143,0.02054316845159936,0.6880817842593143,0.24570064038789058,computed,-0.04249619791393133
187,202609058430187,independent_forecast_null,25,False,contiguous,0,2000,25,0,-0.017031138627227313,0.013088527085687906,-1.301226525775432,0.9034095358753802,computed,-0.04579842592469818
188,202609058430188,independent_forecast_null,25,False,contiguous,0,2000,25,0,-0.03224262133624215,0.016646763297860624,-1.936870294802945,0.9736193997939036,computed,-0.056051468832054585
189,202609058430189,independent_forecast_null,25,False,contiguous,0,2000,25,0,0.01888713735803983,0.01414769453162401,1.334997537289334,0.09093857623813723,computed,-0.05566025288303522
190,202609058430190,independent_forecast_null,25,False,contiguous,0,2000,25,0,-0.007770904019616537,0.014372478576739981,-0.5406794644448281,0.7056357323613963,computed,-0.03471627850772152
191,202609058430191,independent_forecast_null,25,False,contiguous,0,2000,25,0,-0.0267832609280873,0.018715990289173357,-1.4310362697495425,0.9237900897320261,computed,-0.04148945195621612
192,202609058430192,independent_forecast_null,25,False,contiguous,0,2000,25,0,-0.0018792691528742224,0.017361589605655557,-0.10824291989150858,0.5430985001052367,computed,-0.0399372193688281
193,202609058430193,independent_forecast_null,25,False,contiguous,0,2000,25,0,0.00907940671644193,0.014648707557492395,0.6198094050828445,0.26769163796548456,computed,-0.05988643180726272
194,202609058430194,independent_forecast_null,25,False,contiguous,0,2000,25,0,0.017237685174068488,0.014261348161723314,1.208699554810218,0.11338914639367548,computed,-0.030881780630888533
195,202609058430195,independent_forecast_null,25,False,contiguous,0,2000,25,0,-0.0023974048394454473,0.020223223215945992,-0.11854711852040954,0.547182918451698,computed,-0.06844822264415695
196,202609058430196,independent_forecast_null,25,False,contiguous,0,2000,25,0,0.024903687535362033,0.01740915176086172,1.4304940227673304,0.07628764006034888,computed,-0.0498025977072758
197,202609058430197,independent_forecast_null,25,False,contiguous,0,2000,25,0,-0.00642954049423458,0.018644478731364465,-0.3448495711182613,0.6348962680194361,computed,-0.04252087347790945
198,202609058430198,independent_forecast_null,25,False,contiguous,0,2000,25,0,-0.019739512339624416,0.01887940771543854,-1.045557818187407,0.8521173834866667,computed,-0.03571795193791871
199,202609058430199,independent_forecast_null,25,False,contiguous,0,2000,25,0,0.02357405105321378,0.017705585419475107,1.3314471391205005,0.09152096372432061,computed,-0.046063411856682945
200,202609058430200,independent_forecast_null,25,False,contiguous,0,2000,25,0,0.004781565128230954,0.018952408527826693,0.2522932703360877,0.4004071947134793,computed,-0.047416155487415956
201,202609058430201,independent_forecast_null,25,False,contiguous,0,2000,25,0,-0.007058289380830675,0.01783084964248047,-0.39584705846068635,0.6538910706396175,computed,-0.07790042283185605
202,202609058430202,independent_forecast_null,25,False,contiguous,0,2000,25,0,-0.024249852921250946,0.01895662333867316,-1.279228504360222,0.8995916995253985,computed,-0.04346813008511119
203,202609058430203,independent_forecast_null,25,False,contiguous,0,2000,25,0,0.004185278887993594,0.016436439119981633,0.25463416117336435,0.3995028359344326,computed,-0.038381970133951615
204,202609058430204,independent_forecast_null,25,False,contiguous,0,2000,25,0,0.009690589868472255,0.01401365511274349,0.6915105153158791,0.24462238744671555,computed,-0.05910891179083588
205,202609058430205,independent_forecast_null,25,True,contiguous,0,2000,25,0,0.029334322243039765,0.01471672223923251,1.9932646526982067,0.023116237411432816,computed,-0.06473818268901277
206,202609058430206,independent_forecast_null,25,False,contiguous,0,2000,25,0,0.0008710480080237187,0.019191608023901793,0.045386921561699774,0.4818994526637593,computed,-0.05823952312001546
207,202609058430207,independent_forecast_null,25,True,contiguous,0,2000,25,0,0.0357193348337282,0.018489292036531338,1.931893052646557,0.026686353729978036,computed,-0.05992921657302319
208,202609058430208,independent_forecast_null,25,False,contiguous,0,2000,25,0,-0.009511205875838641,0.015404169619244183,-0.6174435955286057,0.7315289128488689,computed,-0.06565713245109683
209,202609058430209,independent_forecast_null,25,False,contiguous,0,2000,25,0,0.01613203584375628,0.01813137487751102,0.8897304232436013,0.18680532698639002,computed,-0.053779876099867785
210,202609058430210,independent_forecast_null,25,False,contiguous,0,2000,25,0,0.005846967232201206,0.018846840515531624,0.31023593728523025,0.37819077188552414,computed,-0.07150213550133566
211,202609058430211,independent_forecast_null,25,False,contiguous,0,2000,25,0,-0.043025727252397124,0.014538590841487968,-2.9594152364214694,0.9984588825945337,computed,-0.05258567718869522
212,202609058430212,independent_forecast_null,25,False,contiguous,0,2000,25,0,-0.018295064640584714,0.017643627211357538,-1.036921967429001,0.8501138873909624,computed,-0.07428897207793139
213,202609058430213,independent_forecast_null,25,False,contiguous,0,2000,25,0,-0.02469501028856593,0.016513344354238943,-1.4954578405692103,0.9326025025578032,computed,-0.06970226922904899
214,202609058430214,independent_forecast_null,25,False,contiguous,0,2000,25,0,0.016978452134071037,0.015517359587819982,1.0941585801361404,0.13694271695551802,computed,-0.05877149251112512
215,202609058430215,independent_forecast_null,25,False,contiguous,0,2000,25,0,0.005262291175943588,0.0145165983223699,0.3625016728495175,0.35848858683356805,computed,-0.06027127064663418
216,202609058430216,independent_forecast_null,25,False,contiguous,0,2000,25,0,0.025219996440280935,0.01799024176776995,1.4018709012273145,0.08047690063829321,computed,-0.03982255007785396
217,202609058430217,independent_forecast_null,25,False,contiguous,0,2000,25,0,-0.003529779934624716,0.015063479317412334,-0.234327001102895,0.592634437238861,computed,-0.04989220647425796
218,202609058430218,independent_forecast_null,25,False,contiguous,0,2000,25,0,-0.015088698252536541,0.01843693961821548,-0.8183949486729936,0.7934341474270742,computed,-0.04765138721042317
219,202609058430219,independent_forecast_null,25,False,contiguous,0,2000,25,0,0.019662881347981758,0.017082071816981924,1.151082934122438,0.12484905907945026,computed,-0.05355989444540388
220,202609058430220,independent_forecast_null,25,False,contiguous,0,2000,25,0,0.009776391487139257,0.016709647822421233,0.5850746581278129,0.2792487589171268,computed,-0.038415637308177875
221,202609058430221,independent_forecast_null,25,False,contiguous,0,2000,25,0,0.01752329934645705,0.01603964451428705,1.0924992340602349,0.13730686347519255,computed,-0.04930078729583731
222,202609058430222,independent_forecast_null,25,False,contiguous,0,2000,25,0,0.024587749610049954,0.016214939391888648,1.5163639539935447,0.06471367419511524,computed,-0.044474645737420104
223,202609058430223,independent_forecast_null,25,False,contiguous,0,2000,25,0,-0.006305978865813196,0.018870940882918737,-0.33416345824712584,0.6308718916626893,computed,-0.06373275834562198
224,202609058430224,independent_forecast_null,25,False,contiguous,0,2000,25,0,0.014538490706163778,0.016079228436021664,0.9041783792059181,0.18295041137404344,computed,-0.05746430764201249
225,202609058430225,independent_forecast_null,25,False,contiguous,0,2000,25,0,0.020928811264524484,0.02398853757381875,0.8724504859923736,0.1914813343636544,computed,-0.04210820317284303
226,202609058430226,independent_forecast_null,25,False,contiguous,0,2000,25,0,0.005841723399130693,0.01789607638247116,0.3264248137012056,0.3720514830854962,computed,-0.0457363326417668
227,202609058430227,independent_forecast_null,25,False,contiguous,0,2000,25,0,0.00977778920084382,0.01581592063809561,0.6182244729587338,0.26821369000649053,computed,-0.08516210120178869
228,202609058430228,independent_forecast_null,25,False,contiguous,0,2000,25,0,-0.00782561209001789,0.01839644428868467,-0.42538720892011106,0.6647227855173723,computed,-0.04177581917829576
229,202609058430229,independent_forecast_null,25,False,contiguous,0,2000,25,0,-0.058874096688385426,0.02421566142220807,-2.4312404960531975,0.9924763884938037,computed,-0.04513181581180192
230,202609058430230,independent_forecast_null,25,False,contiguous,0,2000,25,0,-0.014226757631426818,0.01616423300625915,-0.8801381188898911,0.8106077543807781,computed,-0.04396857229647044
231,202609058430231,independent_forecast_null,25,False,contiguous,0,2000,25,0,-0.0013834997706975204,0.019467089039135705,-0.07106865170833701,0.5283284413116439,computed,-0.06440807398174342
232,202609058430232,independent_forecast_null,25,False,contiguous,0,2000,25,0,0.007180539561496915,0.015206338694254194,0.4722069990595517,0.31838952222136374,computed,-0.06745669687660039
233,202609058430233,independent_forecast_null,25,False,contiguous,0,2000,25,0,-0.028291739013197013,0.014633000544014882,-1.933420211944758,0.9734077733255545,computed,-0.05471676978900253
234,202609058430234,independent_forecast_null,25,False,contiguous,0,2000,25,0,-0.0013053428266345,0.014568808085716355,-0.08959846398926022,0.5356968474711168,computed,-0.04193089986881571
235,202609058430235,independent_forecast_null,25,False,contiguous,0,2000,25,0,-0.02742561185317379,0.016613125441498337,-1.6508399909307057,0.9506143740637438,computed,-0.0504427670088583
236,202609058430236,independent_forecast_null,25,False,contiguous,0,2000,25,0,-0.0030605636922386025,0.01849935243667229,-0.1654416662807871,0.5657018197235824,computed,-0.0634727885552886
237,202609058430237,independent_forecast_null,25,False,contiguous,0,2000,25,0,-0.001448488276403488,0.02106385228072793,-0.0687665417084586,0.5274122745662979,computed,-0.03951896173445202
238,202609058430238,independent_forecast_null,25,False,contiguous,0,2000,25,0,-0.029567665219987157,0.018996743260456698,-1.556459694938064,0.940200590138321,computed,-0.06434993397085664
239,202609058430239,independent_forecast_null,25,False,contiguous,0,2000,25,0,-0.0061270217183770695,0.017533186863315516,-0.3494528271524081,0.6366253101948621,computed,-0.06304457686465459
240,202609058430240,independent_forecast_null,25,False,contiguous,0,2000,25,0,-0.015368946260495417,0.015452818796059203,-0.9945723471768675,0.8400278488419937,computed,-0.0546226269425405
241,202609058430241,independent_forecast_null,25,True,contiguous,0,2000,25,0,0.039848756391061106,0.016600098673218024,2.400513224379298,0.008186049581727955,computed,-0.05333989086719049
242,202609058430242,independent_forecast_null,25,False,contiguous,0,2000,25,0,-0.019523580308436053,0.021114517875629027,-0.9246519585924678,0.8224265117417852,computed,-0.05697496517934297
243,202609058430243,independent_forecast_null,25,False,contiguous,0,2000,25,0,0.022666601977649057,0.016273049780466134,1.3928920689997288,0.08182621555138964,computed,-0.030765286691013083
244,202609058430244,independent_forecast_null,25,False,contiguous,0,2000,25,0,0.017597206681160157,0.018439549479953854,0.9543186887668036,0.16996117541552447,computed,-0.04105255551594045
245,202609058430245,independent_forecast_null,25,False,contiguous,0,2000,25,0,0.00014304870526120084,0.019103493050954417,0.007488091569413484,0.4970127115904342,computed,-0.06550907356568247
246,202609058430246,independent_forecast_null,25,False,contiguous,0,2000,25,0,0.007227017514237383,0.014622865533153959,0.4942271744106376,0.31057287515429866,computed,-0.061889581897448975
247,202609058430247,independent_forecast_null,25,False,contiguous,0,2000,25,0,-0.004823254903422463,0.015840621260295076,-0.3044864733627635,0.6196213517344568,computed,-0.0657569562208784
248,202609058430248,independent_forecast_null,25,False,contiguous,0,2000,25,0,-0.018304586145350975,0.017361106533507472,-1.0543444399711825,0.8541373752267637,computed,-0.0694898835745561
249,202609058430249,independent_forecast_null,25,False,contiguous,0,2000,25,0,0.012745337582926414,0.01772846933150696,0.718919233499502,0.23609534252900732,computed,-0.06784792570937093
250,202609058430250,independent_forecast_null,25,False,contiguous,0,2000,25,0,-0.021152452252267678,0.016862735595925195,-1.254390317154654,0.8951499148625672,computed,-0.053364627736552706
251,202609058430251,independent_forecast_null,25,False,contiguous,0,2000,25,0,-0.02533870676956058,0.01855313855494394,-1.365736944966029,0.9139892280550903,computed,-0.06177510155196386
252,202609058430252,independent_forecast_null,25,True,contiguous,0,2000,25,0,0.04495246009737363,0.021228750350741194,2.117527379363813,0.01710755707051811,computed,-0.07167510448751058
253,202609058430253,independent_forecast_null,25,False,contiguous,0,2000,25,0,0.012411833584541588,0.01783296276110702,0.6960051311053765,0.243212808189472,computed,-0.061074571088419516
254,202609058430254,independent_forecast_null,25,False,contiguous,0,2000,25,0,-0.0032305493924200982,0.020264134360887955,-0.15942202784913526,0.5633318074338951,computed,-0.05092237812302036
255,202609058430255,independent_forecast_null,25,False,contiguous,0,2000,25,0,0.012497483747965315,0.017169053918166834,0.7279075368702488,0.23333509459767499,computed,-0.04465922441858794
256,202609058430256,independent_forecast_null,25,False,contiguous,0,2000,25,0,0.005640306761259178,0.01616291492745449,0.3489659375536585,0.36355744093159426,computed,-0.05264624082650671
257,202609058430257,independent_forecast_null,25,False,contiguous,0,2000,25,0,-0.025321070493043926,0.01669842780080842,-1.5163745231043881,0.9352876613096325,computed,-0.06747702442309444
258,202609058430258,independent_forecast_null,25,False,contiguous,0,2000,25,0,-0.02748590737736432,0.0170522541881885,-1.6118635738143552,0.9465041848398762,computed,-0.04351794186847768
259,202609058430259,independent_forecast_null,25,False,contiguous,0,2000,25,0,0.006600368470281662,0.01990586618834291,0.33157906357006006,0.3701035654290772,computed,-0.05489724341803104
260,202609058430260,independent_forecast_null,25,False,contiguous,0,2000,25,0,-0.032403159840881504,0.01440787150208822,-2.2489900632570965,0.987743435861957,computed,-0.048713748670940804
261,202609058430261,independent_forecast_null,25,False,contiguous,0,2000,25,0,-0.0012627562777092667,0.015529808213688111,-0.08131177541498948,0.532402995213233,computed,-0.047094806627710595
262,202609058430262,independent_forecast_null,25,False,contiguous,0,2000,25,0,0.020136635754057247,0.016274977168228524,1.2372758220126616,0.10799235039548571,computed,-0.0800203712935228
263,202609058430263,independent_forecast_null,25,False,contiguous,0,2000,25,0,0.025494846022001763,0.01921854959218784,1.3265749269843536,0.09232466721789234,computed,-0.054680636842330266
264,202609058430264,independent_forecast_null,25,False,contiguous,0,2000,25,0,-0.01380136324612178,0.015255427808885334,-0.9046854286238599,0.8171839685981495,computed,-0.06069015950528556
265,202609058430265,independent_forecast_null,25,False,contiguous,0,2000,25,0,0.0016510179831326938,0.01827546129258584,0.09034070093773743,0.4640082388466564,computed,-0.049351537610616836
266,202609058430266,independent_forecast_null,25,False,contiguous,0,2000,25,0,0.016789580430710292,0.014429880651306697,1.1635287107651797,0.12230752818574836,computed,-0.05544105051082626
267,202609058430267,independent_forecast_null,25,False,contiguous,0,2000,25,0,0.02273958502100362,0.02334919657563727,0.973891540436568,0.16505519726364698,computed,-0.054952933997160835
268,202609058430268,independent_forecast_null,25,False,contiguous,0,2000,25,0,0.004234983532823823,0.01825866665966118,0.2319437454970444,0.4082908534306062,computed,-0.04702152734778742
269,202609058430269,independent_forecast_null,25,False,contiguous,0,2000,25,0,0.014052440610731944,0.016656957004100338,0.8436379230175561,0.19943588300287063,computed,-0.045403768113349896
270,202609058430270,independent_forecast_null,25,False,contiguous,0,2000,25,0,-0.03187374591736554,0.018655708089667655,-1.7085251207923118,0.9562305253668822,computed,-0.05869698610016183
271,202609058430271,independent_forecast_null,25,False,contiguous,0,2000,25,0,0.022490066088563018,0.017349173375933787,1.296319173325025,0.09743277281115714,computed,-0.06594606649181656
272,202609058430272,independent_forecast_null,25,False,contiguous,0,2000,25,0,-0.003965410123318388,0.019470927678924527,-0.20365799661464395,0.5806896159772413,computed,-0.059484370044664336
273,202609058430273,independent_forecast_null,25,False,contiguous,0,2000,25,0,0.002269273691888126,0.018050338872291415,0.12571917391377213,0.44997711185123135,computed,-0.04576371479505137
274,202609058430274,independent_forecast_null,25,False,contiguous,0,2000,25,0,0.011418519934055734,0.023756208242067894,0.4806541438644079,0.31538116361899066,computed,-0.05723726347353075
275,202609058430275,independent_forecast_null,25,False,contiguous,0,2000,25,0,-0.01178377146089893,0.016935019441675844,-0.6958227300229683,0.7567300736919984,computed,-0.08362151406097218
276,202609058430276,independent_forecast_null,25,True,contiguous,0,2000,25,0,0.021228289834040855,0.01268326735373609,1.6737240682534118,0.047092420666029144,computed,-0.04851642676750245
277,202609058430277,independent_forecast_null,25,False,contiguous,0,2000,25,0,0.009388496572844634,0.018620614082863755,0.5041990844697605,0.3070607418633774,computed,-0.06306514954123132
278,202609058430278,independent_forecast_null,25,True,contiguous,0,2000,25,0,0.0316415586813206,0.014325538866746859,2.2087517248491455,0.013595957258042673,computed,-0.05877322647486083
279,202609058430279,independent_forecast_null,25,True,contiguous,0,2000,25,0,0.040217898779402385,0.01750884230282837,2.297005026591941,0.01080924149423371,computed,-0.0636678004588358
280,202609058430280,independent_forecast_null,25,False,contiguous,0,2000,25,0,0.003428793206283901,0.021866174682967088,0.15680809542579935,0.437698046279069,computed,-0.05679627878754068
281,202609058430281,independent_forecast_null,25,False,contiguous,0,2000,25,0,-0.0026058325581599586,0.015115925470143255,-0.1723898786949538,0.5684344856524568,computed,-0.06967048614606375
282,202609058430282,independent_forecast_null,25,False,contiguous,0,2000,25,0,-0.007519588058394165,0.019392408322141324,-0.3877593712694601,0.6509029426961548,computed,-0.040311599139288834
283,202609058430283,independent_forecast_null,25,False,contiguous,0,2000,25,0,0.013476581564813472,0.01840387448106094,0.7322687175834606,0.23200228447633275,computed,-0.03807970245063541
284,202609058430284,independent_forecast_null,25,False,contiguous,0,2000,25,0,0.010131589859203725,0.014221364680487176,0.7124203680048413,0.23810225327779633,computed,-0.05201864910061493
285,202609058430285,independent_forecast_null,25,False,contiguous,0,2000,25,0,-0.0018239535760042962,0.01790821315224156,-0.1018501153911044,0.5405621769429525,computed,-0.0667883569153851
286,202609058430286,independent_forecast_null,25,False,contiguous,0,2000,25,0,-0.008519856023518036,0.017325173055238362,-0.491761669355563,0.6885560817264729,computed,-0.06864954514786392
287,202609058430287,independent_forecast_null,25,False,contiguous,0,2000,25,0,-0.03093207550318462,0.015876253024714154,-1.94832341453827,0.9743118614002109,computed,-0.049554466283200815
288,202609058430288,independent_forecast_null,25,False,contiguous,0,2000,25,0,0.02560992880103314,0.016885013808129092,1.5167253691379001,0.06466801820117167,computed,-0.06623604770636038
289,202609058430289,independent_forecast_null,25,False,contiguous,0,2000,25,0,-0.012106467882766203,0.01558978551684194,-0.7765641079338363,0.7812920078733925,computed,-0.057668112889544876
290,202609058430290,independent_forecast_null,25,False,contiguous,0,2000,25,0,-0.01789820408830795,0.018753086491699388,-0.9544137758992456,0.8300628821054211,computed,-0.0644402649913236
291,202609058430291,independent_forecast_null,25,False,contiguous,0,2000,25,0,0.023250138194001072,0.016568542334197148,1.4032699874878698,0.08026817216186666,computed,-0.0753247351517563
292,202609058430292,independent_forecast_null,25,False,contiguous,0,2000,25,0,-0.022183287334017105,0.014222462612806963,-1.5597360272926029,0.9405888626815693,computed,-0.06810944871740587
293,202609058430293,independent_forecast_null,25,False,contiguous,0,2000,25,0,-0.0436389743777448,0.016736247879375755,-2.607452679493445,0.9954390661126521,computed,-0.04359158943930419
294,202609058430294,independent_forecast_null,25,False,contiguous,0,2000,25,0,-0.018491564578503622,0.014243276047866307,-1.2982662497279707,0.9029020701438752,computed,-0.0626079625718663
295,202609058430295,independent_forecast_null,25,False,contiguous,0,2000,25,0,0.003443887272059725,0.017123885923758415,0.20111599010838585,0.42030393957119355,computed,-0.036483093737201155
296,202609058430296,independent_forecast_null,25,False,contiguous,0,2000,25,0,0.0009276224863938687,0.015350364331293043,0.060429998036126746,0.47590658366516286,computed,-0.05544765079593539
297,202609058430297,independent_forecast_null,25,False,contiguous,0,2000,25,0,0.021501149497993553,0.0182908543624642,1.1755136786894658,0.11989463396845429,computed,-0.0593606493362977
298,202609058430298,independent_forecast_null,25,False,contiguous,0,2000,25,0,0.015446198630972078,0.013309776772602977,1.1605152283820974,0.12291954863597704,computed,-0.053647485933986605
299,202609058430299,independent_forecast_null,25,False,contiguous,0,2000,25,0,-0.0006315733823043858,0.013184841439878995,-0.04790147725206031,0.5191026189664213,computed,-0.05456180460239746
0,202609058430000,independent_forecast_null,50,False,contiguous,0,4000,50,0,0.014979875373368777,0.012069031777105813,1.2411828595716061,0.10726910264307499,computed,-0.02304867550641898
1,202609058430001,independent_forecast_null,50,False,contiguous,0,4000,50,0,0.016234728939177323,0.012421877521428367,1.3069464669227011,0.0956154466219079,computed,-0.03141143308680894
2,202609058430002,independent_forecast_null,50,False,contiguous,0,4000,50,0,0.0011946100824332274,0.012543873965497587,0.09523454123654693,0.4620642673599056,computed,-0.027584370571134276
3,202609058430003,independent_forecast_null,50,False,contiguous,0,4000,50,0,-0.01846910608520496,0.01249929890405527,-1.4776113626031333,0.9302440843670652,computed,-0.030823517329803485
4,202609058430004,independent_forecast_null,50,False,contiguous,0,4000,50,0,0.009903848856219146,0.012390758778770175,0.7992931694536738,0.21206021930880903,computed,-0.029757734676346015
5,202609058430005,independent_forecast_null,50,True,contiguous,0,4000,50,0,0.021004076449029897,0.010585377839935562,1.9842538232114497,0.023613775553142622,computed,-0.0327184722631666
6,202609058430006,independent_forecast_null,50,False,contiguous,0,4000,50,0,0.003298852080604637,0.013432344818530825,0.24559018735534902,0.40299974299747165,computed,-0.03418902071012009
7,202609058430007,independent_forecast_null,50,False,contiguous,0,4000,50,0,-0.022158899015462946,0.012293443372033764,-1.802497343085503,0.9642664038268216,computed,-0.025236427192596222
8,202609058430008,independent_forecast_null,50,True,contiguous,0,4000,50,0,0.022104629644058498,0.012407330585672421,1.7815781961660795,0.037409021339670875,computed,-0.02698399344304292
9,202609058430009,independent_forecast_null,50,False,contiguous,0,4000,50,0,-8.068972925622741e-05,0.01309473663574554,-0.006161997106223847,0.5024582656205645,computed,-0.028864116508924953
10,202609058430010,independent_forecast_null,50,False,contiguous,0,4000,50,0,-0.021899432304100762,0.014771210403044443,-1.4825753412589089,0.9309063636672552,computed,-0.032149640417801884
11,202609058430011,independent_forecast_null,50,False,contiguous,0,4000,50,0,-0.015573092645097989,0.0111649010086104,-1.394825859457955,0.918465820579767,computed,-0.030331773694448616
12,202609058430012,independent_forecast_null,50,False,contiguous,0,4000,50,0,-0.005689772740536359,0.010911150860214167,-0.5214640337604752,0.6989782229152673,computed,-0.023121736361838785
13,202609058430013,independent_forecast_null,50,False,contiguous,0,4000,50,0,-0.023517835844517998,0.01176473355341115,-1.9990113450294904,0.9771964368154661,computed,-0.02556719568237731
14,202609058430014,independent_forecast_null,50,False,contiguous,0,4000,50,0,-0.0004971633628671159,0.012689543952166085,-0.03917897796336888,0.5156261530394689,computed,-0.02296148344144111
15,202609058430015,independent_forecast_null,50,False,contiguous,0,4000,50,0,0.018617793748567726,0.012337927630845461,1.5089887301674774,0.06565083141461676,computed,-0.026862094139719073
16,202609058430016,independent_forecast_null,50,False,contiguous,0,4000,50,0,0.005232117622745154,0.012864660879621055,0.40670466728224186,0.3421124560701245,computed,-0.0332035925210139
17,202609058430017,independent_forecast_null,50,True,contiguous,0,4000,50,0,0.02293149916256736,0.010002400593189718,2.2925995563685593,0.010935534975952519,computed,-0.02942413594361315
18,202609058430018,independent_forecast_null,50,False,contiguous,0,4000,50,0,-0.010111458375614854,0.013387243511463923,-0.7553054792016063,0.7749671440767096,computed,-0.02233163030345109
19,202609058430019,independent_forecast_null,50,False,contiguous,0,4000,50,0,0.0037622111931286347,0.010731850960509732,0.3505649870625804,0.36295736385451793,computed,-0.023188574276357343
20,202609058430020,independent_forecast_null,50,False,contiguous,0,4000,50,0,-0.007065928400280074,0.01193145189591443,-0.5922102743170419,0.7231451048810784,computed,-0.027673112187834636
21,202609058430021,independent_forecast_null,50,False,contiguous,0,4000,50,0,0.0054417592936178245,0.011391842970600929,0.47768910681629306,0.3164357493194836,computed,-0.0149401461299139
22,202609058430022,independent_forecast_null,50,False,contiguous,0,4000,50,0,0.009772075251356465,0.010686546161417308,0.9144278332542606,0.1802460411123727,computed,-0.02652695285232043
23,202609058430023,independent_forecast_null,50,False,contiguous,0,4000,50,0,-0.011364558713113529,0.014770670701720934,-0.76940031651978,0.7791721496221308,computed,-0.028474922872133046
24,202609058430024,independent_forecast_null,50,False,contiguous,0,4000,50,0,-0.0018216701034311754,0.014463253409075349,-0.12595161350682832,0.5501148868599344,computed,-0.03124882543389873
25,202609058430025,independent_forecast_null,50,False,contiguous,0,4000,50,0,-0.024862905325295784,0.013082620488649012,-1.900452997690165,0.9713131512076051,computed,-0.020305863855788253
26,202609058430026,independent_forecast_null,50,True,contiguous,0,4000,50,0,0.01992777424474363,0.009639918294274994,2.0672140194983233,0.019356995873520057,computed,-0.025726357600351468
27,202609058430027,independent_forecast_null,50,False,contiguous,0,4000,50,0,-0.0018432043073389904,0.01093894690705462,-0.16849924613403985,0.5669047316550757,computed,-0.029081982365851466
28,202609058430028,independent_forecast_null,50,False,contiguous,0,4000,50,0,-0.012881345960394436,0.01095730635217108,-1.1755942150729524,0.8801214658335973,computed,-0.023642189498601418
29,202609058430029,independent_forecast_null,50,False,contiguous,0,4000,50,0,0.0037852429444059556,0.012539654534922721,0.3018618203447407,0.38137870089510856,computed,-0.02790967774655928
30,202609058430030,independent_forecast_null,50,False,contiguous,0,4000,50,0,0.013481055093249407,0.013120043881237116,1.027516006446333,0.15208877614238447,computed,-0.025755115636263648
31,202609058430031,independent_forecast_null,50,False,contiguous,0,4000,50,0,0.004812713024398407,0.012690077210792159,0.3792500978879371,0.35225107628826136,computed,-0.03753415384016412
32,202609058430032,independent_forecast_null,50,False,contiguous,0,4000,50,0,-0.00852674047334705,0.013152142419327658,-0.6483157041256356,0.7416096105568095,computed,-0.029905404793530987
33,202609058430033,independent_forecast_null,50,False,contiguous,0,4000,50,0,-0.010671497469442771,0.013026763297476372,-0.8191979255130952,0.7936632508493036,computed,-0.025915348816615946
34,202609058430034,independent_forecast_null,50,False,contiguous,0,4000,50,0,-0.02018217006686556,0.012209006613511751,-1.6530558714359185,0.9508402534030036,computed,-0.026615748796590344
35,202609058430035,independent_forecast_null,50,False,contiguous,0,4000,50,0,0.0011010178166980169,0.013414437955662436,0.08207707399572867,0.46729271195129335,computed,-0.029158776249694984
36,202609058430036,independent_forecast_null,50,False,contiguous,0,4000,50,0,-0.014109192319355262,0.011593133348840752,-1.217030106943961,0.8882036194293907,computed,-0.028502934381949396
37,202609058430037,independent_forecast_null,50,False,contiguous,0,4000,50,0,-0.0007429861262935322,0.01262766305093586,-0.05883797526878642,0.5234594195249008,computed,-0.029661057885425057
38,202609058430038,independent_forecast_null,50,False,contiguous,0,4000,50,0,-0.023121280047651526,0.013330291077308673,-1.7344917611746262,0.9585845668371633,computed,-0.030175162748755646
39,202609058430039,independent_forecast_null,50,False,contiguous,0,4000,50,0,-0.003978582674630194,0.012323955481379259,-0.3228332559819442,0.6265892371231304,computed,-0.028638654331981428
40,202609058430040,independent_forecast_null,50,False,contiguous,0,4000,50,0,-0.0023900346693509,0.011006959231296612,-0.21713850475208452,0.5859497963557231,computed,-0.030210614979282235
41,202609058430041,independent_forecast_null,50,False,contiguous,0,4000,50,0,-0.025948490546687526,0.01083875735592194,-2.3940466323392804,0.9916681849823665,computed,-0.026714754866637325
42,202609058430042,independent_forecast_null,50,False,contiguous,0,4000,50,0,-0.02269640673669335,0.011866496997706515,-1.912645892134804,0.972103299811573,computed,-0.027074099884836
43,202609058430043,independent_forecast_null,50,False,contiguous,0,4000,50,0,-0.020089485187968156,0.013249913878569212,-1.5161974162308678,0.9352652793949358,computed,-0.031237890105545008
44,202609058430044,independent_forecast_null,50,False,contiguous,0,4000,50,0,-0.016291523278493866,0.009955626189139404,-1.6364137191356476,0.9491234850783508,computed,-0.02701946631100771
45,202609058430045,independent_forecast_null,50,False,contiguous,0,4000,50,0,-0.0026608614136540048,0.012477084708720226,-0.21325986604822283,0.5844378621427806,computed,-0.03315245694382707
46,202609058430046,independent_forecast_null,50,False,contiguous,0,4000,50,0,-0.01346895273076202,0.01238877778849554,-1.0871897906885981,0.8615235290977392,computed,-0.03328737304248697
47,202609058430047,independent_forecast_null,50,False,contiguous,0,4000,50,0,-0.006249496677642188,0.008551773165266289,-0.7307837283412777,0.7675443680309406,computed,-0.030222738042317232
48,202609058430048,independent_forecast_null,50,False,contiguous,0,4000,50,0,-0.000762813884870221,0.011485204335296853,-0.0664170930355942,0.5264771190123743,computed,-0.026900357576963962
49,202609058430049,independent_forecast_null,50,False,contiguous,0,4000,50,0,0.011492932825204027,0.00957708864823432,1.200044527866297,0.11506102376202515,computed,-0.011386126212717063
50,202609058430050,independent_forecast_null,50,False,contiguous,0,4000,50,0,-0.005041392952916571,0.013548942452543192,-0.37208756111959723,0.6450861713464345,computed,-0.027811756638348673
51,202609058430051,independent_forecast_null,50,False,contiguous,0,4000,50,0,0.0010570527479756553,0.010952611661623689,0.0965114787808473,0.4615571788677264,computed,-0.03288943396883792
52,202609058430052,independent_forecast_null,50,True,contiguous,0,4000,50,0,0.026490958564272932,0.013673183993988487,1.9374389005457595,0.026345857667395455,computed,-0.028811771921650076
53,202609058430053,independent_forecast_null,50,False,contiguous,0,4000,50,0,0.01505670414212496,0.012467694440375857,1.207657455364382,0.11358952457601851,computed,-0.02881555847747186
54,202609058430054,independent_forecast_null,50,True,contiguous,0,4000,50,0,0.02720048769947682,0.010957670953402245,2.482323827312167,0.006526429711250621,computed,-0.03414278158756123
55,202609058430055,independent_forecast_null,50,False,contiguous,0,4000,50,0,-0.006977067620541358,0.011826625641514587,-0.5899457573130584,0.7223864920909477,computed,-0.02428547295344652
56,202609058430056,independent_forecast_null,50,False,contiguous,0,4000,50,0,-0.01252481359570823,0.011665980311096143,-1.0736186125563065,0.8585031739594531,computed,-0.024727907793297366
57,202609058430057,independent_forecast_null,50,False,contiguous,0,4000,50,0,-0.002528854399163059,0.010677829945854773,-0.23683224138110406,0.5936065310071011,computed,-0.025507187274786514
58,202609058430058,independent_forecast_null,50,False,contiguous,0,4000,50,0,-0.011666706715032593,0.012726013178206293,-0.9167605401361837,0.8203659328258043,computed,-0.029340967095200954
59,202609058430059,independent_forecast_null,50,False,contiguous,0,4000,50,0,0.006582215734248783,0.013373400467140509,0.4921871404675125,0.31129352719262693,computed,-0.02551097135928293
60,202609058430060,independent_forecast_null,50,False,contiguous,0,4000,50,0,0.006977980132532565,0.01174932010749371,0.5939050148171563,0.27628782236168303,computed,-0.03903354065578357
61,202609058430061,independent_forecast_null,50,False,contiguous,0,4000,50,0,-0.0057690834887633696,0.012619374360278563,-0.45716081669804914,0.6762222701184362,computed,-0.02868661811469453
62,202609058430062,independent_forecast_null,50,False,contiguous,0,4000,50,0,0.008956655141400564,0.013028257495364877,0.6874791310032914,0.24589042360908947,computed,-0.02226628466352687
63,202609058430063,independent_forecast_null,50,False,contiguous,0,4000,50,0,-0.01259247462323263,0.011625025241418658,-1.0832212715003025,0.8606448898821744,computed,-0.028307070698947223
64,202609058430064,independent_forecast_null,50,False,contiguous,0,4000,50,0,-0.002939010153579394,0.012678756252341702,-0.2318058723651678,0.5916556021043716,computed,-0.028049431716046902
65,202609058430065,independent_forecast_null,50,False,contiguous,0,4000,50,0,0.002939795097989698,0.011220536209485255,0.2620013021752516,0.3966602191293347,computed,-0.028014979638447013
66,202609058430066,independent_forecast_null,50,False,contiguous,0,4000,50,0,0.012535017522264042,0.01058373902532491,1.1843657040550684,0.11813416506224667,computed,-0.026123494573848882
67,202609058430067,independent_forecast_null,50,False,contiguous,0,4000,50,0,0.017569530312509032,0.014168216601073534,1.2400664675875848,0.10747540524622784,computed,-0.02339600240800599
68,202609058430068,independent_forecast_null,50,False,contiguous,0,4000,50,0,-0.004503505311293769,0.014972969190106994,-0.3007757014733821,0.6182072308294536,computed,-0.03121893760202088
69,202609058430069,independent_forecast_null,50,False,contiguous,0,4000,50,0,-0.0026931708303286578,0.01264388990337721,-0.21300176218786168,0.5843372059019295,computed,-0.017986148802275226
70,202609058430070,independent_forecast_null,50,False,contiguous,0,4000,50,0,-0.004384212416639578,0.012276853039350635,-0.357112071195036,0.6394960459942898,computed,-0.03056118735333957
71,202609058430071,independent_forecast_null,50,False,contiguous,0,4000,50,0,-0.003727040116227643,0.011637937566154995,-0.3202491932132785,0.6256102827913043,computed,-0.03400694661252657
72,202609058430072,independent_forecast_null,50,False,contiguous,0,4000,50,0,-0.0007762663687300897,0.012116115702670361,-0.06406891348511987,0.5255423227906547,computed,-0.026393332414346382
73,202609058430073,independent_forecast_null,50,False,contiguous,0,4000,50,0,0.012363377042733575,0.01217933815269485,1.0151107463912565,0.1550265197821773,computed,-0.01651552288510061
74,202609058430074,independent_forecast_null,50,False,contiguous,0,4000,50,0,-0.011547892854231552,0.010276043707561978,-1.1237683667824068,0.8694443477432352,computed,-0.032269675293747246
75,202609058430075,independent_forecast_null,50,False,contiguous,0,4000,50,0,0.00480486818702882,0.013337759789992997,0.36024551818917877,0.35933176898509,computed,-0.026869758890917028
76,202609058430076,independent_forecast_null,50,False,contiguous,0,4000,50,0,-0.009546728365173965,0.013713217884633491,-0.6961698155377276,0.7568387558073232,computed,-0.03316960893467358
77,202609058430077,independent_forecast_null,50,False,contiguous,0,4000,50,0,-0.014675044497411735,0.0126606765636514,-1.1591042882766276,0.8767931609325771,computed,-0.026074238626333512
78,202609058430078,independent_forecast_null,50,False,contiguous,0,4000,50,0,-0.008055829776112532,0.01363597205960848,-0.5907778148046333,0.7226653491919065,computed,-0.023491883638528055
79,202609058430079,independent_forecast_null,50,False,contiguous,0,4000,50,0,0.014641802108047957,0.012488425036685201,1.172429835230394,0.12051226345907723,computed,-0.023086757577011285
80,202609058430080,independent_forecast_null,50,False,contiguous,0,4000,50,0,0.00952077607002428,0.012422033769434687,0.7664426169449674,0.22170649164725992,computed,-0.0328852814987628
81,202609058430081,independent_forecast_null,50,False,contiguous,0,4000,50,0,-0.005545902612591371,0.01132227316065148,-0.489822364634794,0.6878701982579569,computed,-0.02896763312365569
82,202609058430082,independent_forecast_null,50,False,contiguous,0,4000,50,0,0.003935990439744824,0.014523052448953097,0.27101674758659655,0.39318907571530176,computed,-0.03121594601518196
83,202609058430083,independent_forecast_null,50,False,contiguous,0,4000,50,0,-0.002274164888730211,0.010146911685850841,-0.22412384764335486,0.5886695316460739,computed,-0.031426522797889156
84,202609058430084,independent_forecast_null,50,False,contiguous,0,4000,50,0,-0.007112928274988361,0.01224744862823371,-0.5807681657542226,0.7193016434712179,computed,-0.023138624147727604
85,202609058430085,independent_forecast_null,50,False,contiguous,0,4000,50,0,-0.006549865839778203,0.012727185305114212,-0.5146358509564755,0.6965962460671373,computed,-0.03460985617127332
86,202609058430086,independent_forecast_null,50,False,contiguous,0,4000,50,0,0.001749690188090053,0.01165905762092416,0.1500713217979073,0.440354172805161,computed,-0.04102892896815735
87,202609058430087,independent_forecast_null,50,False,contiguous,0,4000,50,0,0.014986942186895585,0.01136347200807477,1.3188699876451506,0.0936062906328442,computed,-0.028198338611388873
88,202609058430088,independent_forecast_null,50,False,contiguous,0,4000,50,0,-0.029347530406745693,0.01291423264974211,-2.2724950992215356,0.9884716881674781,computed,-0.029508831204866803
89,202609058430089,independent_forecast_null,50,False,contiguous,0,4000,50,0,-0.019712683423605434,0.010535857906154652,-1.8710088536871805,0.9693280730777636,computed,-0.030892139160453747
90,202609058430090,independent_forecast_null,50,False,contiguous,0,4000,50,0,-0.013267470976353463,0.011262542679400531,-1.178017376184509,0.8806051604897164,computed,-0.029642070307511537
91,202609058430091,independent_forecast_null,50,False,contiguous,0,4000,50,0,0.004087422990833778,0.012673431925437437,0.3225190315363371,0.37352976115716696,computed,-0.020169397689092206
92,202609058430092,independent_forecast_null,50,False,contiguous,0,4000,50,0,-0.009372907927298996,0.010001875406469303,-0.9371150455680056,0.8256503085223832,computed,-0.01860154547707671
93,202609058430093,independent_forecast_null,50,False,contiguous,0,4000,50,0,-0.01932809080919692,0.013720161559014343,-1.4087363859427797,0.9205434342135699,computed,-0.022719891339769704
94,202609058430094,independent_forecast_null,50,False,contiguous,0,4000,50,0,0.007569807373495871,0.012108157876736927,0.625182414249779,0.265925671224375,computed,-0.02799539166160825
95,202609058430095,independent_forecast_null,50,False,contiguous,0,4000,50,0,-0.007406351351059552,0.012622743732805562,-0.5867465511330158,0.7213130307777715,computed,-0.0242430296848426
96,202609058430096,independent_forecast_null,50,False,contiguous,0,4000,50,0,-0.008340529724242667,0.011098043886751029,-0.751531513963437,0.7738335788534916,computed,-0.033684246794573935
97,202609058430097,independent_forecast_null,50,False,contiguous,0,4000,50,0,0.009704849321394666,0.012524673215141455,0.774858485701821,0.21921164267897575,computed,-0.029452071322043194
98,202609058430098,independent_forecast_null,50,False,contiguous,0,4000,50,0,-0.010376521656975913,0.013346438528675047,-0.7774749521890639,0.7815606966378937,computed,-0.022523763703165223
99,202609058430099,independent_forecast_null,50,False,contiguous,0,4000,50,0,0.009018445671001194,0.012486953652324917,0.7222294502007758,0.23507670985519147,computed,-0.03021185371901125
100,202609058430100,independent_forecast_null,50,False,contiguous,0,4000,50,0,-0.005762603089635993,0.011857450146849318,-0.48599007529179394,0.6865128986749522,computed,-0.01882985294256101
101,202609058430101,independent_forecast_null,50,False,contiguous,0,4000,50,0,-0.015587904855243874,0.011239609911717668,-1.3868724072881715,0.9172596634938692,computed,-0.021383343718118786
102,202609058430102,independent_forecast_null,50,False,contiguous,0,4000,50,0,-0.005259528958074515,0.01116676175502159,-0.4709985825308177,0.6811791264304782,computed,-0.02621760205860424
103,202609058430103,independent_forecast_null,50,False,contiguous,0,4000,50,0,-0.019461016983465234,0.012165843927977205,-1.5996438141633291,0.9451611886109597,computed,-0.03585357619742835
104,202609058430104,independent_forecast_null,50,False,contiguous,0,4000,50,0,0.011829234767924714,0.010740381696706375,1.1013793645296839,0.1353657913332198,computed,-0.021719824724770964
105,202609058430105,independent_forecast_null,50,False,contiguous,0,4000,50,0,-0.003064492321388965,0.013855690543540019,-0.22117211060387984,0.5875207879759328,computed,-0.030317362413328608
106,202609058430106,independent_forecast_null,50,False,contiguous,0,4000,50,0,-0.0009435899046564747,0.010643060142192731,-0.08865776309162827,0.5353230497669602,computed,-0.029303047847506702
107,202609058430107,independent_forecast_null,50,False,contiguous,0,4000,50,0,0.003717386400356527,0.011525074898840562,0.3225476999486139,0.373518903794031,computed,-0.036379082742034274
108,202609058430108,independent_forecast_null,50,False,contiguous,0,4000,50,0,-0.012077979844532663,0.012481456983889316,-0.9676738749428494,0.8333963652409397,computed,-0.03153089558343192
109,202609058430109,independent_forecast_null,50,False,contiguous,0,4000,50,0,-0.00412451715890405,0.013554664435531622,-0.3042876626360602,0.6195456282023843,computed,-0.027589852872119458
110,202609058430110,independent_forecast_null,50,False,contiguous,0,4000,50,0,-0.003406152269731928,0.011342284300258026,-0.30030566855518176,0.6180279951046701,computed,-0.022405515878338722
111,202609058430111,independent_forecast_null,50,False,contiguous,0,4000,50,0,0.02143335027332828,0.013365066557831252,1.6036845144455658,0.05439180549638385,computed,-0.02559559838393799
112,202609058430112,independent_forecast_null,50,False,contiguous,0,4000,50,0,-0.010062150261364429,0.011095314227232683,-0.9068828566087453,0.8177656261244806,computed,-0.029735006929856755
113,202609058430113,independent_forecast_null,50,False,contiguous,0,4000,50,0,-0.00476444434718478,0.01178164397883122,-0.4043955457952506,0.657039062448564,computed,-0.019662201100794308
114,202609058430114,independent_forecast_null,50,False,contiguous,0,4000,50,0,-0.0017146964703396751,0.010795654910910621,-0.15883209351261482,0.5630994185996018,computed,-0.01594914288108451
115,202609058430115,independent_forecast_null,50,False,contiguous,0,4000,50,0,0.013274812047572752,0.011718970014378816,1.1327626942713365,0.12865696081721306,computed,-0.02678557245152513
116,202609058430116,independent_forecast_null,50,False,contiguous,0,4000,50,0,-0.010744717980937544,0.011485090672323317,-0.9355361910054469,0.8252439793807018,computed,-0.027118676794195107
117,202609058430117,independent_forecast_null,50,False,contiguous,0,4000,50,0,0.010004370123131769,0.011123095974543366,0.8994231593459281,0.18421365397708844,computed,-0.03105416387090898
118,202609058430118,independent_forecast_null,50,False,contiguous,0,4000,50,0,0.012623658446460937,0.013696192697109325,0.9216910659504116,0.17834487099187757,computed,-0.03205456750051816
119,202609058430119,independent_forecast_null,50,False,contiguous,0,4000,50,0,-0.0007768737064493343,0.012586678135015001,-0.06172190137190701,0.5246078507765151,computed,-0.03324277072713455
120,202609058430120,independent_forecast_null,50,True,contiguous,0,4000,50,0,0.01925080367594706,0.010859696703289878,1.7726833632577554,0.03814059469223274,computed,-0.029655276513451012
121,202609058430121,independent_forecast_null,50,False,contiguous,0,4000,50,0,-0.0025662375584746783,0.013252710569217995,-0.1936386933881485,0.576770600683894,computed,-0.03384794572413519
122,202609058430122,independent_forecast_null,50,False,contiguous,0,4000,50,0,0.009978427365857183,0.011920114521676566,0.8371083472152511,0.20126583442573465,computed,-0.03215861048517721
123,202609058430123,independent_forecast_null,50,False,contiguous,0,4000,50,0,0.0019001837694998596,0.011693356227214343,0.1625011444599197,0.4354556135531287,computed,-0.031092630217528727
124,202609058430124,independent_forecast_null,50,False,contiguous,0,4000,50,0,0.00629487002689665,0.013093875365707495,0.4807491938851613,0.3153473816328313,computed,-0.028985210869078237
125,202609058430125,independent_forecast_null,50,False,contiguous,0,4000,50,0,0.009963448036435969,0.013068892536601893,0.7623789091945975,0.22291694513094806,computed,-0.0248695610881422
126,202609058430126,independent_forecast_null,50,False,contiguous,0,4000,50,0,0.0062603838189759405,0.012024658918951287,0.5206288062865013,0.30131268910086134,computed,-0.031539198224177944
127,202609058430127,independent_forecast_null,50,False,contiguous,0,4000,50,0,-0.0010444514536330836,0.013679584758765797,-0.07635110802349504,0.5304301169256149,computed,-0.02983199890246202
128,202609058430128,independent_forecast_null,50,False,contiguous,0,4000,50,0,0.012007049541068796,0.011644857968901294,1.03110313351479,0.15124622926214604,computed,-0.022010016649545605
129,202609058430129,independent_forecast_null,50,False,contiguous,0,4000,50,0,0.0003969377182353364,0.010986541558679152,0.03612945130324141,0.48558956945424814,computed,-0.025613910711387078
130,202609058430130,independent_forecast_null,50,False,contiguous,0,4000,50,0,0.013115443729592877,0.012571356743498264,1.043279893904531,0.14840934015823865,computed,-0.028840537323655546
131,202609058430131,independent_forecast_null,50,False,contiguous,0,4000,50,0,-0.007164396480664038,0.011785811693886105,-0.6078831621228576,0.7283675160927069,computed,-0.025017439791448437
132,202609058430132,independent_forecast_null,50,False,contiguous,0,4000,50,0,-0.026287261832549626,0.013966738985160283,-1.8821331064094453,0.9700910273365387,computed,-0.026804029105070626
133,202609058430133,independent_forecast_null,50,False,contiguous,0,4000,50,0,0.0087195559079578,0.010390783135440762,0.839162534171004,0.20068905419422722,computed,-0.024030235105980458
134,202609058430134,independent_forecast_null,50,False,contiguous,0,4000,50,0,0.014140644772108456,0.011962845663677855,1.1820469117179147,0.1185935436856847,computed,-0.025393541706033806
135,202609058430135,independent_forecast_null,50,False,contiguous,0,4000,50,0,0.011945756588929757,0.01151668125897192,1.0372568555393138,0.14980808359593273,computed,-0.04104280612578237
136,202609058430136,independent_forecast_null,50,False,contiguous,0,4000,50,0,-0.01074402828932695,0.01363618918213187,-0.7879054878033922,0.784624004526242,computed,-0.01843462106599092
137,202609058430137,independent_forecast_null,50,False,contiguous,0,4000,50,0,0.006720834132300378,0.013432163558721144,0.500353803980947,0.30841298763141595,computed,-0.023718743126584396
138,202609058430138,independent_forecast_null,50,False,contiguous,0,4000,50,0,-0.018848085928755018,0.012728395798591786,-1.4807903703654695,0.9306687783069367,computed,-0.028064670333180164
139,202609058430139,independent_forecast_null,50,False,contiguous,0,4000,50,0,0.003232101941136561,0.012463162126927623,0.2593324156598553,0.39768938530325004,computed,-0.03511515266020471
140,202609058430140,independent_forecast_null,50,False,contiguous,0,4000,50,0,0.0075014095781070975,0.01241387412756946,0.604276271937342,0.272829989557684,computed,-0.024660555853254662
141,202609058430141,independent_forecast_null,50,False,contiguous,0,4000,50,0,0.015091103952993986,0.012997993362916068,1.1610333635074523,0.12281416587595051,computed,-0.032886676390695424
142,202609058430142,independent_forecast_null,50,False,contiguous,0,4000,50,0,0.00963325979488269,0.01356115447865815,0.7103569102500101,0.23874141841881075,computed,-0.03399837598375122
143,202609058430143,independent_forecast_null,50,False,contiguous,0,4000,50,0,0.0072328822937888304,0.012722619212495711,0.5685057591509889,0.28484579811739485,computed,-0.03624365958378095
144,202609058430144,independent_forecast_null,50,False,contiguous,0,4000,50,0,-0.012188709952790002,0.012119641559031944,-1.0056988808969012,0.8427197791582914,computed,-0.0315849043350791
145,202609058430145,independent_forecast_null,50,False,contiguous,0,4000,50,0,0.002257980848222683,0.012086920314499696,0.1868119247476106,0.4259040484586091,computed,-0.026707917668532755
146,202609058430146,independent_forecast_null,50,False,contiguous,0,4000,50,0,0.005251396842658931,0.01018823224765107,0.5154374885662483,0.3031236707308339,computed,-0.03445455923662988
147,202609058430147,independent_forecast_null,50,False,contiguous,0,4000,50,0,-0.012905903721103854,0.013058304534242034,-0.9883292036314095,0.8385042762782209,computed,-0.024689699484885974
148,202609058430148,independent_forecast_null,50,False,contiguous,0,4000,50,0,-0.0026504640966953873,0.014091536911858354,-0.18808907170835001,0.5745965861389494,computed,-0.027232041590230738
149,202609058430149,independent_forecast_null,50,False,contiguous,0,4000,50,0,-0.009443431317441872,0.010475148163784195,-0.9015081380987732,0.8163408955847706,computed,-0.018732112605555518
150,202609058430150,independent_forecast_null,50,False,contiguous,0,4000,50,0,0.011617947983542255,0.013806845925435868,0.8414628544625762,0.2000443430749917,computed,-0.024208302480429156
151,202609058430151,independent_forecast_null,50,False,contiguous,0,4000,50,0,-0.013314058000783153,0.012591432253293742,-1.0573902740333914,0.8548332457603667,computed,-0.03210258942974953
152,202609058430152,independent_forecast_null,50,False,contiguous,0,4000,50,0,-0.012859657757541733,0.010676408704107423,-1.20449283218189,0.8858004245826665,computed,-0.02026913313039813
153,202609058430153,independent_forecast_null,50,False,contiguous,0,4000,50,0,0.006010801275517881,0.01435948083995359,0.41859460954838446,0.3377562148835149,computed,-0.028780770319684068
154,202609058430154,independent_forecast_null,50,False,contiguous,0,4000,50,0,0.005251518246670648,0.012727152609776717,0.41262318506627693,0.33994135590148966,computed,-0.028586317249722937
155,202609058430155,independent_forecast_null,50,False,contiguous,0,4000,50,0,-0.011784266904253724,0.011134157089044215,-1.0583887769869174,0.8550608830343328,computed,-0.03266774673339512
156,202609058430156,independent_forecast_null,50,False,contiguous,0,4000,50,0,-0.014718794273898347,0.011434090260187792,-1.2872728777686426,0.9010004032455236,computed,-0.029020351063058447
157,202609058430157,independent_forecast_null,50,False,contiguous,0,4000,50,0,-0.0118263166243056,0.012189527851766411,-0.9702030109879787,0.834027344906718,computed,-0.024813939664329654
158,202609058430158,independent_forecast_null,50,False,contiguous,0,4000,50,0,-0.02344888286810085,0.01275991984417788,-1.8376982892098768,0.9669465619443388,computed,-0.034060657310004405
159,202609058430159,independent_forecast_null,50,True,contiguous,0,4000,50,0,0.022410274787481522,0.011370275251613835,1.970952707086025,0.024364642762326163,computed,-0.028360753153752638
160,202609058430160,independent_forecast_null,50,False,contiguous,0,4000,50,0,0.0017153941814051707,0.010985141773598068,0.15615585276541327,0.43795508707635156,computed,-0.01964916734499389
161,202609058430161,independent_forecast_null,50,False,contiguous,0,4000,50,0,-0.036988384454398414,0.01194519750246416,-3.0965067297353706,0.9990209229142402,computed,-0.03614999995113366
162,202609058430162,independent_forecast_null,50,False,contiguous,0,4000,50,0,0.008813557969277035,0.01140690099239103,0.772651395427743,0.21986435947617994,computed,-0.023049147636415634
163,202609058430163,independent_forecast_null,50,False,contiguous,0,4000,50,0,-0.016510968301566478,0.014038380192045046,-1.1761305845614969,0.8802286510730638,computed,-0.026106685873294344
164,202609058430164,independent_forecast_null,50,False,contiguous,0,4000,50,0,0.0003342826452932748,0.01451988525650276,0.023022402683489915,0.49081620146332,computed,-0.031720882226959235
165,202609058430165,independent_forecast_null,50,False,contiguous,0,4000,50,0,-0.006549398778697889,0.011328527815295458,-0.5781332654588247,0.7184129251551946,computed,-0.02947084865932803
166,202609058430166,independent_forecast_null,50,True,contiguous,0,4000,50,0,0.021805647656687834,0.011133979442422668,1.9584774490964114,0.02508700732455432,computed,-0.02804726361699572
167,202609058430167,independent_forecast_null,50,True,contiguous,0,4000,50,0,0.021527523074059737,0.008801328985287585,2.445940051785977,0.007223751029062991,computed,-0.027840905577985575
168,202609058430168,independent_forecast_null,50,False,contiguous,0,4000,50,0,-0.005392302309998188,0.01102792028886571,-0.48896819787884227,0.6875678939923106,computed,-0.030923333912645123
169,202609058430169,independent_forecast_null,50,False,contiguous,0,4000,50,0,-0.012922360247082347,0.012396313805151863,-1.0424357151810615,0.8513951424181099,computed,-0.021212589206039967
170,202609058430170,independent_forecast_null,50,False,contiguous,0,4000,50,0,0.007613706622999547,0.012219442801150771,0.6230813259572296,0.26661554026466006,computed,-0.029970611499159583
171,202609058430171,independent_forecast_null,50,False,contiguous,0,4000,50,0,-0.00410608443115909,0.012350669584335425,-0.3324584471409477,0.6302284443373922,computed,-0.020786192449072427
172,202609058430172,independent_forecast_null,50,False,contiguous,0,4000,50,0,-0.010184393651662491,0.011997308848917842,-0.8488898452073378,0.802028705036004,computed,-0.035592235602945
173,202609058430173,independent_forecast_null,50,False,contiguous,0,4000,50,0,0.011754541777642817,0.01161956825159057,1.0116160534651337,0.15586083357353753,computed,-0.024457736864722968
174,202609058430174,independent_forecast_null,50,False,contiguous,0,4000,50,0,0.0032536863954686223,0.01654737075537034,0.19662860303124952,0.422059092786734,computed,-0.02763097057093722
175,202609058430175,independent_forecast_null,50,False,contiguous,0,4000,50,0,-0.006056616930059768,0.013584074910157127,-0.44586156732182736,0.6721513772639813,computed,-0.028644308660076057
176,202609058430176,independent_forecast_null,50,False,contiguous,0,4000,50,0,0.004187853465715123,0.012784932390513612,0.32756164348764955,0.371621563615797,computed,-0.02025994598417169
177,202609058430177,independent_forecast_null,50,False,contiguous,0,4000,50,0,-0.006017382925593644,0.012230361774418115,-0.49200367385534133,0.6886416268077804,computed,-0.018460858500686683
178,202609058430178,independent_forecast_null,50,False,contiguous,0,4000,50,0,0.007951842006210096,0.012937838534584717,0.6146190482246064,0.2694031659414942,computed,-0.02611963385923799
179,202609058430179,independent_forecast_null,50,False,contiguous,0,4000,50,0,0.011048763743608275,0.012024606140137988,0.9188462070892814,0.17908800988987522,computed,-0.01703101832071119
180,202609058430180,independent_forecast_null,50,False,contiguous,0,4000,50,0,0.014995223807374681,0.01272981405094951,1.1779609464331646,0.1194060879424988,computed,-0.02821984052655746
181,202609058430181,independent_forecast_null,50,False,contiguous,0,4000,50,0,0.0021758824281503182,0.011192311604775336,0.1944086713259441,0.42292795035741704,computed,-0.03232476096358705
182,202609058430182,independent_forecast_null,50,False,contiguous,0,4000,50,0,-0.010159003410117173,0.012729146281296464,-0.7980899257198636,0.7875908463915482,computed,-0.025811513794153473
183,202609058430183,independent_forecast_null,50,True,contiguous,0,4000,50,0,0.037158154159239246,0.013294456812831403,2.7950110848737597,0.0025948967835822986,computed,-0.031173260394596003
184,202609058430184,independent_forecast_null,50,False,contiguous,0,4000,50,0,-0.01108458683174307,0.015222036420159984,-0.7281934247025387,0.7667524048300458,computed,-0.027688099257586973
185,202609058430185,independent_forecast_null,50,False,contiguous,0,4000,50,0,-0.00033596579991951314,0.013187389312906368,-0.025476293445792695,0.51016247128057,computed,-0.026834645956929304
186,202609058430186,independent_forecast_null,50,False,contiguous,0,4000,50,0,-0.00613101177775514,0.01278758725175693,-0.4794502400687651,0.6841908201637997,computed,-0.03471591515091732
187,202609058430187,independent_forecast_null,50,False,contiguous,0,4000,50,0,0.009764994124212731,0.012491554976362198,0.7817276666268576,0.21718731930241558,computed,-0.029811507419199357
188,202609058430188,independent_forecast_null,50,False,contiguous,0,4000,50,0,-0.017538453359942332,0.01145267176042406,-1.5313853157433837,0.9371629044527958,computed,-0.03292777215052567
189,202609058430189,independent_forecast_null,50,False,contiguous,0,4000,50,0,0.007421986952083469,0.010345818263998418,0.7173900374715304,0.23656673253224625,computed,-0.023945862803560702
190,202609058430190,independent_forecast_null,50,False,contiguous,0,4000,50,0,2.5314241465699715e-05,0.011323692272047978,0.002235511249999859,0.49910816078689135,computed,-0.028127950144346103
191,202609058430191,independent_forecast_null,50,False,contiguous,0,4000,50,0,-0.01898807862150214,0.011504894413742639,-1.6504348443929056,0.9505729853445819,computed,-0.029949346820268286
192,202609058430192,independent_forecast_null,50,False,contiguous,0,4000,50,0,-0.0043799611203996225,0.01216616761403086,-0.3600115713799924,0.6405807598706773,computed,-0.022536074516874782
193,202609058430193,independent_forecast_null,50,False,contiguous,0,4000,50,0,-0.013801288216664556,0.011467898440559385,-1.2034714370902078,0.8856030309827052,computed,-0.031405140866285874
194,202609058430194,independent_forecast_null,50,False,contiguous,0,4000,50,0,0.009096710424440607,0.012375981186314286,0.7350294322118079,0.2311607847519342,computed,-0.01767366929985359
195,202609058430195,independent_forecast_null,50,False,contiguous,0,4000,50,0,0.005091736587981739,0.013096098403987063,0.3887979786736771,0.3487127981040566,computed,-0.025642885440415375
196,202609058430196,independent_forecast_null,50,False,contiguous,0,4000,50,0,0.00724159203039009,0.011985075021188623,0.6042174969774952,0.27284952480188807,computed,-0.0234620715290339
197,202609058430197,independent_forecast_null,50,False,contiguous,0,4000,50,0,-0.010257898221851292,0.012888321208923177,-0.7959064687764981,0.7869567994545844,computed,-0.020511524464897235
198,202609058430198,independent_forecast_null,50,False,contiguous,0,4000,50,0,-0.014636703671126633,0.01227700312748687,-1.1922049313774834,0.8834095498578882,computed,-0.02493076999450916
199,202609058430199,independent_forecast_null,50,True,contiguous,0,4000,50,0,0.025506201957853743,0.011131950595006433,2.291260793889555,0.010974167355131244,computed,-0.02194624523403932
200,202609058430200,independent_forecast_null,50,False,contiguous,0,4000,50,0,-0.002289462109063855,0.01180772873939985,-0.19389521554847483,0.5768710349759967,computed,-0.026519533139218954
201,202609058430201,independent_forecast_null,50,False,contiguous,0,4000,50,0,-0.010826929984551733,0.01122799411383507,-0.9642799840098644,0.8325472133885707,computed,-0.02011527191151319
202,202609058430202,independent_forecast_null,50,False,contiguous,0,4000,50,0,-0.010654216100144043,0.013598702512397498,-0.783472988723074,0.7833252952388183,computed,-0.031914585336446866
203,202609058430203,independent_forecast_null,50,False,contiguous,0,4000,50,0,-0.004603760510089343,0.012006002884186266,-0.3834548895663849,0.649308744173186,computed,-0.02109970141638029
204,202609058430204,independent_forecast_null,50,False,contiguous,0,4000,50,0,0.0039393459851094935,0.009830231928306562,0.40073784767640963,0.3443065712417341,computed,-0.03177034167388548
205,202609058430205,independent_forecast_null,50,True,contiguous,0,4000,50,0,0.021824149706720787,0.010541616949390762,2.07028483500172,0.0192128394332481,computed,-0.02771726457432666
206,202609058430206,independent_forecast_null,50,False,contiguous,0,4000,50,0,0.006750709220304901,0.012525646588887876,0.5389509573337149,0.2949603474208996,computed,-0.026771836935012505
207,202609058430207,independent_forecast_null,50,False,contiguous,0,4000,50,0,0.016376143189140397,0.013222918402958864,1.2384666296871303,0.10777154406464551,computed,-0.023674608312437062
208,202609058430208,independent_forecast_null,50,False,contiguous,0,4000,50,0,0.008474179992536836,0.011810651961200434,0.7175031505776012,0.23653184655620985,computed,-0.027951506916257474
209,202609058430209,independent_forecast_null,50,False,contiguous,0,4000,50,0,0.01919234855118604,0.013405040632128253,1.4317262496905214,0.07611109048093387,computed,-0.025631619084610424
210,202609058430210,independent_forecast_null,50,False,contiguous,0,4000,50,0,0.003495291345337856,0.014052207640933302,0.24873610144759506,0.4017824606780204,computed,-0.03846949870233107
211,202609058430211,independent_forecast_null,50,False,contiguous,0,4000,50,0,-0.010740637182274495,0.010449011683617847,-1.0279093858334816,0.8480037729546228,computed,-0.025186703433417
212,202609058430212,independent_forecast_null,50,False,contiguous,0,4000,50,0,0.0038879164384238328,0.01251151928957899,0.31074694834720273,0.37799650163636356,computed,-0.028309240840420635
213,202609058430213,independent_forecast_null,50,False,contiguous,0,4000,50,0,-0.0034372548978547643,0.011590105626776937,-0.29656803902749435,0.6166018426128099,computed,-0.033742243996546684
214,202609058430214,independent_forecast_null,50,False,contiguous,0,4000,50,0,0.0036304659222956234,0.009456716080525783,0.3839034492927035,0.35052500486767113,computed,-0.026525809355722796
215,202609058430215,independent_forecast_null,50,False,contiguous,0,4000,50,0,0.0004959943194544229,0.011156700682859564,0.04445707862508462,0.4822700322110838,computed,-0.033200923513947656
216,202609058430216,independent_forecast_null,50,False,contiguous,0,4000,50,0,-0.00033849939761442015,0.012560643231890026,-0.02694920883948118,0.5107498776129268,computed,-0.033288221869112844
217,202609058430217,independent_forecast_null,50,False,contiguous,0,4000,50,0,0.011330909138494523,0.011698939403589166,0.9685415701032067,0.16638698421945675,computed,-0.012288725867390493
218,202609058430218,independent_forecast_null,50,False,contiguous,0,4000,50,0,-0.017852079249044195,0.012516521355767661,-1.426281211977311,0.9231064072014058,computed,-0.0242472452954392
219,202609058430219,independent_forecast_null,50,False,contiguous,0,4000,50,0,0.008900010755091408,0.012933697180800518,0.688125802752137,0.24568678148424644,computed,-0.029822200974332747
220,202609058430220,independent_forecast_null,50,False,contiguous,0,4000,50,0,-0.0032338709110037527,0.01215310475862279,-0.2660942183279773,0.6049166761793261,computed,-0.02848454186020466
221,202609058430221,independent_forecast_null,50,False,contiguous,0,4000,50,0,0.006429345565270832,0.01097477447391108,0.585829401830032,0.2789950817061659,computed,-0.02449227723182812
222,202609058430222,independent_forecast_null,50,False,contiguous,0,4000,50,0,0.0008235415923129423,0.010433026636373159,0.07893601933707232,0.4685417566628891,computed,-0.030257417544134357
223,202609058430223,independent_forecast_null,50,False,contiguous,0,4000,50,0,0.012393147719845373,0.011031046655950533,1.1234788598378447,0.13061708701317842,computed,-0.03443207296020634
224,202609058430224,independent_forecast_null,50,False,contiguous,0,4000,50,0,0.01441797329981973,0.012994586993904197,1.1095368638174685,0.13359932536328423,computed,-0.02566342988410142
225,202609058430225,independent_forecast_null,50,False,contiguous,0,4000,50,0,0.014655691489924991,0.013693885062452088,1.0702361983532436,0.14225650228724157,computed,-0.029491598295148913
226,202609058430226,independent_forecast_null,50,False,contiguous,0,4000,50,0,0.009668165618856129,0.011570080861886513,0.8356178089216677,0.2016849733575018,computed,-0.029596023591387688
227,202609058430227,independent_forecast_null,50,False,contiguous,0,4000,50,0,0.007104499112160472,0.011338845416507032,0.6265628334449096,0.2654729187126441,computed,-0.029850206371557553
228,202609058430228,independent_forecast_null,50,False,contiguous,0,4000,50,0,-0.0063902403499892825,0.011065707997617273,-0.5774813822455159,0.718192844030181,computed,-0.0207926210436431
229,202609058430229,independent_forecast_null,50,False,contiguous,0,4000,50,0,-0.03031736777309058,0.013793070291569915,-2.198014447270672,0.9860259617927338,computed,-0.02330647975542366
230,202609058430230,independent_forecast_null,50,False,contiguous,0,4000,50,0,-0.010788209212652264,0.012259619523795798,-0.8799791210251231,0.8105646898092713,computed,-0.03381926428656157
231,202609058430231,independent_forecast_null,50,False,contiguous,0,4000,50,0,-0.02257397399417927,0.012799448128606268,-1.7636677587471383,0.9611060338193775,computed,-0.036627330419779724
232,202609058430232,independent_forecast_null,50,False,contiguous,0,4000,50,0,-0.010305722395799641,0.011223835012441487,-0.9181997404965301,0.8207428477445345,computed,-0.03009433502618375
233,202609058430233,independent_forecast_null,50,False,contiguous,0,4000,50,0,-0.023296416039958145,0.01186734611009931,-1.9630687285788777,0.9751809057102662,computed,-0.020987695461796685
234,202609058430234,independent_forecast_null,50,False,contiguous,0,4000,50,0,-0.00924276796061034,0.012377533859679456,-0.7467374410276671,0.7723889677341684,computed,-0.01616800704373711
235,202609058430235,independent_forecast_null,50,False,contiguous,0,4000,50,0,-0.008024406294620206,0.010364208702800567,-0.7742420598353918,0.78060616998724,computed,-0.02010330095744073
236,202609058430236,independent_forecast_null,50,False,contiguous,0,4000,50,0,-0.009370366693474437,0.013360247226336537,-0.7013617738302774,0.7584613642764908,computed,-0.030875985411649154
237,202609058430237,independent_forecast_null,50,False,contiguous,0,4000,50,0,-0.004291649090643323,0.012682518549248727,-0.33839091770124374,0.6324656912507924,computed,-0.019810299401371134
238,202609058430238,independent_forecast_null,50,False,contiguous,0,4000,50,0,-0.013362595757585282,0.014152352707282087,-0.944196066475192,0.8274652675295693,computed,-0.03224853295893282
239,202609058430239,independent_forecast_null,50,False,contiguous,0,4000,50,0,0.00803445585359932,0.012412819573067224,0.647270815974166,0.2587283430111328,computed,-0.028590504045473253
240,202609058430240,independent_forecast_null,50,False,contiguous,0,4000,50,0,-0.002085136571763811,0.01007337159173093,-0.20699490262778217,0.5819930802968242,computed,-0.03621245013679464
241,202609058430241,independent_forecast_null,50,False,contiguous,0,4000,50,0,0.016113021837549233,0.014596503608908263,1.1038959924426996,0.1348191287549258,computed,-0.02624583626759147
242,202609058430242,independent_forecast_null,50,False,contiguous,0,4000,50,0,0.01011923967333499,0.0145454067997039,0.6957000111912296,0.24330835926481664,computed,-0.02220705660910194
243,202609058430243,independent_forecast_null,50,False,contiguous,0,4000,50,0,0.002622030800682914,0.012256141815466907,0.2139360689653562,0.41529845618012917,computed,-0.02842100412658155
244,202609058430244,independent_forecast_null,50,False,contiguous,0,4000,50,0,0.009045092630628498,0.012389563105870478,0.7300574324806266,0.2326775397285562,computed,-0.030139080287521214
245,202609058430245,independent_forecast_null,50,False,contiguous,0,4000,50,0,-0.009283997597304808,0.012751415699299842,-0.7280758322242272,0.7667164164351882,computed,-0.033214355147854535
246,202609058430246,independent_forecast_null,50,False,contiguous,0,4000,50,0,0.008700364519386307,0.011327366598205458,0.7680836003634477,0.2212187596504095,computed,-0.02957089600830809
247,202609058430247,independent_forecast_null,50,False,contiguous,0,4000,50,0,0.009427443742914753,0.012973636679794742,0.726661611974778,0.23371663754956434,computed,-0.032069728897871075
248,202609058430248,independent_forecast_null,50,False,contiguous,0,4000,50,0,-0.011184536517941813,0.011471303796826546,-0.9750013351608676,0.8352202011643697,computed,-0.03017745719056708
249,202609058430249,independent_forecast_null,50,False,contiguous,0,4000,50,0,-0.00010330650987298729,0.01147233040790228,-0.009004840882357128,0.5035923632071061,computed,-0.03356603426390681
250,202609058430250,independent_forecast_null,50,False,contiguous,0,4000,50,0,-0.013969057745302728,0.010749540766112883,-1.2995027461395494,0.9031142741756667,computed,-0.02664624272799787
251,202609058430251,independent_forecast_null,50,False,contiguous,0,4000,50,0,-0.00877485539853994,0.011770022030629448,-0.7455258261798402,0.7720230477942236,computed,-0.028307640723410188
252,202609058430252,independent_forecast_null,50,True,contiguous,0,4000,50,0,0.028519648088457448,0.014406325022567952,1.9796615752997757,0.023870784475904752,computed,-0.02823475670651221
253,202609058430253,independent_forecast_null,50,False,contiguous,0,4000,50,0,0.0001692255977743864,0.013335279895042853,0.012690067183163732,0.49493753153466763,computed,-0.03110336150016768
254,202609058430254,independent_forecast_null,50,False,contiguous,0,4000,50,0,0.004692001186214817,0.014075671324281688,0.3333412011490159,0.36943837100398,computed,-0.02882687897750036
255,202609058430255,independent_forecast_null,50,True,contiguous,0,4000,50,0,0.03173562796514261,0.014006552686466894,2.2657700774442175,0.011732732174973318,computed,-0.02249941174959247
256,202609058430256,independent_forecast_null,50,False,contiguous,0,4000,50,0,0.0018454807012695724,0.010723174777985307,0.17210208165760266,0.4316786381283858,computed,-0.03190648649570993
257,202609058430257,independent_forecast_null,50,False,contiguous,0,4000,50,0,-0.013896227225871851,0.009935016507106693,-1.398712041991237,0.919050324165274,computed,-0.036033229358414465
258,202609058430258,independent_forecast_null,50,False,contiguous,0,4000,50,0,-0.006918372153261234,0.011114464896738742,-0.6224656083345277,0.7331821243760787,computed,-0.023958344768487683
259,202609058430259,independent_forecast_null,50,False,contiguous,0,4000,50,0,0.00695864743861754,0.013024797985159188,0.5342614485496369,0.2965803302435999,computed,-0.019645882267876003
260,202609058430260,independent_forecast_null,50,False,contiguous,0,4000,50,0,-0.01986401608649075,0.01087449117018005,-1.8266616594403708,0.9661246718358628,computed,-0.021060588458292617
261,202609058430261,independent_forecast_null,50,False,contiguous,0,4000,50,0,0.011821626365795222,0.011823754710294893,0.999819994193738,0.15869881398699454,computed,-0.015828736208987726
262,202609058430262,independent_forecast_null,50,False,contiguous,0,4000,50,0,0.005740072734023919,0.012035322486365659,0.47693551548175134,0.3167040204504412,computed,-0.03458845719728787
263,202609058430263,independent_forecast_null,50,False,contiguous,0,4000,50,0,0.007022124399286387,0.012907577128969415,0.5440311786730386,0.2932100088299645,computed,-0.02343011209316903
264,202609058430264,independent_forecast_null,50,False,contiguous,0,4000,50,0,-0.0037127437267216214,0.01207609680290172,-0.3074456744856086,0.6207479163714732,computed,-0.031012260039649853
265,202609058430265,independent_forecast_null,50,False,contiguous,0,4000,50,0,0.012572321184651047,0.012100873679169104,1.038959790671438,0.14941171854971425,computed,-0.028462826546551856
266,202609058430266,independent_forecast_null,50,False,contiguous,0,4000,50,0,0.012010599515640298,0.010112147646118381,1.1877397300711536,0.11746798292685179,computed,-0.014419021882619898
267,202609058430267,independent_forecast_null,50,True,contiguous,0,4000,50,0,0.022242647560046756,0.011956303872882377,1.8603280576110508,0.031419563135530224,computed,-0.03113202490284639
268,202609058430268,independent_forecast_null,50,False,contiguous,0,4000,50,0,0.001643290074290193,0.011494252492395595,0.1429662412042337,0.4431584214395974,computed,-0.03164118845480757
269,202609058430269,independent_forecast_null,50,False,contiguous,0,4000,50,0,0.006317695777040388,0.01282690342265771,0.492534758301889,0.3111706782477772,computed,-0.02545345965481971
270,202609058430270,independent_forecast_null,50,False,contiguous,0,4000,50,0,-0.0190773612119117,0.013012808370934176,-1.4660448896276306,0.9286819710358019,computed,-0.029114091337807624
271,202609058430271,independent_forecast_null,50,True,contiguous,0,4000,50,0,0.02509764972732461,0.011927461559300655,2.1041903679626,0.017680922205566607,computed,-0.036689883124648937
272,202609058430272,independent_forecast_null,50,False,contiguous,0,4000,50,0,-0.011627146649521159,0.013998080995304682,-0.8306243301079058,0.7969070571156133,computed,-0.028030579601252548
273,202609058430273,independent_forecast_null,50,False,contiguous,0,4000,50,0,0.0016279137263612573,0.012807763626485688,0.12710366726278655,0.4494291744750996,computed,-0.018969351168848236
274,202609058430274,independent_forecast_null,50,False,contiguous,0,4000,50,0,0.007728321902828521,0.014304296023341179,0.540279779600321,0.2945020504615844,computed,-0.020762345995856135
275,202609058430275,independent_forecast_null,50,False,contiguous,0,4000,50,0,-0.009571131157010365,0.011261938115013722,-0.8498653659134144,0.8023000284945998,computed,-0.03305803959369302
276,202609058430276,independent_forecast_null,50,False,contiguous,0,4000,50,0,0.011244042668730572,0.011685214389235303,0.9622453036966828,0.1679631984799384,computed,-0.025616427898230265
277,202609058430277,independent_forecast_null,50,False,contiguous,0,4000,50,0,-0.0016152254419463433,0.01298503438809115,-0.12439131030932815,0.5494972733593428,computed,-0.029021350955136027
278,202609058430278,independent_forecast_null,50,False,contiguous,0,4000,50,0,0.010022407258230953,0.012536281278959378,0.7994721110041096,0.21200835585470945,computed,-0.03056036407341889
279,202609058430279,independent_forecast_null,50,False,contiguous,0,4000,50,0,0.012338662271106216,0.012462635842562271,0.9900523795269166,0.16107425879177145,computed,-0.02039785001184624
280,202609058430280,independent_forecast_null,50,False,contiguous,0,4000,50,0,-0.01429604288209301,0.01339378471428017,-1.0673639443264211,0.8570962383427441,computed,-0.03416383159243286
281,202609058430281,independent_forecast_null,50,False,contiguous,0,4000,50,0,-0.004228163621654895,0.01316501247666355,-0.3211667006886462,0.6259579672599374,computed,-0.028604465678648827
282,202609058430282,independent_forecast_null,50,False,contiguous,0,4000,50,0,-0.030126940862296954,0.012541510869951061,-2.4021779492676476,0.9918511109365127,computed,-0.030891436446438325
283,202609058430283,independent_forecast_null,50,False,contiguous,0,4000,50,0,0.009893471697730909,0.012086714959349787,0.8185409957134568,0.20652417157580016,computed,-0.024617211569829545
284,202609058430284,independent_forecast_null,50,False,contiguous,0,4000,50,0,0.00879114249062109,0.011152588399271027,0.7882602832536805,0.21527223702655546,computed,-0.02710343193902065
285,202609058430285,independent_forecast_null,50,False,contiguous,0,4000,50,0,-0.013976532855021869,0.011605337285183589,-1.2043194016313132,0.8857669247094402,computed,-0.03468428649966038
286,202609058430286,independent_forecast_null,50,False,contiguous,0,4000,50,0,0.00046999789198401263,0.012182389016608591,0.03858010865875744,0.4846125807375618,computed,-0.034102856707247664
287,202609058430287,independent_forecast_null,50,False,contiguous,0,4000,50,0,-0.018167205821795557,0.010915912261656915,-1.6642865375172937,0.9519724092758599,computed,-0.022706032507617824
288,202609058430288,independent_forecast_null,50,False,contiguous,0,4000,50,0,0.013212591780139811,0.011581808864765824,1.140805545525376,0.12697542619703456,computed,-0.024791342368404967
289,202609058430289,independent_forecast_null,50,False,contiguous,0,4000,50,0,0.00018805363079697556,0.010664493150687529,0.01763362103944452,0.49296556756579774,computed,-0.03250019467008691
290,202609058430290,independent_forecast_null,50,False,contiguous,0,4000,50,0,-0.011896290823724752,0.012952154302151185,-0.918479702002078,0.8208161095687792,computed,-0.03187009751217973
291,202609058430291,independent_forecast_null,50,False,contiguous,0,4000,50,0,0.007256041515669885,0.012166014230066035,0.5964189568131468,0.2754476897767838,computed,-0.033851619368048924
292,202609058430292,independent_forecast_null,50,False,contiguous,0,4000,50,0,-0.005819525978286214,0.010058242610426007,-0.578582780679192,0.7185646368801484,computed,-0.031036952076070268
293,202609058430293,independent_forecast_null,50,False,contiguous,0,4000,50,0,-0.03217901915878206,0.012442872513463477,-2.586140710190803,0.9951471350316329,computed,-0.031381694645760794
294,202609058430294,independent_forecast_null,50,False,contiguous,0,4000,50,0,-0.01820181085373094,0.01006782265701043,-1.8079192963392783,0.9646904689785742,computed,-0.03576484401794655
295,202609058430295,independent_forecast_null,50,False,contiguous,0,4000,50,0,-0.0030589419522730815,0.012395804378769998,-0.24677236416477008,0.5974578003247275,computed,-0.024928058887987437
296,202609058430296,independent_forecast_null,50,False,contiguous,0,4000,50,0,0.0020337114483628556,0.009849732499069702,0.20647377464869607,0.4182104240907896,computed,-0.027573167613194283
297,202609058430297,independent_forecast_null,50,False,contiguous,0,4000,50,0,0.014760423578179378,0.011038340707561736,1.3371958674973545,0.09057935524436644,computed,-0.028599545988159836
298,202609058430298,independent_forecast_null,50,False,contiguous,0,4000,50,0,0.0045364425106569515,0.010129034500802409,0.4478652442439189,0.3271252265017588,computed,-0.023902619934040414
299,202609058430299,independent_forecast_null,50,False,contiguous,0,4000,50,0,-0.01278768672879223,0.010637196605455916,-1.202166999736877,0.8853505839280256,computed,-0.021937678696723806
0,202609058430000,independent_forecast_null,100,False,contiguous,0,8000,100,0,0.007543655975242067,0.009133557187432872,0.8259274913854597,0.20442261230607145,computed,-0.013430397045965048
1,202609058430001,independent_forecast_null,100,False,contiguous,0,8000,100,0,0.010406990340454276,0.008655117198759084,1.2024089450742925,0.11460256260039686,computed,-0.017192313768970457
2,202609058430002,independent_forecast_null,100,False,contiguous,0,8000,100,0,0.0018047065133914607,0.008451478253611167,0.21353737881539736,0.4154539186444679,computed,-0.01645040904837969
3,202609058430003,independent_forecast_null,100,False,contiguous,0,8000,100,0,-0.020228246458833633,0.008379043039219356,-2.414147577969503,0.9921139636754301,computed,-0.016144982151876874
4,202609058430004,independent_forecast_null,100,False,contiguous,0,8000,100,0,0.0034994791778477615,0.008520399839667663,0.41071771791219813,0.34063976675404395,computed,-0.014051869490165014
5,202609058430005,independent_forecast_null,100,False,contiguous,0,8000,100,0,0.01178035118954144,0.00753645530757905,1.563115643729023,0.059012698350115356,computed,-0.012431929261016217
6,202609058430006,independent_forecast_null,100,False,contiguous,0,8000,100,0,0.0003757743372700708,0.008885150468246315,0.04229239995574756,0.48313280191197105,computed,-0.01415692783861644
7,202609058430007,independent_forecast_null,100,False,contiguous,0,8000,100,0,-0.000706665453456182,0.008414117901641278,-0.08398568474044536,0.5334660932621493,computed,-0.011632571774077505
8,202609058430008,independent_forecast_null,100,True,contiguous,0,8000,100,0,0.021418030841924517,0.008652588647002026,2.475332148067099,0.006655615797085029,computed,-0.013370436582631262
9,202609058430009,independent_forecast_null,100,False,contiguous,0,8000,100,0,0.0005488487732728459,0.008654292731264793,0.06341925219262068,0.47471632853813617,computed,-0.016160684610259324
10,202609058430010,independent_forecast_null,100,False,contiguous,0,8000,100,0,-0.006910060453447368,0.009515768641978993,-0.7261694470968436,0.7661325502315539,computed,-0.01351933533657057
11,202609058430011,independent_forecast_null,100,False,contiguous,0,8000,100,0,-0.00043172970847963477,0.008124873069292817,-0.0531367942363698,0.5211885423553623,computed,-0.011092066249287935
12,202609058430012,independent_forecast_null,100,False,contiguous,0,8000,100,0,-0.019054385446853568,0.008116460677175759,-2.347622468058802,0.9905531695899334,computed,-0.01777646440251801
13,202609058430013,independent_forecast_null,100,False,contiguous,0,8000,100,0,-0.010527081308110694,0.007641273257815887,-1.377660627087646,0.9158459535060619,computed,-0.01435784365651993
14,202609058430014,independent_forecast_null,100,False,contiguous,0,8000,100,0,0.010605439498055971,0.008323715636960308,1.2741232354171235,0.10130987249050738,computed,-0.01769608146942292
15,202609058430015,independent_forecast_null,100,False,contiguous,0,8000,100,0,0.010298179543955737,0.009200207912319838,1.119342045538517,0.131497122494587,computed,-0.011597398288306193
16,202609058430016,independent_forecast_null,100,False,contiguous,0,8000,100,0,-0.004764258774054053,0.008886199133116963,-0.5361413471254183,0.7040695669579468,computed,-0.014306304687938587
17,202609058430017,independent_forecast_null,100,False,contiguous,0,8000,100,0,0.012260427907923178,0.00824459201395178,1.4870872794160905,0.06849588037969437,computed,-0.009460949291441922
18,202609058430018,independent_forecast_null,100,False,contiguous,0,8000,100,0,0.0029790347723641997,0.009541419676232578,0.3122213332450826,0.3774361601676627,computed,-0.01184226724208104
19,202609058430019,independent_forecast_null,100,False,contiguous,0,8000,100,0,0.0059524669909985705,0.007942479263636492,0.7494469665474723,0.22679392598507153,computed,-0.013318653331341412
20,202609058430020,independent_forecast_null,100,False,contiguous,0,8000,100,0,-0.01251196019813073,0.008194343957110592,-1.5269020026030946,0.9366073092287903,computed,-0.01387520845420731
21,202609058430021,independent_forecast_null,100,False,contiguous,0,8000,100,0,0.007436888168810439,0.008653435338672081,0.85941454205766,0.1950559247638654,computed,-0.012236055650103994
22,202609058430022,independent_forecast_null,100,False,contiguous,0,8000,100,0,0.0077028814930309554,0.007414765696634579,1.0388570331395834,0.14943561591648902,computed,-0.012477699043496715
23,202609058430023,independent_forecast_null,100,False,contiguous,0,8000,100,0,-0.005256195818019137,0.00901991243298553,-0.5827324663150162,0.7199632931022464,computed,-0.013900185772668161
24,202609058430024,independent_forecast_null,100,False,contiguous,0,8000,100,0,-0.0026911935497850197,0.009475487234283963,-0.28401637649279005,0.6118010847075114,computed,-0.016624034412505928
25,202609058430025,independent_forecast_null,100,False,contiguous,0,8000,100,0,-0.014929764709216307,0.009545964495921684,-1.563987035107321,0.9410896934197082,computed,-0.01123884819245946
26,202609058430026,independent_forecast_null,100,False,contiguous,0,8000,100,0,0.011363808905442646,0.007801286427655481,1.4566583358813823,0.07260535802978582,computed,-0.011273327123532795
27,202609058430027,independent_forecast_null,100,False,contiguous,0,8000,100,0,-0.005175231585669742,0.00836196554837127,-0.6189013283698311,0.7320093183181747,computed,-0.012045044765484292
28,202609058430028,independent_forecast_null,100,False,contiguous,0,8000,100,0,-0.011703105521928077,0.008049572846474088,-1.4538790747206327,0.9270100823922672,computed,-0.01551544944291705
29,202609058430029,independent_forecast_null,100,False,contiguous,0,8000,100,0,0.009515112519993174,0.007691109095197818,1.237157398525816,0.10801432694751567,computed,-0.012202678749853701
30,202609058430030,independent_forecast_null,100,False,contiguous,0,8000,100,0,0.0072920381059340825,0.008671633938682826,0.8409070490632016,0.20020000455249626,computed,-0.009918871536666263
31,202609058430031,independent_forecast_null,100,False,contiguous,0,8000,100,0,-8.777199184457873e-05,0.00831848168730984,-0.010551443778313324,0.5042093389359382,computed,-0.018931863307207086
32,202609058430032,independent_forecast_null,100,False,contiguous,0,8000,100,0,-0.00905228606993651,0.009282372747806356,-0.9752125147178321,0.8352725721883887,computed,-0.016215646231638292
33,202609058430033,independent_forecast_null,100,False,contiguous,0,8000,100,0,-0.00041095290717929877,0.008891812935184509,-0.04621699873522714,0.5184313530398911,computed,-0.019215613432254308
34,202609058430034,independent_forecast_null,100,False,contiguous,0,8000,100,0,-0.002487351218243768,0.00866162142177505,-0.2871692373890463,0.6130086301294979,computed,-0.014050118888006002
35,202609058430035,independent_forecast_null,100,False,contiguous,0,8000,100,0,-0.009671697981440342,0.01013508798135684,-0.9542786406226677,0.8300286915499688,computed,-0.01446228211629852
36,202609058430036,independent_forecast_null,100,False,contiguous,0,8000,100,0,-0.00958452176594885,0.00838014085115382,-1.1437184572654533,0.8736297918445961,computed,-0.01534574953691803
37,202609058430037,independent_forecast_null,100,False,contiguous,0,8000,100,0,0.004095964852907456,0.008988262904848351,0.4557014960808562,0.324302323011744,computed,-0.011163845596450228
38,202609058430038,independent_forecast_null,100,False,contiguous,0,8000,100,0,-0.012811610964376528,0.009279902165904345,-1.3805760810117345,0.9162953290216228,computed,-0.011286234618570035
39,202609058430039,independent_forecast_null,100,False,contiguous,0,8000,100,0,0.0033128029062098868,0.009379095936122144,0.3532113253529198,0.361965008999465,computed,-0.016592469128377862
40,202609058430040,independent_forecast_null,100,False,contiguous,0,8000,100,0,0.005923556300170368,0.0072916890388023525,0.8123709429527869,0.20828940706907972,computed,-0.01714629423824232
41,202609058430041,independent_forecast_null,100,False,contiguous,0,8000,100,0,-0.01878140833227906,0.007580735582127253,-2.4775179306555835,0.9933850119479408,computed,-0.012544901836472944
42,202609058430042,independent_forecast_null,100,False,contiguous,0,8000,100,0,-0.01683346988490275,0.008134474611005072,-2.0693985401501984,0.9807456483006102,computed,-0.013434604171701947
43,202609058430043,independent_forecast_null,100,False,contiguous,0,8000,100,0,-0.012372042512912108,0.008229479839795098,-1.503380864132496,0.9336295708552499,computed,-0.011745376838957267
44,202609058430044,independent_forecast_null,100,False,contiguous,0,8000,100,0,-0.009532130997694729,0.007720781230256438,-1.2346070576821833,0.8915116094655988,computed,-0.01441751065031549
45,202609058430045,independent_forecast_null,100,False,contiguous,0,8000,100,0,0.004229428105781652,0.008041957929809376,0.5259201978792128,0.2994718273780006,computed,-0.019575756566223346
46,202609058430046,independent_forecast_null,100,False,contiguous,0,8000,100,0,0.0037394599339714,0.00784361952540457,0.4767518263551317,0.31676942660248353,computed,-0.017872179515056485
47,202609058430047,independent_forecast_null,100,False,contiguous,0,8000,100,0,-0.008185184752781289,0.007121286442896812,-1.1493969268636386,0.8748038266623501,computed,-0.01194299590040937
48,202609058430048,independent_forecast_null,100,False,contiguous,0,8000,100,0,0.0030976695373828252,0.008289480891936821,0.3736867938734172,0.35431867583182275,computed,-0.012594527721515814
49,202609058430049,independent_forecast_null,100,False,contiguous,0,8000,100,0,-0.0005587114216310605,0.0076853331239544465,-0.07269840000684037,0.5289769391042035,computed,-0.011667744843447236
50,202609058430050,independent_forecast_null,100,False,contiguous,0,8000,100,0,0.0014920190660591467,0.008347057679720802,0.17874790414878897,0.4290678264013022,computed,-0.01305106556164426
51,202609058430051,independent_forecast_null,100,False,contiguous,0,8000,100,0,-6.789813360384955e-05,0.00835619166489705,-0.008125487821094164,0.503241564970743,computed,-0.01789065409873669
52,202609058430052,independent_forecast_null,100,False,contiguous,0,8000,100,0,0.0029577111799536197,0.009749202044218681,0.3033798219114307,0.38080021064721686,computed,-0.01645758751797577
53,202609058430053,independent_forecast_null,100,False,contiguous,0,8000,100,0,0.0033092520152654963,0.008847414973948099,0.37403603482032277,0.3541887534303966,computed,-0.013375049866123812
54,202609058430054,independent_forecast_null,100,True,contiguous,0,8000,100,0,0.012955735763653982,0.007615914952827827,1.7011397637579255,0.044458372834016276,computed,-0.01551964219000923
55,202609058430055,independent_forecast_null,100,False,contiguous,0,8000,100,0,-0.004592055707806497,0.008082791277012794,-0.5681274636976165,0.7150257897226672,computed,-0.012769815475195845
56,202609058430056,independent_forecast_null,100,False,contiguous,0,8000,100,0,-0.0027102495573645574,0.00866168656854497,-0.3129009039887064,0.6228220246206871,computed,-0.014241030660915754
57,202609058430057,independent_forecast_null,100,False,contiguous,0,8000,100,0,0.0027520019726237897,0.008295597742214394,0.3317424564380072,0.37004186940004224,computed,-0.012100057488825922
58,202609058430058,independent_forecast_null,100,False,contiguous,0,8000,100,0,-0.01100912792356803,0.009059340301688713,-1.215224018189919,0.8878596688809532,computed,-0.01573909098896964
59,202609058430059,independent_forecast_null,100,False,contiguous,0,8000,100,0,0.013106579870949937,0.008806852971671834,1.488225125718418,0.06834576659219921,computed,-0.014230332494385323
60,202609058430060,independent_forecast_null,100,False,contiguous,0,8000,100,0,-0.00881797540771816,0.008156420038538597,-1.0811085459127598,0.8601755837945969,computed,-0.015052501866663182
61,202609058430061,independent_forecast_null,100,False,contiguous,0,8000,100,0,-0.009210311149682397,0.008591013456135464,-1.0720866864787235,0.8581594509339358,computed,-0.010856549152163497
62,202609058430062,independent_forecast_null,100,False,contiguous,0,8000,100,0,0.007854217932604112,0.008471779825418958,0.9271036422639436,0.176936362626133,computed,-0.01361017479819382
63,202609058430063,independent_forecast_null,100,False,contiguous,0,8000,100,0,-0.0032014401012719633,0.007968996801608506,-0.40173690377511095,0.6560611689352465,computed,-0.012209524786196857
64,202609058430064,independent_forecast_null,100,False,contiguous,0,8000,100,0,0.008924055282236883,0.009087609462909724,0.9820025077727677,0.16304930637767784,computed,-0.015310360674466228
65,202609058430065,independent_forecast_null,100,False,contiguous,0,8000,100,0,0.00432214180428724,0.00792953329019282,0.5450688768319856,0.29285307361332646,computed,-0.014843137112115379
66,202609058430066,independent_forecast_null,100,False,contiguous,0,8000,100,0,0.0050410054359136865,0.007470824205492752,0.6747589418858769,0.24991446495386233,computed,-0.009231181114727871
67,202609058430067,independent_forecast_null,100,False,contiguous,0,8000,100,0,0.002382102579023291,0.00885424867604622,0.2690349758831256,0.3939513838539759,computed,-0.010818601687348606
68,202609058430068,independent_forecast_null,100,False,contiguous,0,8000,100,0,0.006934198520635712,0.00970998256282909,0.7141308932088722,0.23757312225385507,computed,-0.012181224794283185
69,202609058430069,independent_forecast_null,100,False,contiguous,0,8000,100,0,-0.005393136719990243,0.009030634084752019,-0.5972046557723348,0.7248146244173835,computed,-0.015206228568140912
70,202609058430070,independent_forecast_null,100,False,contiguous,0,8000,100,0,-0.005388690660552207,0.008392628366651321,-0.642074261498881,0.7395875166091723,computed,-0.008605326828373894
71,202609058430071,independent_forecast_null,100,False,contiguous,0,8000,100,0,-0.006549680005063966,0.008338316281046467,-0.785491912792012,0.7839173949507741,computed,-0.016875530211434286
72,202609058430072,independent_forecast_null,100,False,contiguous,0,8000,100,0,0.009540163370195422,0.007488385806472606,1.2739946387310008,0.1013326581056545,computed,-0.013951074660622398
73,202609058430073,independent_forecast_null,100,False,contiguous,0,8000,100,0,0.00553262743879501,0.008732711466476249,0.6335520714309698,0.26318659404839595,computed,-0.011382929705334055
74,202609058430074,independent_forecast_null,100,False,contiguous,0,8000,100,0,-0.005911687562935778,0.007305946797227392,-0.8091610474332039,0.7907887413482227,computed,-0.0123553086302306
75,202609058430075,independent_forecast_null,100,False,contiguous,0,8000,100,0,0.004925946747673627,0.008262118985088001,0.5962086429116173,0.27551792623861565,computed,-0.00975816994363532
76,202609058430076,independent_forecast_null,100,False,contiguous,0,8000,100,0,-0.005175179711442744,0.008811258903907274,-0.5873371521460863,0.7215113529962682,computed,-0.01264519365138983
77,202609058430077,independent_forecast_null,100,False,contiguous,0,8000,100,0,-0.006064660057981523,0.008890093493573921,-0.6821818085901208,0.7524380019729018,computed,-0.015580261059146894
78,202609058430078,independent_forecast_null,100,False,contiguous,0,8000,100,0,-0.0010088774908197878,0.009167416455126467,-0.11005036105408066,0.5438152824562255,computed,-0.011511642308027703
79,202609058430079,independent_forecast_null,100,True,contiguous,0,8000,100,0,0.014902909377267879,0.008162126105821012,1.8258612013651099,0.033935585859068994,computed,-0.01713501809692297
80,202609058430080,independent_forecast_null,100,False,contiguous,0,8000,100,0,-0.0011791839713606845,0.008068863951720134,-0.1461400239756557,0.5580945744952174,computed,-0.016579600528253913
81,202609058430081,independent_forecast_null,100,False,contiguous,0,8000,100,0,0.004632796591412616,0.007598902159160157,0.6096665668774238,0.2710413529579987,computed,-0.014456843411171594
82,202609058430082,independent_forecast_null,100,False,contiguous,0,8000,100,0,0.013083776328822082,0.009407871345839777,1.3907265360944605,0.08215418381235357,computed,-0.012890367153401971
83,202609058430083,independent_forecast_null,100,False,contiguous,0,8000,100,0,0.004568732587773169,0.007534321814196371,0.6063893606408796,0.2721281158836447,computed,-0.014809521542197501
84,202609058430084,independent_forecast_null,100,False,contiguous,0,8000,100,0,-0.012928684775224823,0.009043427484781283,-1.4296222087236106,0.9235872610500631,computed,-0.009493135604276226
85,202609058430085,independent_forecast_null,100,False,contiguous,0,8000,100,0,0.0013331898185048208,0.009194749093138338,0.1449946926229586,0.4423575310910636,computed,-0.015600014910105653
86,202609058430086,independent_forecast_null,100,False,contiguous,0,8000,100,0,-0.0011755290844083438,0.008954049436490448,-0.1312846319138812,0.5522249257397271,computed,-0.015574455626306438
87,202609058430087,independent_forecast_null,100,True,contiguous,0,8000,100,0,0.019982685963695106,0.008124771325214658,2.4594767241854845,0.006956985981541817,computed,-0.010437393201837786
88,202609058430088,independent_forecast_null,100,False,contiguous,0,8000,100,0,-0.016745680837888695,0.008699576559473907,-1.9248845875897853,0.9728781007557009,computed,-0.016622398770929747
89,202609058430089,independent_forecast_null,100,False,contiguous,0,8000,100,0,-0.01640904694326827,0.007437849026105765,-2.206154882369205,0.9863134214617458,computed,-0.01792375353031428
90,202609058430090,independent_forecast_null,100,False,contiguous,0,8000,100,0,-0.0050877544820056905,0.008618654860969164,-0.5903188564895816,0.7225115500955257,computed,-0.013073434881336166
91,202609058430091,independent_forecast_null,100,False,contiguous,0,8000,100,0,0.0033320330712446706,0.008733584735045525,0.3815195217462216,0.3514088941956931,computed,-0.015214489237560302
92,202609058430092,independent_forecast_null,100,False,contiguous,0,8000,100,0,-0.0022325249026824666,0.007544891462540455,-0.2958988759171293,0.6163463452311391,computed,-0.013127397492820991
93,202609058430093,independent_forecast_null,100,False,contiguous,0,8000,100,0,-0.006430386978095397,0.008488497092553641,-0.7575412829835709,0.7756371786334895,computed,-0.01579915346129357
94,202609058430094,independent_forecast_null,100,False,contiguous,0,8000,100,0,0.006892607103158253,0.008483341806566113,0.8124872556500518,0.20825604821668375,computed,-0.010743525172069557
95,202609058430095,independent_forecast_null,100,False,contiguous,0,8000,100,0,-0.0029863392672276035,0.008371598483606945,-0.35672270631174896,0.6393502973742249,computed,-0.013634526137096037
96,202609058430096,independent_forecast_null,100,False,contiguous,0,8000,100,0,-0.005858758851051603,0.007492811076005178,-0.7819173327102255,0.7828684209932151,computed,-0.016392027439755985
97,202609058430097,independent_forecast_null,100,False,contiguous,0,8000,100,0,0.007971308431196185,0.007891986827390422,1.010050904232438,0.15623545116996596,computed,-0.016050451823115708
98,202609058430098,independent_forecast_null,100,False,contiguous,0,8000,100,0,-0.006328073316231504,0.009011637089894916,-0.7022112911456907,0.7587262974468645,computed,-0.012322231911433335
99,202609058430099,independent_forecast_null,100,False,contiguous,0,8000,100,0,0.012361525204205484,0.009278713562755852,1.3322455877745636,0.09138975035363445,computed,-0.014991195921412181
100,202609058430100,independent_forecast_null,100,False,contiguous,0,8000,100,0,-0.004269459191295482,0.0081378805155426,-0.5246401914037948,0.7000833292746577,computed,-0.011203732516524179
101,202609058430101,independent_forecast_null,100,False,contiguous,0,8000,100,0,-0.011984197114735681,0.008347236945776729,-1.435708270004132,0.9244573145001671,computed,-0.013862218727411113
102,202609058430102,independent_forecast_null,100,False,contiguous,0,8000,100,0,-0.007637003933608239,0.00782664658821324,-0.9757696157009825,0.8354106775078811,computed,-0.011120813691542164
103,202609058430103,independent_forecast_null,100,False,contiguous,0,8000,100,0,-0.006519149239495665,0.008524052868849531,-0.7647945572134324,0.7778030553476519,computed,-0.013746937814769433
104,202609058430104,independent_forecast_null,100,False,contiguous,0,8000,100,0,0.0003072017780351244,0.007681758087692805,0.03999107685092328,0.4840501201225267,computed,-0.015203852315566646
105,202609058430105,independent_forecast_null,100,False,contiguous,0,8000,100,0,-0.008034541100582807,0.008944049081244406,-0.8983113830883566,0.8154902172158629,computed,-0.017945789491190967
106,202609058430106,independent_forecast_null,100,False,contiguous,0,8000,100,0,0.0012836794105086432,0.008777004015802005,0.14625485053869444,0.4418601032828135,computed,-0.013638653768515585
107,202609058430107,independent_forecast_null,100,False,contiguous,0,8000,100,0,0.01126249250107086,0.0076792990885653925,1.466604226659293,0.07124187479426933,computed,-0.013624009508550694
108,202609058430108,independent_forecast_null,100,False,contiguous,0,8000,100,0,-0.0027455888430379565,0.009535752630784116,-0.2879257620603975,0.6132982168508603,computed,-0.016692963006985195
109,202609058430109,independent_forecast_null,100,False,contiguous,0,8000,100,0,0.008477123430538748,0.009568707789860435,0.8859214448498058,0.18782992966751166,computed,-0.016341121267352987
110,202609058430110,independent_forecast_null,100,False,contiguous,0,8000,100,0,0.0004174872639030709,0.007901549735272594,0.05283612429083421,0.47893123933240184,computed,-0.013045710857478632
111,202609058430111,independent_forecast_null,100,False,contiguous,0,8000,100,0,0.007298222371875314,0.009189891208439513,0.794157646303039,0.21355183083283308,computed,-0.013130694978143564
112,202609058430112,independent_forecast_null,100,False,contiguous,0,8000,100,0,-0.006145524762959777,0.00769911341017038,-0.7982120064424116,0.7876262644377658,computed,-0.010297409016805092
113,202609058430113,independent_forecast_null,100,False,contiguous,0,8000,100,0,0.00891463605252088,0.008623481217734272,1.0337630276491871,0.1506234799465292,computed,-0.009472780655771507
114,202609058430114,independent_forecast_null,100,False,contiguous,0,8000,100,0,0.00029930531136418106,0.008363195308834552,0.0357883919137948,0.4857255445248659,computed,-0.009692596601744485
115,202609058430115,independent_forecast_null,100,False,contiguous,0,8000,100,0,0.00024721084509263404,0.008903553223712802,0.02776541442288886,0.4889246253068463,computed,-0.014844097211949236
116,202609058430116,independent_forecast_null,100,False,contiguous,0,8000,100,0,-0.004045443322081172,0.008291486823136008,-0.48790324442089666,0.6871908118379834,computed,-0.012484963251144787
117,202609058430117,independent_forecast_null,100,True,contiguous,0,8000,100,0,0.015823572538008507,0.008138038875484595,1.9443962827059194,0.02592384089627814,computed,-0.014121493852197409
118,202609058430118,independent_forecast_null,100,False,contiguous,0,8000,100,0,0.004509213470910066,0.00898201209081243,0.5020270987524583,0.30782422957804134,computed,-0.016330526428834258
119,202609058430119,independent_forecast_null,100,False,contiguous,0,8000,100,0,0.01011995174544753,0.008175485857707379,1.2378410190639644,0.10788750776323447,computed,-0.014960776357842986
120,202609058430120,independent_forecast_null,100,False,contiguous,0,8000,100,0,-0.0004085058962254262,0.009081401989683054,-0.04498269063405741,0.5179394470697488,computed,-0.015229833642460555
121,202609058430121,independent_forecast_null,100,False,contiguous,0,8000,100,0,0.004259651821828354,0.008800138318557903,0.48404373518147065,0.31417741539538774,computed,-0.01489514402930836
122,202609058430122,independent_forecast_null,100,False,contiguous,0,8000,100,0,0.0034643823658340373,0.008276738966404486,0.4185685183374831,0.33776575069855796,computed,-0.021885304321813237
123,202609058430123,independent_forecast_null,100,True,contiguous,0,8000,100,0,0.016254971732991747,0.008768236930688605,1.8538472285231895,0.031880509745168685,computed,-0.015797773584540264
124,202609058430124,independent_forecast_null,100,False,contiguous,0,8000,100,0,-0.0082090200699622,0.009549215400961741,-0.859653879954937,0.805010067550473,computed,-0.016481108752089302
125,202609058430125,independent_forecast_null,100,False,contiguous,0,8000,100,0,0.010559933676613103,0.009008754850381537,1.1721857073473223,0.12056125271030538,computed,-0.0123850778241279
126,202609058430126,independent_forecast_null,100,False,contiguous,0,8000,100,0,0.0014086417400088842,0.007990894536355752,0.17628085736835358,0.43003665006946384,computed,-0.014715395718298385
127,202609058430127,independent_forecast_null,100,False,contiguous,0,8000,100,0,-0.004516448266907098,0.008781769778740112,-0.5142981859808053,0.6964782351056116,computed,-0.012646608240420854
128,202609058430128,independent_forecast_null,100,False,contiguous,0,8000,100,0,0.005465232244572913,0.008592121826695933,0.6360748083892738,0.26236383207350306,computed,-0.008898907646609278
129,202609058430129,independent_forecast_null,100,False,contiguous,0,8000,100,0,-0.0003362209889349477,0.0075984655695445795,-0.04424853753138733,0.5176468537196245,computed,-0.014499186061466052
130,202609058430130,independent_forecast_null,100,False,contiguous,0,8000,100,0,0.00807413662430389,0.008983460015926668,0.898778044315815,0.18438544850534072,computed,-0.01805396006058113
131,202609058430131,independent_forecast_null,100,False,contiguous,0,8000,100,0,-0.004495312121177968,0.008257343424373247,-0.5444017391730529,0.7069174753668009,computed,-0.016472059375442383
132,202609058430132,independent_forecast_null,100,False,contiguous,0,8000,100,0,-0.005131459025742459,0.008933163282862956,-0.57442798964466,0.7171608915623956,computed,-0.011076228448528846
133,202609058430133,independent_forecast_null,100,False,contiguous,0,8000,100,0,0.0021476210723144797,0.008143440243799897,0.26372405371913865,0.39599627966021106,computed,-0.01297876641168405
134,202609058430134,independent_forecast_null,100,False,contiguous,0,8000,100,0,0.0015414079551437645,0.008463177140409854,0.18213112281248048,0.4277399123611909,computed,-0.016103144680684967
135,202609058430135,independent_forecast_null,100,False,contiguous,0,8000,100,0,0.012149811543308452,0.008074109296542422,1.504786608290201,0.06618947390271265,computed,-0.015014638501755329
136,202609058430136,independent_forecast_null,100,False,contiguous,0,8000,100,0,-0.005431254231917724,0.008946247457930026,-0.6070985916115494,0.7281072576060543,computed,-0.006010515307917297
137,202609058430137,independent_forecast_null,100,False,contiguous,0,8000,100,0,-0.006053501575183281,0.009450314166428582,-0.6405608817416694,0.7390959890668731,computed,-0.016330283209023078
138,202609058430138,independent_forecast_null,100,False,contiguous,0,8000,100,0,-0.020706793779757923,0.00772429540427439,-2.680735613542099,0.9963269735168454,computed,-0.013148376822920804
139,202609058430139,independent_forecast_null,100,False,contiguous,0,8000,100,0,-0.0032609071651114496,0.008730298071306871,-0.37351613180640375,0.6456178293801546,computed,-0.013869178599563714
140,202609058430140,independent_forecast_null,100,False,contiguous,0,8000,100,0,0.012532337016172875,0.008336877822501455,1.5032410553442157,0.06638844703627872,computed,-0.01457607065980171
141,202609058430141,independent_forecast_null,100,False,contiguous,0,8000,100,0,0.01132511961372034,0.008817103276506637,1.2844490144395118,0.09949244617817654,computed,-0.015768112631719955
142,202609058430142,independent_forecast_null,100,False,contiguous,0,8000,100,0,0.0022853332961639684,0.008818688706470163,0.25914661150101004,0.39776106102721165,computed,-0.013073683437199168
143,202609058430143,independent_forecast_null,100,False,contiguous,0,8000,100,0,0.004951748004583628,0.00934211568905915,0.5300456737420602,0.29804013197443824,computed,-0.021140039172183878
144,202609058430144,independent_forecast_null,100,False,contiguous,0,8000,100,0,-0.00871923744216975,0.00901590881642032,-0.9670946789401581,0.8332516473545899,computed,-0.014851790839374823
145,202609058430145,independent_forecast_null,100,False,contiguous,0,8000,100,0,0.0025238347319615365,0.00825465171620049,0.30574696773799503,0.37989865475482976,computed,-0.011351738869214367
146,202609058430146,independent_forecast_null,100,False,contiguous,0,8000,100,0,-0.002454105295391344,0.00762212861455241,-0.3219711211256509,0.6262627137419616,computed,-0.021143106135538936
147,202609058430147,independent_forecast_null,100,False,contiguous,0,8000,100,0,-0.0172898236510635,0.00907981356235844,-1.9042046989533723,0.9715582350008629,computed,-0.015875820587190725
148,202609058430148,independent_forecast_null,100,False,contiguous,0,8000,100,0,0.0010063774842746075,0.009144391345793857,0.11005406989033892,0.4561832468652552,computed,-0.015281982790519733
149,202609058430149,independent_forecast_null,100,False,contiguous,0,8000,100,0,-0.009750150644408805,0.00801315077046015,-1.2167686498988597,0.8881538744557524,computed,-0.015077807638421481
150,202609058430150,independent_forecast_null,100,False,contiguous,0,8000,100,0,0.004683564608013769,0.009219721447150001,0.5079941552313982,0.3057287210698192,computed,-0.011044209837048902
151,202609058430151,independent_forecast_null,100,False,contiguous,0,8000,100,0,0.0016578740322444698,0.008808826313360775,0.18820600761873255,0.4253575816231359,computed,-0.011605388090822899
152,202609058430152,independent_forecast_null,100,False,contiguous,0,8000,100,0,-0.011396670740775425,0.008148058435530795,-1.3986977181065101,0.919048175595927,computed,-0.010127001372304711
153,202609058430153,independent_forecast_null,100,False,contiguous,0,8000,100,0,-0.00016063918323990523,0.008558364907242991,-0.01876984505579511,0.5074876451283563,computed,-0.013273821820316556
154,202609058430154,independent_forecast_null,100,False,contiguous,0,8000,100,0,0.010302548108002359,0.008831911992180025,1.1665139006281389,0.12170336586331759,computed,-0.01566946897572996
155,202609058430155,independent_forecast_null,100,False,contiguous,0,8000,100,0,-0.014698289547884725,0.007562428144868946,-1.9435939444736954,0.9740277816779421,computed,-0.014251708081390868
156,202609058430156,independent_forecast_null,100,False,contiguous,0,8000,100,0,-0.0111761099771289,0.008202630466702929,-1.362503165599897,0.9134804270976122,computed,-0.016224091502841986
157,202609058430157,independent_forecast_null,100,False,contiguous,0,8000,100,0,0.0037275707491538643,0.00878008560647141,0.4245483377071447,0.335582980399798,computed,-0.017896704383586037
158,202609058430158,independent_forecast_null,100,False,contiguous,0,8000,100,0,-0.004693693963267962,0.009294383412299042,-0.5050032643431629,0.6932217283883433,computed,-0.018002480480886707
159,202609058430159,independent_forecast_null,100,False,contiguous,0,8000,100,0,0.010849761573143712,0.007950983426096363,1.3645810828297176,0.08619237689629522,computed,-0.014946439830823
160,202609058430160,independent_forecast_null,100,False,contiguous,0,8000,100,0,-0.0020187333022916336,0.008655484511077402,-0.23323169254222942,0.5922092513660286,computed,-0.016289741970082927
161,202609058430161,independent_forecast_null,100,False,contiguous,0,8000,100,0,-0.02395483321819902,0.007869053180541917,-3.0441824027105286,0.9988334318334764,computed,-0.015641032877037997
162,202609058430162,independent_forecast_null,100,False,contiguous,0,8000,100,0,0.004870157923125345,0.008073712586114182,0.6032117035601977,0.27318393144931824,computed,-0.010320556607995579
163,202609058430163,independent_forecast_null,100,False,contiguous,0,8000,100,0,-0.012637569330529959,0.009245677394385997,-1.3668624581475803,0.9141657894120241,computed,-0.017152898531878735
164,202609058430164,independent_forecast_null,100,False,contiguous,0,8000,100,0,0.0009203328522161498,0.009263433657589365,0.09935115705849933,0.46042973091941486,computed,-0.010892677744684276
165,202609058430165,independent_forecast_null,100,False,contiguous,0,8000,100,0,-0.001405095854277842,0.008930536664112964,-0.1573361049985012,0.56251001653957,computed,-0.013470390977757374
166,202609058430166,independent_forecast_null,100,False,contiguous,0,8000,100,0,0.011357414578551201,0.008793015464505708,1.2916404644569393,0.09824084198335287,computed,-0.011635725677432207
167,202609058430167,independent_forecast_null,100,False,contiguous,0,8000,100,0,0.007379187890539386,0.007701156823511059,0.9581921339416534,0.1689829414954726,computed,-0.013337975856763107
168,202609058430168,independent_forecast_null,100,False,contiguous,0,8000,100,0,-0.024158029560574282,0.008596497064117454,-2.8102178573889187,0.9975246012292532,computed,-0.015432724526258434
169,202609058430169,independent_forecast_null,100,False,contiguous,0,8000,100,0,-0.006864402666314777,0.008335954941858893,-0.8234692622731519,0.7948794050922213,computed,-0.013861781525231542
170,202609058430170,independent_forecast_null,100,False,contiguous,0,8000,100,0,-0.01151750482888475,0.009154256618640244,-1.2581583965466263,0.8958327612219208,computed,-0.015657482850120363
171,202609058430171,independent_forecast_null,100,False,contiguous,0,8000,100,0,0.005828873601153705,0.00869387985513587,0.6704571144619998,0.25128321805396153,computed,-0.012501687826381946
172,202609058430172,independent_forecast_null,100,False,contiguous,0,8000,100,0,-0.01373288948470685,0.008719580031969909,-1.5749484991657727,0.9423658336928057,computed,-0.01533868922533399
173,202609058430173,independent_forecast_null,100,False,contiguous,0,8000,100,0,0.009078243529117803,0.007896510131239902,1.1496526159325458,0.12514348890589166,computed,-0.015139805951625451
174,202609058430174,independent_forecast_null,100,False,contiguous,0,8000,100,0,-0.00105014741489858,0.010406407294521528,-0.10091354154967892,0.5401904533084688,computed,-0.016318900440016604
175,202609058430175,independent_forecast_null,100,False,contiguous,0,8000,100,0,-0.014354098628678778,0.009012973132567253,-1.5926041737339742,0.9443754916809673,computed,-0.016031918030029235
176,202609058430176,independent_forecast_null,100,False,contiguous,0,8000,100,0,0.005516563510581099,0.008738150764399969,0.6313193328107918,0.26391587428849195,computed,-0.013609667505375178
177,202609058430177,independent_forecast_null,100,False,contiguous,0,8000,100,0,0.006796575644396856,0.008912695811675088,0.7625723785494571,0.2228592313467343,computed,-0.015721042790699746
178,202609058430178,independent_forecast_null,100,False,contiguous,0,8000,100,0,0.005640589921002815,0.00804053960546047,0.7015188280612651,0.241489644391515,computed,-0.016370766081420296
179,202609058430179,independent_forecast_null,100,False,contiguous,0,8000,100,0,0.006279215570873664,0.008867593557453814,0.708108184051304,0.23943903885006457,computed,-0.011268736403686086
180,202609058430180,independent_forecast_null,100,False,contiguous,0,8000,100,0,0.01115201326937632,0.008158011007041364,1.367001498251322,0.08581241794665717,computed,-0.01476621192961547
181,202609058430181,independent_forecast_null,100,False,contiguous,0,8000,100,0,0.0008553428673118295,0.008971849178137628,0.09533629582139065,0.4620238570198547,computed,-0.012778737512283866
182,202609058430182,independent_forecast_null,100,False,contiguous,0,8000,100,0,-0.016415415145309795,0.008712284069264267,-1.884168952114533,0.9702289371020879,computed,-0.013110406408334274
183,202609058430183,independent_forecast_null,100,True,contiguous,0,8000,100,0,0.015346309911497233,0.008747006460284154,1.7544642251240197,0.03967549736721651,computed,-0.014103714180265792
184,202609058430184,independent_forecast_null,100,False,contiguous,0,8000,100,0,-0.013472812951435436,0.010026477825963309,-1.3437234076903786,0.9104810774642609,computed,-0.011058448688819
185,202609058430185,independent_forecast_null,100,False,contiguous,0,8000,100,0,-0.0032702565236409627,0.00870843664334496,-0.3755273945915553,0.646365861637201,computed,-0.014130486285558463
186,202609058430186,independent_forecast_null,100,False,contiguous,0,8000,100,0,-0.0052202954330763255,0.008775948046293915,-0.594841196135027,0.7240251863184821,computed,-0.017973839634508382
187,202609058430187,independent_forecast_null,100,False,contiguous,0,8000,100,0,-0.006147671808292327,0.008621397105926598,-0.7130714120645526,0.7620992157026198,computed,-0.014077677273105937
188,202609058430188,independent_forecast_null,100,False,contiguous,0,8000,100,0,-0.008306900923812883,0.009100294168295891,-0.9128167474797599,0.8193305356549189,computed,-0.010483114072808108
189,202609058430189,independent_forecast_null,100,False,contiguous,0,8000,100,0,-0.010495563021202756,0.007746692671368258,-1.3548443789430695,0.9122664280647106,computed,-0.016421542976392534
190,202609058430190,independent_forecast_null,100,False,contiguous,0,8000,100,0,-0.0015209169786193156,0.007951955309980933,-0.19126327039468263,0.5758403320916633,computed,-0.017838133971081804
191,202609058430191,independent_forecast_null,100,False,contiguous,0,8000,100,0,-0.0008242395428562421,0.007636185358666237,-0.10793865053587524,0.5429778212411752,computed,-0.014913528592068959
192,202609058430192,independent_forecast_null,100,False,contiguous,0,8000,100,0,-0.0012934898905475748,0.008847942426012263,-0.1461910383531447,0.5581147100428099,computed,-0.015617944633934844
193,202609058430193,independent_forecast_null,100,False,contiguous,0,8000,100,0,-0.018563492249931278,0.00851779012926937,-2.179378919673335,0.9853482345906764,computed,-0.009785771503765917
194,202609058430194,independent_forecast_null,100,False,contiguous,0,8000,100,0,0.006094850044989468,0.008246170273202865,0.7391128054674754,0.22991925081931508,computed,-0.010704602604833857
195,202609058430195,independent_forecast_null,100,False,contiguous,0,8000,100,0,-0.002164602161564414,0.008732557946714615,-0.24787721705056492,0.5978852959748107,computed,-0.010556867839113693
196,202609058430196,independent_forecast_null,100,False,contiguous,0,8000,100,0,0.0037863791231043864,0.008752045982388998,0.4326278827514614,0.3326425648145229,computed,-0.013923163367255853
197,202609058430197,independent_forecast_null,100,False,contiguous,0,8000,100,0,-0.005758585398541953,0.008880393416081558,-0.6484606175345448,0.7416564625825608,computed,-0.015703207020533627
198,202609058430198,independent_forecast_null,100,False,contiguous,0,8000,100,0,0.002816253297902417,0.009426481784866294,0.2987597453828171,0.382561683699136,computed,-0.015365143695828865
199,202609058430199,independent_forecast_null,100,False,contiguous,0,8000,100,0,0.007219626308661101,0.008374745659293623,0.8620711126491749,0.1943241932942682,computed,-0.015420330927229609
200,202609058430200,independent_forecast_null,100,False,contiguous,0,8000,100,0,-0.0044432854528955726,0.009101335305423452,-0.48820148953833564,0.6872964352020741,computed,-0.01647977146552715
201,202609058430201,independent_forecast_null,100,False,contiguous,0,8000,100,0,-0.0003895097455080334,0.00929650568915319,-0.041898510960144804,0.5167101982805324,computed,-0.01137747522724486
202,202609058430202,independent_forecast_null,100,False,contiguous,0,8000,100,0,-0.0033674066356779784,0.009003028839710292,-0.374030417499622,0.6458091569838416,computed,-0.013721369778370685
203,202609058430203,independent_forecast_null,100,False,contiguous,0,8000,100,0,-0.0017145397499739522,0.00864115131843915,-0.19841566092186538,0.5786400673098893,computed,-0.00997901301999704
204,202609058430204,independent_forecast_null,100,False,contiguous,0,8000,100,0,0.00634015431782766,0.008336116970589929,0.7605644618706665,0.22345862654996457,computed,-0.012750412042596748
205,202609058430205,independent_forecast_null,100,False,contiguous,0,8000,100,0,0.006263568650239406,0.007960320399859186,0.7868488120591485,0.21568518771702216,computed,-0.014382976401828618
206,202609058430206,independent_forecast_null,100,False,contiguous,0,8000,100,0,0.005278169082738308,0.008978955239454781,0.5878377764425528,0.2783205925832527,computed,-0.008632311014099336
207,202609058430207,independent_forecast_null,100,False,contiguous,0,8000,100,0,0.013229826811141354,0.009182383827246498,1.4407834675659115,0.07482293274595626,computed,-0.014863464442934626
208,202609058430208,independent_forecast_null,100,False,contiguous,0,8000,100,0,0.003684931259220101,0.008572022977595406,0.4298788359353867,0.33364189076155615,computed,-0.017520704469772053
209,202609058430209,independent_forecast_null,100,True,contiguous,0,8000,100,0,0.020692829563813717,0.009021438800267102,2.2937393936764336,0.010902736259057858,computed,-0.010890340707177204
210,202609058430210,independent_forecast_null,100,False,contiguous,0,8000,100,0,0.004732756436978142,0.00924949369663486,0.5116773514533026,0.3044384198245682,computed,-0.01780309825899007
211,202609058430211,independent_forecast_null,100,False,contiguous,0,8000,100,0,-0.007291744428366097,0.007455041308875166,-0.9780957779114295,0.8359865220764553,computed,-0.01582396951120435
212,202609058430212,independent_forecast_null,100,False,contiguous,0,8000,100,0,0.008591396595564198,0.008446583962851912,1.017144520595447,0.1545423419077503,computed,-0.014983445431518971
213,202609058430213,independent_forecast_null,100,False,contiguous,0,8000,100,0,-0.008094473791926213,0.00818800955466377,-0.9885764956534181,0.838564804628951,computed,-0.01491670124297162
214,202609058430214,independent_forecast_null,100,False,contiguous,0,8000,100,0,-0.0020484054253648303,0.007977435484905494,-0.2567749283890444,0.6013237372303553,computed,-0.014155252129623763
215,202609058430215,independent_forecast_null,100,False,contiguous,0,8000,100,0,-0.0021956815220849774,0.008360129442860466,-0.26263726382371805,0.6035849121763023,computed,-0.014067829885645589
216,202609058430216,independent_forecast_null,100,False,contiguous,0,8000,100,0,-0.010863327917244947,0.008184371797705712,-1.3273258089631528,0.907799535037971,computed,-0.015624314283923635
217,202609058430217,independent_forecast_null,100,False,contiguous,0,8000,100,0,0.011167611813157003,0.008008923763135604,1.3943960691148753,0.08159901724306545,computed,-0.010108798497470595
218,202609058430218,independent_forecast_null,100,False,contiguous,0,8000,100,0,-0.011953714591217435,0.009527279542904889,-1.2546828858527144,0.8952030495483289,computed,-0.01245090758004519
219,202609058430219,independent_forecast_null,100,False,contiguous,0,8000,100,0,0.007978540030084249,0.008936355047271798,0.892818155487235,0.18597728103111627,computed,-0.011964199398694753
220,202609058430220,independent_forecast_null,100,False,contiguous,0,8000,100,0,-0.00479416603244754,0.008927443481946138,-0.537014436679742,0.7043711790293832,computed,-0.014310943703447432
221,202609058430221,independent_forecast_null,100,False,contiguous,0,8000,100,0,-0.0021263605059126077,0.008347157935093079,-0.25474065813143104,0.6005382943644924,computed,-0.019827013102064805
222,202609058430222,independent_forecast_null,100,False,contiguous,0,8000,100,0,0.006810955007016952,0.007792414127919442,0.874049414624151,0.19104567189788624,computed,-0.008409104627367991
223,202609058430223,independent_forecast_null,100,False,contiguous,0,8000,100,0,-0.005236596789056788,0.008358047360597405,-0.6265335147230482,0.7345174693438259,computed,-0.013988180417311424
224,202609058430224,independent_forecast_null,100,False,contiguous,0,8000,100,0,0.00628158597605661,0.008876437282374673,0.7076697301212864,0.23957518961244084,computed,-0.013160718059204157
225,202609058430225,independent_forecast_null,100,False,contiguous,0,8000,100,0,0.008167422672064105,0.00964913425270464,0.8464409819746042,0.19865339223855488,computed,-0.015426525584953499
226,202609058430226,independent_forecast_null,100,False,contiguous,0,8000,100,0,0.005629577103733619,0.008542617894135032,0.6589990531589417,0.25494818833750255,computed,-0.01574933758072139
227,202609058430227,independent_forecast_null,100,False,contiguous,0,8000,100,0,0.003991494352962241,0.0076720063239930575,0.5202673439514037,0.30143862665839044,computed,-0.012838626966615418
228,202609058430228,independent_forecast_null,100,False,contiguous,0,8000,100,0,0.0032331973304790206,0.008460172675141625,0.38216682503172383,0.3511688136945353,computed,-0.014150336848664402
229,202609058430229,independent_forecast_null,100,False,contiguous,0,8000,100,0,-0.008805399985570237,0.009452698526907874,-0.9315223542256161,0.8242082866416416,computed,-0.013171697631707113
230,202609058430230,independent_forecast_null,100,False,contiguous,0,8000,100,0,-0.010300584345094389,0.008792386904485033,-1.1715344714687224,0.8793079949041165,computed,-0.013867496800445744
231,202609058430231,independent_forecast_null,100,False,contiguous,0,8000,100,0,-0.028659306011692275,0.008513940115176952,-3.3661625080735753,0.99961889105183,computed,-0.01795114966173328
232,202609058430232,independent_forecast_null,100,False,contiguous,0,8000,100,0,-0.00989957656519964,0.008493243896096597,-1.1655825131489959,0.8781083593255556,computed,-0.013825241521225662
233,202609058430233,independent_forecast_null,100,False,contiguous,0,8000,100,0,-0.004090992199403738,0.008170100064754531,-0.5007273065175918,0.6917184741054425,computed,-0.01584863054305008
234,202609058430234,independent_forecast_null,100,False,contiguous,0,8000,100,0,-0.003965598212898943,0.007929101489707312,-0.5001321042550214,0.6915089690656027,computed,-0.013821630740524116
235,202609058430235,independent_forecast_null,100,False,contiguous,0,8000,100,0,-0.005428155781908034,0.008616256317067977,-0.629990053935069,0.7356494541882982,computed,-0.007329978969764062
236,202609058430236,independent_forecast_null,100,False,contiguous,0,8000,100,0,-0.020791589619994316,0.009069785210663357,-2.2924015439251657,0.9890587584893196,computed,-0.016842075651096966
237,202609058430237,independent_forecast_null,100,False,contiguous,0,8000,100,0,-0.003569694068546233,0.008840017078365927,-0.40381076607671995,0.6568240605193117,computed,-0.011631939016703008
238,202609058430238,independent_forecast_null,100,False,contiguous,0,8000,100,0,-0.011116126598889551,0.009368151807810603,-1.1865869412600243,0.8823047053203783,computed,-0.013284281723897395
239,202609058430239,independent_forecast_null,100,False,contiguous,0,8000,100,0,0.0003517651996865712,0.008440106164959075,0.0416778169387253,0.483377769055416,computed,-0.011348651422955491
240,202609058430240,independent_forecast_null,100,False,contiguous,0,8000,100,0,-0.010979190381797397,0.007639556594438974,-1.4371502123290016,0.9246623418526324,computed,-0.01477851938228758
241,202609058430241,independent_forecast_null,100,True,contiguous,0,8000,100,0,0.02480555111549183,0.009276049072511332,2.6741504838520815,0.0037459412573091935,computed,-0.013485159366285693
242,202609058430242,independent_forecast_null,100,False,contiguous,0,8000,100,0,-0.0007051280360267098,0.009033549377458865,-0.07805658734607616,0.5311084799691665,computed,-0.011618063692001357
243,202609058430243,independent_forecast_null,100,False,contiguous,0,8000,100,0,-0.007094887538412478,0.008052095572187267,-0.8811231156916369,0.8108744064534106,computed,-0.01604043878923389
244,202609058430244,independent_forecast_null,100,False,contiguous,0,8000,100,0,0.001330335416272434,0.008399979808810182,0.15837364452675629,0.4370811901424858,computed,-0.01846653222110395
245,202609058430245,independent_forecast_null,100,False,contiguous,0,8000,100,0,0.005354300419426655,0.008211548374838205,0.6520451655418948,0.2571860181719918,computed,-0.015463913021189324
246,202609058430246,independent_forecast_null,100,False,contiguous,0,8000,100,0,0.001542516121704269,0.008071454075530993,0.19110758820774087,0.4242206513389293,computed,-0.01234278074598083
247,202609058430247,independent_forecast_null,100,False,contiguous,0,8000,100,0,-0.0009062429504225306,0.008778786089985294,-0.10323100951922713,0.5411101853301717,computed,-0.012653787043268583
248,202609058430248,independent_forecast_null,100,False,contiguous,0,8000,100,0,0.0005236584343098332,0.007641301268647041,0.06853000763867952,0.47268186678852886,computed,-0.01740870075033496
249,202609058430249,independent_forecast_null,100,False,contiguous,0,8000,100,0,-0.01207648279085414,0.009775055942833398,-1.2354387393258899,0.891666368676326,computed,-0.015528761710768668
250,202609058430250,independent_forecast_null,100,False,contiguous,0,8000,100,0,-0.017342539180863405,0.008390128234815646,-2.0670171772701718,0.9806337322984457,computed,-0.01505399384031314
251,202609058430251,independent_forecast_null,100,False,contiguous,0,8000,100,0,0.003936663303333114,0.00960472954488051,0.4098671685587883,0.340951695235706,computed,-0.012309724015614476
252,202609058430252,independent_forecast_null,100,False,contiguous,0,8000,100,0,0.013741210349294057,0.008836431573711978,1.5550632893682554,0.05996549847080881,computed,-0.013268915250879587
253,202609058430253,independent_forecast_null,100,False,contiguous,0,8000,100,0,0.0028009593891556036,0.008658253890224666,0.3235016464830097,0.3731576803991418,computed,-0.013808635948121761
254,202609058430254,independent_forecast_null,100,False,contiguous,0,8000,100,0,0.00778301699755528,0.009159191230075674,0.8497493721933105,0.1977322212858995,computed,-0.013920160655737535
255,202609058430255,independent_forecast_null,100,True,contiguous,0,8000,100,0,0.019862088307445257,0.008693694140072516,2.2846545999235697,0.011166544342626572,computed,-0.011199926432676088
256,202609058430256,independent_forecast_null,100,False,contiguous,0,8000,100,0,-0.0013477710700092117,0.007695212784291296,-0.1751440938398089,0.5695167940828584,computed,-0.016440938745179157
257,202609058430257,independent_forecast_null,100,False,contiguous,0,8000,100,0,-0.011592926536904538,0.007786714384504416,-1.4888084966843647,0.9317310978688463,computed,-0.012300516046479304
258,202609058430258,independent_forecast_null,100,False,contiguous,0,8000,100,0,-0.009262184279961403,0.00826987266118813,-1.1199911606173036,0.8686412355482171,computed,-0.010151272404101519
259,202609058430259,independent_forecast_null,100,False,contiguous,0,8000,100,0,0.0005045698537407266,0.008295005469248613,0.06082815202609289,0.4757480348769912,computed,-0.017300301925429418
260,202609058430260,independent_forecast_null,100,False,contiguous,0,8000,100,0,-0.008321687519379374,0.008795468476822287,-0.9461335165157586,0.8279597546889998,computed,-0.016855640281492112
261,202609058430261,independent_forecast_null,100,False,contiguous,0,8000,100,0,0.0048575710083703354,0.008504134469306122,0.5712011052862244,0.28393166454024,computed,-0.011913307171288912
262,202609058430262,independent_forecast_null,100,False,contiguous,0,8000,100,0,0.00024720214682667297,0.008483310053318682,0.029139822224223334,0.48837653786491075,computed,-0.014425684847983122
263,202609058430263,independent_forecast_null,100,False,contiguous,0,8000,100,0,0.007610666115713554,0.008463237325241034,0.8992618100186386,0.18425661205738803,computed,-0.015266247607506722
264,202609058430264,independent_forecast_null,100,False,contiguous,0,8000,100,0,-1.087637019433707e-05,0.008368450572012411,-0.0012996874511886573,0.5005185001296123,computed,-0.01154220190198929
265,202609058430265,independent_forecast_null,100,False,contiguous,0,8000,100,0,-0.0001340684319286103,0.00799329043737154,-0.01677262111004895,0.5066909939931631,computed,-0.021826313434087474
266,202609058430266,independent_forecast_null,100,False,contiguous,0,8000,100,0,-0.00012242063488413456,0.007980041939899553,-0.01534085106395763,0.5061198740622067,computed,-0.012235762171364906
267,202609058430267,independent_forecast_null,100,False,contiguous,0,8000,100,0,0.006999171498039065,0.008261723156702755,0.8471805899669514,0.19844723534203323,computed,-0.0142117486532225
268,202609058430268,independent_forecast_null,100,False,contiguous,0,8000,100,0,-0.0032070129449563714,0.00789194859042846,-0.4063651591504171,0.6577628422849051,computed,-0.011051837921844943
269,202609058430269,independent_forecast_null,100,False,contiguous,0,8000,100,0,0.008884580065116105,0.008774326145124254,1.0125655142250574,0.15563386948773505,computed,-0.011923225276271543
270,202609058430270,independent_forecast_null,100,False,contiguous,0,8000,100,0,-0.006950959858319452,0.00837729729052104,-0.8297377563745413,0.7966564652781499,computed,-0.01105238896582339
271,202609058430271,independent_forecast_null,100,False,contiguous,0,8000,100,0,0.009512855404774045,0.00881619617716151,1.07902038629962,0.14028931989302268,computed,-0.011833623547433225
272,202609058430272,independent_forecast_null,100,False,contiguous,0,8000,100,0,0.0034396359099863735,0.009609030280556582,0.3579586919344311,0.3601871135061544,computed,-0.01323015353325152
273,202609058430273,independent_forecast_null,100,False,contiguous,0,8000,100,0,0.00586385149276675,0.009012860705736375,0.6506093552554973,0.2576493448834847,computed,-0.008089208238545753
274,202609058430274,independent_forecast_null,100,False,contiguous,0,8000,100,0,0.0038338839063654265,0.009946051426085971,0.3854679351757745,0.34994537926713853,computed,-0.010308958647348154
275,202609058430275,independent_forecast_null,100,False,contiguous,0,8000,100,0,-0.0051427918512462105,0.007993350571735742,-0.6433837481657535,0.74001243690839,computed,-0.01280731728641582
276,202609058430276,independent_forecast_null,100,False,contiguous,0,8000,100,0,0.013146740685014162,0.008252306978187355,1.593098841301452,0.05556900962574705,computed,-0.015224209416130563
277,202609058430277,independent_forecast_null,100,False,contiguous,0,8000,100,0,-0.0056680976479182256,0.008495205715622872,-0.6672113469241208,0.7476814278792763,computed,-0.016955073052933756
278,202609058430278,independent_forecast_null,100,False,contiguous,0,8000,100,0,0.010527807373384157,0.008651485831342445,1.21687853145921,0.11182521748481872,computed,-0.010978738188093251
279,202609058430279,independent_forecast_null,100,False,contiguous,0,8000,100,0,0.0003503399093539459,0.008889466047072449,0.039410680855159204,0.4842814822176883,computed,-0.010792731466539252
280,202609058430280,independent_forecast_null,100,False,contiguous,0,8000,100,0,-0.012362500714525878,0.009423477838424748,-1.311883035806282,0.9052201989011704,computed,-0.018223845039974762
281,202609058430281,independent_forecast_null,100,False,contiguous,0,8000,100,0,-0.007980797895991064,0.009646888293640547,-0.8272924546303901,0.7959643402916177,computed,-0.010730289852210806
282,202609058430282,independent_forecast_null,100,False,contiguous,0,8000,100,0,-0.029198116857104064,0.009062045718754772,-3.222022682657158,0.99936355471159,computed,-0.01889656665816064
283,202609058430283,independent_forecast_null,100,False,contiguous,0,8000,100,0,0.0039256223029881425,0.008636474875886866,0.4545398857059752,0.3247201454595004,computed,-0.016568236347451082
284,202609058430284,independent_forecast_null,100,False,contiguous,0,8000,100,0,0.004558728908541013,0.00788412943282639,0.5782158889426996,0.28155918639844046,computed,-0.01678583886476992
285,202609058430285,independent_forecast_null,100,False,contiguous,0,8000,100,0,6.133734987759265e-05,0.00942075638665438,0.006510873157115526,0.4974025557668884,computed,-0.013849074571421482
286,202609058430286,independent_forecast_null,100,False,contiguous,0,8000,100,0,0.0003371328918371483,0.008422866693603972,0.040025908529830484,0.48403623541004925,computed,-0.01680058823076469
287,202609058430287,independent_forecast_null,100,False,contiguous,0,8000,100,0,-0.008370018879507689,0.00835361725731591,-1.0019634155703523,0.8418193687582763,computed,-0.014673347310600438
288,202609058430288,independent_forecast_null,100,False,contiguous,0,8000,100,0,0.01272952408173288,0.008831618470656822,1.4413580165432762,0.07474178233276749,computed,-0.009731027616742605
289,202609058430289,independent_forecast_null,100,False,contiguous,0,8000,100,0,0.0001583408048454007,0.00809235429481754,0.01956671681401844,0.49219450744123006,computed,-0.01575649226964293
290,202609058430290,independent_forecast_null,100,False,contiguous,0,8000,100,0,-0.009462110429842843,0.008602804941689336,-1.0998866641726697,0.8643092470578142,computed,-0.015028289504861903
291,202609058430291,independent_forecast_null,100,False,contiguous,0,8000,100,0,0.0007546444218008706,0.008625548812508252,0.08748943843509767,0.4651412400742129,computed,-0.014576567951452457
292,202609058430292,independent_forecast_null,100,False,contiguous,0,8000,100,0,-0.011112933847834608,0.007210907649055604,-1.5411283001648264,0.9383572183020082,computed,-0.010237227759453793
293,202609058430293,independent_forecast_null,100,False,contiguous,0,8000,100,0,-0.007955005331228797,0.008395890372344053,-0.9474879945350972,0.8283049145203428,computed,-0.01206158727115847
294,202609058430294,independent_forecast_null,100,False,contiguous,0,8000,100,0,-0.022900619111120134,0.008013719914200041,-2.8576765043336505,0.9978662239147851,computed,-0.01521489929204245
295,202609058430295,independent_forecast_null,100,False,contiguous,0,8000,100,0,-0.0009305125870712652,0.008402770284360105,-0.11073878680263438,0.5440882561507331,computed,-0.011423079114490253
296,202609058430296,independent_forecast_null,100,False,contiguous,0,8000,100,0,0.003856372125756959,0.008161706626193073,0.47249580294651145,0.3182864683981713,computed,-0.014120751132615794
297,202609058430297,independent_forecast_null,100,False,contiguous,0,8000,100,0,0.005805678390688533,0.008853482673500395,0.6557508050550175,0.255992237025616,computed,-0.01388212206382633
298,202609058430298,independent_forecast_null,100,False,contiguous,0,8000,100,0,0.011003181317865408,0.007996312830680962,1.3760318725459848,0.0844058828975941,computed,-0.013235270012080136
299,202609058430299,independent_forecast_null,100,False,contiguous,0,8000,100,0,-0.010497059478845511,0.007953100426319616,-1.3198701029987043,0.9065608045262891,computed,-0.011025564323041914
