regime,metric,seed,N,T,beta_hat,fixed_statistic,adaptive_statistic,fixed_reject,adaptive_reject,fixed_mean,adaptive_mean,fixed_se,adaptive_se,fixed_weight_norm_squared,adaptive_weight_norm_squared,spectrum_means
smooth,typeI,505,120,100,2.0,1.3228586303022725,1.6068676436949954,0,0,0.005604503215512497,0.006756549937956571,0.004236660733907651,0.004204795562638793,1.0507812500000016,0.4413481422186647,"[0.010226858043636263, 0.008585437017262746, 0.007612002507734634, 0.006963113327006694, 0.007036693563397757]"
smooth,typeI,506,120,100,2.0,1.4522406489634767,1.8147682649309818,0,1,0.00603173571936153,0.00748371607853412,0.004153399592324195,0.004123786063020413,1.0507812500000016,0.4413481422186647,"[0.012053285850755496, 0.009754829911518338, 0.00826192482121295, 0.00817396242348649, 0.0077628704901243645]"
smooth,typeI,507,120,100,2.0,1.1044223739572505,1.3427404089165413,0,0,0.004958165744040014,0.005960324297651342,0.0044893745916016106,0.004438925244277659,1.0507812500000016,0.4413481422186647,"[0.009003631490723087, 0.007803584499464313, 0.006294709824713417, 0.0063076249076084055, 0.00625096880824557]"
smooth,typeI,508,120,100,2.0,-0.2386156517262242,0.031587994046653106,0,0,-0.0010088331994771865,0.0001333744295613224,0.004227858450101469,0.004222314002096439,1.0507812500000016,0.4413481422186647,"[0.003633276342419655, 0.0021615158852519864, 0.0005357595982196588, 0.0006368073648713096, 0.00039456280314064513]"
smooth,typeI,509,120,100,1.050974822388941,2.135527481441613,2.1553976773239976,1,1,0.008695585090244996,0.008768499978996092,0.00407186756705886,0.004068158777030182,1.0507812500000016,0.9735714339323909,"[0.012802971506465713, 0.009899639386280967, 0.00957656533765556, 0.010524531088070966, 0.009886776879136493]"
smooth,typeI,510,120,100,0.6344091380241635,-0.23060776441009914,-0.5222412733536892,0,0,-0.0011180349320601313,-0.0025502195380359017,0.004848210271324101,0.004883220971140591,1.0507812500000016,2.2663947147255588,"[0.0036772785187820195, 0.001796935215617603, 0.001232446071963307, 0.0008070757085628721, -0.00015447229401573397]"
smooth,typeI,511,120,100,1.1923904555730995,-0.7115550930366363,-0.6210636914301936,0,0,-0.0028888558016665496,-0.0025159592754285297,0.004059918662570529,0.004051048725187501,1.0507812500000016,0.8089991910953536,"[0.0021177108445375663, -3.8831336753539884e-05, -0.00099451281338547, -0.0016300094286090733, -0.0010381291165693068]"
smooth,typeI,512,120,100,2.0,1.2667652553080588,1.5600196281274246,0,0,0.005244277022638171,0.006443298019529194,0.004139896480948902,0.004130267275715902,1.0507812500000016,0.4413481422186647,"[0.011037485609663653, 0.0075714549642636715, 0.0072173138446966715, 0.007310272582355913, 0.007014715815559504]"
smooth,typeI,513,120,100,0.5,-0.23753363344990172,-0.5252489829302479,0,0,-0.0010086229708949795,-0.002274483336779927,0.004246232233498454,0.004330295556387539,1.0507812500000016,3.5115366003409427,"[0.001929459472981979, 0.00030685271350642634, 0.00031642088697537556, -0.0006594710476961225, 0.0003128309383010198]"
smooth,typeI,514,120,100,2.0,-1.44741533769438,-1.126875447325341,0,0,-0.00625908936683453,-0.00488215510844075,0.00432432157089393,0.004332470922166804,1.0507812500000016,0.4413481422186647,"[-0.000516909363892946, -0.002620644279376707, -0.004313691791347453, -0.004213040972324333, -0.004537720090194416]"
smooth,typeI,515,120,100,0.9360163466516993,0.6266276567395239,0.5848069622707639,0,0,0.002335862481909029,0.002181062790109535,0.0037276721778655834,0.0037295431327298545,1.0507812500000016,1.1662108031407976,"[0.006860227641999536, 0.005233749742254255, 0.0040386993768897934, 0.004243101959196418, 0.0033824019589546945]"
smooth,typeI,516,120,100,0.942589191349482,-0.6436697342498688,-0.6756589503689583,0,0,-0.002576928320042324,-0.0027079383754319035,0.004003494622976905,0.004007848003720182,1.0507812500000016,1.1532551336881731,"[0.0022386137935204928, -0.00012585419302951694, -0.0006788864140525535, -0.0014593527640561054, -0.0007448715477362807]"
smooth,typeI,517,120,100,0.681348592094074,-1.3307782083348882,-1.6832165578249432,0,0,-0.005450487827127545,-0.006884481729663992,0.004095714667545816,0.00409007486152592,1.0507812500000016,1.9952299435639107,"[0.00030664077116121676, -0.0015634034430912172, -0.0027099171996217797, -0.0031774142436456964, -0.004240321270818298]"
smooth,typeI,518,120,100,0.6665104307177834,0.8506888465353506,0.5048646092162201,0,0,0.0034929539922871787,0.002082367548428718,0.004106030079638557,0.00412460590505938,1.0507812500000016,2.074763405283007,"[0.0094356245727726, 0.006352704765363797, 0.006271610435929708, 0.0057390115042056395, 0.004877812364197889]"
smooth,typeI,519,120,100,0.5,1.647271147520544,1.196156810748368,1,0,0.00839693283988163,0.0061758844628451125,0.005097480674338653,0.005163106047091943,1.0507812500000016,3.5115366003409427,"[0.01240079120542014, 0.011865895599624948, 0.010109648413448226, 0.009305515844633998, 0.009838500611942576]"
smooth,typeI,520,120,100,1.8997629198202162,-0.044722080483441624,0.16935837406314844,0,0,-0.00018021401603618455,0.0006788955842405938,0.004029642943442867,0.0040086331012333335,1.0507812500000016,0.46320739595130517,"[0.00380641646950977, 0.001842202788957443, 0.0013619988786783444, 0.0012509408446681682, 0.0009411074910116355]"
smooth,typeI,521,120,100,0.5,2.185760433928777,1.7040653092348554,1,1,0.009365575257517663,0.007377080133419642,0.00428481324491888,0.004329106457035988,1.0507812500000016,3.5115366003409427,"[0.013310145309185279, 0.011828592439828268, 0.011571924251151616, 0.009748565499358668, 0.01100983919263532]"
smooth,typeI,522,120,100,1.2708650309479033,-1.1346506949807396,-1.021245878438351,0,0,-0.004597924293439245,-0.004115052301701885,0.004052281740784808,0.004029443240441235,1.0507812500000016,0.7405251230061524,"[0.0007577919825765846, -0.002073043564030411, -0.002820367121981319, -0.0032437596966095484, -0.002504839267158142]"
smooth,typeI,523,120,100,0.5,1.6423555030211188,1.159792733193987,0,0,0.006730140907901986,0.004840752977044218,0.004097858773890225,0.004173808680205408,1.0507812500000016,3.5115366003409427,"[0.011371643260789535, 0.008454891908497637, 0.00845132128512338, 0.007943788905740577, 0.00844998479806156]"
smooth,typeI,524,120,100,2.0,1.6013887591038574,1.8804923861003093,0,1,0.007901917717127439,0.009253574008520237,0.004934415626564893,0.004920825033336046,1.0507812500000016,0.4413481422186647,"[0.01312718593426275, 0.01139701170262237, 0.0104760208419141, 0.00937824794985674, 0.00943788848127409]"
smooth,typeI,525,120,100,1.0833530067062846,1.5832335310632928,1.6268958513302405,0,0,0.006694672653412624,0.006874943375354955,0.004228480841304889,0.004225804233094342,1.0507812500000016,0.9301133258528089,"[0.011449126081044156, 0.009535469442546985, 0.008585343191323374, 0.008697623533127426, 0.007759200433712216]"
smooth,typeI,526,120,100,0.5,0.2821316225870365,-0.15625575165503355,0,0,0.001324145442309644,-0.0007586640256653077,0.0046933606029971,0.004855271038855665,1.0507812500000016,3.5115366003409427,"[0.005148597530955568, 0.004424698281543303, 0.002667380666530453, 0.002962308675876791, 0.002208878307859558]"
smooth,typeI,527,120,100,2.0,0.62124380911255,0.9816553984207055,0,0,0.0023809427655433137,0.0037135661572090203,0.003832541637629359,0.0037829631082184566,1.0507812500000016,0.4413481422186647,"[0.007934241799313213, 0.005381282509089133, 0.005056044157145635, 0.004050229689995858, 0.003978841419174395]"
smooth,typeI,528,120,100,1.8310585510483857,-0.6874294055879766,-0.4610004478220939,0,0,-0.0029926490723548326,-0.001980885908372061,0.004353391123551283,0.004296928382022984,1.0507812500000016,0.48032041852425483,"[0.00198346084422604, -0.00025042415262888714, -0.0013439462717627696, -0.001576336667405835, -0.0011858129753719504]"
smooth,typeI,529,120,100,1.645969144082151,1.272475208077444,1.511686896452259,0,0,0.00552338792460915,0.006501137612474918,0.00434066446996191,0.004300584749217763,1.0507812500000016,0.5376279047419501,"[0.010934485221327872, 0.008591642415482352, 0.007514057776151799, 0.007020943091210878, 0.00743730243605003]"
smooth,typeI,530,120,100,1.227388584705688,0.5444838581074077,0.7032894428026311,0,0,0.002453147503766273,0.0031726974122452674,0.004505454968478335,0.004511225704742511,1.0507812500000016,0.7768285536089364,"[0.010229644955014638, 0.006731535897227432, 0.006824880458000125, 0.004394115568111644, 0.0047467802671504545]"
smooth,typeI,531,120,100,2.0,-0.22907903256122886,0.1285524051989666,0,0,-0.0008888363482013973,0.0004994878457036611,0.003880042351601195,0.0038854803605625284,1.0507812500000016,0.4413481422186647,"[0.005004783048312481, 0.002554579148281136, 0.0013586272396051181, 0.0009601684651790901, 0.0009840401912542518]"
smooth,typeI,532,120,100,2.0,-0.0038326386005416062,0.34627034383800265,0,0,-1.5452421135109696e-05,0.001412012924877259,0.004031797084370555,0.004077776078733002,1.0507812500000016,0.4413481422186647,"[0.005830306507034892, 0.0034484983956556766, 0.0026546534536757756, 0.0016883890277954116, 0.0017615348387389155]"
smooth,typeI,533,120,100,0.6355470039166128,-1.0048263796625474,-1.318590870775127,0,0,-0.004664145277632669,-0.006221710803303408,0.004641742466195042,0.004718454329693642,1.0507812500000016,2.259100155935324,"[0.0013209536356168729, -0.0018232044075625758, -0.001910427579132169, -0.0032733003939943383, -0.0025474208542188123]"
smooth,typeI,534,120,100,1.0946384739356676,-1.0056318560568147,-0.9419612112307132,0,0,-0.004226232435549197,-0.003957906268369715,0.0042025641989114045,0.004201772027532363,1.0507812500000016,0.9158689908020686,"[0.002485322045788907, -0.0011370261368711422, -0.0010712581280600882, -0.0019481523455585083, -0.002456695732748615]"
smooth,typeI,535,120,100,1.2354219620806361,-1.7078205064336727,-1.6083339063998354,0,0,-0.007471859966640193,-0.007017057426476844,0.004375085050502864,0.004362935705424583,1.0507812500000016,0.7698293046801891,"[-0.002257792788319626, -0.004697895406833855, -0.00535546453513155, -0.006150975934861506, -0.005606615726305552]"
smooth,typeI,536,120,100,1.5140790711048915,-0.6234484677338598,-0.4506198544419937,0,0,-0.0027594405696791126,-0.0019875250669556554,0.004426092471939595,0.00441064690639702,1.0507812500000016,0.5919926990134191,"[0.002092386177962088, -0.0005999450437051936, 2.735691553275003e-06, -0.0016207641530829177, -0.0012696091832121266]"
smooth,typeI,537,120,100,0.8151336704428548,0.6646411371764609,0.5194147624678828,0,0,0.002651632800269095,0.002076151219122213,0.003989570690032524,0.003997097058346678,1.0507812500000016,1.463507832290472,"[0.00827551700864128, 0.005403104633209531, 0.005105273139014704, 0.003938597209011816, 0.0047101819017389395]"
smooth,typeI,538,120,100,1.5321356635161265,0.9346258724241597,1.1110210901103164,0,0,0.0040667723228638595,0.004808827170712751,0.004351230201145386,0.004328295127354664,1.0507812500000016,0.5837073914382149,"[0.008708003701793173, 0.006375782743956478, 0.0059946039794363335, 0.005741188888193515, 0.005311597122580009]"
smooth,typeI,539,120,100,2.0,0.11909248364072857,0.34482373425427154,0,0,0.0005356249362914427,0.0015346429917837763,0.004497554504844197,0.004450514391367668,1.0507812500000016,0.4413481422186647,"[0.004968859413373563, 0.0031905448156090235, 0.001708342368314973, 0.002005769735698171, 0.002094880253941153]"
smooth,typeI,540,120,100,1.3635277733748272,1.1335964555690543,1.2253774022401795,0,0,0.004739828164138004,0.005116290987582196,0.004181230578882373,0.004175277737478121,1.0507812500000016,0.6744688386228583,"[0.008165197216602646, 0.0063258077562437145, 0.0057559311544043154, 0.00560500538379994, 0.006130530401196131]"
smooth,typeI,541,120,100,0.5996044066706484,0.6275028076448332,0.23600030327723792,0,0,0.00321019158872672,0.001212627222154712,0.005115820279394971,0.005138244338314241,1.0507812500000016,2.5100495727374565,"[0.008694053628284182, 0.007050313999613264, 0.005994368447485422, 0.005269098221994257, 0.004371974537196388]"
smooth,typeI,542,120,100,2.0,0.5325818987249386,0.9001284280065797,0,0,0.0021142645985536145,0.0035579596153109327,0.0039698393873607105,0.0039527244164373,1.0507812500000016,0.4413481422186647,"[0.008412545791188782, 0.004912762403423834, 0.005388036541881799, 0.003823056455751837, 0.003992775951658672]"
smooth,typeI,543,120,100,2.0,-1.1135698537945824,-0.8331990140308019,0,0,-0.005593528389688032,-0.004139407517967113,0.005023060179500743,0.004968089793987785,1.0507812500000016,0.4413481422186647,"[0.0009110150477718665, -0.002742022437468078, -0.0026032322353800527, -0.0035583198554407875, -0.0037071466799905835]"
smooth,typeI,544,120,100,0.9306718042396948,0.1917932627509602,0.13785360441450673,0,0,0.0008380545065186248,0.0006025630839815076,0.0043695721867291135,0.004371036118647168,1.0507812500000016,1.1769492980575436,"[0.006785748756867995, 0.004998094118610212, 0.003430863323499254, 0.0033480212943837024, 0.002053360952346644]"
smooth,typeI,545,120,100,1.9388408401807498,0.8813609708335856,1.1788214012510077,0,0,0.0038490433834678277,0.005145394968530422,0.004367158872292049,0.004364863891230633,1.0507812500000016,0.4542793359054067,"[0.009503702636470357, 0.006953877874993968, 0.006110915888525982, 0.006102742042104679, 0.0052212074339461345]"
smooth,typeI,546,120,100,0.8183617427730838,0.5115254390215482,0.36086500500424507,0,0,0.0022143876420378196,0.001564846028901643,0.004328988302661008,0.004336375118676954,1.0507812500000016,1.4538115715776894,"[0.008229631716410196, 0.005419900047059079, 0.005368673525418038, 0.003682624641386314, 0.0041132445172698895]"
smooth,typeI,547,120,100,0.7051065377017892,0.837171126786228,0.47701856382445657,0,0,0.0032816278641403856,0.0018770970139932487,0.0039199009128970475,0.0039350607216284824,1.0507812500000016,1.878223542363838,"[0.00978506222659075, 0.007254921249066868, 0.006424573431418516, 0.005856767594957579, 0.004635312680068965]"
smooth,typeI,548,120,100,1.0612123116918881,-0.9165145610955547,-0.8844050584600586,0,0,-0.0037158566103823744,-0.003583881996175459,0.0040543345060886195,0.004052308342080015,1.0507812500000016,0.9593976853999557,"[0.0011611112821876908, -0.001132387172219835, -0.0014745164348151899, -0.0025307758241814656, -0.0020395839339659378]"
smooth,typeI,549,120,100,0.617373042694876,0.30141128199858747,-0.010048176253386498,0,0,0.0013806458964342474,-4.5851978370739843e-05,0.004580604572196197,0.004563213981769729,1.0507812500000016,2.380494213028186,"[0.006382298073787279, 0.00461184155719532, 0.0022608880090140425, 0.0037306345252488735, 0.002760694226312255]"
smooth,typeI,550,120,100,1.4407650022986902,0.6801682224115241,0.9324175954819225,0,0,0.002340493058221957,0.003230249455626196,0.0034410502888885058,0.0034643806286781113,1.0507812500000016,0.6289131891910705,"[0.008722057507423827, 0.005760218111572802, 0.004824080365224921, 0.004034367694446014, 0.004604990327762972]"
smooth,typeI,551,120,100,1.7246378481382112,-1.5700271559033958,-1.2832021544558578,0,0,-0.007199310434218757,-0.005843903388315826,0.004585468733549556,0.004554156465544537,1.0507812500000016,0.5109994722030234,"[-0.0006480811715912793, -0.0034352789534886027, -0.0038992058537926397, -0.005461990141527139, -0.005194218353977346]"
smooth,typeI,552,120,100,0.7347217268715592,-0.39114655370827556,-0.6108315502125286,0,0,-0.0017682265450499497,-0.0027605678779143265,0.004520624119748032,0.004519360332572594,1.0507812500000016,1.7480186313422341,"[0.0029877472043541775, 0.002389500091952354, 0.0006225410630715582, -0.0005761851732075363, -0.00029666263404835624]"
smooth,typeI,553,120,100,1.566823861045469,0.05459978067069071,0.2731119843439446,0,0,0.00022672643686652628,0.0011317620560514418,0.004152515524448498,0.004143948713089619,1.0507812500000016,0.5685911747645623,"[0.005325979095434889, 0.003264117068748365, 0.002613100434447082, 0.001574276598464577, 0.0018642041339936772]"
smooth,typeI,554,120,100,1.281246042289762,1.037260981983411,1.1731016182104874,0,0,0.004589208060665245,0.005200762336748048,0.004424352347554745,0.004433343417155601,1.0507812500000016,0.7324016029347851,"[0.010616735694099225, 0.007270277921028027, 0.007542052980161824, 0.006658516718027773, 0.006112404441849776]"
smooth,power,505,120,100,2.0,5.066097346216509,5.347088072912676,1,1,0.022885253858130745,0.023988851517655993,0.004517334013572012,0.004486339329097442,1.0507812500000016,0.4413481422186647,"[0.027349013248402186, 0.02580522279618101, 0.024664913952315112, 0.02426311170474169, 0.024280402129903875]"
smooth,power,506,120,100,2.0,5.926577481488815,6.308468077901067,1,1,0.02397564981773484,0.025403781649034965,0.004045446109937959,0.004026933533677676,1.0507812500000016,0.4413481422186647,"[0.029895954453309836, 0.027645873046365354, 0.026161025704260158, 0.026081882133123003, 0.025680426626107738]"
smooth,power,507,120,100,1.4766999936244054,5.034411590887592,5.202905484066361,1,1,0.023176016173166322,0.023724284655435583,0.00460352034289677,0.00455981465127322,1.0507812500000016,0.6101256736005151,"[0.026471000490559428, 0.025835649170286662, 0.02406850792028632, 0.024386731484826393, 0.02421089812363888]"
smooth,power,508,120,100,0.9408438135321097,3.7372971035852447,3.7042238688619333,1,1,0.016269228023725893,0.01613289063296348,0.004353207029785932,0.004355268796947757,1.0507812500000016,1.1566688442271604,"[0.020421774508727866, 0.019564501984763664, 0.017523193012867505, 0.017889969685386704, 0.017444662799687552]"
smooth,power,509,120,100,1.4308317026648902,6.364129785559465,6.496932010977426,1,1,0.02650396317162117,0.026951453624633335,0.004164585585881672,0.004148335488057329,1.0507812500000016,0.6343592638291672,"[0.030585995310530925, 0.02775383800747212, 0.027353011463961407, 0.0282151469819305, 0.02778310491687867]"
smooth,power,510,120,100,0.6387931413264403,3.255633789354902,2.960533453264983,1,1,0.01637269145521835,0.014947206132162535,0.005029033519910287,0.00504882189920138,1.0507812500000016,2.2385045640556496,"[0.021326838683519745, 0.019207871728804945, 0.018835173444354508, 0.018314225664758522, 0.017397246682810345]"
smooth,power,511,120,100,2.0,3.5225371267299623,3.8407508658475558,1,1,0.013520602968751511,0.014679351414166101,0.003838313829584229,0.0038220004178601517,1.0507812500000016,0.4413481422186647,"[0.018701445758142785, 0.0162172818694324, 0.015405022463284006, 0.015051909918347697, 0.015290607695474023]"
smooth,power,512,120,100,0.715222410564383,5.923538091231202,5.71646726520877,1,1,0.024248601471026247,0.0233784586019413,0.004093601002907739,0.004089668936657069,1.0507812500000016,1.8319189562204041,"[0.02964395424451722, 0.026105359114761854, 0.02610406345129715, 0.026261843114135534, 0.02582727269637607]"
smooth,power,513,120,100,0.5,3.9515477614071526,3.6091379831754797,1,1,0.017524342761030782,0.0163613183224515,0.004434804744657909,0.0045333036305960465,1.0507812500000016,3.5115366003409427,"[0.02029884386459992, 0.01865567776398293, 0.018706045046830898, 0.017984189630280773, 0.018699666771380408]"
smooth,power,514,120,100,1.950661230067104,2.704771738380586,2.9677511723005052,1,1,0.012172913403342532,0.01337775508610243,0.004500532607099317,0.004507707792676036,1.0507812500000016,0.45168444829262056,"[0.017234922448097174, 0.015425685324080033, 0.013997779857553823, 0.014042801829900265, 0.013589801970358547]"
smooth,power,515,120,100,0.8411326429613518,5.211924344520295,5.098216062144246,1,1,0.020784589547849768,0.0203710959687018,0.003987891644993319,0.003995730216293338,1.0507812500000016,1.3885674555834986,"[0.025094736017578407, 0.023538919611072164, 0.02251203235903823, 0.02265808866296981, 0.021692231506517876]"
smooth,power,516,120,100,0.9387203782829631,3.106776744776136,3.0736862438439565,1,1,0.013364551498311984,0.013238242207879124,0.0043017418360632755,0.004306959512992893,1.0507812500000016,1.160847803446727,"[0.017621605272833872, 0.01565926897423482, 0.015032927665504618, 0.014349553291907964, 0.014986741430025752]"
smooth,power,517,120,100,1.0140640544434512,2.901826087403227,2.9095259838235954,1,1,0.013453418929980716,0.013489938469235416,0.004636190634711623,0.004636472932098519,1.0507812500000016,1.028305954811078,"[0.018639068113985198, 0.016629928876919615, 0.01586466179646391, 0.015368121650045665, 0.01468390352094935]"
smooth,power,518,120,100,0.6836104944216544,5.442061498278489,5.154739801423301,1,1,0.02360988688946357,0.022452005782128366,0.004338408688863987,0.004355604093911593,1.0507812500000016,1.983560383878742,"[0.028879706377944524, 0.02604927401985928, 0.026176781769505535, 0.02563825409799296, 0.024768323920837568]"
smooth,power,519,120,100,0.8599854514069675,4.455822660764941,4.3739778531213265,1,1,0.023126780002929646,0.02274964016043332,0.005190237979300419,0.005201132910217843,1.0507812500000016,1.3384412693699774,"[0.027345963383903434, 0.026592084187206672, 0.024998642359448014, 0.0242005298779551, 0.02452974358099418]"
smooth,power,520,120,100,2.0,4.382723839961663,4.589728304137485,1,1,0.018247953488434086,0.018984780774700574,0.0041636101554127815,0.004136362659547066,1.0507812500000016,0.4413481422186647,"[0.021589789309564192, 0.019793554718428794, 0.01955618731281383, 0.019377552756796243, 0.019242338440416253]"
smooth,power,521,120,100,0.5,5.944294263431706,5.487401617633511,1,1,0.02766978239876202,0.02578449544460003,0.004654847349832905,0.004698853344676421,1.0507812500000016,3.5115366003409427,"[0.031305072086977234, 0.030021443803979097, 0.02992118954928298, 0.02782528643272037, 0.0292507795931028]"
smooth,power,522,120,100,1.3720393184134065,2.8883808927028833,3.0772042778500235,1,1,0.011929271092665885,0.012611556261810165,0.0041300893254084415,0.004098381232792769,1.0507812500000016,0.6690666156172553,"[0.017388808002532112, 0.015069204255294505, 0.013916874468884923, 0.013365732021010449, 0.013927780121166494]"
smooth,power,523,120,100,0.9108292518223775,5.36500657368764,5.317095703404439,1,1,0.021207834018305553,0.02104469448010008,0.003952993109517913,0.0039579303540888955,1.0507812500000016,1.2184930594525194,"[0.025464489660669894, 0.02251015219624851, 0.022977957396632546, 0.022066568051066847, 0.022918177273252675]"
smooth,power,524,120,100,2.0,5.080584860551859,5.367364996574108,1,1,0.025540976172677886,0.026897195618440024,0.005027172436581168,0.005011247723158013,1.0507812500000016,0.4413481422186647,"[0.0308317055856361, 0.02898197783237384, 0.028178237292874646, 0.02699485470073863, 0.02711915693308323]"
smooth,power,525,120,100,1.2132597871954083,5.55738780052165,5.666415170584912,1,1,0.024084961107253004,0.024541253274896077,0.004333863673323686,0.004331001618499976,1.0507812500000016,0.7894793652351648,"[0.029482222275816223, 0.027181089168361153, 0.026155428208452448, 0.026300374909357865, 0.02537588271330262]"
smooth,power,526,120,100,0.7193094798960717,4.3668795956933595,4.133011915123719,1,1,0.021164608871256537,0.020271150191524524,0.004846620660695382,0.004904691931167035,1.0507812500000016,1.8137645477113995,"[0.025518380669104113, 0.024550946110530745, 0.022579419427563422, 0.022942046379807464, 0.02229423736514478]"
smooth,power,527,120,100,2.0,4.92326415668892,5.271635003692792,1,1,0.020445776436651155,0.021646596656010313,0.004152890396683834,0.004106239646873659,1.0507812500000016,0.4413481422186647,"[0.025460784748664766, 0.02319517190188296, 0.02274771243569545, 0.022049855489681334, 0.021857322272547056]"
smooth,power,528,120,100,1.7076778734423426,2.7495909789731474,2.9676164597430383,1,1,0.013174634238462175,0.014090124879079116,0.004791488748403708,0.004747960213261237,1.0507812500000016,0.5164287700398997,"[0.018115552500817894, 0.015745447251316286, 0.01498963247388469, 0.014552886903486861, 0.014921440499823987]"
smooth,power,529,120,100,2.0,5.848854115246452,6.224694488031902,1,1,0.025184439775688867,0.02648774467177761,0.004305875865503216,0.004255268226047892,1.0507812500000016,0.4413481422186647,"[0.0307449242284111, 0.02842909177664432, 0.027284306867917295, 0.026850400044504483, 0.027023446511659215]"
smooth,power,530,120,100,2.0,4.518337922816985,4.920521084795811,1,1,0.021907462596269568,0.023936516270510282,0.004848566656699113,0.004864630362924983,1.0507812500000016,0.4413481422186647,"[0.030279771909070243, 0.02622569626275047, 0.02641314555588443, 0.02433932319110924, 0.024193484494902318]"
smooth,power,531,120,100,2.0,4.161087877234457,4.516677046718101,1,1,0.016724620224210236,0.018211819300592236,0.004019290319656924,0.0040321278480216485,1.0507812500000016,0.4413481422186647,"[0.022918074106646605, 0.02047519616683392, 0.019161991896372903, 0.018688183289715082, 0.018640821604554898]"
smooth,power,532,120,100,1.889041525272476,4.299585077245056,4.558681961317222,1,1,0.01865138064761477,0.01992364392335443,0.00433794896775611,0.004370483418763771,1.0507812500000016,0.4657548104758956,"[0.024328106248249364, 0.021873745850307685, 0.021138296691117196, 0.020232016599934774, 0.020484993357677193]"
smooth,power,533,120,100,0.5,2.76496537995055,2.1373119421142923,1,1,0.013867755266363193,0.011014017930448908,0.005015525824273144,0.005153210307501259,1.0507812500000016,3.5115366003409427,"[0.020142603236762986, 0.016841225247955564, 0.016839440716084276, 0.015192429075543874, 0.016159333875450693]"
smooth,power,534,120,100,1.1495567134928948,2.9534167536445786,3.0489391842074727,1,1,0.01284072002238862,0.013244799588683027,0.004347750789502666,0.0043440681458281755,1.0507812500000016,0.8524632305368647,"[0.019476377596074585, 0.01607112316679535, 0.01587525677460368, 0.015182707529261682, 0.01454820295348967]"
smooth,power,535,120,100,0.7767713041418427,2.658475855201094,2.5056636468634603,1,1,0.011413566594573652,0.010797262767190709,0.004293274498710953,0.004309142921359977,1.0507812500000016,1.588192770962305,"[0.01597045762297671, 0.014053150660538884, 0.01331216456650392, 0.012411303918375033, 0.013143194658747307]"
smooth,power,536,120,100,1.3101686795904304,3.794168414934906,3.9200195737762984,1,1,0.017555561584696653,0.01809797886971712,0.004626985327164988,0.0046168082911592885,1.0507812500000016,0.7107834896361456,"[0.02245280159659636, 0.019728274595761597, 0.020341041536269016, 0.018653323268576473, 0.019102170344712854]"
smooth,power,537,120,100,0.5315774851211347,4.574872820939335,4.144432122479463,1,1,0.01957285466983995,0.017820066267858786,0.0042783385322220065,0.0042997606767891,1.0507812500000016,3.132374999025489,"[0.02428417090103612, 0.0216187223909661, 0.021413897453353526, 0.02052439505308704, 0.021496576744086723]"
smooth,power,538,120,100,1.2503860839376286,4.343983594381372,4.446073008776347,1,1,0.020048702226860594,0.020466204816873224,0.004615280373708623,0.004603209343722844,1.0507812500000016,0.757151247351606,"[0.024595959263692995, 0.022329411162758175, 0.021759488020911454, 0.021908162966624848, 0.021165679793171827]"
smooth,power,539,120,100,1.9712276234952986,4.520470636734855,4.716083994700799,1,1,0.021876325093833582,0.022646339200729247,0.004839391039521251,0.004801937205990324,1.0507812500000016,0.44728094797603757,"[0.025391329075325673, 0.02400533806026192, 0.022700847484630946, 0.02299276815154714, 0.023195540694798324]"
smooth,power,540,120,100,1.6563393595377276,5.164863380305584,5.3354673754662985,1,1,0.022102672573619624,0.022766994930729565,0.004279430247448654,0.004267104140757644,1.0507812500000016,0.5338981366202593,"[0.025803317462566103, 0.02418157327291283, 0.023368255641845803, 0.023129841758405136, 0.023449783286796484]"
smooth,power,541,120,100,0.5,4.093557927105912,3.5101284509018655,1,1,0.019997008988256463,0.017189802771647666,0.004884994751349242,0.004897200490549298,1.0507812500000016,3.5115366003409427,"[0.025043464247725904, 0.023729421299272063, 0.022480413184056563, 0.022023661924285613, 0.020986800789784352]"
smooth,power,542,120,100,2.0,4.952075720599073,5.2385522059070535,1,1,0.02076255849634048,0.021924204834100625,0.004192698106366747,0.004185164902886456,1.0507812500000016,0.4413481422186647,"[0.02610521378098809, 0.022734891444388044, 0.023415653913820025, 0.022387209729553853, 0.02227849121880365]"
smooth,power,543,120,100,2.0,2.539083201391249,2.850722929573161,1,1,0.012903673138000194,0.014259851550107535,0.005082020601345334,0.005002187831787168,1.0507812500000016,0.4413481422186647,"[0.01922030496211999, 0.015311558614230692, 0.015811917384913894, 0.014773213628840627, 0.014830499170388685]"
smooth,power,544,120,100,0.776413907753601,4.340440305464233,4.123596419536326,1,1,0.01924488153613908,0.01830567818007363,0.004433854674124066,0.004439250672870647,1.0507812500000016,1.589442352526621,"[0.025440202465647477, 0.0233800757081056, 0.02205058035287192, 0.02180544138117393, 0.020516225491609346]"
smooth,power,545,120,100,1.27857728868771,4.7116622550973455,4.83853811262861,1,1,0.020787126864346653,0.02136442859936929,0.004411845700921781,0.004415471802032109,1.0507812500000016,0.734471015619266,"[0.0263507736706233, 0.023761520938079397, 0.023117617529059647, 0.02298031213194868, 0.022115244247713436]"
smooth,power,546,120,100,1.1474273295416149,4.359798545785851,4.439669510311543,1,1,0.019903869052037688,0.020240547155835478,0.004565318521718536,0.004559021140836031,1.0507812500000016,0.8547524858040996,"[0.02532792875257652, 0.022667857102675572, 0.02285947574831221, 0.021201466869103337, 0.02159455531875378]"
smooth,power,547,120,100,0.7672902413955643,4.74036288242867,4.497528567005289,1,1,0.020267058745443028,0.019225687664212378,0.004275423474554638,0.004274722745566446,1.0507812500000016,1.621937933073931,"[0.027057502118496116, 0.024185202024666806, 0.023557211664856387, 0.022886547602450194, 0.021739557341285812]"
smooth,power,548,120,100,0.7529788084496494,4.411936108755257,4.212864708041237,1,1,0.01731789431424329,0.016622999722697315,0.003925236877269558,0.003945771078517768,1.0507812500000016,1.6753201002919078,"[0.021917853720165064, 0.01949850766860803, 0.019559206801265227, 0.01841065861114006, 0.018873481858518712]"
smooth,power,549,120,100,0.5,4.508474623237656,4.001499708157683,1,1,0.01959465947274189,0.017327612400818468,0.004346183822738352,0.004330279561308831,1.0507812500000016,3.5115366003409427,"[0.024465878942149966, 0.022744156568627837, 0.020466601180729085, 0.02204222804883876, 0.02080449847828906]"
smooth,power,550,120,100,1.2048801630709334,5.393099750385506,5.5132219009738295,1,1,0.019421848298706013,0.019901716500571504,0.0036012403251613713,0.0036098159765809816,1.0507812500000016,0.7971946877251314,"[0.025819883755245597, 0.022637967196273538, 0.02179766853095998, 0.021028467722886125, 0.02181996483335301]"
smooth,power,551,120,100,1.4625595842890737,2.2459371230454184,2.4608083748629896,1,1,0.010534937732180732,0.011467684420914944,0.004690664588996015,0.004660128979589249,1.0507812500000016,0.6173525475076465,"[0.016662964909259514, 0.013772946752015248, 0.01365370565281595, 0.012148006595640517, 0.012415210965891002]"
smooth,power,552,120,100,1.2313003624045513,3.5321634630187435,3.643024632606427,1,1,0.016513107118289565,0.017018797315544534,0.0046750687761706045,0.0046716119246682985,1.0507812500000016,0.7734031308729901,"[0.021310805593372947, 0.0205204731098771, 0.01879186976702224, 0.017786692302561472, 0.018001328048127]"
smooth,power,553,120,100,2.0,3.882799021548975,4.185926142275443,1,1,0.016374534577369884,0.01762970259799905,0.004217198594749194,0.004211661170977004,1.0507812500000016,0.4413481422186647,"[0.02149660209602868, 0.019386265439470748, 0.01880949202331839, 0.017803471583440027, 0.017943932060106454]"
smooth,power,554,120,100,1.179456131094656,5.417374864200605,5.506721629959065,1,1,0.023753017808605562,0.024177749903110092,0.0043845992577644126,0.004390588725526301,1.0507812500000016,0.8216234486244482,"[0.029700088777528166, 0.026466495612658895, 0.02674803686046612, 0.02580289584041367, 0.025213200049741303]"
nonlinear,typeI,505,120,100,2.0,2.0860144883768372,5.066961706384979,1,1,0.009178368523907654,0.02253965263177371,0.004399954350772268,0.004448356616425785,1.0507812500000016,0.4413481422186647,"[0.06503409437936675, 0.04055012173065937, 0.033581457261017515, 0.02745134900081553, 0.025065432005898003]"
nonlinear,typeI,506,120,100,2.0,2.142890257423967,5.456063040590611,1,1,0.008817152778091175,0.022173823028807913,0.004114607711498273,0.0040640701663167775,1.0507812500000016,0.4413481422186647,"[0.06459501938823031, 0.04072536465793048, 0.032861300489285816, 0.02637293398258029, 0.02535816152855388]"
nonlinear,typeI,507,120,100,2.0,1.0278042900326305,4.35130740632674,0,1,0.003997774586142004,0.01681843265016099,0.0038896262886926485,0.003865144674841226,1.0507812500000016,0.4413481422186647,"[0.056818066472483185, 0.036005485620957366, 0.026025074979693124, 0.0206315421430397, 0.019911739475284133]"
nonlinear,typeI,508,120,100,2.0,-0.1709801531666751,2.404134491278176,0,1,-0.0008535106673576269,0.011947930203328797,0.004991869825532361,0.004969742852021806,1.0507812500000016,0.4413481422186647,"[0.052621068997671556, 0.028979649674987347, 0.023164359918810877, 0.01588222346195832, 0.014699674205658505]"
nonlinear,typeI,509,120,100,2.0,2.644957286616221,6.091653455535653,1,1,0.011233009142279655,0.025722874472107617,0.004246952946695938,0.004222642450012078,1.0507812500000016,0.4413481422186647,"[0.07259311586809626, 0.04550761629744478, 0.03678568914415603, 0.030872329590837154, 0.02956555818238125]"
nonlinear,typeI,510,120,100,1.8364898997453656,-0.790074364274893,2.127249369217837,0,1,-0.0037622508445468382,0.010241506908265434,0.004761894594567336,0.0048144364532265,1.0507812500000016,0.4788969004672793,"[0.05942706083115773, 0.03343672625950164, 0.023627355673210337, 0.017307565299213613, 0.013930812819207754]"
nonlinear,typeI,511,120,100,2.0,-0.9161622510171784,2.811530524874233,0,1,-0.0033310070024186776,0.010364981546181394,0.0036358265129570583,0.0036865975505085595,1.0507812500000016,0.4413481422186647,"[0.05268920927873628, 0.029839248831696953, 0.021887700062060148, 0.014322455096916277, 0.012784661699635552]"
nonlinear,typeI,512,120,100,2.0,1.6994157056787311,5.050771372880403,1,1,0.006975362905875137,0.02031643294551443,0.00410456540007628,0.0040224416125032745,1.0507812500000016,0.4413481422186647,"[0.061866676565709725, 0.039657389473422164, 0.03068349539510465, 0.024446680248062427, 0.023039708902030134]"
nonlinear,typeI,513,120,100,2.0,-0.3054514743731791,3.1632577929781798,0,1,-0.0012285753339434078,0.012526551602463637,0.004022162068343532,0.003960016041142823,1.0507812500000016,0.4413481422186647,"[0.0553654970105512, 0.03187303734406807, 0.024135104950810435, 0.01638521773433726, 0.015289237453049194]"
nonlinear,typeI,514,120,100,1.804947565577347,-1.34525877734649,1.6806827465870766,0,1,-0.005730131403075252,0.007161811478692119,0.004259501219815775,0.004261251264246891,1.0507812500000016,0.48734527876332323,"[0.05368104339647475, 0.02920995800779147, 0.0200063044939096, 0.014159727518969272, 0.010848228193880814]"
nonlinear,typeI,515,120,100,2.0,0.8748461432953666,4.140502313427605,0,1,0.0035927753583732346,0.017164181106378844,0.0041067510966442435,0.00414543449250483,1.0507812500000016,0.4413481422186647,"[0.059611393534412346, 0.03615071267561933, 0.028296362431345614, 0.021691714671778717, 0.01958139567397994]"
nonlinear,typeI,516,120,100,2.0,-1.197900361712642,2.3712888010015027,0,1,-0.004594713810434134,0.008949884078021716,0.0038356393881249485,0.0037742699557480183,1.0507812500000016,0.4413481422186647,"[0.052247255752332585, 0.027241043354711402, 0.02001465328151946, 0.013687484911073331, 0.011921904191156647]"
nonlinear,typeI,517,120,100,2.0,-1.2463966118492258,2.206646325016299,0,1,-0.005184929683647921,0.009132130464490178,0.004159935637144632,0.004138465852439096,1.0507812500000016,0.4413481422186647,"[0.054745232963582434, 0.028360961624624238, 0.021077041855785305, 0.01417450836507448, 0.012030118596835549]"
nonlinear,typeI,518,120,100,2.0,1.0861171891381556,4.179258616058184,0,1,0.004910970396880202,0.018437643602771545,0.0045215842691681395,0.004411702001864067,1.0507812500000016,0.4413481422186647,"[0.06055393457587461, 0.03801450320364851, 0.028958971531766433, 0.022727362585456427, 0.021104411433859986]"
nonlinear,typeI,519,120,100,2.0,1.3975717978671416,4.53817672387003,0,1,0.006822982888548733,0.02196066590216442,0.004882026740208555,0.0048390944730413625,1.0507812500000016,0.4413481422186647,"[0.07017353708786701, 0.042502663460893875, 0.03441099536402128, 0.02710853862760754, 0.025230347349972444]"
nonlinear,typeI,520,120,100,2.0,0.20807337064120646,3.4753309667288157,0,1,0.000839697679144552,0.014004238915426554,0.004035584546724595,0.00402961302088824,1.0507812500000016,0.4413481422186647,"[0.054182788594130726, 0.03353367182538994, 0.0243660069846845, 0.018077306075749332, 0.016011358646461204]"
nonlinear,typeI,521,120,100,2.0,1.6971592491362983,5.319997664265371,1,1,0.006456984922395798,0.020303116890958806,0.0038045839986329045,0.0038163770310155627,1.0507812500000016,0.4413481422186647,"[0.06399407126693574, 0.0393161006237111, 0.03228207730881172, 0.023730281508445878, 0.02376810960195816]"
nonlinear,typeI,522,120,100,2.0,-1.6593181283772478,1.5041196931049068,0,0,-0.006770999791686094,0.006055835381415256,0.004080591705647115,0.004026165875745158,1.0507812500000016,0.4413481422186647,"[0.04694181889129923, 0.023938574586092883, 0.01613151878148451, 0.010035539211518358, 0.009343149847820437]"
nonlinear,typeI,523,120,100,2.0,1.3071151009561897,4.034027713765696,0,1,0.0066840019386906445,0.020110901667208726,0.005113552688513137,0.004985315692944394,1.0507812500000016,0.4413481422186647,"[0.06260305093588911, 0.03858487035151542, 0.03125431016723253, 0.02421270800139162, 0.02313276820788835]"
nonlinear,typeI,524,120,100,2.0,1.469655013247258,4.299537396475879,0,1,0.007246947516873575,0.02106138391911072,0.004931053513614172,0.004898523254239795,1.0507812500000016,0.4413481422186647,"[0.06461869684934118, 0.04007141300264154, 0.03259594608559622, 0.025434206180979906, 0.023897868119418842]"
nonlinear,typeI,525,120,100,1.7648546934405962,0.7446424518370841,3.5044117158026307,0,1,0.0032728350629417755,0.015172293665814046,0.004395176577520481,0.004329483775378564,1.0507812500000016,0.4987483168530483,"[0.05956794037085893, 0.036574912476903504, 0.02762683229972197, 0.022215746457464908, 0.01891198401691002]"
nonlinear,typeI,526,120,100,1.6915212604600167,-0.07033286908001164,2.2117815189628356,0,1,-0.00036070614233200954,0.011135375010186051,0.005128557203057722,0.005034572770735389,1.0507812500000016,0.5217543779857667,"[0.05588050522113976, 0.03581413977438825, 0.023164250556243996, 0.018903744351836303, 0.015240811329887789]"
nonlinear,typeI,527,120,100,1.8300764619114984,-0.46881976684684906,2.7721777813086264,0,1,-0.001986481123271727,0.01160363908705377,0.00423719574930094,0.00418574853506552,1.0507812500000016,0.4805791785914313,"[0.05935609555605782, 0.03460092046354247, 0.02449581088798729, 0.018503124468919212, 0.015191469061500233]"
nonlinear,typeI,528,120,100,1.9389213963893757,-1.1991816911950575,1.9414197769500199,0,1,-0.005178544978658143,0.008376555594560622,0.00431839896879797,0.00431465450904195,1.0507812500000016,0.4542614900363463,"[0.053057043118281154, 0.027670692664267273, 0.02060502556543525, 0.013876373048665609, 0.011236256325592914]"
nonlinear,typeI,529,120,100,2.0,2.05806023795836,5.347494979720077,1,1,0.008929513315301795,0.023102385372858806,0.004338800755492008,0.004320225724469616,1.0507812500000016,0.4413481422186647,"[0.06807027089224886, 0.042908466782765095, 0.03439984859838519, 0.027384760610903686, 0.026601388376116964]"
nonlinear,typeI,530,120,100,2.0,1.2253933531881718,4.482028697010274,0,1,0.005486775715018523,0.019846654065840828,0.004477562817476757,0.004428051538152686,1.0507812500000016,0.4413481422186647,"[0.06478052062784995, 0.039372163040392635, 0.032754078570385904, 0.02359445472135685, 0.02280529418974352]"
nonlinear,typeI,531,120,100,2.0,-0.2026387772655749,3.1011827132583867,0,1,-0.0008529852498271211,0.012700007348948432,0.0042093880615417115,0.004095214156409584,1.0507812500000016,0.4413481422186647,"[0.05471413375067653, 0.032238894568443685, 0.02340944569923121, 0.017202006239841448, 0.015002298764907527]"
nonlinear,typeI,532,120,100,2.0,-0.17434840231653156,2.8259148470097752,0,1,-0.0008213697953643996,0.013042668476477145,0.0047110830065032255,0.00461537915421555,1.0507812500000016,0.4413481422186647,"[0.056678995166148625, 0.032056449487201766, 0.024642889868082173, 0.01772857288230011, 0.01558364591495666]"
nonlinear,typeI,533,120,100,2.0,-0.6125770011035141,2.4530694484978435,0,1,-0.002883553116641157,0.011530972100571484,0.0047072500460295435,0.004700630105532709,1.0507812500000016,0.4413481422186647,"[0.057168363516245845, 0.03127352407682504, 0.02358582013587339, 0.015949056480157542, 0.014742417534649256]"
nonlinear,typeI,534,120,100,2.0,-1.7939178588061249,1.656565779322727,0,1,-0.007638863121249545,0.0068499219231142215,0.0042582011677687985,0.004135013537412775,1.0507812500000016,0.4413481422186647,"[0.0529254614503789, 0.02684574055035214, 0.01834748333858745, 0.011909941323000436, 0.009984839200680664]"
nonlinear,typeI,535,120,100,2.0,0.21934369120801786,3.2119640234548474,0,1,0.0009528172273193195,0.013936431277187461,0.004343946352282824,0.004338912632712859,1.0507812500000016,0.4413481422186647,"[0.05478816895962811, 0.03210310800128982, 0.024538691904804278, 0.017879310200217654, 0.016763473561112668]"
nonlinear,typeI,536,120,100,2.0,0.1714748237061506,3.4847503041796686,0,1,0.0007316146630734408,0.01468524912061145,0.004266601051167597,0.00421414673613708,1.0507812500000016,0.4413481422186647,"[0.05736595822616957, 0.035069858930113336, 0.02632000189619397, 0.01820056321579117, 0.0172660203448626]"
nonlinear,typeI,537,120,100,2.0,0.13157987840772775,3.4498711622331504,0,1,0.000553304199527697,0.014376189508897984,0.004205082161674965,0.004167167071709446,1.0507812500000016,0.4413481422186647,"[0.05848009258943065, 0.03397063922631146, 0.02471388726835309, 0.01884557898573133, 0.01801314188651146]"
nonlinear,typeI,538,120,100,2.0,-0.15976251232582125,3.2243112967655074,0,1,-0.0006646977194157584,0.013351507570711704,0.0041605362217900475,0.004140886639607462,1.0507812500000016,0.4413481422186647,"[0.057579868116223794, 0.03350066203423576, 0.023656851679963568, 0.018456999910801013, 0.016274893337421444]"
nonlinear,typeI,539,120,100,2.0,0.6068174154182843,3.7073999952849825,0,1,0.002781094879591862,0.01662821173426805,0.004583083492544178,0.004485141003240968,1.0507812500000016,0.4413481422186647,"[0.061590143050591004, 0.03495290328976222, 0.02764875595033568, 0.021901506228451537, 0.019973975966941594]"
nonlinear,typeI,540,120,100,2.0,0.9179682125035548,4.011641233501812,0,1,0.003989816197596246,0.01800236963504241,0.004346355509102985,0.00448753230590561,1.0507812500000016,0.4413481422186647,"[0.061358567155091276, 0.03938796933527801, 0.027756289792734732, 0.02238457407854598, 0.021056517085646435]"
nonlinear,typeI,541,120,100,1.734224727868059,0.8308940104957471,3.1138753553545664,0,1,0.004196546383099672,0.015515155460708443,0.0050506398290148125,0.004982587191240281,1.0507812500000016,0.5080010890001198,"[0.05896845350998822, 0.036417054830272834, 0.02819516623797768, 0.022581502960472146, 0.019327655807114878]"
nonlinear,typeI,542,120,100,2.0,0.1799789253640103,3.6336529713777512,0,1,0.0007449813740531728,0.014912794786998638,0.004139270042569905,0.004104077880982739,1.0507812500000016,0.4413481422186647,"[0.06074424724004123, 0.03355376250671934, 0.026454701953295523, 0.020346923243874833, 0.01806854997420221]"
nonlinear,typeI,543,120,100,2.0,-0.7375639459112426,2.2397934670490764,0,1,-0.0036584425512609423,0.01106480204694028,0.0049601699914182,0.004940099259025938,1.0507812500000016,0.4413481422186647,"[0.058816947337764026, 0.029735077090265367, 0.024019334802973035, 0.016286809821518897, 0.014399117157427836]"
nonlinear,typeI,544,120,100,1.8136193636893407,0.45248114182822513,3.237997864531572,0,1,0.002075537259657543,0.014510217124676298,0.004587013839452952,0.004481231221187179,1.0507812500000016,0.48497836769261926,"[0.058688411220887804, 0.036174043203964924, 0.02633642106967891, 0.02107610133040189, 0.017921080995841127]"
nonlinear,typeI,545,120,100,1.9447603956015445,1.8879406655346116,4.858855257353899,1,1,0.008059185473196789,0.020377178443034598,0.004268770528820964,0.004193822899374013,1.0507812500000016,0.45297389045947073,"[0.059831435086444985, 0.03975525368826501, 0.02978759739495208, 0.025335000449803153, 0.022806782305946807]"
nonlinear,typeI,546,120,100,2.0,1.2391158238937354,4.020185667388521,0,1,0.005838423454208379,0.01898594881992386,0.004711765713605374,0.004722654720635569,1.0507812500000016,0.4413481422186647,"[0.05974430834043253, 0.037166476543875324, 0.030728926696006572, 0.022447761507288812, 0.021407259169869623]"
nonlinear,typeI,547,120,100,2.0,0.052439769248185664,3.780032958637809,0,1,0.00019647431719963866,0.013770526822553494,0.0037466663186439615,0.0036429647501052226,1.0507812500000016,0.4413481422186647,"[0.055866556313911235, 0.03269894421731231, 0.02538788016351265, 0.018054304493107385, 0.015916918522459928]"
nonlinear,typeI,548,120,100,2.0,-0.44172612235095987,2.6668106959497333,0,1,-0.0020606295692279057,0.012128134505561078,0.0046649484034604945,0.004547804808185635,1.0507812500000016,0.4413481422186647,"[0.057760561064032497, 0.03149963251092616, 0.023056308933554596, 0.017485844883553012, 0.015400077879564497]"
nonlinear,typeI,549,120,100,2.0,-0.22241202662030818,2.776848200759373,0,1,-0.0010379862468414712,0.01297101422209909,0.0046669519747395425,0.004671128302422855,1.0507812500000016,0.4413481422186647,"[0.058935147971192134, 0.030626395446056876, 0.024657322411506134, 0.018742827508719147, 0.01616158868240123]"
nonlinear,typeI,550,120,100,1.8508596471733625,0.3271055135861095,3.280510440130316,0,1,0.001323458839215225,0.01319219994785881,0.0040459692186351,0.004021386363073046,1.0507812500000016,0.4751912723735354,"[0.053448363338878827, 0.03334308760376217, 0.024374810323381985, 0.018446685266297135, 0.015895439731853513]"
nonlinear,typeI,551,120,100,1.9950172841409977,-1.6198839962489215,1.2518605834236545,0,0,-0.007960670527771472,0.006189149449276762,0.0049143460557703935,0.004943960638452525,1.0507812500000016,0.4423571203665283,"[0.05016019675605088, 0.02641631635637393, 0.017802357485873187, 0.010904354869026132, 0.008485104426903159]"
nonlinear,typeI,552,120,100,2.0,0.04891755369834415,3.396384416557224,0,1,0.00020939281868172975,0.014257824272712166,0.004280525145901105,0.004197941847573525,1.0507812500000016,0.4413481422186647,"[0.05838391618274255, 0.03453554225546598, 0.024807174090016388, 0.01900643883072885, 0.017238192501837963]"
nonlinear,typeI,553,120,100,1.8551588767757852,0.7964175606315604,3.581316089862039,0,1,0.0036045409529373027,0.016194721266613477,0.004525943589288633,0.0045220027666525615,1.0507812500000016,0.4740993918007612,"[0.058578145886256955, 0.03808153730939866, 0.027333049295560036, 0.021828903801012624, 0.019062194142565]"
nonlinear,typeI,554,120,100,1.9816047508589212,1.352964910202906,4.248356700737976,0,1,0.0067762166882190155,0.0208930319197674,0.005008420127616448,0.004917909062611926,1.0507812500000016,0.44511122792028773,"[0.06461044117829294, 0.04180715402722169, 0.032571079418715454, 0.025486831033355084, 0.02309976024348664]"
nonlinear,power,505,120,100,2.0,5.359578070919557,8.178291856559431,1,1,0.025265518796245705,0.038805390582846454,0.004714087277379808,0.004744926112134581,1.0507812500000016,0.4413481422186647,"[0.08211596566320524, 0.05683991840167282, 0.05007921895814636, 0.04373584217648368, 0.041559211381476314]"
nonlinear,power,506,120,100,2.0,5.953253390765916,9.375787887858232,1,1,0.02420197889077501,0.037684450079247464,0.004065336598693189,0.0040193368845352516,1.0507812500000016,0.4413481422186647,"[0.08020835421680061, 0.05686447632872819, 0.04812700208336216, 0.0419742680198608, 0.040766784313463235]"
nonlinear,power,507,120,100,2.0,4.735848828204798,7.923963142965293,1,1,0.019409417707403516,0.0322184966578303,0.0040984031398571845,0.004065957410015608,1.0507812500000016,0.4413481422186647,"[0.07231141782747015, 0.051238537068728836, 0.041604135718331214, 0.035769478620841476, 0.035540330028138355]"
nonlinear,power,508,120,100,2.0,2.8198687412453944,5.416843873905524,1,1,0.01435560189504028,0.027320275782959987,0.005090875928040583,0.0050435782198873244,1.0507812500000016,0.4413481422186647,"[0.06857064581808785, 0.0445704915005463, 0.03858848425017821, 0.03140173535153101, 0.030110785421190195]"
nonlinear,power,509,120,100,2.0,5.777879930723074,9.188683025732903,1,1,0.02548179599643578,0.04021517641375391,0.0044102328712197466,0.004376598507221472,1.0507812500000016,0.4413481422186647,"[0.08761424032186889, 0.060554649774824554, 0.05140782955553873, 0.045434294098544686, 0.043959534453805765]"
nonlinear,power,510,120,100,1.8688660970853217,2.3749444694592374,5.274853890692734,1,1,0.011693977811536489,0.026220689963743108,0.00492389525814856,0.004970884598340904,1.0507812500000016,0.47066859612863277,"[0.07611867709993615, 0.049410696652143905, 0.039481902569783935, 0.03315997451341598, 0.0298090896317166]"
nonlinear,power,511,120,100,2.0,3.0791746250249257,6.797230125183535,1,1,0.011151136034454957,0.024972976388882698,0.0036214691897718163,0.0036739930720248175,1.0507812500000016,0.4413481422186647,"[0.06777286962431256, 0.04451726288257328, 0.03662211567774042, 0.02907395528770041, 0.02738798155976927]"
nonlinear,power,512,120,100,2.0,5.443559090538529,8.77011326476158,1,1,0.023187776365201397,0.03663727269933575,0.004259672023309925,0.004177514200021194,1.0507812500000016,0.4413481422186647,"[0.07836610124217605, 0.056105460451169105, 0.04722871399348919, 0.040879058554640094, 0.039143344643933396]"
nonlinear,power,513,120,100,2.0,3.625792813399227,6.955539513558599,1,1,0.015891306488099992,0.02978719329004533,0.004382850125736138,0.004282513704649429,1.0507812500000016,0.4413481422186647,"[0.07316665070846183, 0.04908618621850789, 0.041704692477438146, 0.03376940911316761, 0.03251450562019788]"
nonlinear,power,514,120,100,1.76505852553422,2.071414526590043,4.912575033097413,1,1,0.009156415817819973,0.021654703463602876,0.004420368641950792,0.00440801480236108,1.0507812500000016,0.4986883602915668,"[0.06827553753965011, 0.04414670133924534, 0.03470662246457796, 0.02905871756124715, 0.025582868878384544]"
nonlinear,power,515,120,100,1.9677034048384918,4.431105676595469,7.535934017786997,1,1,0.019255508068338402,0.032736950558669126,0.00434553122261189,0.004344113215614732,1.0507812500000016,0.44802567854814435,"[0.07554702242061162, 0.052203221191203054, 0.04432731515625794, 0.03754142961610058, 0.03513206219680115]"
nonlinear,power,516,120,100,2.0,2.3697799065238794,5.840571920935763,1,1,0.009617438859384177,0.023377152143797597,0.004058367966116968,0.004002545035016392,1.0507812500000016,0.4413481422186647,"[0.06756993146918203, 0.041660784792764104, 0.03464560536414119, 0.028611959531626995, 0.02620861931728077]"
nonlinear,power,517,120,100,2.0,2.3196558921305477,5.613470383734747,1,1,0.010405797469478385,0.025004106999170272,0.004485922892606674,0.004454304608361462,1.0507812500000016,0.4413481422186647,"[0.07185359924595526, 0.0441482827149028, 0.037585603886134654, 0.02989556283492777, 0.028260469756162653]"
nonlinear,power,518,120,100,2.0,4.877119299228014,7.816752414424722,1,1,0.023101123291298053,0.03646917120971991,0.004736632810059549,0.00466551443313225,1.0507812500000016,0.4413481422186647,"[0.07782561618326965, 0.05606911380701458, 0.046801033699510726, 0.04063704474657457, 0.03898380426980252]"
nonlinear,power,519,120,100,2.0,3.9295116125862593,7.091770726023554,1,1,0.019215379572863626,0.03436364075845003,0.004890017250824911,0.00484556566843753,1.0507812500000016,0.4413481422186647,"[0.08244086841861879, 0.055120544817204034, 0.046684317252787245, 0.039580845002185304, 0.037508014385202]"
nonlinear,power,520,120,100,2.0,4.186480969686415,7.420439449932632,1,1,0.017276418627853934,0.03048476948833386,0.004126716149661133,0.0041082161904320395,1.0507812500000016,0.4413481422186647,"[0.07064629816210544, 0.05021823385706337, 0.04088997365597785, 0.03443126731267714, 0.03249105949777326]"
nonlinear,power,521,120,100,2.0,5.292819857009878,8.798886514858848,1,1,0.02184460765712402,0.03589682210800235,0.0041272154063948996,0.004079700544765828,1.0507812500000016,0.4413481422186647,"[0.0803988913273207, 0.05506301306607747, 0.04809522164294544, 0.03934479743471051, 0.03954450416622696]"
nonlinear,power,522,120,100,2.0,2.5567383970080444,5.815679482270752,1,1,0.010313170276320994,0.023251612442565132,0.004033721357018656,0.003998090423216799,1.0507812500000016,0.4413481422186647,"[0.0643470325845819, 0.04126672233621551, 0.03360904413608742, 0.027166534759568768, 0.026457963068093074]"
nonlinear,power,523,120,100,2.0,3.8959965882782073,6.810176019910771,1,1,0.01910477665158749,0.03248812909665677,0.004903694399801985,0.004770527076197721,1.0507812500000016,0.4413481422186647,"[0.07478810551618682, 0.05085020626433543, 0.04372557194375929, 0.03653212180173434, 0.03544261704232892]"
nonlinear,power,524,120,100,2.0,4.4067935585639635,7.2087486429936005,1,1,0.02208735253039018,0.035932492386510015,0.005012114190705987,0.0049845672482191315,1.0507812500000016,0.4413481422186647,"[0.07970421188834191, 0.054856333602786675, 0.04753642995039301, 0.04036282119630762, 0.03881013211301953]"
nonlinear,power,525,120,100,1.8463802301265553,4.54011362870155,7.485388453861789,1,1,0.01974844016537807,0.03215806409386769,0.004349767820904963,0.004296111590211061,1.0507812500000016,0.47633708336731995,"[0.0754247637541707, 0.052597500517705044, 0.0437014716176246, 0.03835956838964161, 0.03537348718997455]"
nonlinear,power,526,120,100,1.76310387511369,3.2255476317598193,5.670400662931682,1,1,0.017254609254151704,0.02965594482630222,0.005349358070008657,0.00522995579839144,1.0507812500000016,0.4992641759601619,"[0.07466936776368467, 0.053980739927395556, 0.0414522868018185, 0.036672582065076974, 0.03331194040923005]"
nonlinear,power,527,120,100,1.774195943462088,3.341990329195528,6.276554002056765,1,1,0.015174360946961339,0.028327033988521603,0.00454051611532163,0.004513150684155526,1.0507812500000016,0.49602192440836246,"[0.07678885784132132, 0.052061159763247634, 0.041679651273685905, 0.03592313954319777, 0.032328177597669996]"
nonlinear,power,528,120,100,2.0,2.316771536982578,5.454856453570444,1,1,0.010775463224662765,0.025139992425997227,0.00465106854631726,0.004608735837501643,1.0507812500000016,0.4413481422186647,"[0.07098284872403142, 0.04389508249675409, 0.037721670750363825, 0.030242175502752787, 0.027837931140170052]"
nonlinear,power,529,120,100,2.0,5.800886563515534,9.134416892749325,1,1,0.025056201598727824,0.03920531265797559,0.004319374517046738,0.004292043281831793,1.0507812500000016,0.4413481422186647,"[0.08441781716578561, 0.05868170011633332, 0.05055290113085984, 0.043568808107019324, 0.04284623057526265]"
nonlinear,power,530,120,100,2.0,4.809294321034634,7.8966201124518145,1,1,0.02251041231092398,0.03670097766801903,0.004680606094842052,0.004647681811379903,1.0507812500000016,0.4413481422186647,"[0.08090300679011914, 0.05647140713007935, 0.04876057246902946, 0.041043614489740934, 0.039235379693504026]"
nonlinear,power,531,120,100,2.0,3.6938767511269432,6.986627034593684,1,1,0.016097129032766187,0.029665482445425766,0.004357787256398093,0.00424603779456663,1.0507812500000016,0.4413481422186647,"[0.07138825233769909, 0.04965006594353504, 0.04018744288645142, 0.0340492282037358, 0.031887470827696454]"
nonlinear,power,532,120,100,2.0,3.261617783182183,6.273007139558044,1,1,0.015815462700054086,0.029667468253011576,0.0048489626165282304,0.004729385379768873,1.0507812500000016,0.4413481422186647,"[0.07333915284217693, 0.048806601490056827, 0.041068692731894105, 0.03422171485145324, 0.032438504330037934]"
nonlinear,power,533,120,100,2.0,2.7501183290667317,5.752521462868109,1,1,0.013278828530243281,0.027815064585957814,0.004828457157605114,0.004835282191557386,1.0507812500000016,0.4413481422186647,"[0.07429835101311516, 0.047334563712090216, 0.0400295571385784, 0.032384719847533036, 0.031292898164095806]"
nonlinear,power,534,120,100,2.0,1.7243410337971898,5.448840696060256,1,1,0.007188138143385963,0.021993567686502905,0.004168629060318124,0.004036375609660452,1.0507812500000016,0.4413481422186647,"[0.06900701144124735, 0.04227915708593787, 0.033985123619948016, 0.02716950619362938, 0.025044070039835206]"
nonlinear,power,535,120,100,2.0,3.798867689923488,6.592500385420442,1,1,0.017789155989930572,0.03101521357284875,0.004682752188794671,0.004704620668880056,1.0507812500000016,0.4413481422186647,"[0.0724713555460677, 0.04984739396750832, 0.041503954895589466, 0.035108512959120874, 0.03383530614675798]"
nonlinear,power,536,120,100,2.0,4.143679348048365,7.511113893163258,1,1,0.017795756969012158,0.0317686031286978,0.004294675208735395,0.004229546187232511,1.0507812500000016,0.4413481422186647,"[0.07449550116824513, 0.05205068751317148, 0.043641316243271146, 0.035177914287285485, 0.03434400755434137]"
nonlinear,power,537,120,100,2.0,3.9133447695351267,7.182550892860728,1,1,0.017136126640194968,0.031109566059288756,0.004378895203304716,0.0043312698403864935,1.0507812500000016,0.4413481422186647,"[0.07569802631945846, 0.05081356934775761, 0.04164954259619953, 0.03572062644206912, 0.03467992099311006]"
nonlinear,power,538,120,100,2.0,3.1869750868407656,6.371179520020289,1,1,0.014056265706530615,0.02814995567613326,0.004410535170033139,0.004418327185362941,1.0507812500000016,0.4413481422186647,"[0.07285726735581909, 0.048374997430659344, 0.038306998998001766, 0.03341019516398787, 0.031249460715194688]"
nonlinear,power,539,120,100,2.0,4.100381091851482,7.045744383891563,1,1,0.019701358708950078,0.033299847376546954,0.004804762842190882,0.004726235520646933,1.0507812500000016,0.4413481422186647,"[0.07719544529728875, 0.051594643960579535, 0.044072909098415866, 0.03821032331980816, 0.03662003130378071]"
nonlinear,power,540,120,100,2.0,4.435589015236882,7.555741527116243,1,1,0.018919037265514825,0.03313219866928366,0.004265281837547443,0.004385036008759425,1.0507812500000016,0.4413481422186647,"[0.07700468122455266, 0.05479454286639115, 0.043205373720708595, 0.03744608757175375, 0.03618352829210291]"
nonlinear,power,541,120,100,1.7397415223447474,4.245518373719551,6.577384148924364,1,1,0.021429071869345912,0.032739897985782765,0.00504745710252848,0.004977647229428875,1.0507812500000016,0.5062982099942488,"[0.07593955026704442, 0.05350912153732568, 0.045276011800388954, 0.039728157467574104, 0.03650156037585461]"
nonlinear,power,542,120,100,2.0,3.7913929285440657,7.025287645992525,1,1,0.016973433450619788,0.03112106054491316,0.0044768331245312945,0.0044298628203025565,1.0507812500000016,0.4413481422186647,"[0.076873564711939, 0.04963370318157643, 0.042698610092019515, 0.03676146766003646, 0.03407088694063872]"
nonlinear,power,543,120,100,2.0,2.4194948992480434,5.5740970166050605,1,1,0.011645887727625166,0.026603360196715907,0.004813354940836866,0.004772676205215899,1.0507812500000016,0.4413481422186647,"[0.075264145332491, 0.0453203231137394, 0.039992110197945935, 0.03181977750522104, 0.030085545633295633]"
nonlinear,power,544,120,100,1.8077518433933075,4.182803346298198,7.1297981341209145,1,1,0.018821440402896315,0.03132178226755346,0.004499719170291231,0.004393081217497239,1.0507812500000016,0.4865761211767219,"[0.07571694634966865, 0.05350235057947207, 0.0432136225701216, 0.03790393373277749, 0.03474013560460487]"
nonlinear,power,545,120,100,1.9104717466322472,5.521758374547389,8.574881490582545,1,1,0.0232855403636817,0.035472908298490924,0.004217051668000663,0.004136839481391016,1.0507812500000016,0.4607058917902964,"[0.07557702797919237, 0.05524228523330212, 0.04505326551625209, 0.040872281049140265, 0.03814638297004314]"
nonlinear,power,546,120,100,2.0,4.6515416371422,7.559001712965291,1,1,0.02160953835087617,0.03485549430331189,0.0046456723462014555,0.00461112401172331,1.0507812500000016,0.4413481422186647,"[0.07598962407106183, 0.05304342276622765, 0.04682824819552197, 0.03825036407844291, 0.037367067414054246]"
nonlinear,power,547,120,100,2.0,4.261107443617152,7.659873052773012,1,1,0.01776010605434402,0.031376010156436186,0.004167955464476129,0.004096152761314693,1.0507812500000016,0.4413481422186647,"[0.07332158481692416, 0.05075324853266814, 0.04281988847874386, 0.03555453392940642, 0.03349105263928549]"
nonlinear,power,548,120,100,2.0,3.614467485191536,7.010803138318179,1,1,0.01571235592423928,0.029744828382122997,0.004347073528427841,0.0042427133946394725,1.0507812500000016,0.4413481422186647,"[0.07500667387238298, 0.048609830956221234, 0.04083893167620115, 0.03497983473194205, 0.033019764919591035]"
nonlinear,power,549,120,100,1.969222255881776,3.2553967428831756,6.372442018548215,1,1,0.014435504760793819,0.028276823848593893,0.004434330406071754,0.004437360711370738,1.0507812500000016,0.44770422512285846,"[0.07456976740851157, 0.04629677130123297, 0.04007889268331329, 0.03445506831653207, 0.03157894166622285]"
nonlinear,power,550,120,100,1.8762020563090385,3.914402666486057,6.931971767137947,1,1,0.015870690104794097,0.027853318132036384,0.0040544347265737855,0.004018094572179191,1.0507812500000016,0.46886345124415885,"[0.06813966970414534, 0.04727492199361856, 0.03885932710478358, 0.03307388550404157, 0.03053015041642552]"
nonlinear,power,551,120,100,2.0,1.7733462867414826,4.56164228513805,1,1,0.008670380734508211,0.02246853000997328,0.004889276730288252,0.004925535279953085,1.0507812500000016,0.4413481422186647,"[0.06537690437052583, 0.0420201438931547, 0.03373468250970509, 0.026944174205310343, 0.02485805458416789]"
nonlinear,power,552,120,100,2.0,3.5033332115389886,6.843804123127829,1,1,0.01576290920479452,0.030026222514815033,0.004499403354746832,0.004387358547177723,1.0507812500000016,0.4413481422186647,"[0.0745595984821217, 0.05087054714989648, 0.04061347158732952, 0.034906677433195414, 0.03284852786387745]"
nonlinear,power,553,120,100,1.8173101560747524,4.0318202520506645,6.8911383356887805,1,1,0.017973627946653206,0.030431727891963238,0.004457943763120753,0.004416066897737227,1.0507812500000016,0.4839813103991384,"[0.07355728964961791, 0.05300096690973068, 0.04208725490929773, 0.03642080690136467, 0.033530435654405215]"
nonlinear,power,554,120,100,1.7943744020199142,3.9796386451246963,6.5505481044336005,1,1,0.02042837406912455,0.03326724709638064,0.005133223362917778,0.005078544049445939,1.0507812500000016,0.490277970184119,"[0.07889120290754967, 0.0562347139853607, 0.04654362039794739, 0.039659882768491896, 0.03664512925582528]"
large_n,typeI,505,160,160,2.0,0.6439644931181615,1.0143349575912597,0,0,0.0017294758491837535,0.0027145051304832595,0.0026856695790934085,0.002676142737828332,1.0507812500000016,0.4413481422186647,"[0.006056074062346611, 0.004129433060997475, 0.003236967390186095, 0.0030882293914862823, 0.0031665173333367018]"
large_n,typeI,506,160,160,1.8817460307892502,1.3118694018399892,1.804036609676013,0,1,0.0036454059525799463,0.004972156190909119,0.002778787238628332,0.0027561282095057192,1.0507812500000016,0.467513316261729,"[0.009516182191111526, 0.007207952800122522, 0.005888617018923833, 0.005750791841980781, 0.005292876514329764]"
large_n,typeI,507,160,160,2.0,1.4556419986016806,1.8557309329381326,0,1,0.003776646765783845,0.004789047903080818,0.0025944887337764145,0.0025806801072709587,1.0507812500000016,0.4413481422186647,"[0.00812246296403314, 0.006264306888220451, 0.005390024465137629, 0.00516026465903216, 0.0051612049336446945]"
large_n,typeI,508,160,160,2.0,1.644160651072065,2.0311921309239476,0,1,0.004582790665533725,0.005649139212178074,0.0027873131877627303,0.0027811939235942167,1.0507812500000016,0.4413481422186647,"[0.009012840801043262, 0.007214972206854727, 0.006380658243042411, 0.0060661556299544585, 0.005868589850088621]"
large_n,typeI,509,160,160,2.0,0.11186777265077079,0.6749723553993574,0,0,0.0003111575189439189,0.0018754905786707804,0.0027814759476376765,0.0027786183592083827,1.0507812500000016,0.4413481422186647,"[0.006932458031003077, 0.004044877236777296, 0.003015703268762485, 0.002466411653380362, 0.0022814163529876006]"
large_n,typeI,510,160,160,2.0,-1.380167392560385,-0.9558769312298128,0,0,-0.0038388046387085647,-0.002642030428445577,0.0027814051102794824,0.002763985971548022,1.0507812500000016,0.4413481422186647,"[0.001468791539471575, -0.0010222494152717322, -0.0019848604572494885, -0.0020416556297923522, -0.002179142948081618]"
large_n,typeI,511,160,160,1.9050622604902139,-2.334560102971367,-1.909231391686046,0,0,-0.006550018315836913,-0.00531998710947268,0.0028056755992275457,0.0027864548700797273,1.0507812500000016,0.4619642069796249,"[-0.0011492409029259286, -0.0033707985787803114, -0.004475802501350017, -0.004504072097159808, -0.005123908445442328]"
large_n,typeI,512,160,160,1.8622649472613697,1.8009807945719085,2.216246586711089,1,1,0.004777451730559554,0.005900198969384041,0.0026526944345873207,0.0026622484180065615,1.0507812500000016,0.4723112970463434,"[0.0095241914261253, 0.007835360313082507, 0.007052106266732288, 0.006270337295597752, 0.0060805141067109165]"
large_n,typeI,513,160,160,2.0,-1.5907913673742762,-1.1354539248282738,0,0,-0.004514590396792959,-0.0032151553857677193,0.002837952536946839,0.002831603568814101,1.0507812500000016,0.4413481422186647,"[0.0007647663035768304, -0.0013000428222405952, -0.0021372613951090784, -0.0029365394437501297, -0.002929753788629577]"
large_n,typeI,514,160,160,2.0,0.7062621906257867,1.1400160454875472,0,0,0.0019425751423751574,0.003118079142695435,0.0027505013975814415,0.0027351186459502286,1.0507812500000016,0.4413481422186647,"[0.006972704471371145, 0.004719375118595359, 0.0040293619595572075, 0.003407199171569376, 0.003566852018150821]"
large_n,typeI,515,160,160,1.4770002452428295,0.13593329598750856,0.39951137492246297,0,0,0.0003983969419595769,0.0011665196000755912,0.0029308267637105406,0.002919865799320454,1.0507812500000016,0.6099744802294954,"[0.005310562414485127, 0.0032015948430081324, 0.0025140487524309275, 0.0021368630269284154, 0.0017010316085555198]"
large_n,typeI,516,160,160,2.0,0.5021963280953576,0.8775209080968572,0,0,0.0014290526681967944,0.0025132721208684407,0.002845605569472511,0.002864059531435159,1.0507812500000016,0.4413481422186647,"[0.005997754221111983, 0.003970882425495842, 0.0033795746635627683, 0.002921584229631166, 0.0027499471555276194]"
large_n,typeI,517,160,160,2.0,0.8058577183216504,1.2426287392276327,0,0,0.0021567480487330835,0.003325434090025786,0.0026763385144773625,0.0026761284244019167,1.0507812500000016,0.4413481422186647,"[0.007091445627926752, 0.005153514306953269, 0.003861911516322363, 0.003918452213951274, 0.003623234427749315]"
large_n,typeI,518,160,160,1.5480196193272395,0.0393234051948012,0.3983445198232544,0,0,9.766697248729597e-05,0.0009834552446755193,0.002483685530372332,0.002468855966970195,1.0507812500000016,0.5766587168277745,"[0.005186893996072488, 0.0031602067379277966, 0.002276905153943584, 0.001872887179901981, 0.001468773171716167]"
large_n,typeI,519,160,160,1.9356045383727236,2.2359281933096065,2.7109132295403366,1,1,0.006249146423037299,0.007593156820644109,0.0027948779579487974,0.002800959004479684,1.0507812500000016,0.45499813796767974,"[0.011753596293806156, 0.009998219044594685, 0.008446864295886172, 0.008105887838806133, 0.007836841879197578]"
large_n,typeI,520,160,160,1.6882118939954565,-0.36250346950661316,-2.2464507982384327e-05,0,0,-0.0010001087770250662,-6.187561187981014e-08,0.002758894358683706,0.0027543720044227206,1.0507812500000016,0.522864239806773,"[0.003642589602510402, 0.0023502840891819767, 0.001103947979305649, 0.0004984547687321469, 0.0002833000135734623]"
large_n,typeI,521,160,160,1.6796379626451736,0.5044181742820052,0.8739560054990041,0,0,0.0014481899128170864,0.002495105195867221,0.0028710105754584606,0.002854955146675359,1.0507812500000016,0.5257704262278609,"[0.006912493953067348, 0.004260976422047417, 0.004013574878098917, 0.0032201995339040095, 0.00294816067718005]"
large_n,typeI,522,160,160,2.0,-0.4227300625232642,0.06063665919597896,0,0,-0.0011758781211072588,0.00016808071558409654,0.0027816288108029837,0.002771932323000449,1.0507812500000016,0.4413481422186647,"[0.004358457393603678, 0.0019977994936997783, 0.0014180711673557845, 0.0004409428030474356, 0.0004789298565644217]"
large_n,typeI,523,160,160,2.0,-2.4665725028380963,-2.0637533234900673,0,0,-0.0070819079139108395,-0.005923194634214399,0.0028711533537985313,0.002870107859692033,1.0507812500000016,0.4413481422186647,"[-0.0025236651859928787, -0.004316481798287735, -0.004673525190856081, -0.00575782238989682, -0.005830879644848205]"
large_n,typeI,524,160,160,1.4753182506837876,1.8251934937277747,2.119457027205781,1,1,0.005315129761425583,0.006146621089102368,0.0029120911178408607,0.0029000923397847133,1.0507812500000016,0.6108226548381709,"[0.010365218387905346, 0.008602286851316907, 0.007616838639134434, 0.0070149352376486914, 0.006660016758799585]"
large_n,typeI,525,160,160,1.868601810258768,-1.039120963982658,-0.6069005497074867,0,0,-0.0029216482833274364,-0.0017004933404984404,0.002811653680943536,0.002801930796269738,1.0507812500000016,0.47073402789131324,"[0.002202717752668871, 0.0006339050129062918, -0.0007798098410533041, -0.0012238600346939897, -0.0014607706325855474]"
large_n,typeI,526,160,160,1.0802152249291448,-0.5123906499412111,-0.4611333647111483,0,0,-0.0015545482779805086,-0.0013986191470023231,0.003033912266273533,0.003033003582116447,1.0507812500000016,0.9341537231080762,"[0.0029218877266599837, 0.0009851429331759983, -4.899388612882978e-05, 0.00030674496686245627, -0.0004138578064004752]"
large_n,typeI,527,160,160,1.805017657579098,-0.1287118202846379,0.26586216100956683,0,0,-0.000348451972228357,0.0007169016780244016,0.0027072258900369666,0.00269651640271819,1.0507812500000016,0.48732600998843034,"[0.004412100852770984, 0.0028741847258708965, 0.001448839860409413, 0.0013745052271417278, 0.0009740431386742094]"
large_n,typeI,528,160,160,2.0,-1.0926632527237299,-0.7028810976290417,0,0,-0.0027797965896588935,-0.0017876044308345372,0.0025440560783293216,0.002543252958237863,1.0507812500000016,0.4413481422186647,"[0.0012568914944969698, -0.00025358091770929966, -0.001078498866810818, -0.0015306121695030828, -0.0015556912693972305]"
large_n,typeI,529,160,160,1.5786111174020956,-0.6391993536864184,-0.3262395040069801,0,0,-0.0018156085228078417,-0.0009242726672175192,0.0028404417375217676,0.0028331108154141366,1.0507812500000016,0.5636812574197978,"[0.0031506296142493513, 0.0012279347416997693, 0.00014639768611470134, 4.867415568066398e-05, -0.0005168711151766509]"
large_n,typeI,530,160,160,2.0,0.8230809153232884,1.2384318262075846,0,0,0.0023516432327359473,0.0035401461206026863,0.002857122779735783,0.0028585716594861556,1.0507812500000016,0.4413481422186647,"[0.007538267593357379, 0.004902379756852802, 0.004658146970271005, 0.00393805769733006, 0.003909567139582707]"
large_n,typeI,531,160,160,2.0,0.31649822146686274,0.6343897757716036,0,0,0.0009366984727880523,0.0018688529941698778,0.0029595694675526767,0.0029459065475902495,1.0507812500000016,0.4413481422186647,"[0.004928852766925722, 0.003288773208178572, 0.002364238017186528, 0.0021807545277724672, 0.0022511233815726123]"
large_n,typeI,532,160,160,2.0,-1.267715346810759,-0.8753371185837115,0,0,-0.0037880854916547023,-0.002608993975584004,0.002988119928645288,0.0029805590556988316,1.0507812500000016,0.4413481422186647,"[0.0013504622657322962, -0.0011730801695243273, -0.001609865526216387, -0.002192757788074827, -0.0022215735761198035]"
large_n,typeI,533,160,160,2.0,-0.24397794988212695,0.2781808968669141,0,0,-0.000728059226473414,0.0008263508770876487,0.0029841189616732207,0.0029705522068360687,1.0507812500000016,0.4413481422186647,"[0.005909464493538725, 0.002867964489079578, 0.0021568532183755254, 0.0011662074804050964, 0.0013933647231568428]"
large_n,typeI,534,160,160,1.893339355055246,0.15473073969550583,0.5534056392169342,0,0,0.0004239367504009845,0.0015110703269091113,0.0027398353503334132,0.0027304931858794694,1.0507812500000016,0.4647284153339073,"[0.004840276563535554, 0.0033581763586532165, 0.002660903966201231, 0.0017691092735214614, 0.0016185876341509972]"
large_n,typeI,535,160,160,1.8277692734198603,-1.4418955380622445,-0.9216583308205826,0,0,-0.0038876101583182427,-0.0024779566754898168,0.0026961801709593884,0.0026885849046507397,1.0507812500000016,0.4811887256550903,"[0.002744024400915184, -0.000346041278251795, -0.0010785892929961595, -0.0016365904271277807, -0.0020247892170750037]"
large_n,typeI,536,160,160,2.0,0.5954986212816343,1.0997281723266232,0,0,0.0016928858562739704,0.003120884562586866,0.002842803989420722,0.0028378690672115937,1.0507812500000016,0.4413481422186647,"[0.0078392055255429, 0.005011020712465677, 0.004158175348217621, 0.0037369188962859384, 0.0035100849345478247]"
large_n,typeI,537,160,160,2.0,-1.649934411273697,-1.1276940588564275,0,0,-0.004545852278290028,-0.0030777737496160635,0.0027551715069575235,0.002729263070461835,1.0507812500000016,0.4413481422186647,"[0.0018289642842775804, -0.0013983689329612737, -0.0016374910421116343, -0.0026545725618725485, -0.0026148798206336674]"
large_n,typeI,538,160,160,1.989510910198973,1.1507676848893804,1.501227918645632,0,0,0.003430829848060905,0.0044727111393646594,0.002981340102881581,0.002979368478172068,1.0507812500000016,0.4434810150095333,"[0.007803036539845042, 0.0059950763225277495, 0.005192511821539404, 0.004918712663296448, 0.004686886622649224]"
large_n,typeI,539,160,160,2.0,-0.8319037239342949,-0.4599189817966148,0,0,-0.0024194503369957083,-0.0013354613094565088,0.0029083297350244817,0.002903688176208121,1.0507812500000016,0.4413481422186647,"[0.0020574927724696284, 0.0001287520705533045, -0.0003672471861155735, -0.0010099779139942288, -0.001142823176991807]"
large_n,typeI,540,160,160,1.5637398631001784,0.22455231359389977,0.5392189148636979,0,0,0.0006046368633569943,0.001452268238037984,0.002692632525935461,0.0026932813334359447,1.0507812500000016,0.5698942602923573,"[0.005639095265320658, 0.0031776052950667527, 0.002961409832381343, 0.001955009603128759, 0.0022174570324239497]"
large_n,typeI,541,160,160,2.0,-1.1550537772893594,-0.6757411437362527,0,0,-0.003482210922574023,-0.002034876201453075,0.0030147608631227157,0.0030113250026511675,1.0507812500000016,0.4413481422186647,"[0.002435355477195463, 6.99525492070272e-05, -0.0009009443230277789, -0.0015528351113075472, -0.001798824447865031]"
large_n,typeI,542,160,160,1.3474139473584255,2.941229137967517,3.1450561434530324,1,1,0.007849093540607333,0.008376645755932995,0.002668644016641051,0.0026634328208640728,1.0507812500000016,0.6849795299184152,"[0.011624319990540716, 0.010703775550820851, 0.009593094301199818, 0.00908996125710164, 0.00885707835195255]"
large_n,typeI,543,160,160,2.0,0.3691858765939374,0.7804886889409685,0,0,0.0010310336598487446,0.0021754669363360764,0.0027927223797425066,0.0027873138549745404,1.0507812500000016,0.4413481422186647,"[0.006458930308053842, 0.0030682413613877402, 0.0033603242497607017, 0.002695444712720743, 0.0027119330109495487]"
large_n,typeI,544,160,160,2.0,1.7318088104416278,2.1235287259323163,1,1,0.004982493607727247,0.006055642995410237,0.002877045998199225,0.0028516887581784695,1.0507812500000016,0.4413481422186647,"[0.009468478379233262, 0.007492666958417488, 0.006979682266319381, 0.006389860889150979, 0.006291667060155036]"
large_n,typeI,545,160,160,1.8757226450555016,-1.4649993900350473,-1.0339441475830253,0,0,-0.0041698636411945985,-0.002931876824507249,0.0028463244896606006,0.0028356239854549973,1.0507812500000016,0.4689807690056873,"[0.0016086970991985175, -0.0012264472338323774, -0.0018212493860196674, -0.002170975806349895, -0.002531270191183001]"
large_n,typeI,546,160,160,2.0,0.44207737679681086,0.8872023968580676,0,0,0.0013133105176301577,0.002631559798829819,0.0029707706988900853,0.002966132427222025,1.0507812500000016,0.4413481422186647,"[0.006806992949814773, 0.004664835490592017, 0.0033675432364763556, 0.0032202444413268073, 0.002924131537854388]"
large_n,typeI,547,160,160,2.0,-0.6738238649765915,-0.17868433187599417,0,0,-0.001856010574853858,-0.0004918284901933718,0.002754444701833668,0.0027524992540179606,1.0507812500000016,0.4413481422186647,"[0.0037321637702522736, 0.001653032353744331, 0.00039873083745426037, -0.00012154079178250677, -0.00012398747702541455]"
large_n,typeI,548,160,160,1.9516732829108732,-0.12414884232571646,0.3004301809791743,0,0,-0.00036413863964411986,0.0008742133720308593,0.002933081233965653,0.0029098720014799685,1.0507812500000016,0.4514644765116327,"[0.005011438337693128, 0.0025344030559640834, 0.0020993758698855548, 0.0011302001367884448, 0.0013333415079789645]"
large_n,typeI,549,160,160,2.0,-0.9113339662583035,-0.4881713088601928,0,0,-0.002728131402444918,-0.0014513344264694306,0.0029935583479302366,0.0029730023049860913,1.0507812500000016,0.4413481422186647,"[0.002329259591206219, 0.000581819619024593, -0.0004818332048249465, -0.0011594499514749783, -0.001249646871430514]"
large_n,typeI,550,160,160,1.0945918569152948,-0.11754332509578291,-0.04169466001323466,0,0,-0.0003178986870402521,-0.00011266240646546339,0.0027045235174452046,0.002702082387281782,1.0507812500000016,0.9159269208523663,"[0.003960112740445701, 0.003266992438020569, 0.0014309998194043836, 0.0011650911937164238, 0.0008470518308666801]"
large_n,typeI,551,160,160,1.4775736072650554,0.7609678621537261,1.0237821735194979,0,0,0.002026022443827758,0.0027189240872617726,0.0026624283949306556,0.0026557642412494984,1.0507812500000016,0.609686018031367,"[0.006757088666863427, 0.0044738431890804795, 0.003918508044563332, 0.003289656759909425, 0.0036796808417328174]"
large_n,typeI,552,160,160,1.5906150976718005,-0.7961027335693095,-0.4929940503860487,0,0,-0.0022765361589747665,-0.0014053612899377628,0.0028596009823606116,0.0028506658221073185,1.0507812500000016,0.5587934423981118,"[0.0025919538963126735, 0.0006211836645433682, -0.0004401554786432926, -0.00037874305100866535, -0.001021071724804018]"
large_n,typeI,553,160,160,2.0,-0.5385912449545129,-0.09484434093797176,0,0,-0.0015327911841731456,-0.00027236988753005114,0.002845926662440638,0.002871756868532421,1.0507812500000016,0.4413481422186647,"[0.003474733435468919, 0.001721174043154086, 0.0006785244625637747, 4.15733784506624e-05, -7.988268676062412e-05]"
large_n,typeI,554,160,160,1.3261341189157894,0.7209087830178692,0.9588848511161082,0,0,0.002036475212473519,0.002704995114850666,0.002824872245207533,0.0028209801330182096,1.0507812500000016,0.6994545970904552,"[0.00756769443622902, 0.005229833202682751, 0.004534939829939866, 0.003984946564919856, 0.003460983967418525]"
large_n,power,505,160,160,2.0,6.752889522723964,7.122274704678406,1,1,0.018881998098162833,0.019819195573917994,0.0027961360887992512,0.002782705862341895,1.0507812500000016,0.4413481422186647,"[0.023067297669825973, 0.021114848397020297, 0.020299703064017148, 0.020229424826384065, 0.020265023273250696]"
large_n,power,506,160,160,1.9475252000472778,7.883727235497185,8.387371477615533,1,1,0.022795539774195128,0.024071413283258493,0.0028914673343283835,0.002869959122175641,1.0507812500000016,0.4523682619108596,"[0.028248035309108056, 0.026074709107930687, 0.024910282625268874, 0.024700187620907907, 0.024354290296779692]"
large_n,power,507,160,160,2.0,7.805910714864686,8.234423481984765,1,1,0.020920990311518128,0.02197468938857895,0.0026801472724609283,0.002668637268493061,1.0507812500000016,0.4413481422186647,"[0.025468338607197882, 0.02338185519066244, 0.022761540864081397, 0.022314432561167295, 0.0223540975569398]"
large_n,power,508,160,160,2.0,7.929126834212277,8.337404455302936,1,1,0.022680165727306766,0.023740746050616077,0.0028603610714672003,0.002847498424466618,1.0507812500000016,0.4413481422186647,"[0.02715979337333027, 0.025228022275853853, 0.02448604568742787, 0.024177267273011786, 0.023991065958907005]"
large_n,power,509,160,160,2.0,6.889714529391361,7.428641837893727,1,1,0.01958980927455549,0.021121134803569877,0.0028433412140642135,0.0028432027367143106,1.0507812500000016,0.4413481422186647,"[0.026106681169411842, 0.023169580394275593, 0.022323405636805464, 0.021649636298269558, 0.02155135181031778]"
large_n,power,510,160,160,2.0,4.784401602582854,5.227984051890766,1,1,0.0135563950039977,0.01469149685579158,0.0028334567475855896,0.0028101648187848264,1.0507812500000016,0.4413481422186647,"[0.018740579151448666, 0.0162367060159673, 0.015145897146456866, 0.015335631564244006, 0.015252746596927547]"
large_n,power,511,160,160,1.6918660721782985,4.007919703021158,4.392072319904409,1,1,0.011380689589550746,0.012422475027574788,0.002839550298618012,0.002828385810333185,1.0507812500000016,0.5216391150992049,"[0.016625445576571952, 0.01454853217463932, 0.01342467205936105, 0.013361731022428974, 0.012755509388170905]"
large_n,power,512,160,160,1.6298896544174288,8.430398562480656,8.736533997316394,1,1,0.023015440342264958,0.023902575106812474,0.0027300536471306083,0.0027359333935121906,1.0507812500000016,0.5435532614664347,"[0.027554743575166504, 0.02581780233008581, 0.025207431447919884, 0.02447605736960033, 0.024231580338694193]"
large_n,power,513,160,160,2.0,4.223234899727312,4.665209187215062,1,1,0.012592820416201267,0.013869011622897921,0.0029817949309460298,0.00297285953669682,1.0507812500000016,0.4413481422186647,"[0.01777126266027439, 0.01580897589821337, 0.014877220783072086, 0.014096549760588767, 0.014200926541838386]"
large_n,power,514,160,160,2.0,6.448965936376819,6.870118844112291,1,1,0.018514273561604185,0.019655343908041478,0.002870890270511482,0.002860990377900981,1.0507812500000016,0.4413481422186647,"[0.023458434445652574, 0.02112422615211852, 0.02059043701919963, 0.019950619620427868, 0.020106459760271443]"
large_n,power,515,160,160,1.3609344559020713,5.406899906252591,5.630130161094852,1,1,0.01688628918223386,0.017529755379864575,0.0031231000157236843,0.0031135612993458185,1.0507812500000016,0.6761350912412291,"[0.021900340084172278, 0.019682749015427086, 0.01910346713712492, 0.01867036206458279, 0.018186080627534705]"
large_n,power,516,160,160,2.0,5.9035130356683325,6.235370408528324,1,1,0.017089826994172795,0.018156800575179665,0.00289485716232319,0.0029119040867798323,1.0507812500000016,0.4413481422186647,"[0.021599884387300806, 0.019602654000345065, 0.01899760207390277, 0.018523257423217327, 0.018433245549798832]"
large_n,power,517,160,160,2.0,5.77836860625088,6.177352628716426,1,1,0.01711389236331944,0.018285988402255357,0.002961716970566069,0.0029601658673733414,1.0507812500000016,0.4413481422186647,"[0.022112034404663396, 0.020006415103027243, 0.018927616678411145, 0.01887639553351473, 0.018584857450754055]"
large_n,power,518,160,160,1.6557533174687116,7.0382584995028745,7.465934835977047,1,1,0.01726902180928555,0.018252949521162902,0.0024535930032273307,0.0024448310790505553,1.0507812500000016,0.5341070365378768,"[0.02240060639045662, 0.02027128162401137, 0.019413419858970465, 0.019059948828338776, 0.01867543757162198]"
large_n,power,519,160,160,2.0,8.017794080462615,8.486443274315599,1,1,0.022822869245395738,0.024180964465163712,0.0028465272388336123,0.002849363824577477,1.0507812500000016,0.4413481422186647,"[0.028151778574361113, 0.026628781561791312, 0.024856708854577865, 0.02458011972408622, 0.024426375100478574]"
large_n,power,520,160,160,1.214790335110851,6.549840662994451,6.694615906515568,1,1,0.019695273220535086,0.02012515508494672,0.0030069850907687287,0.0030061702367957816,1.0507812500000016,0.7880874605553296,"[0.024210874460437633, 0.023130698408344988, 0.02164319259874386, 0.021262117926412007, 0.02089141575565641]"
large_n,power,521,160,160,2.0,7.193714719799057,7.639615466918603,1,1,0.021654171175701058,0.022834297656636245,0.0030101515029645103,0.0029889328534288555,1.0507812500000016,0.4413481422186647,"[0.02673091503440667, 0.024216251300460134, 0.02395332755836516, 0.02326777230057746, 0.02311083360013986]"
large_n,power,522,160,160,2.0,5.814539767338181,6.308446504980622,1,1,0.01684575641260398,0.018199944366176807,0.0028971779515949096,0.002885012078933799,1.0507812500000016,0.4413481422186647,"[0.02240670220496953, 0.020078195364707403, 0.019419379639929214, 0.01849740841559077, 0.018499134926254678]"
large_n,power,523,160,160,2.0,3.421700390310942,3.8093846482809113,1,1,0.010328350435492533,0.011467560364044602,0.0030184847465718513,0.003010344562925576,1.0507812500000016,0.4413481422186647,"[0.014806140164583958, 0.013039190678344866, 0.012722975650940192, 0.011597614770227827, 0.01157080626034445]"
large_n,power,524,160,160,1.8952960562429464,7.602888662033415,8.033416780410459,1,1,0.022048151027757174,0.02320686799961904,0.0028999702623371476,0.0028887917350695833,1.0507812500000016,0.46426344578830137,"[0.026875634905621584, 0.025215737230492526, 0.02421783973764405, 0.023604659000250508, 0.023400874738589685]"
large_n,power,525,160,160,1.9635758558166738,5.2700242559932535,5.717798408326151,1,1,0.015260662371755591,0.016454554110411607,0.002895748032734505,0.0028777779374751632,1.0507812500000016,0.4489030350911756,"[0.02001913317043718, 0.018536490281729493, 0.01726729026262843, 0.016819288840828565, 0.01662504028568315]"
large_n,power,526,160,160,0.773840503030815,4.904361065931852,4.712318465609064,1,1,0.015666156540534677,0.015069272635308044,0.003194331805902229,0.0031978468232325523,1.0507812500000016,1.598491251564516,"[0.019980007966206106, 0.018174295622955573, 0.017044158699822228, 0.01758103579561924, 0.016696402566370946]"
large_n,power,527,160,160,2.0,5.370126832606688,5.792846684587257,1,1,0.015012436461199397,0.016134021434303307,0.0027955459766882775,0.002785162859087968,1.0507812500000016,0.4413481422186647,"[0.01963185698324179, 0.017911258522591837, 0.016743963504089344, 0.016640867039580235, 0.01634266520654681]"
large_n,power,528,160,160,2.0,5.10847009868939,5.4761718389521725,1,1,0.01304907831346242,0.014020115549445015,0.0025544004489348464,0.0025602037265740115,1.0507812500000016,0.4413481422186647,"[0.016919366561687136, 0.015644725722264673, 0.014655082993652651, 0.014200434240372295, 0.014265468173464645]"
large_n,power,529,160,160,1.922302329698861,5.757483323432269,6.168081869275322,1,1,0.016625888639036437,0.0177383522226593,0.0028877007027308358,0.002875829568835367,1.0507812500000016,0.4579910764072067,"[0.021471414238926793, 0.019507285690747868, 0.01846002475964671, 0.018396066843942686, 0.017968457387813077]"
large_n,power,530,160,160,2.0,7.366349509955765,7.731732169639049,1,1,0.021093859528939243,0.02214637207526273,0.002863543129528469,0.0028643480644902648,1.0507812500000016,0.4413481422186647,"[0.02566890245387201, 0.02341588970410989, 0.023056461707976705, 0.022535649273771857, 0.022461802769156113]"
large_n,power,531,160,160,2.0,6.533852551087883,6.895459405118327,1,1,0.019625785241167225,0.02059184142337266,0.003003708009587626,0.0029862899936859673,1.0507812500000016,0.4413481422186647,"[0.02375099661891441, 0.022032077009556263, 0.021141095618386504, 0.020949215067107452, 0.02093739384819994]"
large_n,power,532,160,160,2.0,4.73877672153884,5.102856211386006,1,1,0.014882510671941192,0.01600370043972638,0.003140580691277714,0.003136224062911534,1.0507812500000016,0.4413481422186647,"[0.019811904944577855, 0.017320030628620378, 0.016993923437243885, 0.016364562906785615, 0.01641718132094892]"
large_n,power,533,160,160,1.9440841481260158,6.406715294737944,6.908500612992192,1,1,0.01953666589188503,0.021027502215335097,0.0030494044128870777,0.0030437143156346502,1.0507812500000016,0.45312241759721544,"[0.026182178338813183, 0.0231039984243108, 0.022277680466939426, 0.021421429616321052, 0.021732658556715367]"
large_n,power,534,160,160,2.0,6.226842097401116,6.643666759514512,1,1,0.017546879731490984,0.018624450157496045,0.002817941977172423,0.002803339004146112,1.0507812500000016,0.4413481422186647,"[0.021694247424046242, 0.020246805806346475, 0.019698672922965222, 0.018785281994296747, 0.018669101143145007]"
large_n,power,535,160,160,2.0,4.297577024856713,4.812510883373355,1,1,0.012252635181881893,0.013695198024396314,0.00285105656303866,0.0028457489980358414,1.0507812500000016,0.4413481422186647,"[0.018368104972056667, 0.015627216674602085, 0.014810185969752272, 0.014276909485210732, 0.014022517948903785]"
large_n,power,536,160,160,2.0,7.318604902015721,7.753836270775119,1,1,0.02109877892930929,0.022376761688762115,0.0028828962912724214,0.0028858955628328214,1.0507812500000016,0.4413481422186647,"[0.026660831418923312, 0.023969768563993483, 0.02342442837040005, 0.022816043091956065, 0.02281430491405921]"
large_n,power,537,160,160,2.0,5.458971490856628,6.020842929595911,1,1,0.01557294978650602,0.017033189201743106,0.002852725978252414,0.002829037296092739,1.0507812500000016,0.4413481422186647,"[0.02191647219432614, 0.01870832849617039, 0.018454292648290883, 0.017461900175240713, 0.017494060997102934]"
large_n,power,538,160,160,2.0,6.291701802138855,6.6343986362915235,1,1,0.01914890840347305,0.020163843412359442,0.003043518114123495,0.003039287284013817,1.0507812500000016,0.4413481422186647,"[0.023481706421722683, 0.021586538046813066, 0.020802556852613865, 0.020669718943866967, 0.020397832616284826]"
large_n,power,539,160,160,1.8382847796886932,4.6174928180935195,4.93957518020368,1,1,0.01424214670233693,0.015187805101510956,0.0030843895731747463,0.003074718887239346,1.0507812500000016,0.47842926193702884,"[0.018472929286904756, 0.016682811700035893, 0.016228705361684605, 0.015598270390319554, 0.015408449368126974]"
large_n,power,540,160,160,1.8017108735835816,5.985173562673728,6.331866666926704,1,1,0.017167145114377228,0.018159988474508833,0.0028682785778242708,0.0028680307766687603,1.0507812500000016,0.48823753238928497,"[0.021918268427021794, 0.019687861631732, 0.019333359610231998, 0.018472468501731506, 0.0186857247899412]"
large_n,power,541,160,160,2.0,4.609613666685457,5.057664131558027,1,1,0.01435131029746016,0.015712781838463297,0.0031133434025458076,0.003106727024521284,1.0507812500000016,0.4413481422186647,"[0.019929160220807225, 0.017731020720014964, 0.016729612360462442, 0.016146214961102037, 0.015979116196049498]"
large_n,power,542,160,160,1.8315066072050237,9.16458923862214,9.50829266030888,1,1,0.02541337244044457,0.026267967853631426,0.0027729963426342675,0.0027626377092160406,1.0507812500000016,0.4802025040557486,"[0.028977760286074083, 0.028027251249301055, 0.026981490414092636, 0.026560457279887543, 0.02641996575349145]"
large_n,power,543,160,160,2.0,6.665880832747778,7.079135494845235,1,1,0.01953113681101867,0.020663767542132606,0.0029300158975340746,0.002918967656033592,1.0507812500000016,0.4413481422186647,"[0.02495741515550383, 0.021465051080417873, 0.021891367541439527, 0.021186672641068372, 0.021208095562935764]"
large_n,power,544,160,160,2.0,8.081411145984154,8.550262372794842,1,1,0.023523993426573075,0.024595569538572844,0.0029108769497840368,0.0028765865263773458,1.0507812500000016,0.4413481422186647,"[0.027991331983375774, 0.026016777926086518, 0.02557654291689818, 0.024854945291842415, 0.024858209043404866]"
large_n,power,545,160,160,2.0,4.14151858689182,4.612422202518002,1,1,0.012074792778075927,0.013388883741378612,0.002915547165789245,0.0029027879828670894,1.0507812500000016,0.4413481422186647,"[0.017810736132903723, 0.015032327259713289, 0.014377161404266292, 0.014005093370384383, 0.01375572089601214]"
large_n,power,546,160,160,2.0,5.486139667979464,5.89617391094292,1,1,0.016937545388111857,0.018191468380543786,0.00308733397492046,0.003085300511028276,1.0507812500000016,0.4413481422186647,"[0.02215750009667786, 0.020109311185927924, 0.018911410364125213, 0.01876463241481339, 0.01844707528836903]"
large_n,power,547,160,160,2.0,5.7916125808040215,6.25678114634815,1,1,0.016423144859672712,0.017703616990022403,0.0028356773921837087,0.0028295087483370487,1.0507812500000016,0.4413481422186647,"[0.021810276682412935, 0.019599924445110106, 0.01853425902274096, 0.018132710740120617, 0.018094804932387975]"
large_n,power,548,160,160,1.8068204850209235,5.909712437446349,6.342120631706958,1,1,0.01775962718706251,0.018926601785965787,0.003005159282291007,0.0029842702283749776,1.0507812500000016,0.48683117488467154,"[0.023269049156060206, 0.02076275235432069, 0.020287894402485285, 0.019268899275761794, 0.019514943162236665]"
large_n,power,549,160,160,2.0,5.705319259468042,6.160274045871003,1,1,0.016891219154810035,0.018110889513620748,0.002960608931179243,0.0029399486741600047,1.0507812500000016,0.4413481422186647,"[0.02171568945826006, 0.020116759791627768, 0.018977484678677846, 0.018352001953999022, 0.018351971682283932]"
large_n,power,550,160,160,1.14700683314762,6.335955796636789,6.4527010039445685,1,1,0.01784859819881107,0.01815878386263798,0.002817033257758102,0.002814136878733017,1.0507812500000016,0.8552060684342947,"[0.02224785295243792, 0.021408534206180746, 0.019712003057594542, 0.019362400343372638, 0.019032204286429835]"
large_n,power,551,160,160,2.0,7.595971338812489,8.03936534563404,1,1,0.020130744732252702,0.02123852616758126,0.002650187031300703,0.002641816269628213,1.0507812500000016,0.4413481422186647,"[0.02497773356851206, 0.022644374498295868, 0.022134508108036265, 0.021519532663822637, 0.021721734656188204]"
large_n,power,552,160,160,1.240031105411004,4.82642102267993,4.981674936257533,1,1,0.014542498321222444,0.014976202851752364,0.0030131018932839674,0.003006258546247737,1.0507812500000016,0.7658750864908981,"[0.019318116305950067, 0.017235692151412848, 0.016207393644757217, 0.016472663462463132, 0.01578012963056648]"
large_n,power,553,160,160,2.0,5.784590163292514,6.144551876167909,1,1,0.01676022941261355,0.017948474685943287,0.0028973927174598376,0.002921038840205377,1.0507812500000016,0.4413481422186647,"[0.02162070120472376, 0.019753925664575164, 0.018842908593472922, 0.018190583030633506, 0.018280716288074723]"
large_n,power,554,160,160,1.4990647983495715,6.27558130988862,6.601082633449614,1,1,0.0180529504076518,0.01893098009863863,0.002876697713916195,0.0028678598875144837,1.0507812500000016,0.5991125197294869,"[0.02338660162028033, 0.021184265698651252, 0.020522379451892895, 0.019845935565718967, 0.01946911922384298]"
heavy_tail,typeI,505,120,100,1.5975049397264318,1.1799220373789088,1.3863203852072143,0,0,0.005318940073440112,0.006205999093992337,0.0045078741687507255,0.004476598021794739,1.0507812500000016,0.5560379267414354,"[0.010615374683593963, 0.007815585474313878, 0.007603156847743902, 0.006774627932118933, 0.007075147960914218]"
heavy_tail,typeI,506,120,100,1.8265347905594476,1.2645289449278765,1.4646375715388003,0,0,0.005730632796285555,0.006659583893966636,0.004531832046448257,0.004546915921984604,1.0507812500000016,0.4815158237806437,"[0.010192739693576132, 0.008485158111004604, 0.006904313607243407, 0.00740956140226947, 0.007139870400900331]"
heavy_tail,typeI,507,120,100,1.2118254383028344,0.6804578537154677,0.7642277966026997,0,0,0.003385070015158703,0.003797131162629319,0.004974694606984672,0.00496858551796872,1.0507812500000016,0.7907886004211916,"[0.008723494672664096, 0.005580269358653501, 0.00568948079634384, 0.005332500698173034, 0.004776792166621062]"
heavy_tail,typeI,508,120,100,1.3122470747551271,-0.21523942746180902,-0.11142710708176737,0,0,-0.0010286352086895636,-0.0005337635223987181,0.004779027805544963,0.004790248408827772,1.0507812500000016,0.7092851106631634,"[0.0041827746295831384, 0.0008223636151157007, 0.0008086489060733005, 0.0004962934070049277, 0.0008139039845063382]"
heavy_tail,typeI,509,120,100,1.4482644345882,1.1957030477040094,1.3406842891602424,0,0,0.006334854056502665,0.007072594070237652,0.005298016149299661,0.005275361341533789,1.0507812500000016,0.6248759477791745,"[0.012107717734033753, 0.00865706822276618, 0.00812711454699288, 0.008625350136726101, 0.007984819694147976]"
heavy_tail,typeI,510,120,100,0.6038760327998534,-0.01562243502099605,-0.6210729098379029,0,0,-6.923757496142091e-05,-0.00278749397134895,0.004431932337588079,0.0044881912045986235,1.0507812500000016,2.477853840785781,"[0.007823955099883241, 0.004674644546092691, 0.0042468381707189695, 0.0027375662546158777, 0.0016233656985950643]"
heavy_tail,typeI,511,120,100,1.7468777780714508,0.029514545392226428,0.20666109923050988,0,0,0.00013048981630176248,0.0009087674867186356,0.004421203666451559,0.004397380494453849,1.0507812500000016,0.5041194680753502,"[0.004361055815349288, 0.0018123855549327325, 0.0019093335712291294, 0.0015728742647806743, 0.0013361829171513317]"
heavy_tail,typeI,512,120,100,0.5,0.7831591917366868,0.43439401644989595,0,0,0.0038386211159282353,0.002158514622432591,0.004901457017207369,0.004969024757921726,1.0507812500000016,3.5115366003409427,"[0.00755292680956891, 0.005618869595794227, 0.005730373701616295, 0.0042286832473665, 0.005456636616529065]"
heavy_tail,typeI,513,120,100,0.5,-0.53050421197335,-0.9892633096741154,0,0,-0.002420256612642266,-0.004577507399066298,0.00456218170943353,0.004627188084610382,1.0507812500000016,3.5115366003409427,"[0.0011692670503348332, 0.0007211641076142236, -0.0007529311513604161, -0.0005681291387515397, -0.0020200164366259874]"
heavy_tail,typeI,514,120,100,0.5,0.2698009812617009,-0.15540539185721805,0,0,0.0011516620580310551,-0.0006687634940889072,0.004268561413844409,0.0043033480762581745,1.0507812500000016,3.5115366003409427,"[0.005538569575052399, 0.0028936047333146067, 0.002904902913095852, 0.0020693237509540486, 0.0029059431677089373]"
heavy_tail,typeI,515,120,100,0.95182600488921,0.6560346287180939,0.6203709930843924,0,0,0.0031184173390883317,0.0029474019562070156,0.004753434045367067,0.004751031220130024,1.0507812500000016,1.1355022392453225,"[0.009681564855338614, 0.007024256411541304, 0.006584507007627732, 0.0053343984913615874, 0.0046731747206988404]"
heavy_tail,typeI,516,120,100,0.9867636533733574,-1.0822937956084635,-1.088175898468845,0,0,-0.005120522020591153,-0.005149911537226408,0.00473117562104512,0.004732609447124097,1.0507812500000016,1.0728219899996545,"[-0.0012948763907822557, -0.0014992343011025, -0.0037540356880870897, -0.003825061432765816, -0.003983745983835691]"
heavy_tail,typeI,517,120,100,0.7532876759473504,2.35342783603004,2.2183960539521554,1,1,0.01152536678306782,0.010922125836408699,0.004897267979335953,0.00492343367495201,1.0507812500000016,1.6741356632706488,"[0.015307853110581037, 0.013560810631898637, 0.0135048519099055, 0.01241553039292289, 0.012747147287740788]"
heavy_tail,typeI,518,120,100,1.4839211866541109,1.3178987934604454,1.4805273240773689,0,0,0.006387680452411274,0.007134905647303001,0.004846867213254634,0.004819165125337563,1.0507812500000016,0.6065149405711661,"[0.011707108044765834, 0.00834596455336601, 0.00874264514983672, 0.00833549812261958, 0.007750753213520105]"
heavy_tail,typeI,519,120,100,0.7285163184686846,0.39988977311883794,0.2701292284448097,0,0,0.0021763555869139953,0.0014748784762616909,0.005442388711119233,0.005459899636751172,1.0507812500000016,1.7739864224261377,"[0.006001913306451752, 0.004616391890392876, 0.0038485472769743084, 0.003013340555677675, 0.003589609105437452]"
heavy_tail,typeI,520,120,100,0.5,0.8115811462172681,0.35280339159610474,0,0,0.0030293544784428666,0.0013352332724880101,0.0037326575322289197,0.0037846384255189,1.0507812500000016,3.5115366003409427,"[0.006204893821716413, 0.005653141209398352, 0.0037576801073552087, 0.004774115005397481, 0.0036142441907687866]"
heavy_tail,typeI,521,120,100,1.3579825396805354,0.6351904992200748,0.8294892870780968,0,0,0.0029808155733391144,0.003886946722998184,0.00469278992207714,0.004685951685633073,1.0507812500000016,0.6780434431818804,"[0.01017989557302228, 0.006814413893559754, 0.006193917243252501, 0.005524391872853754, 0.004854433201346797]"
heavy_tail,typeI,522,120,100,0.9822847419963322,0.39264135080569124,0.3815396691477992,0,0,0.0017210831260221228,0.0016730416207074766,0.004383346589681649,0.004384974239885344,1.0507812500000016,1.08048362699097,"[0.007643120670503375, 0.004564201141933957, 0.004304582096031097, 0.0031620449478430963, 0.0038213359590188833]"
heavy_tail,typeI,523,120,100,0.5,0.284746076971951,-0.21916709539160553,0,0,0.0012510141369974977,-0.0009787053132048035,0.004393437656107653,0.004465566838197416,1.0507812500000016,3.5115366003409427,"[0.006153197507810427, 0.003984171351283383, 0.0031983443950884378, 0.0021046084063651924, 0.003331653188726801]"
heavy_tail,typeI,524,120,100,0.5,-0.39275870350692793,-0.8974894246631349,0,0,-0.0019650595932625206,-0.004617605952603664,0.005003223545949653,0.005145025474073795,1.0507812500000016,3.5115366003409427,"[0.002715385639372167, 0.002402786785248642, -0.0006359897988662437, 0.00021771337159288008, -0.0009110980575876751]"
heavy_tail,typeI,525,120,100,0.5,2.107100200540951,1.643268836382251,1,0,0.010288738679729641,0.008048473096540297,0.004882890086142195,0.004897843200300362,1.0507812500000016,3.5115366003409427,"[0.014043438482375182, 0.013490646793064675, 0.01188694682758946, 0.012584079920779739, 0.01048228459647907]"
heavy_tail,typeI,526,120,100,1.3146673302523617,0.36434986811242737,0.4876926385209878,0,0,0.0017497504975496749,0.0023336173826274333,0.004802390917868411,0.0047850166237992245,1.0507812500000016,0.7075492705579085,"[0.007008080823401108, 0.004595251040896238, 0.003623022330476488, 0.0038590349863591254, 0.0031121397537950068]"
heavy_tail,typeI,527,120,100,1.986347522290317,0.02085094435137983,0.16712661236728657,0,0,9.345487413217161e-05,0.0007429073183264147,0.004482045156193951,0.004445176670569741,1.0507812500000016,0.4441309421665359,"[0.0027589441128296594, 0.002049296275378143, 0.0008459111628424901, 0.0009069223401462794, 0.001057387150402672]"
heavy_tail,typeI,528,120,100,2.0,1.1393909289341848,1.4364953147638768,0,0,0.004853767576325722,0.00608742786018178,0.004259966841114013,0.0042376941975494,1.0507812500000016,0.4413481422186647,"[0.010228935228289748, 0.007539172840268709, 0.007191475387852383, 0.006538646578892902, 0.006456200444029372]"
heavy_tail,typeI,529,120,100,1.4516429689406207,2.2103145490867444,2.4044480554476393,1,1,0.010743178053155385,0.011618474257453732,0.004860474748987305,0.004832075382593659,1.0507812500000016,0.6230776716328065,"[0.0165490735987149, 0.013957842724365926, 0.013401806817239428, 0.012725769795040797, 0.012277870406342088]"
heavy_tail,typeI,530,120,100,1.6758555235256298,1.4479732329244424,1.670293632302689,0,1,0.007591595380802106,0.008712346938821641,0.005242911407602136,0.0052160570874060525,1.0507812500000016,0.5270667886327787,"[0.013725603367125454, 0.010871069454434834, 0.009627040995211564, 0.009926017176460765, 0.009346237847076213]"
heavy_tail,typeI,531,120,100,1.3392763208393355,-0.2686135866319759,-0.20703607662073964,0,0,-0.001312807751827665,-0.0010139033596484918,0.004887346795403638,0.004897230358097526,1.0507812500000016,0.6904330772468388,"[0.0009255896015438176, 0.0001645721430801719, -0.00015099170802877326, -0.0005998125571283288, -0.0007438649070034935]"
heavy_tail,typeI,532,120,100,1.5308089756699372,-0.016036370736713913,0.13334244431571346,0,0,-7.677121002938254e-05,0.0006390644472054585,0.004787318233646304,0.004792655860517694,1.0507812500000016,0.5843061274416261,"[0.003998187833004332, 0.002626840412417081, 0.0016195461511707887, 0.0013504997584185378, 0.0010292704666204572]"
heavy_tail,typeI,533,120,100,0.9048831255731298,0.813210629312992,0.7639979166834963,0,0,0.003939599594346601,0.003704049062883069,0.0048445008615723715,0.004848244978156866,1.0507812500000016,1.2314800611046972,"[0.00803767526808952, 0.0071465064076503835, 0.005924694457244916, 0.004942935682484688, 0.0052691425188062385]"
heavy_tail,typeI,534,120,100,0.5,-1.491431633049517,-2.058242338799256,0,0,-0.006055279632255754,-0.008693512839261787,0.004060045058769859,0.004223755713981394,1.0507812500000016,3.5115366003409427,"[-0.0012744516370323793, -0.0028086161405602153, -0.0034526706877416207, -0.004153461532306749, -0.005198823613541754]"
heavy_tail,typeI,535,120,100,1.3906741024247427,0.3157099652381795,0.4607231557296202,0,0,0.0015338928421885516,0.002230305526982139,0.004858550603657202,0.004840880036624456,1.0507812500000016,0.6575855037160068,"[0.007114259152376117, 0.004407747559466747, 0.0032410774723042437, 0.003762421904682596, 0.003109296709879927]"
heavy_tail,typeI,536,120,100,2.0,1.1488888918057534,1.4665977396161194,0,0,0.005248667869251195,0.006653424998367088,0.004568472988716653,0.004536639337865483,1.0507812500000016,0.4413481422186647,"[0.011023992267020596, 0.008480529615055455, 0.008073578697100825, 0.006944753876173305, 0.006921458681380796]"
heavy_tail,typeI,537,120,100,0.5,-0.8382277956211895,-1.4091480269553804,0,0,-0.0037488342458542687,-0.006389557517673793,0.004472333493875732,0.004534340889281259,1.0507812500000016,3.5115366003409427,"[0.0008583017524848189, 0.0005790729921948757, -0.0022291608787841917, -0.001851796619216516, -0.0025978002947514914]"
heavy_tail,typeI,538,120,100,0.8814906505645581,0.7757361788246477,0.692444250755046,0,0,0.0035823574075934286,0.003201711951892546,0.004618009969602315,0.004623782995383926,1.0507812500000016,1.2851599675964887,"[0.008736217528102545, 0.007559470242291957, 0.00578259604829486, 0.005733582815186505, 0.00466306238877647]"
heavy_tail,typeI,539,120,100,2.0,1.1191244237100055,1.3559433502001481,0,0,0.005483105742648485,0.006613942779269894,0.004899460351755579,0.004877742700897955,1.0507812500000016,0.4413481422186647,"[0.010164706375804116, 0.007727345423717066, 0.00823309039103875, 0.0067267992532996064, 0.0067637361015338016]"
heavy_tail,typeI,540,120,100,1.2104454365031971,0.181725560503419,0.29730912146041644,0,0,0.00074793456534454,0.0012234728225375953,0.004115736736607661,0.004115154007141646,1.0507812500000016,0.7920526479036395,"[0.0062240143138298735, 0.004157888032931399, 0.002944793335776577, 0.003020639040532338, 0.0019895514766286736]"
heavy_tail,typeI,541,120,100,1.3853131535837835,-0.5261534863899846,-0.40863338919651254,0,0,-0.002665983338677566,-0.0020666598169735355,0.0050669308626447845,0.005057491315227975,1.0507812500000016,0.6608407620361292,"[0.0020604518626983425, -0.00036933171029691767, -0.0008305268016894213, -0.0007519925470430072, -0.001511631221896718]"
heavy_tail,typeI,542,120,100,0.9160987319538995,0.4930317897069897,0.438314328907467,0,0,0.0019874313733398885,0.0017712988368007215,0.004031041029871572,0.004041161148474938,1.0507812500000016,1.2071956009322489,"[0.0067668096196353625, 0.004644757319339408, 0.004203266773427737, 0.003826775061785338, 0.0030720196605531786]"
heavy_tail,typeI,543,120,100,2.0,0.23228154319702193,0.4209406762501333,0,0,0.0010992430126774788,0.0019912489998581144,0.004732373470349718,0.004730474178919371,1.0507812500000016,0.4413481422186647,"[0.004389014475402706, 0.003205130712898592, 0.0032497727914386613, 0.001919712058824288, 0.0019355939753294693]"
heavy_tail,typeI,544,120,100,2.0,-0.5191615982588467,-0.17684832088283894,0,0,-0.002322049107188873,-0.000788576161623901,0.004472690420432698,0.0044590537116059375,1.0507812500000016,0.4413481422186647,"[0.004217100249736751, 0.001065299071397093, 0.0007508806190083182, -0.0004924995001044639, -0.0002943495736238772]"
heavy_tail,typeI,545,120,100,1.076593164258583,-0.2599508315060795,-0.22818349334495658,0,0,-0.0012208778672195362,-0.0010704189993746454,0.004696572271556605,0.004691044841514625,1.0507812500000016,0.9388619270946201,"[0.003201565426424273, 0.0011689746668391101, 0.0005560605768540966, 0.0006621523220621072, -0.00024697627803330237]"
heavy_tail,typeI,546,120,100,0.5,0.914900530965524,0.5804532933647583,0,0,0.004835769622484843,0.0030935366023739073,0.005285568713553482,0.005329518563744148,1.0507812500000016,3.5115366003409427,"[0.007961741086492665, 0.007730176144508866, 0.006071567973957749, 0.005389892760294683, 0.006123238978275123]"
heavy_tail,typeI,547,120,100,1.2886354372216413,1.7165441522729457,1.825524248119542,1,1,0.009125156888965476,0.009667439199286445,0.005316004762756894,0.005295705718094293,1.0507812500000016,0.7267389886974649,"[0.014426625487821853, 0.011795528645614055, 0.011077346491773426, 0.01127391389330385, 0.010460153841187881]"
heavy_tail,typeI,548,120,100,0.5,-0.14480776096042053,-0.5950135218679963,0,0,-0.0007673281719945019,-0.0032268463659545633,0.005298943695457256,0.005423147957754208,1.0507812500000016,3.5115366003409427,"[0.0034908854263745156, 0.0029843009707702516, 0.0009059497886020549, 0.0011675474271985128, 4.5344116165769066e-05]"
heavy_tail,typeI,549,120,100,0.783483493585182,-0.7212251921465234,-0.8783092379852415,0,0,-0.0034069383698521615,-0.0041647698362258,0.004723820530606217,0.004741803519884851,1.0507812500000016,1.565042621974873,"[0.001641117431224316, 0.00034044833553923434, -0.0011239991731419347, -0.001496897276971888, -0.0022386922491537823]"
heavy_tail,typeI,550,120,100,0.5,1.8884949843139518,1.593261639879119,1,0,0.0090133145553576,0.007521246470852455,0.004772750062998941,0.004720659986154623,1.0507812500000016,3.5115366003409427,"[0.01236400514517258, 0.010635611872178105, 0.010576088889253488, 0.009425808062536789, 0.010483653556135463]"
heavy_tail,typeI,551,120,100,1.316877917725708,1.1037749573394233,1.2256932509549985,0,0,0.004802921391962014,0.005321772796881445,0.00435135926941044,0.004341847189527222,1.0507812500000016,0.7059722081636943,"[0.008699903624155505, 0.008055953700734838, 0.00640946570542229, 0.00610915415775458, 0.005894880490641112]"
heavy_tail,typeI,552,120,100,0.5,0.21825235172805668,-0.1005028334682826,0,0,0.0011317404982208702,-0.0005296701387214087,0.005185467598676889,0.005270201052476452,1.0507812500000016,3.5115366003409427,"[0.0035318297152795654, 0.004059766500589626, 0.0023517727006818526, 0.0020594860837272046, 0.0015814332568415631]"
heavy_tail,typeI,553,120,100,0.7796870718399841,-1.428722771100607,-1.5428764779516795,0,0,-0.006007034914359875,-0.00651842597611801,0.004204479018509935,0.0042248527793824825,1.0507812500000016,1.5780626084752938,"[-0.00223435134161785, -0.004128074001674102, -0.004294446082065382, -0.0044301003378709805, -0.005229963354931014]"
heavy_tail,typeI,554,120,100,0.7563431935015734,0.6605528185908512,0.43268307016252094,0,0,0.0029583562439042784,0.0019451836095556445,0.004478606646801236,0.004495631430240637,1.0507812500000016,1.6624968248392253,"[0.009456264853826316, 0.006755558550539833, 0.005293260848197074, 0.0058406092173150384, 0.00440307093605051]"
heavy_tail,power,505,120,100,0.8903482842258406,3.996932886721143,3.9284425852898512,1,1,0.019073159432490026,0.01878257612723883,0.004771948885070362,0.004781176183551884,1.0507812500000016,1.2643334250538336,"[0.02426253587665652, 0.02151345703758724, 0.021468860424417077, 0.020393506001816854, 0.02081355396166109]"
heavy_tail,power,506,120,100,1.5717589764462705,4.15263423794799,4.31101857206511,1,1,0.019868225752286587,0.020583564520681902,0.004784487295010215,0.00477464065083388,1.0507812500000016,0.5665219589934953,"[0.02419923888895826, 0.022485460968874705, 0.020928049446520876, 0.02156189094821914, 0.02121924268252753]"
heavy_tail,power,507,120,100,1.3588321017380518,4.109124884334113,4.242321448969135,1,1,0.020021213368468776,0.020639909487219284,0.004872378896245989,0.00486523940618283,1.0507812500000016,0.6774929373353733,"[0.025361458927882483, 0.02219340075047839, 0.022324413227912326, 0.021928793553784066, 0.021447593213920754]"
heavy_tail,power,508,120,100,1.4618122842376713,2.46222653002326,2.579074152825478,1,1,0.012712195296831158,0.013358887926776735,0.00516288616901186,0.005179722309318459,1.0507812500000016,0.617740354779645,"[0.017684432776630992, 0.014623890115376886, 0.014578020681575371, 0.014137940511336678, 0.014442283468229586]"
heavy_tail,power,509,120,100,1.2750402288242113,3.727872584973808,3.8418821247784813,1,1,0.0204351154406816,0.021003999851073624,0.0054817097352122006,0.005467111995864446,1.0507812500000016,0.7372338904918904,"[0.026585237404639722, 0.023230801353144027, 0.02232216669004463, 0.022954532842912344, 0.022128916835093264]"
heavy_tail,power,510,120,100,0.522689471757478,3.3241952972145246,2.416735823094059,1,1,0.01501293622596218,0.011070776486981333,0.004516261796815041,0.004580879871597971,1.0507812500000016,3.232160284438907,"[0.0232146195932212, 0.019855379007294678, 0.01971726983162314, 0.017740663839939733, 0.01683467272371729]"
heavy_tail,power,511,120,100,1.2093062000022483,3.3744006185991173,3.445049625177844,1,1,0.016132596576848405,0.016425943451609235,0.004780877672890497,0.004767984568803206,1.0507812500000016,0.7930994400214836,"[0.02007309904322989, 0.017708310277572845, 0.017687236200765493, 0.017589209070772646, 0.017206890222501676]"
heavy_tail,power,512,120,100,0.5,3.8160768586451055,3.4439974475422295,1,1,0.019603583790355622,0.01794044973141721,0.005137104025026333,0.005209193678183533,1.0507812500000016,3.5115366003409427,"[0.023283035677701715, 0.021331062642673853, 0.021522553984738152, 0.019971401814838915, 0.021203672274332022]"
heavy_tail,power,513,120,100,0.5,2.4900873712273706,2.0708210719239903,1,1,0.012071923297327663,0.010092446566137874,0.004847991856356983,0.00487364490489805,1.0507812500000016,3.5115366003409427,"[0.015282017883117317, 0.01501257404326725, 0.013575718599827563, 0.01381607653069781, 0.012349925057423992]"
heavy_tail,power,514,120,100,0.5,3.5745654873856396,3.129678000277835,1,1,0.015634740966771168,0.013712195826254832,0.004373885727354817,0.0043813439673466535,1.0507812500000016,3.5115366003409427,"[0.020386457064001228, 0.017415585898441048, 0.017436294593241957, 0.016664004969774774, 0.017550295342059173]"
heavy_tail,power,515,120,100,1.0401582428487313,4.018023821672164,4.043027687199811,1,1,0.018573312843920994,0.018693244457588448,0.004622499434607984,0.004623575672452376,1.0507812500000016,0.9890062314995255,"[0.024799364687418234, 0.022054470934407572, 0.02170940897667685, 0.0207058627607503, 0.02009378713592352]"
heavy_tail,power,516,120,100,0.8803751829448642,1.4982792829771119,1.4252313095703293,0,0,0.006889226153220621,0.006574119498511066,0.004598092112394149,0.004612668452037441,1.0507812500000016,1.2878275754702608,"[0.010978326436142216, 0.01057445954146419, 0.0084373932974283, 0.008342665690758365, 0.008017746653858276]"
heavy_tail,power,517,120,100,0.9945787814890938,5.986007827177129,5.983489874730709,1,1,0.028715065487161174,0.028705253838317717,0.0047970310624706565,0.00479740994624974,1.0507812500000016,1.0597016225221414,"[0.03258227339566309, 0.03054468023546975, 0.030707269658275207, 0.02961133205291817, 0.02999596145763411]"
heavy_tail,power,518,120,100,1.6017819343773703,4.38935845727456,4.577063640582004,1,1,0.02227639222673152,0.02305429963376209,0.005075090686615595,0.005036919178783928,1.0507812500000016,0.5543453480176659,"[0.027184134718892698, 0.023948217032912132, 0.024439089264934898, 0.02407473314816855, 0.0235410979709917]"
heavy_tail,power,519,120,100,0.5,3.131521718355773,2.7764078270393155,1,1,0.016337816355762206,0.014609753166804372,0.005217213171473863,0.005262106317566395,1.0507812500000016,3.5115366003409427,"[0.019695262300460994, 0.018828339823068675, 0.017754812513757406, 0.016990334711148247, 0.017655117977730842]"
heavy_tail,power,520,120,100,0.5,4.429889894043732,4.074926297689657,1,1,0.018622989628191037,0.017346810941159235,0.0042039396178290625,0.004256963113908164,1.0507812500000016,3.5115366003409427,"[0.02112466588559643, 0.02054555849880096, 0.019138609177536983, 0.019965089012331093, 0.019138421608818776]"
heavy_tail,power,521,120,100,1.9468820544989474,3.0070927133637437,3.3079286124633898,1,1,0.014356504281519508,0.015788285824586072,0.004774214049908782,0.004772861713248597,1.0507812500000016,0.4525089109881299,"[0.020781972128723486, 0.017507100829468585, 0.017154158202434686, 0.016471466624889863, 0.016191199366392697]"
heavy_tail,power,522,120,100,1.083448555157841,3.8160122632056743,3.863699306366116,1,1,0.01752994915891764,0.01772548762705801,0.004593787427766663,0.004587698529710163,1.0507812500000016,0.9299908451358526,"[0.02329750849472134, 0.019995932295589235, 0.020165675826128254, 0.018959498322919637, 0.019513274400820565]"
heavy_tail,power,523,120,100,0.5,3.1278906727950364,2.6895000687001773,1,1,0.014591423153018198,0.012700119425172813,0.0046649402678705255,0.0047221115823621145,1.0507812500000016,3.5115366003409427,"[0.01876308539755719, 0.017097413938277378, 0.01607200094476572, 0.015211137870800763, 0.01651641851525262]"
heavy_tail,power,524,120,100,0.5,2.626057130771564,2.104189841431265,1,1,0.012823468736300626,0.01051087533373345,0.004883164416355614,0.004995212469319772,1.0507812500000016,3.5115366003409427,"[0.016876124456289048, 0.016762570314228793, 0.013843446423957777, 0.014749129446486322, 0.01375733835647584]"
heavy_tail,power,525,120,100,0.5,5.163053501849536,4.767112226614123,1,1,0.025741015057851906,0.023704624310528635,0.004985618500492165,0.004972533303954754,1.0507812500000016,3.5115366003409427,"[0.029238060534775547, 0.028490576904442528, 0.027285367034420013, 0.02788629952212284, 0.025898803318998617]"
heavy_tail,power,526,120,100,0.7085507443318778,4.0642182854924185,3.8619587417358243,1,1,0.01821711815014807,0.01734340801681556,0.004482317845765238,0.004490832030230406,1.0507812500000016,1.862234280608794,"[0.022690621682309512, 0.020803137394289094, 0.019667394135574823, 0.020235591272327342, 0.019250673677559445]"
heavy_tail,power,527,120,100,2.0,3.3750296841616403,3.542219902982894,1,1,0.01564885015559065,0.016335690457416733,0.004636655561587403,0.004611709861282324,1.0507812500000016,0.4413481422186647,"[0.018459900334938103, 0.01757147432782435, 0.01654791047494092, 0.01662057741239952, 0.016533734479468813]"
heavy_tail,power,528,120,100,2.0,4.953271358299336,5.229127753628506,1,1,0.022717570285492223,0.02382669859534704,0.004586377091460644,0.004556534037404923,1.0507812500000016,0.4413481422186647,"[0.027697713140004993, 0.02513337134213937, 0.02465894090691153, 0.024314324179369913, 0.024269373459950273]"
heavy_tail,power,529,120,100,1.4812513273258483,5.024773869723241,5.257607402982463,1,1,0.025444958288844806,0.026397264631681443,0.005063901172182756,0.005020775156529786,1.0507812500000016,0.6078437350898014,"[0.03146805538871992, 0.02880763143343081, 0.028237663591052793, 0.027475886022549034, 0.02704260999465023]"
heavy_tail,power,530,120,100,1.5056448769245154,4.277323693513857,4.45772759537719,1,1,0.022773049211637964,0.02370240610413161,0.005324135100219575,0.005317149959704083,1.0507812500000016,0.5959658540224885,"[0.0288133612120193, 0.02608797954064262, 0.0247705289260068, 0.025120497425471167, 0.024462011019802995]"
heavy_tail,power,531,120,100,2.0,2.7322127938895706,2.810158625949042,1,1,0.014181739332105531,0.014718540471475585,0.005190569110803571,0.005237619092233579,1.0507812500000016,0.4413481422186647,"[0.016375480005587095, 0.015400858281748, 0.015305774324742167, 0.014797703684596372, 0.01481889150866719]"
heavy_tail,power,532,120,100,1.6132899363462172,3.328444633752136,3.4725233164635676,1,1,0.016868633986075035,0.017577783546980707,0.005068023008410124,0.005061962712717504,1.0507812500000016,0.5498581879101735,"[0.020586531066176594, 0.019317414437687867, 0.018318057427538406, 0.018279393581196228, 0.017831845151012094]"
heavy_tail,power,533,120,100,0.5,3.8035500830003337,3.425891467158762,1,1,0.019210284584497788,0.01765491482263765,0.005050619596244212,0.00515337832265878,1.0507812500000016,3.5115366003409427,"[0.022093365669016825, 0.021574962170475446, 0.020508461189280684, 0.019674803064015645, 0.020378039520794648]"
heavy_tail,power,534,120,100,0.5,1.5062632436934063,0.8370861807233817,0,0,0.006260494264134299,0.003593069611845757,0.0041563081953612325,0.004292353278058833,1.0507812500000016,3.5115366003409427,"[0.01117252795995698, 0.009526879877213955, 0.008859665051372525, 0.008169139584087026, 0.0072103225969380865]"
heavy_tail,power,535,120,100,1.170918111190767,3.7307980300964236,3.8122349092896877,1,1,0.01813943816144267,0.018502638392877066,0.004862079912960029,0.0048534885265831,1.0507812500000016,0.8301882142942913,"[0.0237534131304973, 0.021044340579213717, 0.019753933650105932, 0.020481942825266147, 0.019685896928161285]"
heavy_tail,power,536,120,100,1.175570655220208,4.730394779439284,4.832201620903585,1,1,0.021403680963382955,0.021811607662325302,0.004524713467132659,0.004513803308200268,1.0507812500000016,0.8254978392485258,"[0.02721878673980802, 0.024265772528675414, 0.024072759313239493, 0.023447804936506094, 0.022901671719981878]"
heavy_tail,power,537,120,100,0.5,2.4507307664232654,1.8930221311653914,1,1,0.011664016487014971,0.009161154173683565,0.004759403459090731,0.004839433212565629,1.0507812500000016,3.5115366003409427,"[0.015992275679249823, 0.01571304071454013, 0.013227236155398997, 0.013390725315936216, 0.012733993488536894]"
heavy_tail,power,538,120,100,0.5,3.5760690280504126,3.061730116868138,1,1,0.016709603016646625,0.014487476401229415,0.004672617582484502,0.004731794066829358,1.0507812500000016,3.5115366003409427,"[0.020726346033676506, 0.020030852728558257, 0.018146903737355134, 0.018513386819275793, 0.0175587405606039]"
heavy_tail,power,539,120,100,1.8827026501358994,4.102138582927416,4.376872808637298,1,1,0.01997306712732248,0.021113395502540745,0.004868940120757467,0.004823854022185812,1.0507812500000016,0.46728156127261317,"[0.02501429359851709, 0.022461049120582152, 0.022745836011964567, 0.021481708497310643, 0.021292157676601423]"
heavy_tail,power,540,120,100,1.1774554372440569,3.702899980508797,3.794457965094454,1,1,0.017025865516420883,0.01743636830051693,0.004597981475611296,0.004595219781300935,1.0507812500000016,0.8236136192543164,"[0.02237927241497204, 0.020482198059831865, 0.019270570057336567, 0.019166489789439547, 0.01826093296107013]"
heavy_tail,power,541,120,100,1.2687407608671133,2.4044748971649015,2.4866358430043647,1,1,0.012635481809375423,0.01304550057007074,0.005254985953179974,0.005246244884135952,1.0507812500000016,0.7422121988931778,"[0.01696935043549273, 0.014720814478106142, 0.01416154929404457, 0.01439455125093322, 0.013756842675659665]"
heavy_tail,power,542,120,100,0.8885536278808327,4.094180654483906,4.014536480695255,1,1,0.01643964964684176,0.01616392293588899,0.004015369871096728,0.004026348499662817,1.0507812500000016,1.2685026303484022,"[0.020974512712209566, 0.018820136407812584, 0.018522139612956793, 0.01821080926315308, 0.017460352708418416]"
heavy_tail,power,543,120,100,2.0,3.293152505610304,3.508814568641543,1,1,0.01576936363284663,0.016751156776730843,0.004788531234427046,0.004774021667156992,1.0507812500000016,0.4413481422186647,"[0.019488792543750223, 0.017979609286735376, 0.018161741155158583, 0.016739760337900755, 0.016701793578368793]"
heavy_tail,power,544,120,100,1.9052500574181275,3.626783984754696,3.965976161543457,1,1,0.01599398357912213,0.01743591775022622,0.004409963109563005,0.004396374824260316,1.0507812500000016,0.4619203423775232,"[0.022487841202091095, 0.01934006865819377, 0.01901637722753054, 0.017795370466003952, 0.018032863227250995]"
heavy_tail,power,545,120,100,0.6148239840376254,2.971310720770626,2.6626674342147147,1,1,0.01351604163106253,0.012278263030846332,0.004548848269748465,0.004611264205613228,1.0507812500000016,2.3983900216215917,"[0.017855990084880664, 0.015632240626632148, 0.014975612935864456, 0.015557056045061576, 0.014441594109287484]"
heavy_tail,power,546,120,100,0.5,3.1801532124655423,2.7996474906347864,1,1,0.017072691560928475,0.01517088920461511,0.005368512276077471,0.005418856929439817,1.0507812500000016,3.5115366003409427,"[0.020648447556979213, 0.020032923519628924, 0.01850585847917504, 0.01772084570179304, 0.018536032050404903]"
heavy_tail,power,547,120,100,1.3235541854321666,3.789648598568112,3.905506438617305,1,1,0.01914154285848359,0.019684605546565023,0.005051007332372733,0.005040218434138366,1.0507812500000016,0.7012574049484974,"[0.0240748491442935, 0.02155369089226545, 0.02092131943609959, 0.021127396223979578, 0.020412384682279152]"
heavy_tail,power,548,120,100,0.5,2.8480771186122746,2.335998664431373,1,1,0.01532006292852023,0.012858208004984176,0.005379089922952974,0.005504373012179828,1.0507812500000016,3.5115366003409427,"[0.019578054218545447, 0.0190494468721814, 0.017074845076678606, 0.017159380975398684, 0.016176191570716123]"
heavy_tail,power,549,120,100,0.9438098656038684,2.5439072101977898,2.5057637886559085,1,1,0.012659598865103941,0.012478320457889635,0.0049764389260564465,0.004979847068738671,1.0507812500000016,1.1508789669572725,"[0.018296188500182654, 0.016883588592905487, 0.01513648767201141, 0.014727539009072216, 0.014045246100409133]"
heavy_tail,power,550,120,100,0.5,4.93891436117128,4.672300723538188,1,1,0.023741986551577256,0.022279598454251925,0.004807126590052223,0.00476844273785962,1.0507812500000016,3.5115366003409427,"[0.027056717722497424, 0.025230996157039342, 0.025367362097753917, 0.024142239681691536, 0.025173101069667428]"
heavy_tail,power,551,120,100,1.5408220804676018,4.520102565294445,4.707179036830528,1,1,0.020693635024839046,0.021431691537036612,0.004578133952916405,0.00455297989928744,1.0507812500000016,0.5798255466183184,"[0.02437295895805023, 0.023954488318117646, 0.02231330043107251, 0.02184060885907257, 0.021745624518479466]"
heavy_tail,power,552,120,100,0.9306507222051349,2.688777972252168,2.664922917630428,1,1,0.013764578524154468,0.013651062244064866,0.005119269298619332,0.005122497973113231,1.0507812500000016,1.176992025410937,"[0.01575932191413167, 0.016662187103404787, 0.014805722556913592, 0.014600120236395838, 0.014061366328436157]"
heavy_tail,power,553,120,100,0.6400809605809508,1.690764172543785,1.4282928171031612,1,0,0.007688444171776285,0.006539157656660893,0.004547319074196422,0.004578303257117471,1.0507812500000016,2.2304207913940974,"[0.011760901212055875, 0.009941561167379724, 0.009639174859631972, 0.009380185107193219, 0.00848647989029165]"
heavy_tail,power,554,120,100,0.84702634883258,4.804307111458314,4.685473182113503,1,1,0.02164184191421195,0.021141459161676604,0.004504674953563223,0.004512128944069679,1.0507812500000016,1.3725354849590918,"[0.02758043640312808, 0.02480526794365502, 0.023726429150650645, 0.024251433393180113, 0.023011633935031642]"
